MONTH,BOROUGH,COMMUNITYDISTRICT,PAPERTONSCOLLECTED,MGPTONSCOLLECTED,RESORGANICSTONS,BOROUGH_ID
2026 / 04,Bronx,1,209.6,125,18.7,2
2026 / 04,Bronx,2,242.8,224.6,16.4,2
2026 / 04,Bronx,3,147,154.5,19.2,2
2026 / 04,Bronx,4,225.9,272.8,16.2,2
2026 / 04,Bronx,5,217.9,288.1,14.2,2
2026 / 04,Bronx,6,190.8,192.9,16.2,2
2026 / 04,Bronx,7,283.4,410.7,45.1,2
2026 / 04,Bronx,8,289.9,334.6,136.5,2
2026 / 04,Bronx,9,229.4,387.6,102.9,2
2026 / 04,Bronx,10,262.7,335,157,2
2026 / 04,Bronx,11,277.1,311.5,133.9,2
2026 / 04,Bronx,12,306.6,568.2,264.6,2
2026 / 04,Brooklyn,1,762.8,459.9,99.9,3
2026 / 04,Brooklyn,2,572.2,395.4,162.5,3
2026 / 04,Brooklyn,3,452.7,330.2,146.1,3
2026 / 04,Brooklyn,4,331.2,344.2,83.7,3
2026 / 04,Brooklyn,5,243.7,494.7,143.3,3
2026 / 04,Brooklyn,6,508.8,356.7,132.9,3
2026 / 04,Brooklyn,7,369,346.4,106.4,3
2026 / 04,Brooklyn,8,304.7,281.3,96.9,3
2026 / 04,Brooklyn,9,279,252.3,66.8,3
2026 / 04,Brooklyn,10,403.7,422.7,92.5,3
2026 / 04,Brooklyn,11,519.6,524.7,329.5,3
2026 / 04,Brooklyn,12,778.3,396.2,76.7,3
2026 / 04,Brooklyn,13,252.8,218.1,73.2,3
2026 / 04,Brooklyn,14,465.6,415.9,132.1,3
2026 / 04,Brooklyn,15,488.6,520.7,178,3
2026 / 04,Brooklyn,16,112.6,174.2,43.2,3
2026 / 04,Brooklyn,17,296.1,430.2,148.6,3
2026 / 04,Brooklyn,18,514.1,626.6,125.5,3
2026 / 04,Manhattan,1,326.3,227,21.7,1
2026 / 04,Manhattan,2,397.7,280.3,58.2,1
2026 / 04,Manhattan,3,425.9,326.6,53,1
2026 / 04,Manhattan,4,621.7,342.2,62.1,1
2026 / 04,Manhattan,5,251.4,154.3,23.2,1
2026 / 04,Manhattan,6,670.3,372.8,70,1
2026 / 04,Manhattan,7,882.5,656.4,253.1,1
2026 / 04,Manhattan,8,955.2,693.7,154.3,1
2026 / 04,Manhattan,9,236,213.9,54.9,1
2026 / 04,Manhattan,10,271.7,272.4,48.3,1
2026 / 04,Manhattan,11,225.5,173.5,33,1
2026 / 04,Manhattan,12,427.6,462.3,84.7,1
2026 / 04,Queens,1,599.7,608.9,214.3,4
2026 / 04,Queens,2,563.7,432.2,194.7,4
2026 / 04,Queens,3,334.7,544.4,183.4,4
2026 / 04,Queens,4,350.5,535.5,150.8,4
2026 / 04,Queens,5,588.5,675.4,265.5,4
2026 / 04,Queens,6,364.6,372.1,189.8,4
2026 / 04,Queens,7,893.6,772.3,207.8,4
2026 / 04,Queens,8,406.2,407.2,167.1,4
2026 / 04,Queens,9,427.3,536.4,186.4,4
2026 / 04,Queens,10,341.5,537.7,139.5,4
2026 / 04,Queens,11,394.9,443,327,4
2026 / 04,Queens,12,484.9,968.2,429.8,4
2026 / 04,Queens,13,442.9,846.7,196.9,4
2026 / 04,Queens,14,282.5,256.1,105.5,4
2026 / 04,Staten Island,1,607.9,702.4,187.6,5
2026 / 04,Staten Island,2,494.8,544.7,374.6,5
2026 / 04,Staten Island,3,677.3,712.9,422.5,5
2026 / 03,Bronx,1,295.6,173.3,22.1,2
2026 / 03,Bronx,2,229.1,253.3,11,2
2026 / 03,Bronx,3,177.3,170.8,16.9,2
2026 / 03,Bronx,4,310.2,347.7,15,2
2026 / 03,Bronx,5,289.7,359.6,13.5,2
2026 / 03,Bronx,6,249.4,218.1,14.1,2
2026 / 03,Bronx,7,355.4,484.9,39.6,2
2026 / 03,Bronx,8,365.9,404.5,121.9,2
2026 / 03,Bronx,9,288.2,440.1,81.8,2
2026 / 03,Bronx,10,329.3,399.7,130.6,2
2026 / 03,Bronx,11,339.9,366.7,113.6,2
2026 / 03,Bronx,12,421,637.4,225.2,2
2026 / 03,Brooklyn,1,897.7,508,106.1,3
2026 / 03,Brooklyn,2,669,448.5,154.6,3
2026 / 03,Brooklyn,3,561.8,414,150.4,3
2026 / 03,Brooklyn,4,403.1,407.5,81.6,3
2026 / 03,Brooklyn,5,319,550.2,113.9,3
2026 / 03,Brooklyn,6,611.2,439.2,145.3,3
2026 / 03,Brooklyn,7,459.8,416.7,127.1,3
2026 / 03,Brooklyn,8,405.8,338.6,105.8,3
2026 / 03,Brooklyn,9,348.4,292.3,61.7,3
2026 / 03,Brooklyn,10,499.8,514.7,105.2,3
2026 / 03,Brooklyn,11,646.3,636.8,320.6,3
2026 / 03,Brooklyn,12,1051.7,459.1,71.9,3
2026 / 03,Brooklyn,13,310.6,272.8,73.3,3
2026 / 03,Brooklyn,14,638.5,516.2,117.3,3
2026 / 03,Brooklyn,15,650.1,634.2,159.8,3
2026 / 03,Brooklyn,16,135.9,180.4,35.6,3
2026 / 03,Brooklyn,17,365.4,520.2,132,3
2026 / 03,Brooklyn,18,667.9,708.4,134.9,3
2026 / 03,Manhattan,1,372.5,261,21.4,1
2026 / 03,Manhattan,2,463.4,325.4,55.9,1
2026 / 03,Manhattan,3,434.8,339.1,43.3,1
2026 / 03,Manhattan,4,651.3,363.6,56.5,1
2026 / 03,Manhattan,5,279.2,180.5,24.3,1
2026 / 03,Manhattan,6,716.7,405.6,59.9,1
2026 / 03,Manhattan,7,1023.1,781.8,236.8,1
2026 / 03,Manhattan,8,1090.6,818.7,151.2,1
2026 / 03,Manhattan,9,253.5,239,47.7,1
2026 / 03,Manhattan,10,313.2,282.6,49.5,1
2026 / 03,Manhattan,11,230,199.5,22.4,1
2026 / 03,Manhattan,12,459.7,511.6,69.2,1
2026 / 03,Queens,1,760.5,746.7,195.7,4
2026 / 03,Queens,2,677.4,537.2,184.7,4
2026 / 03,Queens,3,387.5,626.1,157.7,4
2026 / 03,Queens,4,414.2,594.9,136.2,4
2026 / 03,Queens,5,687.3,798.2,220.2,4
2026 / 03,Queens,6,435.7,438.1,162.4,4
2026 / 03,Queens,7,1074.4,910.4,192.8,4
2026 / 03,Queens,8,513.8,475.7,164.2,4
2026 / 03,Queens,9,530.9,630.6,162.3,4
2026 / 03,Queens,10,394.1,640.6,144.5,4
2026 / 03,Queens,11,503.1,508.2,280.2,4
2026 / 03,Queens,12,591,1084.7,319.6,4
2026 / 03,Queens,13,526.3,972.1,174.4,4
2026 / 03,Queens,14,335.2,279.4,85,4
2026 / 03,Staten Island,1,776.2,818.8,210.9,5
2026 / 03,Staten Island,2,613.1,605.7,326.1,5
2026 / 03,Staten Island,3,773.1,780,354.3,5
2026 / 02,Bronx,1,200.3,109.8,16.2,2
2026 / 02,Bronx,2,224.2,154.8,13.4,2
2026 / 02,Bronx,3,107.5,116.1,12.8,2
2026 / 02,Bronx,4,199.9,226.5,10.9,2
2026 / 02,Bronx,5,184.3,246.1,12.1,2
2026 / 02,Bronx,6,147.4,137.5,9.5,2
2026 / 02,Bronx,7,238.8,328,25.2,2
2026 / 02,Bronx,8,241.6,296.2,81.4,2
2026 / 02,Bronx,9,171.9,285.7,61,2
2026 / 02,Bronx,10,221.2,257.3,77.1,2
2026 / 02,Bronx,11,228.1,252.1,70.2,2
2026 / 02,Bronx,12,264.2,410,131.3,2
2026 / 02,Brooklyn,1,636.8,374.6,70.2,3
2026 / 02,Brooklyn,2,493.7,370,103.5,3
2026 / 02,Brooklyn,3,358.4,262.8,78.3,3
2026 / 02,Brooklyn,4,276.8,281.7,58.9,3
2026 / 02,Brooklyn,5,189.6,345,64.8,3
2026 / 02,Brooklyn,6,423.8,315.9,119.5,3
2026 / 02,Brooklyn,7,311.2,294.1,90.2,3
2026 / 02,Brooklyn,8,263.3,223.9,57.6,3
2026 / 02,Brooklyn,9,226.8,195.4,39.8,3
2026 / 02,Brooklyn,10,340.8,343,68.3,3
2026 / 02,Brooklyn,11,425.6,446.6,254.7,3
2026 / 02,Brooklyn,12,586.4,270,54.7,3
2026 / 02,Brooklyn,13,220.4,183,46.9,3
2026 / 02,Brooklyn,14,380.6,319.6,77.1,3
2026 / 02,Brooklyn,15,402.9,409.6,124.9,3
2026 / 02,Brooklyn,16,92.8,121.8,28.6,3
2026 / 02,Brooklyn,17,224.9,312.8,74.5,3
2026 / 02,Brooklyn,18,393.9,463.9,108.8,3
2026 / 02,Manhattan,1,332.7,218.6,19,1
2026 / 02,Manhattan,2,354.1,238.6,35.9,1
2026 / 02,Manhattan,3,410.8,281.7,33.4,1
2026 / 02,Manhattan,4,578,305.2,50.1,1
2026 / 02,Manhattan,5,219.9,149.3,17.9,1
2026 / 02,Manhattan,6,602.5,324.5,50,1
2026 / 02,Manhattan,7,844.9,608.7,205.3,1
2026 / 02,Manhattan,8,880.7,637.3,126,1
2026 / 02,Manhattan,9,236.3,186.6,41.9,1
2026 / 02,Manhattan,10,225.9,204.8,30.8,1
2026 / 02,Manhattan,11,193.8,144.8,18.8,1
2026 / 02,Manhattan,12,376.3,371.1,60.3,1
2026 / 02,Queens,1,505.3,526.8,138.6,4
2026 / 02,Queens,2,516.6,380.5,133.9,4
2026 / 02,Queens,3,259.2,417,109.9,4
2026 / 02,Queens,4,301,404.4,100.6,4
2026 / 02,Queens,5,446.9,534.2,172.6,4
2026 / 02,Queens,6,303.6,300.3,100.4,4
2026 / 02,Queens,7,755.6,613.9,157.6,4
2026 / 02,Queens,8,340.7,328.5,109.2,4
2026 / 02,Queens,9,332.8,397.2,159.3,4
2026 / 02,Queens,10,253.5,412,85.6,4
2026 / 02,Queens,11,324.9,323.1,160.4,4
2026 / 02,Queens,12,363.2,715.2,188.1,4
2026 / 02,Queens,13,308.9,585.9,143.2,4
2026 / 02,Queens,14,208.1,173.8,57,4
2026 / 02,Staten Island,1,482.4,501.6,98.8,5
2026 / 02,Staten Island,2,400.1,400.4,142,5
2026 / 02,Staten Island,3,505.2,495.6,142.2,5
2026 / 01,Bronx,1,199.6,100.4,22.4,2
2026 / 01,Bronx,2,200.5,216.8,16.2,2
2026 / 01,Bronx,3,95,102.3,14.7,2
2026 / 01,Bronx,4,184.3,223,16.3,2
2026 / 01,Bronx,5,179.6,236.9,14.4,2
2026 / 01,Bronx,6,146.8,126,10.9,2
2026 / 01,Bronx,7,238,339.7,38.4,2
2026 / 01,Bronx,8,230.8,269.2,119.9,2
2026 / 01,Bronx,9,195.8,312.8,89.5,2
2026 / 01,Bronx,10,235.5,279.3,113.3,2
2026 / 01,Bronx,11,230.6,255.1,98.3,2
2026 / 01,Bronx,12,256.2,438.4,175.5,2
2026 / 01,Brooklyn,1,644.6,369.3,119,3
2026 / 01,Brooklyn,2,476.4,319,175.4,3
2026 / 01,Brooklyn,3,347.1,260.9,124.6,3
2026 / 01,Brooklyn,4,300.8,286.9,80.8,3
2026 / 01,Brooklyn,5,184.3,343.4,130.8,3
2026 / 01,Brooklyn,6,443.3,311.5,145.8,3
2026 / 01,Brooklyn,7,306.5,279.8,113.7,3
2026 / 01,Brooklyn,8,246.3,211.2,84.9,3
2026 / 01,Brooklyn,9,250.1,208.7,58.3,3
2026 / 01,Brooklyn,10,339.2,341.7,104.5,3
2026 / 01,Brooklyn,11,438.6,458.6,305.2,3
2026 / 01,Brooklyn,12,565.3,272.6,75.6,3
2026 / 01,Brooklyn,13,218.7,189,69.2,3
2026 / 01,Brooklyn,14,377.1,325.3,103.1,3
2026 / 01,Brooklyn,15,393.2,392.1,154.9,3
2026 / 01,Brooklyn,16,113.3,133.4,44.4,3
2026 / 01,Brooklyn,17,261.5,360.2,95.8,3
2026 / 01,Brooklyn,18,425.8,504.9,104.7,3
2026 / 01,Manhattan,1,312.2,212.3,50.7,1
2026 / 01,Manhattan,2,303.7,202.8,77.3,1
2026 / 01,Manhattan,3,368.8,281,60,1
2026 / 01,Manhattan,4,573.9,296.9,87.3,1
2026 / 01,Manhattan,5,194.6,124.4,34.8,1
2026 / 01,Manhattan,6,622.5,317.5,96.4,1
2026 / 01,Manhattan,7,771.3,561.2,304,1
2026 / 01,Manhattan,8,812.3,595.6,230.2,1
2026 / 01,Manhattan,9,221.9,194.2,66.6,1
2026 / 01,Manhattan,10,225.9,205.3,56,1
2026 / 01,Manhattan,11,170.2,138,36.2,1
2026 / 01,Manhattan,12,364,385.6,79,1
2026 / 01,Queens,1,510.5,507.4,201.4,4
2026 / 01,Queens,2,473.6,352.5,190.2,4
2026 / 01,Queens,3,299.3,444.9,170.7,4
2026 / 01,Queens,4,318,430.6,138.3,4
2026 / 01,Queens,5,497.3,546.6,242.5,4
2026 / 01,Queens,6,312.3,302.6,148.9,4
2026 / 01,Queens,7,824.3,620.9,176,4
2026 / 01,Queens,8,341.1,301.6,155.1,4
2026 / 01,Queens,9,352.1,400,200.4,4
2026 / 01,Queens,10,286.6,402.7,119.2,4
2026 / 01,Queens,11,344.6,340.3,222.7,4
2026 / 01,Queens,12,406.1,731.1,256.9,4
2026 / 01,Queens,13,378.4,648.4,168.9,4
2026 / 01,Queens,14,252.2,200.1,90.7,4
2026 / 01,Staten Island,1,556.3,552.4,180.1,5
2026 / 01,Staten Island,2,421.2,406.7,217.9,5
2026 / 01,Staten Island,3,574.1,553.2,239.8,5
2025 / 12,Bronx,1,277.7,157.9,38.1,2
2025 / 12,Bronx,2,240.1,216.3,18.8,2
2025 / 12,Bronx,3,178.2,171.9,20,2
2025 / 12,Bronx,4,303.8,321.4,18.9,2
2025 / 12,Bronx,5,272.4,331.8,14.7,2
2025 / 12,Bronx,6,234.4,210.4,18.4,2
2025 / 12,Bronx,7,357.4,454.1,48.5,2
2025 / 12,Bronx,8,375.1,402.3,152,2
2025 / 12,Bronx,9,277.7,390.4,107.6,2
2025 / 12,Bronx,10,339.5,365.6,139.1,2
2025 / 12,Bronx,11,338.7,333.7,134.8,2
2025 / 12,Bronx,12,385,602.2,259.6,2
2025 / 12,Brooklyn,1,827.8,435.1,105.2,3
2025 / 12,Brooklyn,2,674.3,415.8,208.2,3
2025 / 12,Brooklyn,3,523.1,369.1,205.8,3
2025 / 12,Brooklyn,4,406.3,371.8,90.3,3
2025 / 12,Brooklyn,5,321.8,529.9,162.1,3
2025 / 12,Brooklyn,6,618.8,393.2,175.9,3
2025 / 12,Brooklyn,7,445.2,384.2,166.3,3
2025 / 12,Brooklyn,8,388.9,295.8,106.4,3
2025 / 12,Brooklyn,9,329.9,260.2,69.4,3
2025 / 12,Brooklyn,10,533,485.7,148.5,3
2025 / 12,Brooklyn,11,651.6,582.6,370.7,3
2025 / 12,Brooklyn,12,828.7,347.6,100.3,3
2025 / 12,Brooklyn,13,305.7,237.5,81.9,3
2025 / 12,Brooklyn,14,560.2,449.6,159.7,3
2025 / 12,Brooklyn,15,620.3,548.3,204.4,3
2025 / 12,Brooklyn,16,135.5,179.7,54.3,3
2025 / 12,Brooklyn,17,364.8,470.8,162,3
2025 / 12,Brooklyn,18,635.6,653.4,193.2,3
2025 / 12,Manhattan,1,401.2,237.1,25,1
2025 / 12,Manhattan,2,475,298.9,63.6,1
2025 / 12,Manhattan,3,438,317.1,63.9,1
2025 / 12,Manhattan,4,697.2,326.9,66.3,1
2025 / 12,Manhattan,5,304.1,172.5,23.5,1
2025 / 12,Manhattan,6,789.3,364.6,63,1
2025 / 12,Manhattan,7,1087.3,728.3,280.3,1
2025 / 12,Manhattan,8,1186.4,752.8,170.6,1
2025 / 12,Manhattan,9,267.1,227.1,55.1,1
2025 / 12,Manhattan,10,321.5,261.3,55.9,1
2025 / 12,Manhattan,11,264,183.5,39.4,1
2025 / 12,Manhattan,12,499.2,508.9,87.9,1
2025 / 12,Queens,1,767.7,692.2,266.8,4
2025 / 12,Queens,2,705.9,476.2,212.5,4
2025 / 12,Queens,3,411.1,561.3,195.9,4
2025 / 12,Queens,4,426.4,521.2,159.6,4
2025 / 12,Queens,5,748.5,720.7,317.4,4
2025 / 12,Queens,6,462.3,390.7,205.4,4
2025 / 12,Queens,7,1074.4,823.6,265.4,4
2025 / 12,Queens,8,489.1,407.7,249,4
2025 / 12,Queens,9,530.7,550.1,268.6,4
2025 / 12,Queens,10,419.3,569.6,168,4
2025 / 12,Queens,11,503.4,452.1,379.8,4
2025 / 12,Queens,12,582.6,984.1,413.5,4
2025 / 12,Queens,13,529.9,872,244.5,4
2025 / 12,Queens,14,323.9,250.8,98.7,4
2025 / 12,Staten Island,1,759.8,715.4,284.7,5
2025 / 12,Staten Island,2,617.4,552.3,359,5
2025 / 12,Staten Island,3,863.6,735.3,428.7,5
2025 / 11,Bronx,1,223.8,121.4,34.9,2
2025 / 11,Bronx,2,200.1,169.5,19.4,2
2025 / 11,Bronx,3,127.6,129.6,29.7,2
2025 / 11,Bronx,4,229.7,271.9,21.8,2
2025 / 11,Bronx,5,208.3,287.8,19.5,2
2025 / 11,Bronx,6,173.9,153.3,14.3,2
2025 / 11,Bronx,7,251,366.7,48.7,2
2025 / 11,Bronx,8,283.7,304.2,178.5,2
2025 / 11,Bronx,9,210.2,328.9,150.4,2
2025 / 11,Bronx,10,256.2,307.1,205.2,2
2025 / 11,Bronx,11,263.5,279.6,217.4,2
2025 / 11,Bronx,12,291.7,481,372.4,2
2025 / 11,Brooklyn,1,674.6,373.2,128.7,3
2025 / 11,Brooklyn,2,555.5,360.4,208.4,3
2025 / 11,Brooklyn,3,403.2,288.8,192.6,3
2025 / 11,Brooklyn,4,324,321.7,93.7,3
2025 / 11,Brooklyn,5,215.7,402.8,150.7,3
2025 / 11,Brooklyn,6,491.9,336.7,189.6,3
2025 / 11,Brooklyn,7,352.1,322,144.8,3
2025 / 11,Brooklyn,8,299.3,243.4,98.4,3
2025 / 11,Brooklyn,9,273.8,229.9,86.3,3
2025 / 11,Brooklyn,10,393.2,383.7,179.9,3
2025 / 11,Brooklyn,11,516,496.9,421.9,3
2025 / 11,Brooklyn,12,666.7,302.3,129,3
2025 / 11,Brooklyn,13,244.4,203.8,100.4,3
2025 / 11,Brooklyn,14,448.3,388.6,223.4,3
2025 / 11,Brooklyn,15,487.9,470.3,297.6,3
2025 / 11,Brooklyn,16,109.6,154.1,78.5,3
2025 / 11,Brooklyn,17,283.2,378.6,212.3,3
2025 / 11,Brooklyn,18,516.9,564.2,335.2,3
2025 / 11,Manhattan,1,333.6,205.5,23.9,1
2025 / 11,Manhattan,2,400.2,259.7,60.1,1
2025 / 11,Manhattan,3,391.4,305.1,72.1,1
2025 / 11,Manhattan,4,587.4,303.4,65.5,1
2025 / 11,Manhattan,5,231.1,141.2,21.6,1
2025 / 11,Manhattan,6,656.3,330.7,66.9,1
2025 / 11,Manhattan,7,901.3,635.5,265.1,1
2025 / 11,Manhattan,8,994.5,685.2,173.6,1
2025 / 11,Manhattan,9,239.2,203.5,63.6,1
2025 / 11,Manhattan,10,252.4,209.7,52,1
2025 / 11,Manhattan,11,204.9,155.3,40.7,1
2025 / 11,Manhattan,12,377.1,390.3,91.8,1
2025 / 11,Queens,1,593.2,566.3,296.8,4
2025 / 11,Queens,2,533.2,384.5,221.9,4
2025 / 11,Queens,3,308.2,458.6,231.5,4
2025 / 11,Queens,4,303.5,462.2,168.8,4
2025 / 11,Queens,5,558.3,595.3,443.8,4
2025 / 11,Queens,6,340.6,321,305.5,4
2025 / 11,Queens,7,905.5,701.1,431.3,4
2025 / 11,Queens,8,385.6,350.9,320.6,4
2025 / 11,Queens,9,396.7,462.5,386.2,4
2025 / 11,Queens,10,308.9,462.2,225.3,4
2025 / 11,Queens,11,383.9,387.4,612.4,4
2025 / 11,Queens,12,436.9,804.7,615.2,4
2025 / 11,Queens,13,415.1,712.9,345.4,4
2025 / 11,Queens,14,267.1,215,111.6,4
2025 / 11,Staten Island,1,588.1,599.2,407.6,5
2025 / 11,Staten Island,2,452.5,466.8,520.5,5
2025 / 11,Staten Island,3,617.2,608,656.9,5
2025 / 10,Bronx,1,235,124.8,16.7,2
2025 / 10,Bronx,2,231.6,213.8,20.4,2
2025 / 10,Bronx,3,140.1,147.5,19.1,2
2025 / 10,Bronx,4,233.3,291.1,20.8,2
2025 / 10,Bronx,5,216.6,299.9,17.1,2
2025 / 10,Bronx,6,197,177,16.2,2
2025 / 10,Bronx,7,289.8,423.2,53.6,2
2025 / 10,Bronx,8,300.7,335.8,136.9,2
2025 / 10,Bronx,9,229.3,365.8,112.1,2
2025 / 10,Bronx,10,286.2,335.7,158.4,2
2025 / 10,Bronx,11,282.5,308.7,154.2,2
2025 / 10,Bronx,12,322.3,533.5,277.5,2
2025 / 10,Brooklyn,1,761.1,456.7,104.2,3
2025 / 10,Brooklyn,2,596.2,392.7,159,3
2025 / 10,Brooklyn,3,465.1,338,144.6,3
2025 / 10,Brooklyn,4,362.4,362.2,93.9,3
2025 / 10,Brooklyn,5,249,479.2,159.5,3
2025 / 10,Brooklyn,6,549.8,376.8,166.9,3
2025 / 10,Brooklyn,7,389.4,347.6,123.5,3
2025 / 10,Brooklyn,8,325.4,275.7,92.1,3
2025 / 10,Brooklyn,9,294.6,274.7,89.1,3
2025 / 10,Brooklyn,10,421.1,420.9,161,3
2025 / 10,Brooklyn,11,572.1,545.3,407.4,3
2025 / 10,Brooklyn,12,704.7,381,101.1,3
2025 / 10,Brooklyn,13,271,233.7,80.2,3
2025 / 10,Brooklyn,14,455.1,412.1,138,3
2025 / 10,Brooklyn,15,514.7,513.9,225.1,3
2025 / 10,Brooklyn,16,118.8,164.4,53.6,3
2025 / 10,Brooklyn,17,315,430.4,158,3
2025 / 10,Brooklyn,18,528.8,613.1,199.3,3
2025 / 10,Manhattan,1,400.9,255.8,30.5,1
2025 / 10,Manhattan,2,437.3,281.6,57.3,1
2025 / 10,Manhattan,3,482.5,358.3,61.5,1
2025 / 10,Manhattan,4,709.8,355.4,74.2,1
2025 / 10,Manhattan,5,289.7,166.2,24.3,1
2025 / 10,Manhattan,6,791.9,393.6,75.5,1
2025 / 10,Manhattan,7,989.1,674.4,267.1,1
2025 / 10,Manhattan,8,1106.2,743,178.8,1
2025 / 10,Manhattan,9,269.5,238.1,64.6,1
2025 / 10,Manhattan,10,293.7,275.2,49.6,1
2025 / 10,Manhattan,11,228.5,172.9,28,1
2025 / 10,Manhattan,12,450.8,472.8,87.7,1
2025 / 10,Queens,1,643.2,617.2,247.9,4
2025 / 10,Queens,2,580,429.9,211.7,4
2025 / 10,Queens,3,358.5,536.2,220,4
2025 / 10,Queens,4,347.5,529,176.4,4
2025 / 10,Queens,5,613,666.3,364.9,4
2025 / 10,Queens,6,377.7,363.9,210,4
2025 / 10,Queens,7,979.4,765.8,307.5,4
2025 / 10,Queens,8,427.6,399.1,218.8,4
2025 / 10,Queens,9,433.9,510.7,304.9,4
2025 / 10,Queens,10,344.9,521,184.2,4
2025 / 10,Queens,11,419.4,418.2,377.9,4
2025 / 10,Queens,12,484.4,915.6,461.1,4
2025 / 10,Queens,13,463.8,804.2,244.4,4
2025 / 10,Queens,14,278,247.1,110.3,4
2025 / 10,Staten Island,1,611.4,657.8,284.1,5
2025 / 10,Staten Island,2,498.9,523.7,402,5
2025 / 10,Staten Island,3,681.9,657.6,468.2,5
2025 / 09,Bronx,1,264.8,141.4,16.4,2
2025 / 09,Bronx,2,224.7,210.8,12.4,2
2025 / 09,Bronx,3,133.2,142.1,13.9,2
2025 / 09,Bronx,4,249.8,307.2,17.5,2
2025 / 09,Bronx,5,232.4,312.8,16.5,2
2025 / 09,Bronx,6,209.7,180,13.1,2
2025 / 09,Bronx,7,268.7,408.5,50.3,2
2025 / 09,Bronx,8,316.6,346,132.3,2
2025 / 09,Bronx,9,225.5,360.2,97.6,2
2025 / 09,Bronx,10,260.8,329.8,144.5,2
2025 / 09,Bronx,11,273.1,304,137.4,2
2025 / 09,Bronx,12,317.3,537.1,267.8,2
2025 / 09,Brooklyn,1,760.8,425.4,87.8,3
2025 / 09,Brooklyn,2,595,363.8,130.8,3
2025 / 09,Brooklyn,3,463.9,335.4,128.5,3
2025 / 09,Brooklyn,4,372.5,340.1,84.8,3
2025 / 09,Brooklyn,5,232,466.4,132,3
2025 / 09,Brooklyn,6,528.9,345.6,73.4,3
2025 / 09,Brooklyn,7,390.2,341.9,115.9,3
2025 / 09,Brooklyn,8,336.2,285.5,88.3,3
2025 / 09,Brooklyn,9,271.6,244.5,59.5,3
2025 / 09,Brooklyn,10,416.4,422.4,144,3
2025 / 09,Brooklyn,11,536.2,540.3,403,3
2025 / 09,Brooklyn,12,803.2,342.2,88,3
2025 / 09,Brooklyn,13,279.5,226.1,79.4,3
2025 / 09,Brooklyn,14,498.8,432.5,126.1,3
2025 / 09,Brooklyn,15,514.8,514.5,193.7,3
2025 / 09,Brooklyn,16,103.5,150.7,39.1,3
2025 / 09,Brooklyn,17,292.9,441.2,149.6,3
2025 / 09,Brooklyn,18,532.2,617.8,154.9,3
2025 / 09,Manhattan,1,356.2,216.9,22.2,1
2025 / 09,Manhattan,2,435.4,266.5,53.8,1
2025 / 09,Manhattan,3,447,308.8,48.2,1
2025 / 09,Manhattan,4,639.3,307.6,62,1
2025 / 09,Manhattan,5,267.3,157.7,23.5,1
2025 / 09,Manhattan,6,716,323.2,63.2,1
2025 / 09,Manhattan,7,963,641.4,245.8,1
2025 / 09,Manhattan,8,1009.1,653.5,149.4,1
2025 / 09,Manhattan,9,273.5,212.3,50.9,1
2025 / 09,Manhattan,10,277.5,242.8,42,1
2025 / 09,Manhattan,11,209,158.5,21.4,1
2025 / 09,Manhattan,12,397.9,432.6,79.8,1
2025 / 09,Queens,1,649.5,613.5,221.3,4
2025 / 09,Queens,2,589.2,412.2,189.4,4
2025 / 09,Queens,3,321.6,499.7,173,4
2025 / 09,Queens,4,320.9,476.6,164.6,4
2025 / 09,Queens,5,581.7,642.3,346.4,4
2025 / 09,Queens,6,358.2,355.9,197.8,4
2025 / 09,Queens,7,935.6,758,288.1,4
2025 / 09,Queens,8,417.6,387.6,202.9,4
2025 / 09,Queens,9,449,502.6,263.3,4
2025 / 09,Queens,10,343,529.5,161.8,4
2025 / 09,Queens,11,417.9,430.6,357.3,4
2025 / 09,Queens,12,477.1,912.2,434,4
2025 / 09,Queens,13,445.5,821.6,235.2,4
2025 / 09,Queens,14,265.5,227.4,102.4,4
2025 / 09,Staten Island,1,614.2,713.6,276,5
2025 / 09,Staten Island,2,484.4,537.6,402.8,5
2025 / 09,Staten Island,3,638.8,662.4,425,5
2025 / 08,Bronx,1,213.4,138.8,17.1,2
2025 / 08,Bronx,2,224.5,205.2,14,2
2025 / 08,Bronx,3,121.1,133.9,12.4,2
2025 / 08,Bronx,4,219.7,300.6,22.4,2
2025 / 08,Bronx,5,208.8,306.9,18.7,2
2025 / 08,Bronx,6,167.5,158.8,12.7,2
2025 / 08,Bronx,7,264.4,412.7,48.6,2
2025 / 08,Bronx,8,277.6,321,126.6,2
2025 / 08,Bronx,9,218.9,376.6,105.9,2
2025 / 08,Bronx,10,271.4,344.9,159.5,2
2025 / 08,Bronx,11,259.4,316.6,156.5,2
2025 / 08,Bronx,12,316.8,549.1,294.2,2
2025 / 08,Brooklyn,1,623.2,423.3,88.8,3
2025 / 08,Brooklyn,2,527.6,367.6,129.5,3
2025 / 08,Brooklyn,3,361.5,323.7,129.1,3
2025 / 08,Brooklyn,4,341.4,370.1,89.2,3
2025 / 08,Brooklyn,5,227.8,444.6,114.8,3
2025 / 08,Brooklyn,6,453.8,330.2,55.1,3
2025 / 08,Brooklyn,7,371,335.5,108,3
2025 / 08,Brooklyn,8,288.5,253.5,79.8,3
2025 / 08,Brooklyn,9,272.2,256,67.2,3
2025 / 08,Brooklyn,10,384.6,408.7,120.4,3
2025 / 08,Brooklyn,11,484,512.7,412.7,3
2025 / 08,Brooklyn,12,509.3,293,83.3,3
2025 / 08,Brooklyn,13,246.2,233.8,71,3
2025 / 08,Brooklyn,14,385.2,390.7,127.7,3
2025 / 08,Brooklyn,15,425.4,448.9,179.3,3
2025 / 08,Brooklyn,16,107.2,170.5,46,3
2025 / 08,Brooklyn,17,297,446,162.7,3
2025 / 08,Brooklyn,18,503.1,644.9,173.7,3
2025 / 08,Manhattan,1,339,222.6,19.5,1
2025 / 08,Manhattan,2,333.8,226.9,48.7,1
2025 / 08,Manhattan,3,447.4,330.8,58.1,1
2025 / 08,Manhattan,4,657.7,337.9,57.2,1
2025 / 08,Manhattan,5,247.1,146.8,22.5,1
2025 / 08,Manhattan,6,704.6,352.5,69,1
2025 / 08,Manhattan,7,876.6,616.5,223.7,1
2025 / 08,Manhattan,8,879.3,612.4,139,1
2025 / 08,Manhattan,9,267.6,246,54.7,1
2025 / 08,Manhattan,10,274.6,246.2,37.6,1
2025 / 08,Manhattan,11,201.6,160.9,20.6,1
2025 / 08,Manhattan,12,382.9,440.2,90.4,1
2025 / 08,Queens,1,583.1,575.5,235.6,4
2025 / 08,Queens,2,519.2,415.1,187.3,4
2025 / 08,Queens,3,334.7,516.7,191.3,4
2025 / 08,Queens,4,335.7,516.1,174.4,4
2025 / 08,Queens,5,558.5,640.2,350.9,4
2025 / 08,Queens,6,355.6,358.7,202.1,4
2025 / 08,Queens,7,911.7,748.4,304.6,4
2025 / 08,Queens,8,413.4,380.9,201.2,4
2025 / 08,Queens,9,395.1,503.7,266.4,4
2025 / 08,Queens,10,327.4,511.5,197.8,4
2025 / 08,Queens,11,402.6,420.4,360.8,4
2025 / 08,Queens,12,476.9,934,421.4,4
2025 / 08,Queens,13,436.1,844.5,256.6,4
2025 / 08,Queens,14,290.9,253.2,118.2,4
2025 / 08,Staten Island,1,557.1,689.7,344.2,5
2025 / 08,Staten Island,2,434.3,502.1,400.9,5
2025 / 08,Staten Island,3,606.9,656.6,439.5,5
2025 / 07,Bronx,1,228.7,145.9,18.9,2
2025 / 07,Bronx,2,244,233.3,16,2
2025 / 07,Bronx,3,155.6,173.9,15,2
2025 / 07,Bronx,4,237.4,315.8,17.9,2
2025 / 07,Bronx,5,236.3,329.9,18.9,2
2025 / 07,Bronx,6,204.5,212.7,16.9,2
2025 / 07,Bronx,7,307.3,461.9,52.9,2
2025 / 07,Bronx,8,318.3,363.6,147.5,2
2025 / 07,Bronx,9,247.9,411.4,116.2,2
2025 / 07,Bronx,10,292.7,369.8,182.1,2
2025 / 07,Bronx,11,285.4,341.4,170.4,2
2025 / 07,Bronx,12,344.5,608.3,333.7,2
2025 / 07,Brooklyn,1,652.3,481.3,102.4,3
2025 / 07,Brooklyn,2,541.4,387.8,141.3,3
2025 / 07,Brooklyn,3,423,364.3,161.5,3
2025 / 07,Brooklyn,4,348.7,378.2,98.4,3
2025 / 07,Brooklyn,5,282.1,526.8,174.6,3
2025 / 07,Brooklyn,6,468.4,340.7,76.4,3
2025 / 07,Brooklyn,7,414.3,363.9,131.3,3
2025 / 07,Brooklyn,8,333.9,300.9,93.7,3
2025 / 07,Brooklyn,9,276.4,262.5,65.9,3
2025 / 07,Brooklyn,10,437.4,439.8,157.9,3
2025 / 07,Brooklyn,11,548.6,549.2,460.2,3
2025 / 07,Brooklyn,12,525.6,309.2,101.8,3
2025 / 07,Brooklyn,13,271.7,238,80.6,3
2025 / 07,Brooklyn,14,399.8,391.9,124.2,3
2025 / 07,Brooklyn,15,469.5,483,212.5,3
2025 / 07,Brooklyn,16,119.6,167.2,49.5,3
2025 / 07,Brooklyn,17,329,484.6,176.7,3
2025 / 07,Brooklyn,18,541.5,687,223.2,3
2025 / 07,Manhattan,1,337.2,216.2,20.1,1
2025 / 07,Manhattan,2,390.8,263,53.5,1
2025 / 07,Manhattan,3,483.8,356,55.2,1
2025 / 07,Manhattan,4,659.8,333.5,50.6,1
2025 / 07,Manhattan,5,282.9,163.9,28.7,1
2025 / 07,Manhattan,6,731.7,362.9,70,1
2025 / 07,Manhattan,7,873.1,622.8,234.7,1
2025 / 07,Manhattan,8,937.3,656.1,137.7,1
2025 / 07,Manhattan,9,237.7,226.7,47.6,1
2025 / 07,Manhattan,10,300.2,282.8,41.3,1
2025 / 07,Manhattan,11,238.2,189.6,25.2,1
2025 / 07,Manhattan,12,450,502.5,99.8,1
2025 / 07,Queens,1,654.2,633.9,279,4
2025 / 07,Queens,2,599.5,464.2,204.4,4
2025 / 07,Queens,3,379.5,560.3,206.1,4
2025 / 07,Queens,4,383.4,540.9,183.8,4
2025 / 07,Queens,5,635.9,719.3,416.1,4
2025 / 07,Queens,6,388.5,377,206.4,4
2025 / 07,Queens,7,1027.9,815.1,356.1,4
2025 / 07,Queens,8,454.3,405.5,225.3,4
2025 / 07,Queens,9,442.8,562.1,293.3,4
2025 / 07,Queens,10,387.7,592.2,230.4,4
2025 / 07,Queens,11,437.6,453,422.7,4
2025 / 07,Queens,12,530.7,1023,505.2,4
2025 / 07,Queens,13,506,928.7,337.7,4
2025 / 07,Queens,14,309.2,274.8,139.1,4
2025 / 07,Staten Island,1,653.6,716.2,391,5
2025 / 07,Staten Island,2,527.2,551,460.1,5
2025 / 07,Staten Island,3,726.8,731,549.8,5
2025 / 06,Bronx,1,248.8,139.4,20.7,2
2025 / 06,Bronx,2,212.3,191.1,15.4,2
2025 / 06,Bronx,3,139.4,137.8,16.4,2
2025 / 06,Bronx,4,254.4,299.1,17.8,2
2025 / 06,Bronx,5,238.8,303,21.3,2
2025 / 06,Bronx,6,190.8,166.3,14.6,2
2025 / 06,Bronx,7,291,411.6,48.1,2
2025 / 06,Bronx,8,281.4,319.5,147.4,2
2025 / 06,Bronx,9,227.5,367.8,112.6,2
2025 / 06,Bronx,10,289.6,333.6,180.8,2
2025 / 06,Bronx,11,281.1,314.3,175.6,2
2025 / 06,Bronx,12,321.2,542.3,316.1,2
2025 / 06,Brooklyn,1,647,423.3,102,3
2025 / 06,Brooklyn,2,540,372.5,142.8,3
2025 / 06,Brooklyn,3,414.2,317.1,148.2,3
2025 / 06,Brooklyn,4,385,345.2,97.4,3
2025 / 06,Brooklyn,5,237.6,454.4,139,3
2025 / 06,Brooklyn,6,513.3,353.1,104.8,3
2025 / 06,Brooklyn,7,410.6,342.8,130.9,3
2025 / 06,Brooklyn,8,321.3,264.2,92.4,3
2025 / 06,Brooklyn,9,239.1,229.2,66.8,3
2025 / 06,Brooklyn,10,422.5,420.3,187.2,3
2025 / 06,Brooklyn,11,506.7,509.2,471.7,3
2025 / 06,Brooklyn,12,575.2,315.5,113.2,3
2025 / 06,Brooklyn,13,287.7,214.3,81.1,3
2025 / 06,Brooklyn,14,434.5,406,122.6,3
2025 / 06,Brooklyn,15,503.5,479.8,228.6,3
2025 / 06,Brooklyn,16,120.5,156.1,49,3
2025 / 06,Brooklyn,17,310.8,420.2,168.6,3
2025 / 06,Brooklyn,18,533,602,195.9,3
2025 / 06,Manhattan,1,337.8,226.6,23.9,1
2025 / 06,Manhattan,2,402.3,265.2,59.8,1
2025 / 06,Manhattan,3,444.3,330.4,53.3,1
2025 / 06,Manhattan,4,614.9,309.2,66.9,1
2025 / 06,Manhattan,5,247.4,150.5,26.8,1
2025 / 06,Manhattan,6,682.7,334.4,69,1
2025 / 06,Manhattan,7,925.8,652.3,243.9,1
2025 / 06,Manhattan,8,952,652.4,148,1
2025 / 06,Manhattan,9,255.8,226.5,49.7,1
2025 / 06,Manhattan,10,257.5,238,40.6,1
2025 / 06,Manhattan,11,217.9,158.9,23.1,1
2025 / 06,Manhattan,12,405.7,418.6,89.2,1
2025 / 06,Queens,1,659.7,595.4,286.8,4
2025 / 06,Queens,2,572.5,406.2,198.6,4
2025 / 06,Queens,3,333.8,499.2,179.7,4
2025 / 06,Queens,4,335.4,469.2,177.8,4
2025 / 06,Queens,5,591.1,648.6,419.1,4
2025 / 06,Queens,6,363.4,344.4,201.9,4
2025 / 06,Queens,7,956.4,767.9,376.4,4
2025 / 06,Queens,8,407.2,376.7,250.3,4
2025 / 06,Queens,9,455.7,500.8,316,4
2025 / 06,Queens,10,359.4,543,257.4,4
2025 / 06,Queens,11,419.4,404.9,413.4,4
2025 / 06,Queens,12,511.3,907.8,496.7,4
2025 / 06,Queens,13,474,844.9,375.5,4
2025 / 06,Queens,14,285.2,238.2,133.2,4
2025 / 06,Staten Island,1,647.2,646.9,453.6,5
2025 / 06,Staten Island,2,492.2,501.2,471.4,5
2025 / 06,Staten Island,3,666.9,651.9,580.4,5
2025 / 05,Bronx,1,252.9,137.4,19.8,2
2025 / 05,Bronx,2,222.6,228.5,25.9,2
2025 / 05,Bronx,3,146.6,140,14.8,2
2025 / 05,Bronx,4,262,305.9,21.2,2
2025 / 05,Bronx,5,234.9,313.8,20.6,2
2025 / 05,Bronx,6,197.8,180.9,14,2
2025 / 05,Bronx,7,313.6,441.1,46.7,2
2025 / 05,Bronx,8,300.9,343.9,161.8,2
2025 / 05,Bronx,9,262.2,402,127.5,2
2025 / 05,Bronx,10,321.8,373.4,219.3,2
2025 / 05,Bronx,11,306.5,351.3,202.1,2
2025 / 05,Bronx,12,346.5,580.3,357,2
2025 / 05,Brooklyn,1,794,476.5,115.4,3
2025 / 05,Brooklyn,2,582.7,418.1,163.2,3
2025 / 05,Brooklyn,3,444.5,331.4,167.6,3
2025 / 05,Brooklyn,4,381.1,369.2,110.3,3
2025 / 05,Brooklyn,5,243.4,466.5,160.3,3
2025 / 05,Brooklyn,6,548.7,396.6,144.4,3
2025 / 05,Brooklyn,7,436.8,371.2,169.1,3
2025 / 05,Brooklyn,8,308.3,268.2,93.1,3
2025 / 05,Brooklyn,9,295,267.1,80.5,3
2025 / 05,Brooklyn,10,460.3,458.6,216.1,3
2025 / 05,Brooklyn,11,572.8,585.9,559.2,3
2025 / 05,Brooklyn,12,741.6,365.1,134.5,3
2025 / 05,Brooklyn,13,296.6,238.4,81.7,3
2025 / 05,Brooklyn,14,461.9,423.6,145.7,3
2025 / 05,Brooklyn,15,557.3,515.2,264.6,3
2025 / 05,Brooklyn,16,131.1,173.9,55.3,3
2025 / 05,Brooklyn,17,327.8,440.4,182.1,3
2025 / 05,Brooklyn,18,632.5,675.1,230.3,3
2025 / 05,Manhattan,1,385.6,269.2,28.6,1
2025 / 05,Manhattan,2,403.3,289,61.6,1
2025 / 05,Manhattan,3,479.7,370.6,60.5,1
2025 / 05,Manhattan,4,701.9,388.3,84.5,1
2025 / 05,Manhattan,5,269.6,170.3,30.6,1
2025 / 05,Manhattan,6,788.8,422.4,87.1,1
2025 / 05,Manhattan,7,1024,731.2,283.1,1
2025 / 05,Manhattan,8,1098.7,777.5,173.3,1
2025 / 05,Manhattan,9,302.4,289.3,61.9,1
2025 / 05,Manhattan,10,276.9,278.7,46.5,1
2025 / 05,Manhattan,11,234.2,176,26.5,1
2025 / 05,Manhattan,12,457.5,489.9,97.7,1
2025 / 05,Queens,1,679,631.5,287.1,4
2025 / 05,Queens,2,586.7,438.3,209.9,4
2025 / 05,Queens,3,376.2,557.1,202.3,4
2025 / 05,Queens,4,359.8,528.4,191,4
2025 / 05,Queens,5,646.1,721.4,454.7,4
2025 / 05,Queens,6,395.1,389.1,226.3,4
2025 / 05,Queens,7,1038.8,827.5,493.8,4
2025 / 05,Queens,8,466.1,417.9,329.8,4
2025 / 05,Queens,9,480.9,551.8,343.6,4
2025 / 05,Queens,10,385.5,583.2,324.5,4
2025 / 05,Queens,11,443,449.4,473,4
2025 / 05,Queens,12,537.8,985.6,547.6,4
2025 / 05,Queens,13,513.6,904.6,452.6,4
2025 / 05,Queens,14,335.8,278.4,154.2,4
2025 / 05,Staten Island,1,679.9,748.4,573.9,5
2025 / 05,Staten Island,2,540.6,612.5,554.1,5
2025 / 05,Staten Island,3,787.5,820.6,785.5,5
2025 / 04,Bronx,1,236.7,147,17.6,2
2025 / 04,Bronx,2,215.9,203.3,14.7,2
2025 / 04,Bronx,3,171.3,175.3,16.5,2
2025 / 04,Bronx,4,256.6,309.5,15.7,2
2025 / 04,Bronx,5,225.5,321.2,16.5,2
2025 / 04,Bronx,6,206.9,216.7,11.4,2
2025 / 04,Bronx,7,289.1,428.3,32,2
2025 / 04,Bronx,8,285.3,348.8,134,2
2025 / 04,Bronx,9,226.4,351.1,79.8,2
2025 / 04,Bronx,10,275.1,323.7,165.2,2
2025 / 04,Bronx,11,265.9,310.9,141,2
2025 / 04,Bronx,12,305.3,544.7,234.8,2
2025 / 04,Brooklyn,1,747.2,438.4,91.9,3
2025 / 04,Brooklyn,2,525.3,389.6,144.8,3
2025 / 04,Brooklyn,3,455,341.3,132.4,3
2025 / 04,Brooklyn,4,346.5,331,74.8,3
2025 / 04,Brooklyn,5,253.5,447.4,111.8,3
2025 / 04,Brooklyn,6,480.8,354.7,161.1,3
2025 / 04,Brooklyn,7,420.5,343.1,152,3
2025 / 04,Brooklyn,8,311.7,281.1,89.3,3
2025 / 04,Brooklyn,9,249,246.5,61.3,3
2025 / 04,Brooklyn,10,416.3,425.5,203.3,3
2025 / 04,Brooklyn,11,513.1,534.2,436.7,3
2025 / 04,Brooklyn,12,793.6,406,91.2,3
2025 / 04,Brooklyn,13,278.1,227.5,75.1,3
2025 / 04,Brooklyn,14,463.7,431.4,99.5,3
2025 / 04,Brooklyn,15,521.8,529.3,208.5,3
2025 / 04,Brooklyn,16,102,152.3,37.8,3
2025 / 04,Brooklyn,17,297,410.2,128,3
2025 / 04,Brooklyn,18,509.3,606.1,208.7,3
2025 / 04,Manhattan,1,315.2,224.7,18,1
2025 / 04,Manhattan,2,403.7,301,51.5,1
2025 / 04,Manhattan,3,427.2,338.7,49.1,1
2025 / 04,Manhattan,4,594.4,324,56.9,1
2025 / 04,Manhattan,5,270.7,192.9,24.5,1
2025 / 04,Manhattan,6,656.9,343.1,55.7,1
2025 / 04,Manhattan,7,888.5,670.2,226.3,1
2025 / 04,Manhattan,8,986.1,702.8,122.7,1
2025 / 04,Manhattan,9,223.6,214.8,42.4,1
2025 / 04,Manhattan,10,268.8,262.9,40,1
2025 / 04,Manhattan,11,244.8,193.4,30.6,1
2025 / 04,Manhattan,12,418.6,467.7,73.1,1
2025 / 04,Queens,1,632.3,610.6,206.1,4
2025 / 04,Queens,2,565.2,430.4,153.1,4
2025 / 04,Queens,3,329.6,492.2,133.7,4
2025 / 04,Queens,4,316.1,478,141.1,4
2025 / 04,Queens,5,575.7,650.1,353.5,4
2025 / 04,Queens,6,347.5,379.8,146,4
2025 / 04,Queens,7,917.7,754.9,377.8,4
2025 / 04,Queens,8,401.5,400.1,244.9,4
2025 / 04,Queens,9,425.3,507.3,256.7,4
2025 / 04,Queens,10,340.8,517,235.2,4
2025 / 04,Queens,11,405.2,429.7,326.7,4
2025 / 04,Queens,12,471.4,874.5,338.4,4
2025 / 04,Queens,13,462,804.4,362.6,4
2025 / 04,Queens,14,277.8,251.4,104.3,4
2025 / 04,Staten Island,1,612.4,656.3,447.5,5
2025 / 04,Staten Island,2,475.8,551.9,431.3,5
2025 / 04,Staten Island,3,673.4,712.7,623.6,5
2025 / 03,Bronx,1,245.7,133.4,7.6,2
2025 / 03,Bronx,2,216.4,188,2.5,2
2025 / 03,Bronx,3,145.4,139.2,4.6,2
2025 / 03,Bronx,4,258.5,300,7.6,2
2025 / 03,Bronx,5,233.2,312.8,7.4,2
2025 / 03,Bronx,6,190.2,169,3.6,2
2025 / 03,Bronx,7,290.6,406.7,5.5,2
2025 / 03,Bronx,8,261.7,317.1,64.7,2
2025 / 03,Bronx,9,217.3,356.8,27,2
2025 / 03,Bronx,10,270.6,309.2,51,2
2025 / 03,Bronx,11,273.8,292.2,45.9,2
2025 / 03,Bronx,12,290.2,518.8,73.2,2
2025 / 03,Brooklyn,1,704.7,406.7,44.3,3
2025 / 03,Brooklyn,2,525.7,368.8,94.5,3
2025 / 03,Brooklyn,3,401.2,301.5,87.6,3
2025 / 03,Brooklyn,4,333.9,345.6,53.8,3
2025 / 03,Brooklyn,5,233.6,404.3,33,3
2025 / 03,Brooklyn,6,484.3,351.9,82.3,3
2025 / 03,Brooklyn,7,403.8,331.4,53.7,3
2025 / 03,Brooklyn,8,305.3,247.4,47.3,3
2025 / 03,Brooklyn,9,253.3,225.4,33.2,3
2025 / 03,Brooklyn,10,411,411.1,38.9,3
2025 / 03,Brooklyn,11,500.5,518,35.3,3
2025 / 03,Brooklyn,12,699.7,347.2,36.8,3
2025 / 03,Brooklyn,13,267.6,202.7,13.8,3
2025 / 03,Brooklyn,14,459.1,420.7,67.6,3
2025 / 03,Brooklyn,15,516.9,491.9,42.9,3
2025 / 03,Brooklyn,16,114.9,146.6,13.7,3
2025 / 03,Brooklyn,17,284.6,406.4,53.3,3
2025 / 03,Brooklyn,18,500.2,576.3,82.2,3
2025 / 03,Manhattan,1,329.8,232.8,9,1
2025 / 03,Manhattan,2,379.8,270.1,22.9,1
2025 / 03,Manhattan,3,404.6,319,21.5,1
2025 / 03,Manhattan,4,591.7,314.5,45.8,1
2025 / 03,Manhattan,5,234.1,145.1,7.5,1
2025 / 03,Manhattan,6,664.8,341.4,25,1
2025 / 03,Manhattan,7,889.8,660,128.3,1
2025 / 03,Manhattan,8,943.2,680.1,42.8,1
2025 / 03,Manhattan,9,228.7,234.2,21.4,1
2025 / 03,Manhattan,10,241.4,253.4,10.5,1
2025 / 03,Manhattan,11,219.9,172.8,13.8,1
2025 / 03,Manhattan,12,392,418.8,29.2,1
2025 / 03,Queens,1,614.5,587.1,83.2,4
2025 / 03,Queens,2,514.5,403.1,45,4
2025 / 03,Queens,3,316.1,482.9,43.1,4
2025 / 03,Queens,4,305.7,444.4,24.2,4
2025 / 03,Queens,5,554.9,622.2,78.1,4
2025 / 03,Queens,6,339.4,350.7,62.9,4
2025 / 03,Queens,7,919.9,728.6,73.9,4
2025 / 03,Queens,8,397.5,365.4,83.1,4
2025 / 03,Queens,9,432.3,488.7,80.6,4
2025 / 03,Queens,10,318.6,483.7,24.7,4
2025 / 03,Queens,11,385.5,392.1,76.9,4
2025 / 03,Queens,12,448.6,868.2,160.2,4
2025 / 03,Queens,13,407.1,770.5,66.2,4
2025 / 03,Queens,14,275.7,240.2,42.8,4
2025 / 03,Staten Island,1,621.2,610.5,165.4,5
2025 / 03,Staten Island,2,464.6,494.5,162.9,5
2025 / 03,Staten Island,3,600.8,587.8,233.5,5
2025 / 02,Bronx,1,207.8,118.2,5.7,2
2025 / 02,Bronx,2,187,163,2.3,2
2025 / 02,Bronx,3,123.3,133.2,2.2,2
2025 / 02,Bronx,4,212.9,257.7,5,2
2025 / 02,Bronx,5,182.7,259.6,7.5,2
2025 / 02,Bronx,6,167,153.8,4.2,2
2025 / 02,Bronx,7,250.2,359.1,4.2,2
2025 / 02,Bronx,8,242.7,290.4,43.7,2
2025 / 02,Bronx,9,187.3,304.2,17,2
2025 / 02,Bronx,10,242,275.4,28.3,2
2025 / 02,Bronx,11,240.5,260.7,24.2,2
2025 / 02,Bronx,12,249.9,455.6,43.1,2
2025 / 02,Brooklyn,1,634.2,391.1,33.9,3
2025 / 02,Brooklyn,2,477.4,342.1,70.1,3
2025 / 02,Brooklyn,3,375.2,285.1,66.7,3
2025 / 02,Brooklyn,4,289.9,304.1,56.1,3
2025 / 02,Brooklyn,5,216.7,371.4,23,3
2025 / 02,Brooklyn,6,439.5,323.5,64.6,3
2025 / 02,Brooklyn,7,354.4,305.9,50.9,3
2025 / 02,Brooklyn,8,278.4,236,40,3
2025 / 02,Brooklyn,9,232,214.3,26.9,3
2025 / 02,Brooklyn,10,370,370.2,31.5,3
2025 / 02,Brooklyn,11,457.4,457.5,24.9,3
2025 / 02,Brooklyn,12,599.2,285.4,23.2,3
2025 / 02,Brooklyn,13,230.5,196.2,8.9,3
2025 / 02,Brooklyn,14,382.3,343,37.1,3
2025 / 02,Brooklyn,15,459.3,433.3,32.9,3
2025 / 02,Brooklyn,16,96,133.7,9.2,3
2025 / 02,Brooklyn,17,255.7,355.7,41.3,3
2025 / 02,Brooklyn,18,421.6,514.8,51.3,3
2025 / 02,Manhattan,1,317.6,215.2,7.3,1
2025 / 02,Manhattan,2,358.1,250.1,18.3,1
2025 / 02,Manhattan,3,371.1,291.4,14.4,1
2025 / 02,Manhattan,4,563.5,294.3,38.3,1
2025 / 02,Manhattan,5,233.2,143.8,6,1
2025 / 02,Manhattan,6,626.2,328.5,22.2,1
2025 / 02,Manhattan,7,819.4,620.8,111.2,1
2025 / 02,Manhattan,8,886.5,637.7,37.4,1
2025 / 02,Manhattan,9,210.2,196.7,18.6,1
2025 / 02,Manhattan,10,221.7,221.4,18,1
2025 / 02,Manhattan,11,199.7,166.7,15.4,1
2025 / 02,Manhattan,12,357.7,385.3,27.4,1
2025 / 02,Queens,1,553.1,530,49.5,4
2025 / 02,Queens,2,482.5,378.4,32.3,4
2025 / 02,Queens,3,284.7,435.6,34,4
2025 / 02,Queens,4,279.8,396.3,18.5,4
2025 / 02,Queens,5,488.5,575.9,44.9,4
2025 / 02,Queens,6,320.6,314.2,37.8,4
2025 / 02,Queens,7,800.3,629.1,37.7,4
2025 / 02,Queens,8,340.4,324.7,49.5,4
2025 / 02,Queens,9,367.1,442,58.2,4
2025 / 02,Queens,10,268.1,434.8,26.6,4
2025 / 02,Queens,11,340.8,339.8,39.9,4
2025 / 02,Queens,12,380.2,738.1,75,4
2025 / 02,Queens,13,353.3,658.3,53,4
2025 / 02,Queens,14,228.5,213.6,30.2,4
2025 / 02,Staten Island,1,537.2,524,96.3,5
2025 / 02,Staten Island,2,418.8,414.9,98.1,5
2025 / 02,Staten Island,3,562.8,524.4,121.9,5
2025 / 01,Bronx,1,234.7,128.1,9.9,2
2025 / 01,Bronx,2,230,197,6.4,2
2025 / 01,Bronx,3,164.3,169.3,6.2,2
2025 / 01,Bronx,4,250.5,292.8,8.6,2
2025 / 01,Bronx,5,214.8,316.1,10.2,2
2025 / 01,Bronx,6,201.3,191.8,4.8,2
2025 / 01,Bronx,7,307.2,446.3,7.3,2
2025 / 01,Bronx,8,292.2,355.1,61.7,2
2025 / 01,Bronx,9,221.8,374.8,28.6,2
2025 / 01,Bronx,10,293.7,336.9,41,2
2025 / 01,Bronx,11,286.9,324.5,39,2
2025 / 01,Bronx,12,309,554.1,67,2
2025 / 01,Brooklyn,1,760.3,469.5,71.5,3
2025 / 01,Brooklyn,2,576.7,417.5,132,3
2025 / 01,Brooklyn,3,471.6,344.7,118,3
2025 / 01,Brooklyn,4,343.9,369.8,55,3
2025 / 01,Brooklyn,5,250.8,457.1,40.8,3
2025 / 01,Brooklyn,6,540.8,389.6,97.2,3
2025 / 01,Brooklyn,7,422.6,368,65.9,3
2025 / 01,Brooklyn,8,322.3,280.5,66.2,3
2025 / 01,Brooklyn,9,288.4,261,40.4,3
2025 / 01,Brooklyn,10,453.8,443.4,46.3,3
2025 / 01,Brooklyn,11,543.8,547.8,42.5,3
2025 / 01,Brooklyn,12,658.6,322,31.5,3
2025 / 01,Brooklyn,13,264.8,235.6,16.1,3
2025 / 01,Brooklyn,14,419.9,397.3,64.9,3
2025 / 01,Brooklyn,15,514.5,497.7,47.7,3
2025 / 01,Brooklyn,16,118.2,164.9,18.2,3
2025 / 01,Brooklyn,17,303.1,423.9,65.4,3
2025 / 01,Brooklyn,18,535.2,610.1,90.9,3
2025 / 01,Manhattan,1,376.8,270,27.8,1
2025 / 01,Manhattan,2,418.1,285.4,47.7,1
2025 / 01,Manhattan,3,467.2,352.7,26,1
2025 / 01,Manhattan,4,672.6,367.4,64.8,1
2025 / 01,Manhattan,5,282.7,171.5,18.1,1
2025 / 01,Manhattan,6,745.6,391.5,46.9,1
2025 / 01,Manhattan,7,964.4,717.4,185.2,1
2025 / 01,Manhattan,8,1059.7,760.1,102.8,1
2025 / 01,Manhattan,9,257.7,244,27,1
2025 / 01,Manhattan,10,285.1,278.9,27.5,1
2025 / 01,Manhattan,11,252.8,203.9,25.7,1
2025 / 01,Manhattan,12,460.9,519.2,39.1,1
2025 / 01,Queens,1,661.1,653.7,90.2,4
2025 / 01,Queens,2,573.1,445.4,51.4,4
2025 / 01,Queens,3,370,551.4,50.3,4
2025 / 01,Queens,4,342.8,503.4,26.7,4
2025 / 01,Queens,5,615,683.5,76.3,4
2025 / 01,Queens,6,378.3,385.4,57.1,4
2025 / 01,Queens,7,961.7,760.1,54.3,4
2025 / 01,Queens,8,407.1,373.3,70.7,4
2025 / 01,Queens,9,428.9,514.9,68.6,4
2025 / 01,Queens,10,329.6,505.9,31,4
2025 / 01,Queens,11,429.6,414.6,63.5,4
2025 / 01,Queens,12,459.9,881.1,119.2,4
2025 / 01,Queens,13,424.3,794.8,60.4,4
2025 / 01,Queens,14,271.4,244.1,44.2,4
2025 / 01,Staten Island,1,632.6,630.9,170.6,5
2025 / 01,Staten Island,2,502,504.6,148.2,5
2025 / 01,Staten Island,3,710.5,668.3,169.4,5
2024 / 12,Bronx,1,287.3,161.2,23.5,2
2024 / 12,Bronx,2,239.5,196.3,2.1,2
2024 / 12,Bronx,3,163.2,148.7,8.5,2
2024 / 12,Bronx,4,311.7,330.9,11,2
2024 / 12,Bronx,5,263.4,334.5,10.5,2
2024 / 12,Bronx,6,211.6,181.4,5.2,2
2024 / 12,Bronx,7,348.9,439.6,8.5,2
2024 / 12,Bronx,8,355.5,375.9,78.3,2
2024 / 12,Bronx,9,258.6,386.2,59.3,2
2024 / 12,Bronx,10,356.3,351.2,80.1,2
2024 / 12,Bronx,11,331.7,330.1,66.6,2
2024 / 12,Bronx,12,357.1,586.2,111.9,2
2024 / 12,Brooklyn,1,817.3,436.2,53.3,3
2024 / 12,Brooklyn,2,621.3,394.5,123.6,3
2024 / 12,Brooklyn,3,491,355.5,151,3
2024 / 12,Brooklyn,4,385.4,367,67.5,3
2024 / 12,Brooklyn,5,313.7,457.3,53.2,3
2024 / 12,Brooklyn,6,602.6,380.8,109.8,3
2024 / 12,Brooklyn,7,457.9,376.6,74,3
2024 / 12,Brooklyn,8,388.7,298.1,65.2,3
2024 / 12,Brooklyn,9,306.7,244.8,43.2,3
2024 / 12,Brooklyn,10,535.5,477,53.9,3
2024 / 12,Brooklyn,11,633.4,556.2,48.7,3
2024 / 12,Brooklyn,12,748.6,343.4,64.3,3
2024 / 12,Brooklyn,13,307.6,234,28.4,3
2024 / 12,Brooklyn,14,527.9,438.1,111.7,3
2024 / 12,Brooklyn,15,605.5,518.6,76.3,3
2024 / 12,Brooklyn,16,119.8,158.6,28.3,3
2024 / 12,Brooklyn,17,371.9,486.6,93.4,3
2024 / 12,Brooklyn,18,633.9,654.2,134.2,3
2024 / 12,Manhattan,1,411.4,238.5,8.6,1
2024 / 12,Manhattan,2,451.7,279.7,19.8,1
2024 / 12,Manhattan,3,451.9,308.9,28.9,1
2024 / 12,Manhattan,4,704.1,322.7,30.6,1
2024 / 12,Manhattan,5,308.7,166.3,7.5,1
2024 / 12,Manhattan,6,813.2,370.2,22.7,1
2024 / 12,Manhattan,7,1095.4,725.6,129,1
2024 / 12,Manhattan,8,1153.9,730.4,34.6,1
2024 / 12,Manhattan,9,257.1,220.1,24.9,1
2024 / 12,Manhattan,10,311.4,266.3,24.2,1
2024 / 12,Manhattan,11,250.7,165.7,29.3,1
2024 / 12,Manhattan,12,478.7,467.6,32.3,1
2024 / 12,Queens,1,752.9,640.5,97.5,4
2024 / 12,Queens,2,652.5,451.9,51,4
2024 / 12,Queens,3,403.6,549.5,55.1,4
2024 / 12,Queens,4,389.4,495.2,31.7,4
2024 / 12,Queens,5,733.8,714.3,100.2,4
2024 / 12,Queens,6,438.3,391.5,97.7,4
2024 / 12,Queens,7,1081.2,799.9,105.2,4
2024 / 12,Queens,8,476.7,401.7,130.9,4
2024 / 12,Queens,9,523.9,552.1,115.5,4
2024 / 12,Queens,10,419.3,548.2,42.3,4
2024 / 12,Queens,11,501.4,442.8,123.4,4
2024 / 12,Queens,12,560,972.5,264.9,4
2024 / 12,Queens,13,512.1,887.4,90.2,4
2024 / 12,Queens,14,311.9,252.4,45.1,4
2024 / 12,Staten Island,1,778.1,690.6,309,5
2024 / 12,Staten Island,2,624.6,545.2,264,5
2024 / 12,Staten Island,3,862.1,658.3,303.3,5
2024 / 11,Bronx,1,225.9,127.1,27.7,2
2024 / 11,Bronx,2,190.3,174.7,4.8,2
2024 / 11,Bronx,3,133,127.7,11.7,2
2024 / 11,Bronx,4,241.1,301.2,10.9,2
2024 / 11,Bronx,5,217.9,313.3,11.5,2
2024 / 11,Bronx,6,180.5,164.9,5.1,2
2024 / 11,Bronx,7,266.9,393.8,10.6,2
2024 / 11,Bronx,8,268.7,311.8,93.8,2
2024 / 11,Bronx,9,196.9,329.9,83.7,2
2024 / 11,Bronx,10,276.4,314.3,106.6,2
2024 / 11,Bronx,11,253.6,291.9,129.2,2
2024 / 11,Bronx,12,274,505.4,211.5,2
2024 / 11,Brooklyn,1,655.6,377.9,67.1,3
2024 / 11,Brooklyn,2,522.4,374.6,136.1,3
2024 / 11,Brooklyn,3,385.1,294,195.1,3
2024 / 11,Brooklyn,4,323.2,328.4,47.3,3
2024 / 11,Brooklyn,5,218.4,381.8,68.1,3
2024 / 11,Brooklyn,6,498.9,354.3,138.8,3
2024 / 11,Brooklyn,7,378.9,331.4,80,3
2024 / 11,Brooklyn,8,288.7,248.4,64,3
2024 / 11,Brooklyn,9,268.2,244.3,76.6,3
2024 / 11,Brooklyn,10,415.6,391.7,75.9,3
2024 / 11,Brooklyn,11,487.7,486.7,76.1,3
2024 / 11,Brooklyn,12,646.4,296.6,78.5,3
2024 / 11,Brooklyn,13,262.9,211.9,42.6,3
2024 / 11,Brooklyn,14,423.4,393.1,131.9,3
2024 / 11,Brooklyn,15,490.2,463.4,129.6,3
2024 / 11,Brooklyn,16,117,142.3,60.7,3
2024 / 11,Brooklyn,17,289.9,388.3,151.3,3
2024 / 11,Brooklyn,18,481.6,565.5,245.2,3
2024 / 11,Manhattan,1,351,227.1,7.8,1
2024 / 11,Manhattan,2,389.4,251.8,11.5,1
2024 / 11,Manhattan,3,418,309.1,38.2,1
2024 / 11,Manhattan,4,607.9,308.2,38,1
2024 / 11,Manhattan,5,253,149.7,5.3,1
2024 / 11,Manhattan,6,689.4,350.7,21.9,1
2024 / 11,Manhattan,7,960.4,657.7,109.6,1
2024 / 11,Manhattan,8,1031.8,700.5,30.3,1
2024 / 11,Manhattan,9,243.9,223.2,24.6,1
2024 / 11,Manhattan,10,241.4,238.5,22.4,1
2024 / 11,Manhattan,11,216.5,159.1,44.8,1
2024 / 11,Manhattan,12,373.9,406.3,29,1
2024 / 11,Queens,1,589.9,554.8,129.9,4
2024 / 11,Queens,2,512.5,398.5,62.5,4
2024 / 11,Queens,3,316.6,461.7,70.6,4
2024 / 11,Queens,4,284.3,462.1,41.1,4
2024 / 11,Queens,5,542.6,618.7,154,4
2024 / 11,Queens,6,339.7,333.5,151.4,4
2024 / 11,Queens,7,903.8,708,193.7,4
2024 / 11,Queens,8,379.2,354.6,177.1,4
2024 / 11,Queens,9,389.9,462.1,179.2,4
2024 / 11,Queens,10,296.8,466.1,68.6,4
2024 / 11,Queens,11,385.5,378,233.8,4
2024 / 11,Queens,12,424.9,817.2,454.8,4
2024 / 11,Queens,13,390.2,717.2,158,4
2024 / 11,Queens,14,261.1,229.2,71.7,4
2024 / 11,Staten Island,1,596,555.2,477.2,5
2024 / 11,Staten Island,2,443.1,447.5,375,5
2024 / 11,Staten Island,3,625.3,570.2,482,5
2024 / 10,Bronx,1,228.9,134,4.5,2
2024 / 10,Bronx,2,216.1,235.9,1.3,2
2024 / 10,Bronx,3,155.4,160.8,7.5,2
2024 / 10,Bronx,4,238,304.1,3.7,2
2024 / 10,Bronx,5,208.7,310.3,7.4,2
2024 / 10,Bronx,6,196.9,200.9,6.6,2
2024 / 10,Bronx,7,285.1,425.5,5.9,2
2024 / 10,Bronx,8,284.8,347,60.9,2
2024 / 10,Bronx,9,205,352.1,28,2
2024 / 10,Bronx,10,267.7,319.1,54.8,2
2024 / 10,Bronx,11,258.1,309.1,41.1,2
2024 / 10,Bronx,12,287.9,538.9,86.9,2
2024 / 10,Brooklyn,1,704.5,443,51,3
2024 / 10,Brooklyn,2,543.9,379.7,87.9,3
2024 / 10,Brooklyn,3,445.8,332.8,104.3,3
2024 / 10,Brooklyn,4,346.7,344.3,54.4,3
2024 / 10,Brooklyn,5,230.5,428.5,32,3
2024 / 10,Brooklyn,6,514.3,361.8,89.9,3
2024 / 10,Brooklyn,7,396,358.9,52.5,3
2024 / 10,Brooklyn,8,336.4,266.8,57.4,3
2024 / 10,Brooklyn,9,260.7,259.3,42.7,3
2024 / 10,Brooklyn,10,441.5,423,47.7,3
2024 / 10,Brooklyn,11,516.5,504,38,3
2024 / 10,Brooklyn,12,635.3,346,42.1,3
2024 / 10,Brooklyn,13,276.1,224.7,18,3
2024 / 10,Brooklyn,14,418.4,398.5,76.1,3
2024 / 10,Brooklyn,15,517.2,501.2,64.8,3
2024 / 10,Brooklyn,16,121.8,142,22.6,3
2024 / 10,Brooklyn,17,303.4,418.7,80.7,3
2024 / 10,Brooklyn,18,486,585.7,126.5,3
2024 / 10,Manhattan,1,356.6,225.1,3,1
2024 / 10,Manhattan,2,442.8,291.7,6.4,1
2024 / 10,Manhattan,3,478.5,331.5,11.3,1
2024 / 10,Manhattan,4,654.6,321.9,13.2,1
2024 / 10,Manhattan,5,308.5,175.7,2.5,1
2024 / 10,Manhattan,6,730.9,372,14.7,1
2024 / 10,Manhattan,7,956.4,665.5,77.2,1
2024 / 10,Manhattan,8,1064.2,710.4,10.5,1
2024 / 10,Manhattan,9,236.4,211.9,7.8,1
2024 / 10,Manhattan,10,278,269,7.3,1
2024 / 10,Manhattan,11,248.1,184.6,9.1,1
2024 / 10,Manhattan,12,432.1,475.2,13.1,1
2024 / 10,Queens,1,626.2,595.2,91.4,4
2024 / 10,Queens,2,565.4,416,43.3,4
2024 / 10,Queens,3,332.7,509.6,45.1,4
2024 / 10,Queens,4,318,507.1,34.2,4
2024 / 10,Queens,5,580.7,649.8,103.8,4
2024 / 10,Queens,6,355.7,361.2,89.9,4
2024 / 10,Queens,7,913.5,746.4,109.6,4
2024 / 10,Queens,8,390.7,370,93.5,4
2024 / 10,Queens,9,416.2,504.6,119.1,4
2024 / 10,Queens,10,318.9,499.9,42.7,4
2024 / 10,Queens,11,400.4,411,115.1,4
2024 / 10,Queens,12,450.1,869.8,288.1,4
2024 / 10,Queens,13,421.4,788.1,90.3,4
2024 / 10,Queens,14,252.3,231.9,61.3,4
2024 / 10,Staten Island,1,609.1,621.9,216.6,5
2024 / 10,Staten Island,2,470.3,511.9,171.2,5
2024 / 10,Staten Island,3,661.6,622.7,230.8,5
2024 / 09,Bronx,1,252.8,131.5,,2
2024 / 09,Bronx,2,186.2,192.7,,2
2024 / 09,Bronx,3,137.9,132.1,,2
2024 / 09,Bronx,4,248,305.1,,2
2024 / 09,Bronx,5,207.6,300,,2
2024 / 09,Bronx,6,195.1,165.8,,2
2024 / 09,Bronx,7,262.5,391.7,,2
2024 / 09,Bronx,8,265.3,318.6,33.9,2
2024 / 09,Bronx,9,191.6,335.3,,2
2024 / 09,Bronx,10,260.5,301.5,,2
2024 / 09,Bronx,11,262.6,296.3,,2
2024 / 09,Bronx,12,258.4,528.6,,2
2024 / 09,Brooklyn,1,707.1,379.5,33,3
2024 / 09,Brooklyn,2,528.8,356.2,69.8,3
2024 / 09,Brooklyn,3,428.6,300.2,69.8,3
2024 / 09,Brooklyn,4,359.1,326.9,40.5,3
2024 / 09,Brooklyn,5,181.1,404.8,21.1,3
2024 / 09,Brooklyn,6,490.2,337.4,77.7,3
2024 / 09,Brooklyn,7,399.4,335.4,43.6,3
2024 / 09,Brooklyn,8,309.6,253.6,36.8,3
2024 / 09,Brooklyn,9,221.4,220.9,31.6,3
2024 / 09,Brooklyn,10,356.2,398.3,32.5,3
2024 / 09,Brooklyn,11,421.2,477.2,19.6,3
2024 / 09,Brooklyn,12,691,308.7,26.4,3
2024 / 09,Brooklyn,13,247.6,207.6,10.9,3
2024 / 09,Brooklyn,14,381.3,377.4,45.4,3
2024 / 09,Brooklyn,15,444.7,460.2,29.5,3
2024 / 09,Brooklyn,16,97.8,136.9,12.1,3
2024 / 09,Brooklyn,17,236.9,402.5,48.4,3
2024 / 09,Brooklyn,18,387.8,563.6,75.8,3
2024 / 09,Manhattan,1,355.2,213.5,,1
2024 / 09,Manhattan,2,410.4,251.8,,1
2024 / 09,Manhattan,3,448.3,314.1,,1
2024 / 09,Manhattan,4,609.1,294.4,,1
2024 / 09,Manhattan,5,253.8,144.2,,1
2024 / 09,Manhattan,6,689.6,313.4,8.5,1
2024 / 09,Manhattan,7,932.6,616.4,54.7,1
2024 / 09,Manhattan,8,959.7,621.3,,1
2024 / 09,Manhattan,9,255.6,203.4,,1
2024 / 09,Manhattan,10,247.1,224.2,,1
2024 / 09,Manhattan,11,215.1,158.5,,1
2024 / 09,Manhattan,12,379.2,408.9,,1
2024 / 09,Queens,1,610.9,563,56.9,4
2024 / 09,Queens,2,526.3,391.9,29.1,4
2024 / 09,Queens,3,320.5,476.8,33.7,4
2024 / 09,Queens,4,295.3,455.4,25.3,4
2024 / 09,Queens,5,547.3,601.9,62,4
2024 / 09,Queens,6,333.7,338.6,55.4,4
2024 / 09,Queens,7,899.7,707.6,74.1,4
2024 / 09,Queens,8,386.3,350.8,53.8,4
2024 / 09,Queens,9,413.4,473.1,71.7,4
2024 / 09,Queens,10,314,493,29.2,4
2024 / 09,Queens,11,382.1,389.7,61.7,4
2024 / 09,Queens,12,436.4,835,207,4
2024 / 09,Queens,13,407,746.3,56.4,4
2024 / 09,Queens,14,254.7,223.4,54.7,4
2024 / 09,Staten Island,1,500.7,591.9,,5
2024 / 09,Staten Island,2,369.4,457.3,,5
2024 / 09,Staten Island,3,493.7,568.3,,5
2024 / 08,Bronx,1,245.4,135.1,,2
2024 / 08,Bronx,2,256.4,227.1,,2
2024 / 08,Bronx,3,137.7,140.9,,2
2024 / 08,Bronx,4,240.2,317.3,,2
2024 / 08,Bronx,5,205.1,320.8,,2
2024 / 08,Bronx,6,185.7,167.3,,2
2024 / 08,Bronx,7,295.8,429.1,,2
2024 / 08,Bronx,8,283.6,336.6,45.2,2
2024 / 08,Bronx,9,226.4,393.7,,2
2024 / 08,Bronx,10,285.2,349.2,,2
2024 / 08,Bronx,11,282.3,330.6,,2
2024 / 08,Bronx,12,295,600.2,,2
2024 / 08,Brooklyn,1,664.8,428.3,38.3,3
2024 / 08,Brooklyn,2,499.8,370.2,72.6,3
2024 / 08,Brooklyn,3,378.1,313.6,66,3
2024 / 08,Brooklyn,4,374.5,372.9,47.6,3
2024 / 08,Brooklyn,5,219.8,453.1,23.8,3
2024 / 08,Brooklyn,6,480.9,338.8,75.9,3
2024 / 08,Brooklyn,7,374,349.1,42,3
2024 / 08,Brooklyn,8,291.4,248.9,45.2,3
2024 / 08,Brooklyn,9,258.2,251.7,35.7,3
2024 / 08,Brooklyn,10,388.4,410.2,36.5,3
2024 / 08,Brooklyn,11,513.7,517,22.8,3
2024 / 08,Brooklyn,12,538.1,299.1,26.5,3
2024 / 08,Brooklyn,13,239.2,222.9,13.4,3
2024 / 08,Brooklyn,14,375.3,391.6,54.1,3
2024 / 08,Brooklyn,15,417.1,453.7,35.6,3
2024 / 08,Brooklyn,16,113.4,169.2,17.4,3
2024 / 08,Brooklyn,17,283.6,449.1,61.2,3
2024 / 08,Brooklyn,18,468.5,647.1,96.1,3
2024 / 08,Manhattan,1,346.6,230.4,,1
2024 / 08,Manhattan,2,353,230.5,,1
2024 / 08,Manhattan,3,418.3,358.9,,1
2024 / 08,Manhattan,4,679.1,360.3,,1
2024 / 08,Manhattan,5,260.1,147.1,,1
2024 / 08,Manhattan,6,772.3,382.9,9.5,1
2024 / 08,Manhattan,7,929.8,644.1,54.4,1
2024 / 08,Manhattan,8,941.4,643.2,,1
2024 / 08,Manhattan,9,280.9,253.3,,1
2024 / 08,Manhattan,10,267.1,265,,1
2024 / 08,Manhattan,11,211.1,164.9,,1
2024 / 08,Manhattan,12,423.2,466.9,,1
2024 / 08,Queens,1,602.2,575.1,87.2,4
2024 / 08,Queens,2,528.3,408.1,35.7,4
2024 / 08,Queens,3,371.5,527.3,41.9,4
2024 / 08,Queens,4,331.5,538.1,30.8,4
2024 / 08,Queens,5,598.1,658.7,69,4
2024 / 08,Queens,6,371.5,362.2,63.5,4
2024 / 08,Queens,7,961.6,777.8,65.6,4
2024 / 08,Queens,8,430.7,384.8,75,4
2024 / 08,Queens,9,426.7,513,89.9,4
2024 / 08,Queens,10,346.5,535.8,31.6,4
2024 / 08,Queens,11,393.6,406.8,73,4
2024 / 08,Queens,12,504.5,970.4,291.4,4
2024 / 08,Queens,13,476.4,866.3,71,4
2024 / 08,Queens,14,307.7,273,70.8,4
2024 / 08,Staten Island,1,590.3,652.6,,5
2024 / 08,Staten Island,2,439.2,491.5,,5
2024 / 08,Staten Island,3,618.4,645.6,,5
2024 / 07,Bronx,1,249.6,160.3,,2
2024 / 07,Bronx,2,204.3,203.8,,2
2024 / 07,Bronx,3,164.6,177.3,,2
2024 / 07,Bronx,4,253.9,340.5,,2
2024 / 07,Bronx,5,216.3,335.8,,2
2024 / 07,Bronx,6,221.2,216.3,,2
2024 / 07,Bronx,7,302.5,445.4,,2
2024 / 07,Bronx,8,296.9,360.5,38.6,2
2024 / 07,Bronx,9,232.4,379.8,,2
2024 / 07,Bronx,10,278.9,334.8,,2
2024 / 07,Bronx,11,281.8,330.7,,2
2024 / 07,Bronx,12,301.9,617,,2
2024 / 07,Brooklyn,1,593.6,417.7,35.6,3
2024 / 07,Brooklyn,2,500.5,363.8,76.1,3
2024 / 07,Brooklyn,3,394.3,340.3,77.2,3
2024 / 07,Brooklyn,4,366.7,358,44.3,3
2024 / 07,Brooklyn,5,265.1,481.2,24.6,3
2024 / 07,Brooklyn,6,451.4,343.1,82.6,3
2024 / 07,Brooklyn,7,400.4,361.5,49.9,3
2024 / 07,Brooklyn,8,316.2,273.7,49.9,3
2024 / 07,Brooklyn,9,253.9,239,32.8,3
2024 / 07,Brooklyn,10,432.7,427.9,34,3
2024 / 07,Brooklyn,11,567.4,513.8,19.1,3
2024 / 07,Brooklyn,12,513.3,281.1,24.9,3
2024 / 07,Brooklyn,13,256.9,219.9,10.1,3
2024 / 07,Brooklyn,14,435.3,394.4,51.9,3
2024 / 07,Brooklyn,15,474.9,482.4,38.1,3
2024 / 07,Brooklyn,16,110,155.9,12.8,3
2024 / 07,Brooklyn,17,323.5,461.1,68.9,3
2024 / 07,Brooklyn,18,521.8,641.3,86.4,3
2024 / 07,Manhattan,1,295.3,194.2,,1
2024 / 07,Manhattan,2,378.1,245,,1
2024 / 07,Manhattan,3,371.8,322,,1
2024 / 07,Manhattan,4,606.7,307.3,,1
2024 / 07,Manhattan,5,263.4,156.6,,1
2024 / 07,Manhattan,6,677,315.1,11.3,1
2024 / 07,Manhattan,7,834.1,609.1,58.3,1
2024 / 07,Manhattan,8,887.6,602.8,,1
2024 / 07,Manhattan,9,214.8,208.4,,1
2024 / 07,Manhattan,10,258.1,257.2,,1
2024 / 07,Manhattan,11,235.1,182.1,,1
2024 / 07,Manhattan,12,401.5,470.9,,1
2024 / 07,Queens,1,654.7,625.8,94.3,4
2024 / 07,Queens,2,568.4,435.1,32.7,4
2024 / 07,Queens,3,365.9,522,35,4
2024 / 07,Queens,4,332.8,519.6,28.1,4
2024 / 07,Queens,5,623.1,662.5,78.6,4
2024 / 07,Queens,6,364.9,363.7,52.7,4
2024 / 07,Queens,7,977.1,800.1,70.6,4
2024 / 07,Queens,8,437.7,391,73.1,4
2024 / 07,Queens,9,463.3,532.9,86,4
2024 / 07,Queens,10,366.8,581.7,35.6,4
2024 / 07,Queens,11,418.9,441.5,71.2,4
2024 / 07,Queens,12,512.7,968.2,249.5,4
2024 / 07,Queens,13,500.8,906,93.4,4
2024 / 07,Queens,14,290.9,268.1,60.7,4
2024 / 07,Staten Island,1,659.3,684.6,,5
2024 / 07,Staten Island,2,492.1,523.6,,5
2024 / 07,Staten Island,3,709.5,655.8,,5
2024 / 06,Bronx,1,222.7,127.3,,2
2024 / 06,Bronx,2,222.7,197.7,,2
2024 / 06,Bronx,3,144.4,140.3,,2
2024 / 06,Bronx,4,256.1,307.9,,2
2024 / 06,Bronx,5,246.6,306,,2
2024 / 06,Bronx,6,189.4,169.3,,2
2024 / 06,Bronx,7,264.5,399.3,,2
2024 / 06,Bronx,8,293.8,322.8,42.3,2
2024 / 06,Bronx,9,231.2,370,,2
2024 / 06,Bronx,10,273.9,346.7,,2
2024 / 06,Bronx,11,256.2,319.7,,2
2024 / 06,Bronx,12,308.3,565,,2
2024 / 06,Brooklyn,1,649.9,411.3,41,3
2024 / 06,Brooklyn,2,510.5,370.9,86,3
2024 / 06,Brooklyn,3,402.1,310.6,80.9,3
2024 / 06,Brooklyn,4,333.9,347.5,48.6,3
2024 / 06,Brooklyn,5,258.2,418,27.2,3
2024 / 06,Brooklyn,6,512.9,355.5,106.8,3
2024 / 06,Brooklyn,7,361.8,349.2,58.1,3
2024 / 06,Brooklyn,8,310.8,243.2,52.7,3
2024 / 06,Brooklyn,9,256.4,226.6,38.3,3
2024 / 06,Brooklyn,10,397.4,412.5,38.3,3
2024 / 06,Brooklyn,11,533.2,512.5,22.4,3
2024 / 06,Brooklyn,12,605.1,319.3,29.4,3
2024 / 06,Brooklyn,13,240,200.6,8.6,3
2024 / 06,Brooklyn,14,426.5,388.4,54.4,3
2024 / 06,Brooklyn,15,463.4,475.4,39.1,3
2024 / 06,Brooklyn,16,140.8,167.8,12.4,3
2024 / 06,Brooklyn,17,294.8,417.8,68.6,3
2024 / 06,Brooklyn,18,515.9,620.5,101.4,3
2024 / 06,Manhattan,1,328.4,223.7,,1
2024 / 06,Manhattan,2,389.5,254,,1
2024 / 06,Manhattan,3,431.1,312,,1
2024 / 06,Manhattan,4,605.9,317.6,,1
2024 / 06,Manhattan,5,238.1,145.5,,1
2024 / 06,Manhattan,6,684.7,341.8,7.3,1
2024 / 06,Manhattan,7,906.4,646.4,60.5,1
2024 / 06,Manhattan,8,966.9,675.3,,1
2024 / 06,Manhattan,9,258.9,235.7,,1
2024 / 06,Manhattan,10,255.8,239.6,,1
2024 / 06,Manhattan,11,203.3,166.6,,1
2024 / 06,Manhattan,12,412.1,429.2,,1
2024 / 06,Queens,1,625.6,590.8,84.4,4
2024 / 06,Queens,2,542.4,403.9,37.5,4
2024 / 06,Queens,3,336.4,489.8,37.5,4
2024 / 06,Queens,4,309.1,496.1,28.9,4
2024 / 06,Queens,5,600.2,654.3,73,4
2024 / 06,Queens,6,352.2,345.5,63,4
2024 / 06,Queens,7,960.6,774.7,77.6,4
2024 / 06,Queens,8,412.4,376.8,65.8,4
2024 / 06,Queens,9,463.6,525.6,98.7,4
2024 / 06,Queens,10,358.9,543.7,31.7,4
2024 / 06,Queens,11,407.6,426.3,79.5,4
2024 / 06,Queens,12,488,945.5,289.3,4
2024 / 06,Queens,13,469.5,857.8,85.5,4
2024 / 06,Queens,14,300.9,258.8,68,4
2024 / 06,Staten Island,1,622.8,659.2,,5
2024 / 06,Staten Island,2,469.1,512.3,,5
2024 / 06,Staten Island,3,669.8,663.3,,5
2024 / 05,Bronx,1,209,126.4,,2
2024 / 05,Bronx,2,241.3,234.6,,2
2024 / 05,Bronx,3,159.3,169.8,,2
2024 / 05,Bronx,4,249.4,314.2,,2
2024 / 05,Bronx,5,223.4,310.6,,2
2024 / 05,Bronx,6,206.7,203.2,,2
2024 / 05,Bronx,7,286.8,435.5,,2
2024 / 05,Bronx,8,303.3,355.2,51.7,2
2024 / 05,Bronx,9,235.3,387.5,,2
2024 / 05,Bronx,10,282.4,355.2,,2
2024 / 05,Bronx,11,270.9,330.3,,2
2024 / 05,Bronx,12,326.7,596,,2
2024 / 05,Brooklyn,1,728.4,454.6,45.4,3
2024 / 05,Brooklyn,2,532.5,403.8,95.5,3
2024 / 05,Brooklyn,3,444.6,329.2,82.8,3
2024 / 05,Brooklyn,4,345.5,347.4,52.3,3
2024 / 05,Brooklyn,5,270,458.9,27.3,3
2024 / 05,Brooklyn,6,527.1,388.8,114.5,3
2024 / 05,Brooklyn,7,381,359.5,67,3
2024 / 05,Brooklyn,8,319.7,248.6,42.1,3
2024 / 05,Brooklyn,9,280.8,257.9,41.2,3
2024 / 05,Brooklyn,10,411.6,435.6,41.7,3
2024 / 05,Brooklyn,11,555.4,553.9,24.4,3
2024 / 05,Brooklyn,12,739.5,370.7,31.1,3
2024 / 05,Brooklyn,13,260.4,231.6,11.6,3
2024 / 05,Brooklyn,14,449.1,396.7,54.7,3
2024 / 05,Brooklyn,15,510.9,510.8,49.1,3
2024 / 05,Brooklyn,16,139.5,167.7,13.8,3
2024 / 05,Brooklyn,17,300.6,420.3,63.2,3
2024 / 05,Brooklyn,18,545.1,649,92.5,3
2024 / 05,Manhattan,1,355.9,249.5,,1
2024 / 05,Manhattan,2,399.1,279.7,,1
2024 / 05,Manhattan,3,475.3,389.4,,1
2024 / 05,Manhattan,4,669.9,373.9,,1
2024 / 05,Manhattan,5,276.2,174.3,,1
2024 / 05,Manhattan,6,740.6,407.2,9.5,1
2024 / 05,Manhattan,7,952.7,712.3,71.7,1
2024 / 05,Manhattan,8,1043.3,735.1,,1
2024 / 05,Manhattan,9,271.1,260.3,,1
2024 / 05,Manhattan,10,290.2,272.2,,1
2024 / 05,Manhattan,11,218.6,177.7,,1
2024 / 05,Manhattan,12,455.3,513.3,,1
2024 / 05,Queens,1,632.7,615.9,85.7,4
2024 / 05,Queens,2,572.7,447.4,39.8,4
2024 / 05,Queens,3,370.9,547.6,41.4,4
2024 / 05,Queens,4,343.1,550.3,29.1,4
2024 / 05,Queens,5,620.4,696.2,89.4,4
2024 / 05,Queens,6,368.2,377.8,70.3,4
2024 / 05,Queens,7,951.7,809.6,101.7,4
2024 / 05,Queens,8,433,402.8,96.5,4
2024 / 05,Queens,9,460.4,551.3,96.8,4
2024 / 05,Queens,10,364,575.4,43.1,4
2024 / 05,Queens,11,421.8,457,100.1,4
2024 / 05,Queens,12,512.3,988.5,341.8,4
2024 / 05,Queens,13,476.3,863.5,91.9,4
2024 / 05,Queens,14,291.1,266.2,75.9,4
2024 / 05,Staten Island,1,656.2,703,,5
2024 / 05,Staten Island,2,513.8,569.4,,5
2024 / 05,Staten Island,3,745,766,,5
2024 / 04,Bronx,1,219.7,146.1,,2
2024 / 04,Bronx,2,224.5,203.7,,2
2024 / 04,Bronx,3,150.7,165.1,,2
2024 / 04,Bronx,4,253.5,321.3,,2
2024 / 04,Bronx,5,219.7,310,,2
2024 / 04,Bronx,6,188.9,192.9,,2
2024 / 04,Bronx,7,269.4,422.4,,2
2024 / 04,Bronx,8,282.3,342,43.8,2
2024 / 04,Bronx,9,210.7,347.8,,2
2024 / 04,Bronx,10,253.1,318.4,,2
2024 / 04,Bronx,11,253.6,303.1,,2
2024 / 04,Bronx,12,287.2,552,,2
2024 / 04,Brooklyn,1,705.8,412.3,38.3,3
2024 / 04,Brooklyn,2,484.7,375.2,79.9,3
2024 / 04,Brooklyn,3,434.3,329.2,78.6,3
2024 / 04,Brooklyn,4,334.2,333.4,46.4,3
2024 / 04,Brooklyn,5,238.5,424.9,22.7,3
2024 / 04,Brooklyn,6,480.2,355.7,97.6,3
2024 / 04,Brooklyn,7,356.1,353.2,61.6,3
2024 / 04,Brooklyn,8,317.6,270.4,39.9,3
2024 / 04,Brooklyn,9,247.5,234,31.2,3
2024 / 04,Brooklyn,10,388.6,422.3,37.1,3
2024 / 04,Brooklyn,11,525,502.2,21.3,3
2024 / 04,Brooklyn,12,834,396.6,25.9,3
2024 / 04,Brooklyn,13,248.2,214.3,8.6,3
2024 / 04,Brooklyn,14,457.6,430.8,44,3
2024 / 04,Brooklyn,15,505.2,503,29.3,3
2024 / 04,Brooklyn,16,115.4,141.6,10.3,3
2024 / 04,Brooklyn,17,278,406.3,57.6,3
2024 / 04,Brooklyn,18,506.3,592,83.4,3
2024 / 04,Manhattan,1,302.2,217.8,,1
2024 / 04,Manhattan,2,377.5,267.9,,1
2024 / 04,Manhattan,3,398.1,311.7,,1
2024 / 04,Manhattan,4,570.7,300.6,,1
2024 / 04,Manhattan,5,245.8,158.8,,1
2024 / 04,Manhattan,6,637.7,330.1,10.9,1
2024 / 04,Manhattan,7,868.8,662.8,59.9,1
2024 / 04,Manhattan,8,920,667.5,,1
2024 / 04,Manhattan,9,208.7,211.1,,1
2024 / 04,Manhattan,10,247,262.8,,1
2024 / 04,Manhattan,11,193.7,158.5,,1
2024 / 04,Manhattan,12,377.6,458.7,,1
2024 / 04,Queens,1,596.5,591.7,69.7,4
2024 / 04,Queens,2,538.5,423.9,35.5,4
2024 / 04,Queens,3,321.9,481.5,32.3,4
2024 / 04,Queens,4,290.6,489,23.3,4
2024 / 04,Queens,5,562.8,624.2,74.7,4
2024 / 04,Queens,6,342.3,361,45.7,4
2024 / 04,Queens,7,885.9,753.5,73.4,4
2024 / 04,Queens,8,422.5,391.2,68,4
2024 / 04,Queens,9,420.1,502.1,81.7,4
2024 / 04,Queens,10,335.6,516.6,27.6,4
2024 / 04,Queens,11,395.2,418.3,72.2,4
2024 / 04,Queens,12,470.8,869,176,4
2024 / 04,Queens,13,435.1,778.4,73.6,4
2024 / 04,Queens,14,276.4,237.5,47.8,4
2024 / 04,Staten Island,1,612.4,628,,5
2024 / 04,Staten Island,2,474.8,484.2,,5
2024 / 04,Staten Island,3,618.6,617.4,,5
2024 / 03,Bronx,1,212.3,126.5,,2
2024 / 03,Bronx,2,237,224.4,,2
2024 / 03,Bronx,3,149.4,144.3,,2
2024 / 03,Bronx,4,266.6,308.3,,2
2024 / 03,Bronx,5,237.3,312.4,,2
2024 / 03,Bronx,6,195.3,175,,2
2024 / 03,Bronx,7,272.9,404,,2
2024 / 03,Bronx,8,283.8,332.4,37.7,2
2024 / 03,Bronx,9,230,351,,2
2024 / 03,Bronx,10,270.7,322.9,,2
2024 / 03,Bronx,11,269.1,296,,2
2024 / 03,Bronx,12,310.1,539.8,,2
2024 / 03,Brooklyn,1,684.9,405.1,35.5,3
2024 / 03,Brooklyn,2,501.6,385.6,78.1,3
2024 / 03,Brooklyn,3,432.7,314.3,72.4,3
2024 / 03,Brooklyn,4,337.8,336.6,42.6,3
2024 / 03,Brooklyn,5,235,406.9,22.9,3
2024 / 03,Brooklyn,6,498.3,353.7,88.3,3
2024 / 03,Brooklyn,7,352.1,333.4,56.7,3
2024 / 03,Brooklyn,8,292.9,238.3,41.3,3
2024 / 03,Brooklyn,9,274.8,241.7,30.1,3
2024 / 03,Brooklyn,10,385.4,399,28.9,3
2024 / 03,Brooklyn,11,521.4,490.3,20,3
2024 / 03,Brooklyn,12,708.1,358.3,30.5,3
2024 / 03,Brooklyn,13,247.6,216.7,6.9,3
2024 / 03,Brooklyn,14,441.7,399.3,47.6,3
2024 / 03,Brooklyn,15,492.9,478.3,29.2,3
2024 / 03,Brooklyn,16,129.7,158,13,3
2024 / 03,Brooklyn,17,281.7,387.4,51.8,3
2024 / 03,Brooklyn,18,489.1,578.9,80.7,3
2024 / 03,Manhattan,1,339.6,232.1,,1
2024 / 03,Manhattan,2,347.8,247.9,,1
2024 / 03,Manhattan,3,419.9,340.3,,1
2024 / 03,Manhattan,4,602.1,336.3,,1
2024 / 03,Manhattan,5,233.1,149.9,,1
2024 / 03,Manhattan,6,690.3,367.9,8.5,1
2024 / 03,Manhattan,7,912,670.9,61.5,1
2024 / 03,Manhattan,8,970,704.7,,1
2024 / 03,Manhattan,9,254.8,248,,1
2024 / 03,Manhattan,10,263.1,249.2,,1
2024 / 03,Manhattan,11,196.4,163.5,,1
2024 / 03,Manhattan,12,394.6,454.8,,1
2024 / 03,Queens,1,587.2,566.2,74.2,4
2024 / 03,Queens,2,534.5,421.1,32.5,4
2024 / 03,Queens,3,336.1,488.8,33.8,4
2024 / 03,Queens,4,296.1,500.1,24.1,4
2024 / 03,Queens,5,591.5,626.6,58.5,4
2024 / 03,Queens,6,354.3,351,45.2,4
2024 / 03,Queens,7,942.7,746.4,70.4,4
2024 / 03,Queens,8,417.4,367.5,54.5,4
2024 / 03,Queens,9,429,470.6,78.2,4
2024 / 03,Queens,10,345,473.6,22.1,4
2024 / 03,Queens,11,390.2,395.2,68.2,4
2024 / 03,Queens,12,478.4,853.2,115.7,4
2024 / 03,Queens,13,434.2,751.1,53.1,4
2024 / 03,Queens,14,298.6,242.3,47.8,4
2024 / 03,Staten Island,1,624.7,562.7,,5
2024 / 03,Staten Island,2,471.2,438.1,,5
2024 / 03,Staten Island,3,623.2,570.1,,5
2024 / 02,Bronx,1,191.3,113,,2
2024 / 02,Bronx,2,220.5,204.4,,2
2024 / 02,Bronx,3,122.7,134.7,,2
2024 / 02,Bronx,4,217.5,268.5,,2
2024 / 02,Bronx,5,185.6,272.5,,2
2024 / 02,Bronx,6,159.2,167,,2
2024 / 02,Bronx,7,246.7,387.3,,2
2024 / 02,Bronx,8,261.9,311,29.3,2
2024 / 02,Bronx,9,209.3,317.1,,2
2024 / 02,Bronx,10,237.1,285.4,,2
2024 / 02,Bronx,11,236.1,280.3,,2
2024 / 02,Bronx,12,269.3,490.3,,2
2024 / 02,Brooklyn,1,641.9,417.7,32.6,3
2024 / 02,Brooklyn,2,465.8,358.4,67.1,3
2024 / 02,Brooklyn,3,391.6,297.3,57.4,3
2024 / 02,Brooklyn,4,306.4,312.3,28.9,3
2024 / 02,Brooklyn,5,210.6,363.6,17.3,3
2024 / 02,Brooklyn,6,441.3,339.1,68.2,3
2024 / 02,Brooklyn,7,320.9,320.2,52.5,3
2024 / 02,Brooklyn,8,275.9,232.2,36,3
2024 / 02,Brooklyn,9,238.5,215.5,24.9,3
2024 / 02,Brooklyn,10,374.3,382.6,26.4,3
2024 / 02,Brooklyn,11,489.8,479.5,16.8,3
2024 / 02,Brooklyn,12,613.9,313.2,19.6,3
2024 / 02,Brooklyn,13,234.9,194.2,8.3,3
2024 / 02,Brooklyn,14,389,354.3,31.4,3
2024 / 02,Brooklyn,15,450.1,440.6,39,3
2024 / 02,Brooklyn,16,123.1,135.3,10.8,3
2024 / 02,Brooklyn,17,254.4,357.8,40.6,3
2024 / 02,Brooklyn,18,456.7,531.8,61.7,3
2024 / 02,Manhattan,1,321.9,230.4,,1
2024 / 02,Manhattan,2,354.5,252.8,,1
2024 / 02,Manhattan,3,417.1,319.6,,1
2024 / 02,Manhattan,4,585.3,321.4,,1
2024 / 02,Manhattan,5,234.3,149.6,,1
2024 / 02,Manhattan,6,675.8,355.8,7.9,1
2024 / 02,Manhattan,7,830.7,642.4,51.3,1
2024 / 02,Manhattan,8,906.4,670.4,,1
2024 / 02,Manhattan,9,216.5,220.6,,1
2024 / 02,Manhattan,10,246.6,237.4,,1
2024 / 02,Manhattan,11,187.9,156,,1
2024 / 02,Manhattan,12,387.1,451,,1
2024 / 02,Queens,1,534.1,531,55.9,4
2024 / 02,Queens,2,492.1,403.2,26.2,4
2024 / 02,Queens,3,324.5,460.8,26.8,4
2024 / 02,Queens,4,287.1,442.7,17.1,4
2024 / 02,Queens,5,527.3,593.5,40.3,4
2024 / 02,Queens,6,329.8,334.3,29.1,4
2024 / 02,Queens,7,848.5,701.1,62.3,4
2024 / 02,Queens,8,378.3,333.3,58.2,4
2024 / 02,Queens,9,387.2,438.9,71.1,4
2024 / 02,Queens,10,310.9,433.4,37.1,4
2024 / 02,Queens,11,367.7,364.9,56,4
2024 / 02,Queens,12,430.9,756.9,93.2,4
2024 / 02,Queens,13,391.8,683.8,73.4,4
2024 / 02,Queens,14,249.8,207.4,35.1,4
2024 / 02,Staten Island,1,567.1,525.7,,5
2024 / 02,Staten Island,2,436.8,423.4,,5
2024 / 02,Staten Island,3,581.2,529.3,,5
2024 / 01,Bronx,1,235.9,148.7,,2
2024 / 01,Bronx,2,238.8,214.1,,2
2024 / 01,Bronx,3,175.4,174.5,,2
2024 / 01,Bronx,4,272.6,345.7,,2
2024 / 01,Bronx,5,241.8,341.1,,2
2024 / 01,Bronx,6,213.2,211.3,,2
2024 / 01,Bronx,7,298.1,471.1,,2
2024 / 01,Bronx,8,327.1,404,30.3,2
2024 / 01,Bronx,9,240.5,370.3,,2
2024 / 01,Bronx,10,289,336.7,,2
2024 / 01,Bronx,11,286.9,323.9,,2
2024 / 01,Bronx,12,341.7,579.8,,2
2024 / 01,Brooklyn,1,715.6,444.2,70.4,3
2024 / 01,Brooklyn,2,558.7,414.4,125.7,3
2024 / 01,Brooklyn,3,497.9,361.3,104.8,3
2024 / 01,Brooklyn,4,374.5,355.7,36.3,3
2024 / 01,Brooklyn,5,271,462.8,26.6,3
2024 / 01,Brooklyn,6,537.2,388.1,107.6,3
2024 / 01,Brooklyn,7,410,388.4,72.2,3
2024 / 01,Brooklyn,8,370.5,294.9,62.4,3
2024 / 01,Brooklyn,9,263.8,237.6,34.5,3
2024 / 01,Brooklyn,10,462.6,460.3,44.9,3
2024 / 01,Brooklyn,11,575.7,562.8,30.2,3
2024 / 01,Brooklyn,12,711,332.5,34.4,3
2024 / 01,Brooklyn,13,277.6,232.1,16.4,3
2024 / 01,Brooklyn,14,496,435.6,51.5,3
2024 / 01,Brooklyn,15,530.6,508.3,43,3
2024 / 01,Brooklyn,16,123.1,148.7,14.6,3
2024 / 01,Brooklyn,17,311.6,435.9,58.1,3
2024 / 01,Brooklyn,18,631.9,598.5,79.9,3
2024 / 01,Manhattan,1,326.2,217.7,,1
2024 / 01,Manhattan,2,428.4,290.5,,1
2024 / 01,Manhattan,3,458.9,319.9,,1
2024 / 01,Manhattan,4,608.1,319.3,,1
2024 / 01,Manhattan,5,270.8,166.7,,1
2024 / 01,Manhattan,6,690.8,336,9.6,1
2024 / 01,Manhattan,7,934.6,707.1,61.7,1
2024 / 01,Manhattan,8,1003.3,706.5,,1
2024 / 01,Manhattan,9,238.2,227.8,,1
2024 / 01,Manhattan,10,290.4,258.5,,1
2024 / 01,Manhattan,11,228.9,188.5,,1
2024 / 01,Manhattan,12,434.9,496.8,,1
2024 / 01,Queens,1,674.8,642.9,93.9,4
2024 / 01,Queens,2,598.6,466.4,49.7,4
2024 / 01,Queens,3,365.5,515.3,34.3,4
2024 / 01,Queens,4,337.1,482.7,23.7,4
2024 / 01,Queens,5,649.9,692,60.4,4
2024 / 01,Queens,6,377.9,387,50,4
2024 / 01,Queens,7,1010.5,791.7,86.7,4
2024 / 01,Queens,8,438,392.8,78.7,4
2024 / 01,Queens,9,488.2,521.8,105.2,4
2024 / 01,Queens,10,381.7,524.1,75.6,4
2024 / 01,Queens,11,474.1,455.1,87.9,4
2024 / 01,Queens,12,514.9,880.2,132.3,4
2024 / 01,Queens,13,464.4,820.4,93.3,4
2024 / 01,Queens,14,277,222,71.3,4
2024 / 01,Staten Island,1,695.3,644.9,,5
2024 / 01,Staten Island,2,537,505.4,,5
2024 / 01,Staten Island,3,711.5,649,,5
2023 / 12,Bronx,1,241.1,132.9,,2
2023 / 12,Bronx,2,261.1,227.3,,2
2023 / 12,Bronx,3,162.3,144.2,,2
2023 / 12,Bronx,4,297.1,325.8,,2
2023 / 12,Bronx,5,260.7,330.9,,2
2023 / 12,Bronx,6,207.1,176.9,,2
2023 / 12,Bronx,7,325.6,429.3,,2
2023 / 12,Bronx,8,344.2,364.1,45.1,2
2023 / 12,Bronx,9,280.5,372,,2
2023 / 12,Bronx,10,353.3,348.8,,2
2023 / 12,Bronx,11,322.9,328.8,,2
2023 / 12,Bronx,12,378.2,574.3,,2
2023 / 12,Brooklyn,1,788.5,420.7,51.5,3
2023 / 12,Brooklyn,2,613.1,411.7,115.6,3
2023 / 12,Brooklyn,3,472.2,318.3,117.8,3
2023 / 12,Brooklyn,4,382.8,368,33.8,3
2023 / 12,Brooklyn,5,303.5,440.2,44.8,3
2023 / 12,Brooklyn,6,610.3,392.3,110.7,3
2023 / 12,Brooklyn,7,415.4,369.8,63.6,3
2023 / 12,Brooklyn,8,347.3,254.1,52.3,3
2023 / 12,Brooklyn,9,323.4,267.9,45.3,3
2023 / 12,Brooklyn,10,504.5,441.3,56,3
2023 / 12,Brooklyn,11,642.6,535,30.1,3
2023 / 12,Brooklyn,12,795.2,348.4,53.9,3
2023 / 12,Brooklyn,13,301.6,220.4,30.1,3
2023 / 12,Brooklyn,14,531.4,431.2,99.8,3
2023 / 12,Brooklyn,15,582.2,488.3,74.1,3
2023 / 12,Brooklyn,16,158.9,175.5,43.9,3
2023 / 12,Brooklyn,17,366.7,433.6,91.2,3
2023 / 12,Brooklyn,18,779.9,643.2,146.6,3
2023 / 12,Manhattan,1,406.1,243.6,,1
2023 / 12,Manhattan,2,421.5,261.3,,1
2023 / 12,Manhattan,3,456.5,323.1,,1
2023 / 12,Manhattan,4,718.9,359,,1
2023 / 12,Manhattan,5,283.8,159.3,,1
2023 / 12,Manhattan,6,825.6,389.8,8.1,1
2023 / 12,Manhattan,7,1090.7,720.8,68.6,1
2023 / 12,Manhattan,8,1174.5,755.5,,1
2023 / 12,Manhattan,9,299.6,269.1,,1
2023 / 12,Manhattan,10,311.1,256.3,,1
2023 / 12,Manhattan,11,227.6,168.4,,1
2023 / 12,Manhattan,12,475.2,481.5,,1
2023 / 12,Queens,1,708.2,590.5,97.6,4
2023 / 12,Queens,2,621.2,442.8,42.3,4
2023 / 12,Queens,3,421.6,510,38.9,4
2023 / 12,Queens,4,366.2,488,27.1,4
2023 / 12,Queens,5,719.3,688.4,87.5,4
2023 / 12,Queens,6,428.5,379.4,93.1,4
2023 / 12,Queens,7,1101.7,767.8,125.1,4
2023 / 12,Queens,8,492.5,395,97.2,4
2023 / 12,Queens,9,518.3,503.2,121.9,4
2023 / 12,Queens,10,421.9,505.3,62.8,4
2023 / 12,Queens,11,487.1,417.3,160.1,4
2023 / 12,Queens,12,580.7,932.6,321.1,4
2023 / 12,Queens,13,532.4,815.4,120.7,4
2023 / 12,Queens,14,347.6,265,51.4,4
2023 / 12,Staten Island,1,779,627.2,,5
2023 / 12,Staten Island,2,591.8,487.1,,5
2023 / 12,Staten Island,3,895.7,666.3,,5
2023 / 11,Bronx,1,206.2,123.1,,2
2023 / 11,Bronx,2,228.9,212.6,,2
2023 / 11,Bronx,3,166.5,166.8,,2
2023 / 11,Bronx,4,249.2,308.9,,2
2023 / 11,Bronx,5,209.5,323.9,,2
2023 / 11,Bronx,6,199.1,196,,2
2023 / 11,Bronx,7,287.6,457,,2
2023 / 11,Bronx,8,309.3,350.7,68.4,2
2023 / 11,Bronx,9,232.9,363.5,,2
2023 / 11,Bronx,10,267.9,327.3,,2
2023 / 11,Bronx,11,259.3,315.8,,2
2023 / 11,Bronx,12,317.7,556,,2
2023 / 11,Brooklyn,1,671.8,427.8,67.6,3
2023 / 11,Brooklyn,2,532,399.9,120.2,3
2023 / 11,Brooklyn,3,455.6,325.7,111,3
2023 / 11,Brooklyn,4,325.2,343.3,39.1,3
2023 / 11,Brooklyn,5,269.6,434.8,50.9,3
2023 / 11,Brooklyn,6,512.3,389,139.3,3
2023 / 11,Brooklyn,7,356.6,354.5,97.5,3
2023 / 11,Brooklyn,8,328.5,252.1,63.5,3
2023 / 11,Brooklyn,9,267.4,235.6,44.7,3
2023 / 11,Brooklyn,10,424,412.3,72,3
2023 / 11,Brooklyn,11,537.9,504.1,48.9,3
2023 / 11,Brooklyn,12,672.4,336.8,59.2,3
2023 / 11,Brooklyn,13,247.2,200.6,25.1,3
2023 / 11,Brooklyn,14,434.1,385.3,121.6,3
2023 / 11,Brooklyn,15,495.8,477.8,102.1,3
2023 / 11,Brooklyn,16,146.7,151.1,40.4,3
2023 / 11,Brooklyn,17,307.3,407.1,109.6,3
2023 / 11,Brooklyn,18,539.5,597.6,230.1,3
2023 / 11,Manhattan,1,338.1,236.7,,1
2023 / 11,Manhattan,2,420.8,280.5,,1
2023 / 11,Manhattan,3,470.5,338.9,,1
2023 / 11,Manhattan,4,624.3,338.5,,1
2023 / 11,Manhattan,5,259.5,159.4,,1
2023 / 11,Manhattan,6,731.6,366.1,8.5,1
2023 / 11,Manhattan,7,957.5,692.4,71.1,1
2023 / 11,Manhattan,8,1051.5,725.1,,1
2023 / 11,Manhattan,9,241.7,232.1,,1
2023 / 11,Manhattan,10,275.4,251.5,,1
2023 / 11,Manhattan,11,220.2,181,,1
2023 / 11,Manhattan,12,451.5,509.5,,1
2023 / 11,Queens,1,592.6,571.8,112.9,4
2023 / 11,Queens,2,546.4,415,50.3,4
2023 / 11,Queens,3,357.3,500.5,46.2,4
2023 / 11,Queens,4,327.1,464.9,33.8,4
2023 / 11,Queens,5,619.2,668.5,151.8,4
2023 / 11,Queens,6,364.3,353.8,139.9,4
2023 / 11,Queens,7,954.9,731.6,190.7,4
2023 / 11,Queens,8,406,360.7,110.2,4
2023 / 11,Queens,9,425.4,483.8,197.5,4
2023 / 11,Queens,10,322.5,478.3,98.3,4
2023 / 11,Queens,11,414.4,407.9,222.6,4
2023 / 11,Queens,12,494,841.4,412.2,4
2023 / 11,Queens,13,431.8,755.3,170.6,4
2023 / 11,Queens,14,258.3,233.3,67,4
2023 / 11,Staten Island,1,615.4,594.7,,5
2023 / 11,Staten Island,2,477.1,471.8,,5
2023 / 11,Staten Island,3,661.6,612.2,,5
2023 / 10,Bronx,1,241.2,146,,2
2023 / 10,Bronx,2,244.4,203,,2
2023 / 10,Bronx,3,156.4,159.4,,2
2023 / 10,Bronx,4,272.1,344.8,,2
2023 / 10,Bronx,5,222.6,332.2,,2
2023 / 10,Bronx,6,195.7,205.8,,2
2023 / 10,Bronx,7,271.6,427,,2
2023 / 10,Bronx,8,310.5,359.1,43.6,2
2023 / 10,Bronx,9,227.8,353.1,,2
2023 / 10,Bronx,10,271.2,329.5,,2
2023 / 10,Bronx,11,256.5,314.5,,2
2023 / 10,Bronx,12,320.4,553.6,,2
2023 / 10,Brooklyn,1,678.7,414.1,38.1,3
2023 / 10,Brooklyn,2,533.3,389.7,71.3,3
2023 / 10,Brooklyn,3,438.5,345.9,48.5,3
2023 / 10,Brooklyn,4,335.1,342.2,21.8,3
2023 / 10,Brooklyn,5,258.7,422,21.7,3
2023 / 10,Brooklyn,6,528.3,370.1,96.2,3
2023 / 10,Brooklyn,7,386.4,365.4,64.1,3
2023 / 10,Brooklyn,8,349.2,282.9,38.1,3
2023 / 10,Brooklyn,9,257.3,229.7,37.9,3
2023 / 10,Brooklyn,10,436.3,425.7,55.8,3
2023 / 10,Brooklyn,11,572.6,513,28,3
2023 / 10,Brooklyn,12,700.4,356.6,34.7,3
2023 / 10,Brooklyn,13,274.6,219.5,10,3
2023 / 10,Brooklyn,14,477.4,419.3,60.5,3
2023 / 10,Brooklyn,15,520.9,483.2,72.5,3
2023 / 10,Brooklyn,16,123.6,140.6,13,3
2023 / 10,Brooklyn,17,297.7,403.4,52.2,3
2023 / 10,Brooklyn,18,512.5,578.7,162.7,3
2023 / 10,Manhattan,1,324.4,215.4,,1
2023 / 10,Manhattan,2,424.8,277.9,,1
2023 / 10,Manhattan,3,433,307.5,,1
2023 / 10,Manhattan,4,614.9,305.6,,1
2023 / 10,Manhattan,5,275,168,,1
2023 / 10,Manhattan,6,717.7,337,9.5,1
2023 / 10,Manhattan,7,932.3,662.6,58.4,1
2023 / 10,Manhattan,8,1008.3,683.9,,1
2023 / 10,Manhattan,9,244.1,219.7,,1
2023 / 10,Manhattan,10,269.1,253,,1
2023 / 10,Manhattan,11,188.1,157.7,,1
2023 / 10,Manhattan,12,405.8,445.8,,1
2023 / 10,Queens,1,638,591.8,88.7,4
2023 / 10,Queens,2,579.3,420.9,38.1,4
2023 / 10,Queens,3,342.7,483.3,34.4,4
2023 / 10,Queens,4,311.3,455,25,4
2023 / 10,Queens,5,615.8,666,101.1,4
2023 / 10,Queens,6,351.7,352.2,66.3,4
2023 / 10,Queens,7,978.6,751.3,124.8,4
2023 / 10,Queens,8,439.6,387.8,76.4,4
2023 / 10,Queens,9,442,493.5,147.5,4
2023 / 10,Queens,10,338.6,495.2,61.7,4
2023 / 10,Queens,11,444.8,424.2,134.3,4
2023 / 10,Queens,12,504,856.3,246.2,4
2023 / 10,Queens,13,453.8,765.5,121,4
2023 / 10,Queens,14,263.2,243.1,61.3,4
2023 / 10,Staten Island,1,638.5,602.4,,5
2023 / 10,Staten Island,2,460,468.9,,5
2023 / 10,Staten Island,3,636.3,577.5,,5
2023 / 09,Bronx,1,260.3,140.4,,2
2023 / 09,Bronx,2,234.8,228,,2
2023 / 09,Bronx,3,156.2,154.8,,2
2023 / 09,Bronx,4,273.2,322.8,,2
2023 / 09,Bronx,5,226.7,333.5,,2
2023 / 09,Bronx,6,207.3,178.3,,2
2023 / 09,Bronx,7,276.3,433.7,,2
2023 / 09,Bronx,8,314.7,342.7,42.3,2
2023 / 09,Bronx,9,259.3,363.6,,2
2023 / 09,Bronx,10,285.9,347,,2
2023 / 09,Bronx,11,271.2,321.5,,2
2023 / 09,Bronx,12,339.4,576.4,,2
2023 / 09,Brooklyn,1,769.6,420.7,23.4,3
2023 / 09,Brooklyn,2,587.7,393.6,59.2,3
2023 / 09,Brooklyn,3,446.4,316.3,,3
2023 / 09,Brooklyn,4,349.2,355.4,,3
2023 / 09,Brooklyn,5,242.2,421.3,,3
2023 / 09,Brooklyn,6,560.7,372.2,102.3,3
2023 / 09,Brooklyn,7,378.1,362.1,57.2,3
2023 / 09,Brooklyn,8,311.1,258.3,,3
2023 / 09,Brooklyn,9,304.2,251.6,,3
2023 / 09,Brooklyn,10,433.3,420.8,,3
2023 / 09,Brooklyn,11,581.4,518.1,,3
2023 / 09,Brooklyn,12,867.5,360.1,,3
2023 / 09,Brooklyn,13,280.9,223,,3
2023 / 09,Brooklyn,14,497.7,422.9,,3
2023 / 09,Brooklyn,15,536.7,483,,3
2023 / 09,Brooklyn,16,148.5,161.5,,3
2023 / 09,Brooklyn,17,302.9,411.7,,3
2023 / 09,Brooklyn,18,524.5,609.3,,3
2023 / 09,Manhattan,1,392.1,249.8,,1
2023 / 09,Manhattan,2,428.6,253.5,,1
2023 / 09,Manhattan,3,521.1,316.4,,1
2023 / 09,Manhattan,4,701.9,349.1,,1
2023 / 09,Manhattan,5,269,156.9,,1
2023 / 09,Manhattan,6,810.5,372.3,7.6,1
2023 / 09,Manhattan,7,1048.9,699.1,60.2,1
2023 / 09,Manhattan,8,1107.2,710.2,,1
2023 / 09,Manhattan,9,335.3,270.9,,1
2023 / 09,Manhattan,10,293.6,264.2,,1
2023 / 09,Manhattan,11,202.9,161.1,,1
2023 / 09,Manhattan,12,438.8,461.7,,1
2023 / 09,Queens,1,621.6,575.2,83.5,4
2023 / 09,Queens,2,563.1,426.8,27.9,4
2023 / 09,Queens,3,359.8,502.1,33,4
2023 / 09,Queens,4,316.4,474.6,23.8,4
2023 / 09,Queens,5,597.6,676.5,81.8,4
2023 / 09,Queens,6,365.6,364.4,47.6,4
2023 / 09,Queens,7,991.6,755.4,101.9,4
2023 / 09,Queens,8,443.4,388.8,57,4
2023 / 09,Queens,9,439,493.6,113.4,4
2023 / 09,Queens,10,314,509.5,45.7,4
2023 / 09,Queens,11,432.1,409.1,93,4
2023 / 09,Queens,12,490.6,898.7,241.7,4
2023 / 09,Queens,13,428.4,781.3,120.7,4
2023 / 09,Queens,14,278.2,263.2,71.7,4
2023 / 09,Staten Island,1,667.6,617.6,,5
2023 / 09,Staten Island,2,479.8,469.6,,5
2023 / 09,Staten Island,3,682.9,629.4,,5
2023 / 08,Bronx,1,224.5,151.7,,2
2023 / 08,Bronx,2,242.6,229.4,,2
2023 / 08,Bronx,3,152.6,184.1,,2
2023 / 08,Bronx,4,251.6,326.6,,2
2023 / 08,Bronx,5,204.1,332.2,,2
2023 / 08,Bronx,6,204.1,218,,2
2023 / 08,Bronx,7,288.3,458.9,,2
2023 / 08,Bronx,8,299.6,355,45.4,2
2023 / 08,Bronx,9,239,383.7,,2
2023 / 08,Bronx,10,275.7,342.3,,2
2023 / 08,Bronx,11,262.2,330.6,,2
2023 / 08,Bronx,12,334.5,575.8,,2
2023 / 08,Brooklyn,1,602.3,445.3,25.5,3
2023 / 08,Brooklyn,2,488.1,387.3,54.9,3
2023 / 08,Brooklyn,3,432.3,357.7,,3
2023 / 08,Brooklyn,4,338.2,367.1,,3
2023 / 08,Brooklyn,5,233.9,474.5,,3
2023 / 08,Brooklyn,6,450.3,338.5,100.8,3
2023 / 08,Brooklyn,7,368.7,359.5,54.9,3
2023 / 08,Brooklyn,8,306.1,285.7,,3
2023 / 08,Brooklyn,9,282.6,235.3,,3
2023 / 08,Brooklyn,10,421.6,421.4,,3
2023 / 08,Brooklyn,11,510.6,523.2,,3
2023 / 08,Brooklyn,12,516.2,298.1,,3
2023 / 08,Brooklyn,13,259.3,218,,3
2023 / 08,Brooklyn,14,401.7,375.7,,3
2023 / 08,Brooklyn,15,456.4,449,,3
2023 / 08,Brooklyn,16,130.5,162.2,,3
2023 / 08,Brooklyn,17,303.1,452.3,,3
2023 / 08,Brooklyn,18,527.5,640.6,,3
2023 / 08,Manhattan,1,314.3,209.9,,1
2023 / 08,Manhattan,2,388,260.8,,1
2023 / 08,Manhattan,3,485.6,363.3,,1
2023 / 08,Manhattan,4,636.4,340,,1
2023 / 08,Manhattan,5,279.4,167.8,,1
2023 / 08,Manhattan,6,747.1,369.8,11.1,1
2023 / 08,Manhattan,7,880.4,639.5,54.9,1
2023 / 08,Manhattan,8,925.1,640.2,,1
2023 / 08,Manhattan,9,252.2,244.2,,1
2023 / 08,Manhattan,10,289.7,296.2,,1
2023 / 08,Manhattan,11,224.2,186.7,,1
2023 / 08,Manhattan,12,436.4,509.2,,1
2023 / 08,Queens,1,589.2,586,93.4,4
2023 / 08,Queens,2,556.7,446.1,34.5,4
2023 / 08,Queens,3,349.4,517.6,35.6,4
2023 / 08,Queens,4,336.3,481.9,25.4,4
2023 / 08,Queens,5,572.9,687.4,101.1,4
2023 / 08,Queens,6,350.1,365.6,53.7,4
2023 / 08,Queens,7,942,765.8,122.2,4
2023 / 08,Queens,8,413.6,394.4,60.9,4
2023 / 08,Queens,9,410.8,525.9,135.2,4
2023 / 08,Queens,10,327.7,540.7,65.1,4
2023 / 08,Queens,11,410.1,431.1,106.6,4
2023 / 08,Queens,12,488.2,943.2,244.6,4
2023 / 08,Queens,13,430.8,866.4,153,4
2023 / 08,Queens,14,268.4,265.2,69.8,4
2023 / 08,Staten Island,1,630.5,655,,5
2023 / 08,Staten Island,2,479.6,514.5,,5
2023 / 08,Staten Island,3,683.9,661.7,,5
2023 / 07,Bronx,1,241,145,,2
2023 / 07,Bronx,2,209.5,210.8,,2
2023 / 07,Bronx,3,121.6,147.9,,2
2023 / 07,Bronx,4,270.3,334.1,,2
2023 / 07,Bronx,5,211.3,334.1,,2
2023 / 07,Bronx,6,189.4,186.7,,2
2023 / 07,Bronx,7,279.2,441.1,,2
2023 / 07,Bronx,8,289.9,342.6,36.2,2
2023 / 07,Bronx,9,258.7,384.7,,2
2023 / 07,Bronx,10,282.9,352.3,,2
2023 / 07,Bronx,11,275.1,339.8,,2
2023 / 07,Bronx,12,335.9,583.9,,2
2023 / 07,Brooklyn,1,554.7,412.8,25.2,3
2023 / 07,Brooklyn,2,479.6,372.1,55.4,3
2023 / 07,Brooklyn,3,359.4,319.9,,3
2023 / 07,Brooklyn,4,335.2,363.3,,3
2023 / 07,Brooklyn,5,226.2,435.7,,3
2023 / 07,Brooklyn,6,437.3,339,93,3
2023 / 07,Brooklyn,7,381.4,379.4,53.6,3
2023 / 07,Brooklyn,8,295.1,254.8,,3
2023 / 07,Brooklyn,9,258.8,221,,3
2023 / 07,Brooklyn,10,442.4,431.4,,3
2023 / 07,Brooklyn,11,541.7,534.3,,3
2023 / 07,Brooklyn,12,494.3,289.5,,3
2023 / 07,Brooklyn,13,253.7,217.2,,3
2023 / 07,Brooklyn,14,419.9,403.4,,3
2023 / 07,Brooklyn,15,463,467.2,,3
2023 / 07,Brooklyn,16,120.5,159.6,,3
2023 / 07,Brooklyn,17,301.8,444.3,,3
2023 / 07,Brooklyn,18,508.4,642.2,,3
2023 / 07,Manhattan,1,306.5,209.1,,1
2023 / 07,Manhattan,2,347.3,238.5,,1
2023 / 07,Manhattan,3,430.8,326.2,,1
2023 / 07,Manhattan,4,585.5,320.9,,1
2023 / 07,Manhattan,5,222.4,140.1,,1
2023 / 07,Manhattan,6,704.6,345.2,8.3,1
2023 / 07,Manhattan,7,879.4,646.4,54.6,1
2023 / 07,Manhattan,8,878,635.8,,1
2023 / 07,Manhattan,9,236,249.2,,1
2023 / 07,Manhattan,10,278.8,252.8,,1
2023 / 07,Manhattan,11,197.7,168.9,,1
2023 / 07,Manhattan,12,381.6,442.9,,1
2023 / 07,Queens,1,595.7,588,90.3,4
2023 / 07,Queens,2,530.1,428.7,34.8,4
2023 / 07,Queens,3,362.7,495.9,33.3,4
2023 / 07,Queens,4,319.8,477.9,24.2,4
2023 / 07,Queens,5,574.2,670.9,92.8,4
2023 / 07,Queens,6,357.9,359.2,49.7,4
2023 / 07,Queens,7,952.6,759.5,101.5,4
2023 / 07,Queens,8,419.2,402.8,60.5,4
2023 / 07,Queens,9,425.8,530.7,142.5,4
2023 / 07,Queens,10,354.3,556.7,63,4
2023 / 07,Queens,11,410.1,418.2,102.6,4
2023 / 07,Queens,12,487.7,943.3,250.8,4
2023 / 07,Queens,13,432.7,864.2,158.9,4
2023 / 07,Queens,14,292.5,278.2,74.7,4
2023 / 07,Staten Island,1,651.8,681.5,,5
2023 / 07,Staten Island,2,488.2,523.3,,5
2023 / 07,Staten Island,3,680.3,663.2,,5
2023 / 06,Bronx,1,283.5,150.2,,2
2023 / 06,Bronx,2,212.1,225.9,,2
2023 / 06,Bronx,3,155.9,151.5,,2
2023 / 06,Bronx,4,287.2,322.4,,2
2023 / 06,Bronx,5,241.1,330.5,,2
2023 / 06,Bronx,6,200.7,182.1,,2
2023 / 06,Bronx,7,302.4,442.3,,2
2023 / 06,Bronx,8,287.1,338.8,47.1,2
2023 / 06,Bronx,9,224.4,376.1,,2
2023 / 06,Bronx,10,307,348,,2
2023 / 06,Bronx,11,310.6,341.3,,2
2023 / 06,Bronx,12,304.1,576.3,,2
2023 / 06,Brooklyn,1,661.7,448.7,24.7,3
2023 / 06,Brooklyn,2,517.9,400.2,63.3,3
2023 / 06,Brooklyn,3,439.1,354,,3
2023 / 06,Brooklyn,4,331.6,364.3,,3
2023 / 06,Brooklyn,5,240,445.2,,3
2023 / 06,Brooklyn,6,527.6,400.2,114.7,3
2023 / 06,Brooklyn,7,398.2,374.8,65,3
2023 / 06,Brooklyn,8,309.9,275.6,,3
2023 / 06,Brooklyn,9,284.3,239.4,,3
2023 / 06,Brooklyn,10,459.4,438.5,,3
2023 / 06,Brooklyn,11,520.9,522.2,,3
2023 / 06,Brooklyn,12,602.4,341.5,,3
2023 / 06,Brooklyn,13,277.9,227.6,,3
2023 / 06,Brooklyn,14,404.5,382.7,,3
2023 / 06,Brooklyn,15,531.3,490.6,,3
2023 / 06,Brooklyn,16,165.2,157.9,,3
2023 / 06,Brooklyn,17,297.5,428,,3
2023 / 06,Brooklyn,18,537.6,640.8,,3
2023 / 06,Manhattan,1,377.3,271.1,,1
2023 / 06,Manhattan,2,400.8,272.8,,1
2023 / 06,Manhattan,3,472.6,347.8,,1
2023 / 06,Manhattan,4,656.7,372.5,,1
2023 / 06,Manhattan,5,256,167.4,,1
2023 / 06,Manhattan,6,742.9,399.6,10.5,1
2023 / 06,Manhattan,7,960,707.4,56.3,1
2023 / 06,Manhattan,8,988,714.6,,1
2023 / 06,Manhattan,9,271.7,272,,1
2023 / 06,Manhattan,10,262.5,275.4,,1
2023 / 06,Manhattan,11,220.2,167.3,,1
2023 / 06,Manhattan,12,460.6,473.2,,1
2023 / 06,Queens,1,612.6,593.9,84.5,4
2023 / 06,Queens,2,573.1,446.2,37.8,4
2023 / 06,Queens,3,361.6,510.8,37.7,4
2023 / 06,Queens,4,324.9,482.2,27.8,4
2023 / 06,Queens,5,614.4,687.8,88.6,4
2023 / 06,Queens,6,362.3,370.4,56.5,4
2023 / 06,Queens,7,976.4,755,111.9,4
2023 / 06,Queens,8,427,399,68.2,4
2023 / 06,Queens,9,462.8,518.4,133.5,4
2023 / 06,Queens,10,346,539.8,66.3,4
2023 / 06,Queens,11,439,424.1,109.8,4
2023 / 06,Queens,12,492.9,915.3,271.6,4
2023 / 06,Queens,13,467.9,862.8,167.8,4
2023 / 06,Queens,14,278.7,262,77.3,4
2023 / 06,Staten Island,1,660.6,681,,5
2023 / 06,Staten Island,2,499,545.3,,5
2023 / 06,Staten Island,3,703.5,701,,5
2023 / 05,Bronx,1,253.3,151.6,,2
2023 / 05,Bronx,2,200.1,197.7,,2
2023 / 05,Bronx,3,163.7,185.4,,2
2023 / 05,Bronx,4,269.2,334.5,,2
2023 / 05,Bronx,5,222.8,337.2,,2
2023 / 05,Bronx,6,213.1,232.6,,2
2023 / 05,Bronx,7,291,448,,2
2023 / 05,Bronx,8,293.9,356.9,43.7,2
2023 / 05,Bronx,9,210.9,354.1,,2
2023 / 05,Bronx,10,271.5,341.6,,2
2023 / 05,Bronx,11,283.1,333,,2
2023 / 05,Bronx,12,300.5,574.8,,2
2023 / 05,Brooklyn,1,647.7,421.2,28.1,3
2023 / 05,Brooklyn,2,519.3,414.8,64.8,3
2023 / 05,Brooklyn,3,464.3,352,,3
2023 / 05,Brooklyn,4,325.6,359.4,,3
2023 / 05,Brooklyn,5,235.8,461.4,,3
2023 / 05,Brooklyn,6,490.2,390,123.4,3
2023 / 05,Brooklyn,7,390.4,371.7,61.2,3
2023 / 05,Brooklyn,8,325.1,293.2,,3
2023 / 05,Brooklyn,9,266.3,222.5,,3
2023 / 05,Brooklyn,10,463.6,453.2,,3
2023 / 05,Brooklyn,11,502.1,509.7,,3
2023 / 05,Brooklyn,12,658,336.6,,3
2023 / 05,Brooklyn,13,278.4,230.7,,3
2023 / 05,Brooklyn,14,434.6,415.3,,3
2023 / 05,Brooklyn,15,505.7,494.5,,3
2023 / 05,Brooklyn,16,135.2,158,,3
2023 / 05,Brooklyn,17,283.7,417,,3
2023 / 05,Brooklyn,18,522.1,614.5,,3
2023 / 05,Manhattan,1,323.7,234.1,,1
2023 / 05,Manhattan,2,434.2,309.3,,1
2023 / 05,Manhattan,3,439.2,351.5,,1
2023 / 05,Manhattan,4,600.5,332.7,,1
2023 / 05,Manhattan,5,265.3,180.8,,1
2023 / 05,Manhattan,6,684.4,360.4,11.7,1
2023 / 05,Manhattan,7,924.7,693.6,64.7,1
2023 / 05,Manhattan,8,992.3,724.5,,1
2023 / 05,Manhattan,9,234.6,243.5,,1
2023 / 05,Manhattan,10,266.9,275.5,,1
2023 / 05,Manhattan,11,218.9,189.3,,1
2023 / 05,Manhattan,12,413.7,470.5,,1
2023 / 05,Queens,1,607,612.8,93.7,4
2023 / 05,Queens,2,561.1,452.9,36.3,4
2023 / 05,Queens,3,334.4,492.2,34.9,4
2023 / 05,Queens,4,310.9,466.6,23.3,4
2023 / 05,Queens,5,609.7,698.3,105.2,4
2023 / 05,Queens,6,346.5,364.4,54,4
2023 / 05,Queens,7,938,754.9,139.3,4
2023 / 05,Queens,8,415.7,399.9,75.4,4
2023 / 05,Queens,9,446.3,532.8,143,4
2023 / 05,Queens,10,342.1,551,71.1,4
2023 / 05,Queens,11,427.1,448.8,138.2,4
2023 / 05,Queens,12,467.9,903.9,285.4,4
2023 / 05,Queens,13,462.9,853.7,185.1,4
2023 / 05,Queens,14,268.7,251.7,75.3,4
2023 / 05,Staten Island,1,643.6,678,,5
2023 / 05,Staten Island,2,495.1,551,,5
2023 / 05,Staten Island,3,678.2,707.2,,5
2023 / 04,Bronx,1,205.6,130.2,,2
2023 / 04,Bronx,2,171.7,192.8,,2
2023 / 04,Bronx,3,129,146.2,,2
2023 / 04,Bronx,4,229.5,303.2,,2
2023 / 04,Bronx,5,201.3,312.2,,2
2023 / 04,Bronx,6,163.2,171.2,,2
2023 / 04,Bronx,7,248.9,405.1,,2
2023 / 04,Bronx,8,260.5,319.6,39.9,2
2023 / 04,Bronx,9,201.7,344.9,,2
2023 / 04,Bronx,10,259.6,321.7,,2
2023 / 04,Bronx,11,258.8,308.8,,2
2023 / 04,Bronx,12,272.5,500.5,,2
2023 / 04,Brooklyn,1,702.8,396.8,23.9,3
2023 / 04,Brooklyn,2,468.5,375.3,61.6,3
2023 / 04,Brooklyn,3,399.4,292.2,,3
2023 / 04,Brooklyn,4,296.1,339.1,,3
2023 / 04,Brooklyn,5,191.9,394.1,,3
2023 / 04,Brooklyn,6,443.9,358.5,114.5,3
2023 / 04,Brooklyn,7,346.8,333.3,55.8,3
2023 / 04,Brooklyn,8,263,245.4,,3
2023 / 04,Brooklyn,9,254,220.1,,3
2023 / 04,Brooklyn,10,397.5,403.9,,3
2023 / 04,Brooklyn,11,480.1,489.5,,3
2023 / 04,Brooklyn,12,753.9,402.1,,3
2023 / 04,Brooklyn,13,233.2,202.8,,3
2023 / 04,Brooklyn,14,422.5,415.1,,3
2023 / 04,Brooklyn,15,473.2,478.8,,3
2023 / 04,Brooklyn,16,120.2,151.6,,3
2023 / 04,Brooklyn,17,262,375.7,,3
2023 / 04,Brooklyn,18,482.8,574.7,,3
2023 / 04,Manhattan,1,331.7,240.4,,1
2023 / 04,Manhattan,2,369.6,270.7,,1
2023 / 04,Manhattan,3,418,324.3,,1
2023 / 04,Manhattan,4,570.6,335.6,,1
2023 / 04,Manhattan,5,222.7,151.4,,1
2023 / 04,Manhattan,6,659.9,355.5,9,1
2023 / 04,Manhattan,7,877,671.2,59.5,1
2023 / 04,Manhattan,8,946.6,697.6,,1
2023 / 04,Manhattan,9,229.5,237.6,,1
2023 / 04,Manhattan,10,235.7,227.9,,1
2023 / 04,Manhattan,11,196.5,167.5,,1
2023 / 04,Manhattan,12,370.8,427.5,,1
2023 / 04,Queens,1,519.5,539,76.5,4
2023 / 04,Queens,2,479.8,409.6,33.4,4
2023 / 04,Queens,3,300,454.6,29.1,4
2023 / 04,Queens,4,268.2,431,20.3,4
2023 / 04,Queens,5,522.6,628.4,95.5,4
2023 / 04,Queens,6,317.1,343.8,50,4
2023 / 04,Queens,7,844.6,692.3,117.2,4
2023 / 04,Queens,8,374.1,375.4,78.5,4
2023 / 04,Queens,9,394.4,474.1,106,4
2023 / 04,Queens,10,296.6,471.7,54.9,4
2023 / 04,Queens,11,374.6,392.3,136.3,4
2023 / 04,Queens,12,421.6,798.5,207.9,4
2023 / 04,Queens,13,394.4,760.2,151.4,4
2023 / 04,Queens,14,250.9,238.1,65.5,4
2023 / 04,Staten Island,1,566.3,617.6,,5
2023 / 04,Staten Island,2,431.8,481.3,,5
2023 / 04,Staten Island,3,606.8,616.4,,5
2023 / 03,Bronx,1,234.4,135.3,,2
2023 / 03,Bronx,2,247,227,,2
2023 / 03,Bronx,3,161.6,162.9,,2
2023 / 03,Bronx,4,258.3,319.7,,2
2023 / 03,Bronx,5,228.7,324.9,,2
2023 / 03,Bronx,6,203.7,191,,2
2023 / 03,Bronx,7,295.1,444.6,,2
2023 / 03,Bronx,8,282.4,338.4,40.9,2
2023 / 03,Bronx,9,219.5,354,,2
2023 / 03,Bronx,10,279.7,319,,2
2023 / 03,Bronx,11,281.8,326.1,,2
2023 / 03,Bronx,12,300.1,535.4,,2
2023 / 03,Brooklyn,1,720.5,448.6,23.6,3
2023 / 03,Brooklyn,2,514,407.1,55.6,3
2023 / 03,Brooklyn,3,487.4,331,,3
2023 / 03,Brooklyn,4,331,354.8,,3
2023 / 03,Brooklyn,5,227,441.6,,3
2023 / 03,Brooklyn,6,503.3,396.7,101.8,3
2023 / 03,Brooklyn,7,410.8,365,50.1,3
2023 / 03,Brooklyn,8,304.3,274,,3
2023 / 03,Brooklyn,9,291.5,250.5,,3
2023 / 03,Brooklyn,10,455.3,447.6,,3
2023 / 03,Brooklyn,11,519.7,513.4,,3
2023 / 03,Brooklyn,12,795.4,392.7,,3
2023 / 03,Brooklyn,13,276.6,229.5,,3
2023 / 03,Brooklyn,14,441.1,417.8,,3
2023 / 03,Brooklyn,15,532.9,495,,3
2023 / 03,Brooklyn,16,157.3,167.2,,3
2023 / 03,Brooklyn,17,288.9,411.6,,3
2023 / 03,Brooklyn,18,515.1,598.2,,3
2023 / 03,Manhattan,1,363.6,252.7,,1
2023 / 03,Manhattan,2,408.3,283.9,,1
2023 / 03,Manhattan,3,465.8,367.7,,1
2023 / 03,Manhattan,4,641.8,369.7,,1
2023 / 03,Manhattan,5,261.9,176.7,,1
2023 / 03,Manhattan,6,753.7,411.6,9.6,1
2023 / 03,Manhattan,7,946.7,709.7,60.7,1
2023 / 03,Manhattan,8,1004.9,736.3,,1
2023 / 03,Manhattan,9,259.4,255.5,,1
2023 / 03,Manhattan,10,271.8,268,,1
2023 / 03,Manhattan,11,218.9,182.4,,1
2023 / 03,Manhattan,12,438.8,490.8,,1
2023 / 03,Queens,1,581.8,576.4,14.3,4
2023 / 03,Queens,2,543.3,433.9,4.2,4
2023 / 03,Queens,3,338.4,497.3,4.9,4
2023 / 03,Queens,4,304.2,474,5,4
2023 / 03,Queens,5,577.4,651.8,15.7,4
2023 / 03,Queens,6,370.1,369.5,7.6,4
2023 / 03,Queens,7,911.8,721.4,23.4,4
2023 / 03,Queens,8,422.1,393.5,14.4,4
2023 / 03,Queens,9,411.3,488.7,16.3,4
2023 / 03,Queens,10,304.2,469.2,6.7,4
2023 / 03,Queens,11,409.8,408.2,25.3,4
2023 / 03,Queens,12,444.1,830.1,19.7,4
2023 / 03,Queens,13,426.1,764.4,21.1,4
2023 / 03,Queens,14,277.8,239,7.8,4
2023 / 03,Staten Island,1,618.8,621.9,,5
2023 / 03,Staten Island,2,479.9,484.4,,5
2023 / 03,Staten Island,3,666.9,618.4,,5
2023 / 02,Bronx,1,179.4,126.7,,2
2023 / 02,Bronx,2,181.8,191.7,,2
2023 / 02,Bronx,3,117,134,,2
2023 / 02,Bronx,4,214.3,286.4,,2
2023 / 02,Bronx,5,181.8,281,,2
2023 / 02,Bronx,6,160.3,168,,2
2023 / 02,Bronx,7,235,380.1,,2
2023 / 02,Bronx,8,237.8,309.6,27.3,2
2023 / 02,Bronx,9,177.8,298,,2
2023 / 02,Bronx,10,223,279.1,,2
2023 / 02,Bronx,11,219.7,282.9,,2
2023 / 02,Bronx,12,254,453.9,,2
2023 / 02,Brooklyn,1,581.1,396.3,20.7,3
2023 / 02,Brooklyn,2,441.3,354.7,47.5,3
2023 / 02,Brooklyn,3,413.1,272.8,,3
2023 / 02,Brooklyn,4,275.9,310.4,,3
2023 / 02,Brooklyn,5,188.3,370.3,,3
2023 / 02,Brooklyn,6,417.9,345.4,81.3,3
2023 / 02,Brooklyn,7,332.4,312.4,40.1,3
2023 / 02,Brooklyn,8,269.1,245.4,,3
2023 / 02,Brooklyn,9,235,203.9,,3
2023 / 02,Brooklyn,10,388.4,383.6,,3
2023 / 02,Brooklyn,11,435.6,446.8,,3
2023 / 02,Brooklyn,12,600.7,300.1,,3
2023 / 02,Brooklyn,13,223.5,192.9,,3
2023 / 02,Brooklyn,14,364.5,353,,3
2023 / 02,Brooklyn,15,431.3,410.3,,3
2023 / 02,Brooklyn,16,116,134.5,,3
2023 / 02,Brooklyn,17,237.7,355.4,,3
2023 / 02,Brooklyn,18,428.4,498.4,,3
2023 / 02,Manhattan,1,306.7,214.8,,1
2023 / 02,Manhattan,2,355.2,259.7,,1
2023 / 02,Manhattan,3,393,310.9,,1
2023 / 02,Manhattan,4,537.4,315.3,,1
2023 / 02,Manhattan,5,221,155.7,,1
2023 / 02,Manhattan,6,626.4,337,8,1
2023 / 02,Manhattan,7,801.7,639.1,50.8,1
2023 / 02,Manhattan,8,855.1,651.9,,1
2023 / 02,Manhattan,9,211.9,219.4,,1
2023 / 02,Manhattan,10,217.6,228.3,,1
2023 / 02,Manhattan,11,177.1,156.3,,1
2023 / 02,Manhattan,12,351.5,409.8,,1
2023 / 02,Queens,1,491.6,508,,4
2023 / 02,Queens,2,467.1,398.4,,4
2023 / 02,Queens,3,289.6,423.3,,4
2023 / 02,Queens,4,261.6,430.7,,4
2023 / 02,Queens,5,483.1,556.2,,4
2023 / 02,Queens,6,295,315.5,,4
2023 / 02,Queens,7,765.2,619.1,,4
2023 / 02,Queens,8,333,323.4,,4
2023 / 02,Queens,9,355.8,411.7,,4
2023 / 02,Queens,10,253.8,400.2,,4
2023 / 02,Queens,11,343.1,343.7,,4
2023 / 02,Queens,12,366.4,700.3,,4
2023 / 02,Queens,13,350,641.5,,4
2023 / 02,Queens,14,202.9,189.2,,4
2023 / 02,Staten Island,1,526.4,529.7,,5
2023 / 02,Staten Island,2,388.8,421.4,,5
2023 / 02,Staten Island,3,554,516,,5
2023 / 01,Bronx,1,245,156.8,,2
2023 / 01,Bronx,2,214.7,219.2,,2
2023 / 01,Bronx,3,144.1,162.2,,2
2023 / 01,Bronx,4,298.5,360.1,,2
2023 / 01,Bronx,5,243.2,363.4,,2
2023 / 01,Bronx,6,203.4,198.9,,2
2023 / 01,Bronx,7,302.8,460,,2
2023 / 01,Bronx,8,315.5,381.8,32.2,2
2023 / 01,Bronx,9,226,363.5,,2
2023 / 01,Bronx,10,301.5,341.3,,2
2023 / 01,Bronx,11,293.5,345.5,,2
2023 / 01,Bronx,12,353.5,558.8,,2
2023 / 01,Brooklyn,1,707,453.8,22.5,3
2023 / 01,Brooklyn,2,544.6,399.4,56.1,3
2023 / 01,Brooklyn,3,491.1,345,,3
2023 / 01,Brooklyn,4,344.7,360.6,,3
2023 / 01,Brooklyn,5,266.8,437.1,,3
2023 / 01,Brooklyn,6,547.1,410.9,104.8,3
2023 / 01,Brooklyn,7,436.8,403,46.2,3
2023 / 01,Brooklyn,8,382,310.5,,3
2023 / 01,Brooklyn,9,284.7,232.6,,3
2023 / 01,Brooklyn,10,503.3,493,,3
2023 / 01,Brooklyn,11,588,549.6,,3
2023 / 01,Brooklyn,12,741.4,344,,3
2023 / 01,Brooklyn,13,294.9,242.5,,3
2023 / 01,Brooklyn,14,469.1,435.2,,3
2023 / 01,Brooklyn,15,538.2,512.8,,3
2023 / 01,Brooklyn,16,138.6,151.5,,3
2023 / 01,Brooklyn,17,309.6,436,,3
2023 / 01,Brooklyn,18,550.1,602,,3
2023 / 01,Manhattan,1,352.8,228.8,,1
2023 / 01,Manhattan,2,434.8,293.4,,1
2023 / 01,Manhattan,3,442.7,317.3,,1
2023 / 01,Manhattan,4,606.9,326,,1
2023 / 01,Manhattan,5,260.4,169.2,,1
2023 / 01,Manhattan,6,713.8,347.8,7.6,1
2023 / 01,Manhattan,7,967.8,730.1,48.7,1
2023 / 01,Manhattan,8,989.6,727.5,,1
2023 / 01,Manhattan,9,244.9,239.3,,1
2023 / 01,Manhattan,10,255.4,248.6,,1
2023 / 01,Manhattan,11,203.8,180.4,,1
2023 / 01,Manhattan,12,417.2,468.3,,1
2023 / 01,Queens,1,671.1,638.9,,4
2023 / 01,Queens,2,583.3,482.5,,4
2023 / 01,Queens,3,352.9,498.3,,4
2023 / 01,Queens,4,332.3,499.5,,4
2023 / 01,Queens,5,634.1,690.8,,4
2023 / 01,Queens,6,375.9,375,,4
2023 / 01,Queens,7,997.2,778.7,,4
2023 / 01,Queens,8,430.2,392.9,,4
2023 / 01,Queens,9,456.9,523,,4
2023 / 01,Queens,10,358.6,511.3,,4
2023 / 01,Queens,11,482.4,440.5,,4
2023 / 01,Queens,12,485,857.7,,4
2023 / 01,Queens,13,455.9,804,,4
2023 / 01,Queens,14,264.8,226.7,,4
2023 / 01,Staten Island,1,691,681.4,,5
2023 / 01,Staten Island,2,517.3,517.2,,5
2023 / 01,Staten Island,3,726.5,660.5,,5
2022 / 12,Bronx,1,231.5,128.9,,2
2022 / 12,Bronx,2,273.2,275.4,,2
2022 / 12,Bronx,3,142.8,138.1,,2
2022 / 12,Bronx,4,293,326.3,,2
2022 / 12,Bronx,5,273.3,335.9,,2
2022 / 12,Bronx,6,195.4,173,,2
2022 / 12,Bronx,7,334.5,461.9,,2
2022 / 12,Bronx,8,352.7,366.8,50.6,2
2022 / 12,Bronx,9,279,401,,2
2022 / 12,Bronx,10,367.6,387,,2
2022 / 12,Bronx,11,340.2,383.7,,2
2022 / 12,Bronx,12,387.1,587.8,,2
2022 / 12,Brooklyn,1,879.3,492.2,25.5,3
2022 / 12,Brooklyn,2,632.5,426.1,71.9,3
2022 / 12,Brooklyn,3,525.6,345.4,,3
2022 / 12,Brooklyn,4,373.6,393.8,,3
2022 / 12,Brooklyn,5,280.3,478,,3
2022 / 12,Brooklyn,6,648.3,436.6,126.3,3
2022 / 12,Brooklyn,7,460.5,399.2,61.4,3
2022 / 12,Brooklyn,8,373.9,285.1,,3
2022 / 12,Brooklyn,9,356.3,278.2,,3
2022 / 12,Brooklyn,10,554.1,501.4,,3
2022 / 12,Brooklyn,11,644.8,563.8,,3
2022 / 12,Brooklyn,12,864.6,374.8,,3
2022 / 12,Brooklyn,13,315,241.2,,3
2022 / 12,Brooklyn,14,488.2,435,,3
2022 / 12,Brooklyn,15,629.7,529.3,,3
2022 / 12,Brooklyn,16,173.9,198.9,,3
2022 / 12,Brooklyn,17,382.8,458.9,,3
2022 / 12,Brooklyn,18,659.5,686.1,,3
2022 / 12,Manhattan,1,464.1,279.7,,1
2022 / 12,Manhattan,2,457.7,283.7,,1
2022 / 12,Manhattan,3,517.9,364.5,,1
2022 / 12,Manhattan,4,784.7,408.7,,1
2022 / 12,Manhattan,5,308.4,182.5,,1
2022 / 12,Manhattan,6,956.1,465.9,8.5,1
2022 / 12,Manhattan,7,1183.5,792.2,57.5,1
2022 / 12,Manhattan,8,1262.6,833.4,,1
2022 / 12,Manhattan,9,332.7,293.4,,1
2022 / 12,Manhattan,10,320,276,,1
2022 / 12,Manhattan,11,240.7,186.1,,1
2022 / 12,Manhattan,12,542.2,534,,1
2022 / 12,Queens,1,697.7,616.4,104.3,4
2022 / 12,Queens,2,633.4,483.8,38.9,4
2022 / 12,Queens,3,455.3,552.2,37.9,4
2022 / 12,Queens,4,395.8,546.2,25.9,4
2022 / 12,Queens,5,738.3,737,106.4,4
2022 / 12,Queens,6,455.5,409.8,103.3,4
2022 / 12,Queens,7,1122.6,804,146.9,4
2022 / 12,Queens,8,489.5,416.5,143,4
2022 / 12,Queens,9,494.2,532.2,137.7,4
2022 / 12,Queens,10,407.6,533.1,127.1,4
2022 / 12,Queens,11,515.5,443.1,175.5,4
2022 / 12,Queens,12,556.7,950.7,354.9,4
2022 / 12,Queens,13,523.2,865.9,204.6,4
2022 / 12,Queens,14,346.5,272.3,79.7,4
2022 / 12,Staten Island,1,788.2,704.9,,5
2022 / 12,Staten Island,2,596.4,528.2,,5
2022 / 12,Staten Island,3,914.5,718.2,,5
2022 / 11,Bronx,1,230.4,144.9,,2
2022 / 11,Bronx,2,203.3,171.4,,2
2022 / 11,Bronx,3,159.5,184.6,,2
2022 / 11,Bronx,4,271.9,346.7,,2
2022 / 11,Bronx,5,230.4,344.2,,2
2022 / 11,Bronx,6,206.7,222.2,,2
2022 / 11,Bronx,7,264.9,420.5,,2
2022 / 11,Bronx,8,298,351.8,56.3,2
2022 / 11,Bronx,9,209.2,317,,2
2022 / 11,Bronx,10,255.7,312.9,,2
2022 / 11,Bronx,11,251.7,308.1,,2
2022 / 11,Bronx,12,314,510.8,,2
2022 / 11,Brooklyn,1,652.3,386.6,27,3
2022 / 11,Brooklyn,2,520.2,395.3,74,3
2022 / 11,Brooklyn,3,463.2,324.4,,3
2022 / 11,Brooklyn,4,317.1,353.7,,3
2022 / 11,Brooklyn,5,255.1,427.9,,3
2022 / 11,Brooklyn,6,507.1,368.5,138.5,3
2022 / 11,Brooklyn,7,395.9,356.3,52.5,3
2022 / 11,Brooklyn,8,352.6,274.6,,3
2022 / 11,Brooklyn,9,267,229.3,,3
2022 / 11,Brooklyn,10,442.9,418.6,,3
2022 / 11,Brooklyn,11,505.9,474.6,,3
2022 / 11,Brooklyn,12,741.6,312.4,,3
2022 / 11,Brooklyn,13,260.1,221.2,,3
2022 / 11,Brooklyn,14,423.4,394,,3
2022 / 11,Brooklyn,15,516.8,455.5,,3
2022 / 11,Brooklyn,16,140.1,143.8,,3
2022 / 11,Brooklyn,17,285.1,384.8,,3
2022 / 11,Brooklyn,18,506.4,539.5,,3
2022 / 11,Manhattan,1,310.8,197.1,,1
2022 / 11,Manhattan,2,439.9,297.2,,1
2022 / 11,Manhattan,3,439.9,330.3,,1
2022 / 11,Manhattan,4,582.4,306.7,,1
2022 / 11,Manhattan,5,277.4,186.7,,1
2022 / 11,Manhattan,6,680.4,322.2,9.9,1
2022 / 11,Manhattan,7,939,667.9,64.3,1
2022 / 11,Manhattan,8,1035.5,705.3,,1
2022 / 11,Manhattan,9,234.2,220.6,,1
2022 / 11,Manhattan,10,259.4,240.4,,1
2022 / 11,Manhattan,11,224.4,189.6,,1
2022 / 11,Manhattan,12,401.4,449.5,,1
2022 / 11,Queens,1,573.7,570.9,140.8,4
2022 / 11,Queens,2,551.8,422.2,55.5,4
2022 / 11,Queens,3,327.5,449.3,68.8,4
2022 / 11,Queens,4,299.4,439.1,51.8,4
2022 / 11,Queens,5,584.4,647.2,216.7,4
2022 / 11,Queens,6,343.9,335.9,165.8,4
2022 / 11,Queens,7,917,707.8,381.2,4
2022 / 11,Queens,8,392.9,370.8,216.1,4
2022 / 11,Queens,9,411.4,492.5,276.7,4
2022 / 11,Queens,10,303.2,487.9,219.4,4
2022 / 11,Queens,11,437.1,404.7,418.1,4
2022 / 11,Queens,12,419.1,796.5,544.3,4
2022 / 11,Queens,13,409.1,772.2,329.9,4
2022 / 11,Queens,14,242.1,219.6,127.1,4
2022 / 11,Staten Island,1,601.9,604.2,,5
2022 / 11,Staten Island,2,458,473.6,,5
2022 / 11,Staten Island,3,656.7,601.6,,5
2022 / 10,Bronx,1,239.7,139,,2
2022 / 10,Bronx,2,203.1,191.8,,2
2022 / 10,Bronx,3,130,155.4,,2
2022 / 10,Bronx,4,266.2,335.3,,2
2022 / 10,Bronx,5,225.6,341.4,,2
2022 / 10,Bronx,6,182.8,176.1,,2
2022 / 10,Bronx,7,269.9,409.8,,2
2022 / 10,Bronx,8,285,336.7,31.6,2
2022 / 10,Bronx,9,219.1,341.5,,2
2022 / 10,Bronx,10,280,331.1,,2
2022 / 10,Bronx,11,269,334.3,,2
2022 / 10,Bronx,12,315.8,528.2,,2
2022 / 10,Brooklyn,1,728.1,426.8,19.3,3
2022 / 10,Brooklyn,2,548.8,389.4,52.4,3
2022 / 10,Brooklyn,3,446.7,318.4,,3
2022 / 10,Brooklyn,4,339.3,365.1,,3
2022 / 10,Brooklyn,5,240.4,411.1,,3
2022 / 10,Brooklyn,6,547.3,387.6,95.5,3
2022 / 10,Brooklyn,7,421.9,367.5,48.2,3
2022 / 10,Brooklyn,8,335.3,270.1,,3
2022 / 10,Brooklyn,9,272.1,233.4,,3
2022 / 10,Brooklyn,10,477,430.9,,3
2022 / 10,Brooklyn,11,549.8,503.6,,3
2022 / 10,Brooklyn,12,747.8,367.1,,3
2022 / 10,Brooklyn,13,276.7,220.2,,3
2022 / 10,Brooklyn,14,456.5,422.2,,3
2022 / 10,Brooklyn,15,551,508.5,,3
2022 / 10,Brooklyn,16,138.8,151.3,,3
2022 / 10,Brooklyn,17,296.6,399.7,,3
2022 / 10,Brooklyn,18,530.4,590.2,,3
2022 / 10,Manhattan,1,377.8,231.2,,1
2022 / 10,Manhattan,2,467.3,285.9,,1
2022 / 10,Manhattan,3,474.9,347.5,,1
2022 / 10,Manhattan,4,651.7,335.7,,1
2022 / 10,Manhattan,5,273.9,160.7,,1
2022 / 10,Manhattan,6,770.1,363.5,9.1,1
2022 / 10,Manhattan,7,1014.9,717,48.2,1
2022 / 10,Manhattan,8,1088.8,746.5,,1
2022 / 10,Manhattan,9,271.5,241.9,,1
2022 / 10,Manhattan,10,269.1,247.9,,1
2022 / 10,Manhattan,11,206.5,174.4,,1
2022 / 10,Manhattan,12,405.7,436.7,,1
2022 / 10,Queens,1,618.6,584.6,56.7,4
2022 / 10,Queens,2,559.6,414.4,29.6,4
2022 / 10,Queens,3,343.7,467.2,33,4
2022 / 10,Queens,4,306.9,445.8,26.7,4
2022 / 10,Queens,5,597.6,651.3,104.4,4
2022 / 10,Queens,6,361.2,357.4,64.3,4
2022 / 10,Queens,7,967.1,746.9,181,4
2022 / 10,Queens,8,433.3,386.3,90.2,4
2022 / 10,Queens,9,446.4,513,118.3,4
2022 / 10,Queens,10,340.9,508.8,98.8,4
2022 / 10,Queens,11,458.6,431.4,131.1,4
2022 / 10,Queens,12,459.7,857.2,219.9,4
2022 / 10,Queens,13,454,791.4,173.2,4
2022 / 10,Queens,14,272.7,236.9,70.6,4
2022 / 10,Staten Island,1,656.5,658.8,,5
2022 / 10,Staten Island,2,489.7,481,,5
2022 / 10,Staten Island,3,670.9,616.5,,5
2022 / 09,Bronx,1,268.3,144.1,,2
2022 / 09,Bronx,2,242.6,222.7,,2
2022 / 09,Bronx,3,146.8,154.8,,2
2022 / 09,Bronx,4,272.3,332.6,,2
2022 / 09,Bronx,5,231.1,315,,2
2022 / 09,Bronx,6,209.5,190.9,,2
2022 / 09,Bronx,7,279.9,431.4,,2
2022 / 09,Bronx,8,297.5,341.7,38.7,2
2022 / 09,Bronx,9,220.2,360.4,,2
2022 / 09,Bronx,10,276.7,343.1,,2
2022 / 09,Bronx,11,283.2,345.1,,2
2022 / 09,Bronx,12,344.5,563.1,,2
2022 / 09,Brooklyn,1,810.1,458.1,23.1,3
2022 / 09,Brooklyn,2,569.9,384.2,46.6,3
2022 / 09,Brooklyn,3,503.7,338.3,,3
2022 / 09,Brooklyn,4,352.4,382.8,,3
2022 / 09,Brooklyn,5,271.5,438,,3
2022 / 09,Brooklyn,6,574,400.4,88.5,3
2022 / 09,Brooklyn,7,429.5,374,46.4,3
2022 / 09,Brooklyn,8,355,284.3,,3
2022 / 09,Brooklyn,9,318,260.8,,3
2022 / 09,Brooklyn,10,473.3,455.1,,3
2022 / 09,Brooklyn,11,537.5,527.2,,3
2022 / 09,Brooklyn,12,857,357.2,,3
2022 / 09,Brooklyn,13,280.9,239.9,,3
2022 / 09,Brooklyn,14,443.9,401,,3
2022 / 09,Brooklyn,15,550.4,488.1,,3
2022 / 09,Brooklyn,16,175.2,179.1,,3
2022 / 09,Brooklyn,17,307.9,438.7,,3
2022 / 09,Brooklyn,18,545.5,631.9,,3
2022 / 09,Manhattan,1,426.7,244,,1
2022 / 09,Manhattan,2,450.7,264.9,,1
2022 / 09,Manhattan,3,536.3,364.8,,1
2022 / 09,Manhattan,4,721,367.2,,1
2022 / 09,Manhattan,5,286.5,167.3,,1
2022 / 09,Manhattan,6,864.4,402.2,6.7,1
2022 / 09,Manhattan,7,1053.7,694.2,41.1,1
2022 / 09,Manhattan,8,1087.6,704.5,,1
2022 / 09,Manhattan,9,317.8,267.3,,1
2022 / 09,Manhattan,10,278.1,273,,1
2022 / 09,Manhattan,11,222.7,172.6,,1
2022 / 09,Manhattan,12,443.9,473.4,,1
2022 / 09,Queens,1,617.1,582.3,,4
2022 / 09,Queens,2,593.9,417.6,,4
2022 / 09,Queens,3,365.6,502.9,,4
2022 / 09,Queens,4,333,486.3,,4
2022 / 09,Queens,5,613.4,674.6,,4
2022 / 09,Queens,6,372.6,365,,4
2022 / 09,Queens,7,1001.3,760,,4
2022 / 09,Queens,8,466.9,387.1,,4
2022 / 09,Queens,9,443.2,522,,4
2022 / 09,Queens,10,326.7,513.3,,4
2022 / 09,Queens,11,455.7,443,,4
2022 / 09,Queens,12,472.5,886.1,,4
2022 / 09,Queens,13,464.9,829.6,,4
2022 / 09,Queens,14,268.7,254,,4
2022 / 09,Staten Island,1,658.3,691.1,,5
2022 / 09,Staten Island,2,497.5,511,,5
2022 / 09,Staten Island,3,692.5,685,,5
2022 / 08,Bronx,1,223.6,154.7,,2
2022 / 08,Bronx,2,217,205.5,,2
2022 / 08,Bronx,3,145.4,194.8,,2
2022 / 08,Bronx,4,276.8,362,,2
2022 / 08,Bronx,5,199.8,338.4,,2
2022 / 08,Bronx,6,197.1,221.7,,2
2022 / 08,Bronx,7,267.3,461.9,,2
2022 / 08,Bronx,8,299.3,362.8,30.3,2
2022 / 08,Bronx,9,219.7,365.3,,2
2022 / 08,Bronx,10,262.1,334.1,,2
2022 / 08,Bronx,11,247.8,340.5,,2
2022 / 08,Bronx,12,326.5,586.1,,2
2022 / 08,Brooklyn,1,578.3,430.6,22,3
2022 / 08,Brooklyn,2,503.7,384.7,42.6,3
2022 / 08,Brooklyn,3,400.7,368.8,,3
2022 / 08,Brooklyn,4,329,386,,3
2022 / 08,Brooklyn,5,264,504.2,,3
2022 / 08,Brooklyn,6,455.6,365.5,78.6,3
2022 / 08,Brooklyn,7,377.5,370,39.1,3
2022 / 08,Brooklyn,8,328.8,316.7,,3
2022 / 08,Brooklyn,9,269.2,240.1,,3
2022 / 08,Brooklyn,10,418.1,440.9,,3
2022 / 08,Brooklyn,11,516.1,499.9,,3
2022 / 08,Brooklyn,12,505.6,303.2,,3
2022 / 08,Brooklyn,13,247.7,231.9,,3
2022 / 08,Brooklyn,14,401.1,407.8,,3
2022 / 08,Brooklyn,15,462.3,466,,3
2022 / 08,Brooklyn,16,130.7,157.8,,3
2022 / 08,Brooklyn,17,310,446.4,,3
2022 / 08,Brooklyn,18,494.8,626.1,,3
2022 / 08,Manhattan,1,314.2,194.5,,1
2022 / 08,Manhattan,2,408.4,272.9,,1
2022 / 08,Manhattan,3,489.2,355,,1
2022 / 08,Manhattan,4,608.9,326.3,,1
2022 / 08,Manhattan,5,276.1,172.3,,1
2022 / 08,Manhattan,6,694.5,340.6,8.7,1
2022 / 08,Manhattan,7,885.2,641.1,44.6,1
2022 / 08,Manhattan,8,904.8,629.6,,1
2022 / 08,Manhattan,9,240.8,239.3,,1
2022 / 08,Manhattan,10,270.7,279.4,,1
2022 / 08,Manhattan,11,223.6,187.5,,1
2022 / 08,Manhattan,12,415.3,474.2,,1
2022 / 08,Queens,1,574.6,601.9,,4
2022 / 08,Queens,2,547.1,426.2,,4
2022 / 08,Queens,3,327.4,486.9,,4
2022 / 08,Queens,4,318.7,508.1,,4
2022 / 08,Queens,5,555.8,651.7,,4
2022 / 08,Queens,6,355.8,364.1,,4
2022 / 08,Queens,7,926.3,754.3,,4
2022 / 08,Queens,8,406,396,,4
2022 / 08,Queens,9,403.7,531.6,,4
2022 / 08,Queens,10,320.7,539,,4
2022 / 08,Queens,11,404.9,446.7,,4
2022 / 08,Queens,12,463.2,904.2,,4
2022 / 08,Queens,13,438,854.9,,4
2022 / 08,Queens,14,253,268.1,,4
2022 / 08,Staten Island,1,599.7,729.3,,5
2022 / 08,Staten Island,2,458,523.8,,5
2022 / 08,Staten Island,3,658.3,670.2,,5
2022 / 07,Bronx,1,227.1,140.9,,2
2022 / 07,Bronx,2,211.4,213.6,,2
2022 / 07,Bronx,3,119.1,150.4,,2
2022 / 07,Bronx,4,271.6,334.7,,2
2022 / 07,Bronx,5,212.4,328.5,,2
2022 / 07,Bronx,6,181.9,179.2,,2
2022 / 07,Bronx,7,270.4,426,,2
2022 / 07,Bronx,8,288.2,335.1,31.4,2
2022 / 07,Bronx,9,255.7,376.8,,2
2022 / 07,Bronx,10,298.4,355.1,,2
2022 / 07,Bronx,11,267,345.1,,2
2022 / 07,Bronx,12,338.1,580.6,,2
2022 / 07,Brooklyn,1,573.6,420.7,21.2,3
2022 / 07,Brooklyn,2,485.8,371.2,46.5,3
2022 / 07,Brooklyn,3,366.5,335.8,,3
2022 / 07,Brooklyn,4,345.5,350.3,,3
2022 / 07,Brooklyn,5,254.8,457.1,,3
2022 / 07,Brooklyn,6,461.5,370,81.8,3
2022 / 07,Brooklyn,7,352.8,359,46,3
2022 / 07,Brooklyn,8,292.9,270.7,,3
2022 / 07,Brooklyn,9,290.6,263.5,,3
2022 / 07,Brooklyn,10,409.9,425.5,,3
2022 / 07,Brooklyn,11,549.1,533.4,,3
2022 / 07,Brooklyn,12,492.4,311,,3
2022 / 07,Brooklyn,13,257,229.3,,3
2022 / 07,Brooklyn,14,395.4,394.2,,3
2022 / 07,Brooklyn,15,460.4,453,,3
2022 / 07,Brooklyn,16,150.8,167.2,,3
2022 / 07,Brooklyn,17,299.1,428.2,,3
2022 / 07,Brooklyn,18,497.9,646.2,,3
2022 / 07,Manhattan,1,334.9,226.8,,1
2022 / 07,Manhattan,2,344.1,243.2,,1
2022 / 07,Manhattan,3,479,365.2,,1
2022 / 07,Manhattan,4,629.5,355.2,,1
2022 / 07,Manhattan,5,241.4,156.9,,1
2022 / 07,Manhattan,6,737.9,371.7,8.2,1
2022 / 07,Manhattan,7,898.8,660.2,39.8,1
2022 / 07,Manhattan,8,919.5,658.9,,1
2022 / 07,Manhattan,9,264.2,269.3,,1
2022 / 07,Manhattan,10,269.4,253.2,,1
2022 / 07,Manhattan,11,208.4,172.7,,1
2022 / 07,Manhattan,12,396.9,447.1,,1
2022 / 07,Queens,1,589.5,584,,4
2022 / 07,Queens,2,525.6,417.3,,4
2022 / 07,Queens,3,356.9,487.4,,4
2022 / 07,Queens,4,334.9,512.3,,4
2022 / 07,Queens,5,573.8,664.1,,4
2022 / 07,Queens,6,366.3,359.3,,4
2022 / 07,Queens,7,952.4,778.4,,4
2022 / 07,Queens,8,418,388.7,,4
2022 / 07,Queens,9,396.9,532.7,,4
2022 / 07,Queens,10,332.9,558.9,,4
2022 / 07,Queens,11,411.4,420.6,,4
2022 / 07,Queens,12,480,912.8,,4
2022 / 07,Queens,13,483.8,866.9,,4
2022 / 07,Queens,14,291.6,284.4,,4
2022 / 07,Staten Island,1,608.1,713.8,,5
2022 / 07,Staten Island,2,458.9,527.1,,5
2022 / 07,Staten Island,3,665.3,714.9,,5
2022 / 06,Bronx,1,282.4,143.2,,2
2022 / 06,Bronx,2,272.9,239.5,,2
2022 / 06,Bronx,3,134,171.8,,2
2022 / 06,Bronx,4,311.4,347.9,,2
2022 / 06,Bronx,5,204.4,315.1,,2
2022 / 06,Bronx,6,296,252.8,,2
2022 / 06,Bronx,7,360.2,472.5,,2
2022 / 06,Bronx,8,315.2,358.8,39.5,2
2022 / 06,Bronx,9,252.1,393.8,,2
2022 / 06,Bronx,10,318.8,374.9,,2
2022 / 06,Bronx,11,336.7,380.3,,2
2022 / 06,Bronx,12,399.1,634.5,,2
2022 / 06,Brooklyn,1,756.1,510.9,25.7,3
2022 / 06,Brooklyn,2,563,428.1,52,3
2022 / 06,Brooklyn,3,498,415.4,,3
2022 / 06,Brooklyn,4,387.2,394.8,,3
2022 / 06,Brooklyn,5,293.7,521.5,,3
2022 / 06,Brooklyn,6,566.1,419.1,109.4,3
2022 / 06,Brooklyn,7,398.6,393.7,53.9,3
2022 / 06,Brooklyn,8,345.2,313.3,,3
2022 / 06,Brooklyn,9,365.5,264.4,,3
2022 / 06,Brooklyn,10,454.1,460.3,,3
2022 / 06,Brooklyn,11,633.6,557.6,,3
2022 / 06,Brooklyn,12,687.3,412.6,,3
2022 / 06,Brooklyn,13,302.8,229.6,,3
2022 / 06,Brooklyn,14,446.7,418,,3
2022 / 06,Brooklyn,15,562.2,510.2,,3
2022 / 06,Brooklyn,16,164.2,165.9,,3
2022 / 06,Brooklyn,17,315.4,449.3,,3
2022 / 06,Brooklyn,18,624.1,694.2,,3
2022 / 06,Manhattan,1,374.4,239.8,,1
2022 / 06,Manhattan,2,477.7,306.8,,1
2022 / 06,Manhattan,3,573.6,394.3,,1
2022 / 06,Manhattan,4,673.3,368.3,,1
2022 / 06,Manhattan,5,271,176.5,,1
2022 / 06,Manhattan,6,775.6,392.4,9.8,1
2022 / 06,Manhattan,7,1017.3,724,47.5,1
2022 / 06,Manhattan,8,1015.2,734,,1
2022 / 06,Manhattan,9,285.1,261.3,,1
2022 / 06,Manhattan,10,312.1,265.7,,1
2022 / 06,Manhattan,11,217.4,192.1,,1
2022 / 06,Manhattan,12,493.5,509.4,,1
2022 / 06,Queens,1,669.1,627.5,,4
2022 / 06,Queens,2,601.3,434.2,,4
2022 / 06,Queens,3,386,525.7,,4
2022 / 06,Queens,4,355.6,568.8,,4
2022 / 06,Queens,5,632,715.9,,4
2022 / 06,Queens,6,407,385.4,,4
2022 / 06,Queens,7,1002.4,798.1,,4
2022 / 06,Queens,8,493.3,432.4,,4
2022 / 06,Queens,9,503.2,580.9,,4
2022 / 06,Queens,10,378.8,606,,4
2022 / 06,Queens,11,505.5,473.2,,4
2022 / 06,Queens,12,592.8,989.4,,4
2022 / 06,Queens,13,489,949,,4
2022 / 06,Queens,14,309.6,300,,4
2022 / 06,Staten Island,1,723.2,810.5,,5
2022 / 06,Staten Island,2,562.6,610.2,,5
2022 / 06,Staten Island,3,813.8,817.2,,5
2022 / 05,Bronx,1,237.1,141.1,,2
2022 / 05,Bronx,2,242.6,227.7,,2
2022 / 05,Bronx,3,128.7,155.1,,2
2022 / 05,Bronx,4,303.8,352.3,,2
2022 / 05,Bronx,5,201.8,307.3,,2
2022 / 05,Bronx,6,238.5,227.3,,2
2022 / 05,Bronx,7,314.8,405.9,,2
2022 / 05,Bronx,8,298.1,350.8,35.5,2
2022 / 05,Bronx,9,223.9,350.2,,2
2022 / 05,Bronx,10,284.1,343.3,,2
2022 / 05,Bronx,11,287.3,343.3,,2
2022 / 05,Bronx,12,328,549.9,,2
2022 / 05,Brooklyn,1,690.5,457.8,25.6,3
2022 / 05,Brooklyn,2,519.5,388.3,54.2,3
2022 / 05,Brooklyn,3,481.7,371.2,,3
2022 / 05,Brooklyn,4,345.4,351,,3
2022 / 05,Brooklyn,5,246,459.2,,3
2022 / 05,Brooklyn,6,525.6,392.1,108.5,3
2022 / 05,Brooklyn,7,373.8,358.2,50.5,3
2022 / 05,Brooklyn,8,349.1,308.5,,3
2022 / 05,Brooklyn,9,293.2,247,,3
2022 / 05,Brooklyn,10,425.7,436.8,,3
2022 / 05,Brooklyn,11,569.9,516.1,,3
2022 / 05,Brooklyn,12,680.2,376.1,,3
2022 / 05,Brooklyn,13,280.3,232.5,,3
2022 / 05,Brooklyn,14,429.8,398,,3
2022 / 05,Brooklyn,15,526.1,475.9,,3
2022 / 05,Brooklyn,16,137.1,151.3,,3
2022 / 05,Brooklyn,17,279.5,410.2,,3
2022 / 05,Brooklyn,18,534.6,604,,3
2022 / 05,Manhattan,1,339.8,222.6,,1
2022 / 05,Manhattan,2,428.8,296.2,,1
2022 / 05,Manhattan,3,483.1,331.4,,1
2022 / 05,Manhattan,4,607.7,332,,1
2022 / 05,Manhattan,5,272.8,179.9,,1
2022 / 05,Manhattan,6,720.9,359.1,12.2,1
2022 / 05,Manhattan,7,943.3,697.4,40.6,1
2022 / 05,Manhattan,8,980.1,713.2,,1
2022 / 05,Manhattan,9,254.4,240.7,,1
2022 / 05,Manhattan,10,272.8,248.1,,1
2022 / 05,Manhattan,11,196.9,174.1,,1
2022 / 05,Manhattan,12,426.3,448.2,,1
2022 / 05,Queens,1,581.1,573.5,,4
2022 / 05,Queens,2,545.9,413.7,,4
2022 / 05,Queens,3,333.4,461.1,,4
2022 / 05,Queens,4,309.5,535,,4
2022 / 05,Queens,5,581.5,663.8,,4
2022 / 05,Queens,6,354.4,346.4,,4
2022 / 05,Queens,7,949,738.5,,4
2022 / 05,Queens,8,426.3,380.5,,4
2022 / 05,Queens,9,434.1,525.6,,4
2022 / 05,Queens,10,338.5,531.6,,4
2022 / 05,Queens,11,440.3,435.2,,4
2022 / 05,Queens,12,504.5,883.2,,4
2022 / 05,Queens,13,465.9,827.3,,4
2022 / 05,Queens,14,267.2,246.7,,4
2022 / 05,Staten Island,1,653.9,708.6,,5
2022 / 05,Staten Island,2,512,537,,5
2022 / 05,Staten Island,3,703.6,683.3,,5
2022 / 04,Bronx,1,229.4,133.4,,2
2022 / 04,Bronx,2,273.9,219.8,,2
2022 / 04,Bronx,3,121.3,143.7,,2
2022 / 04,Bronx,4,302.5,344.6,,2
2022 / 04,Bronx,5,201.9,315.5,,2
2022 / 04,Bronx,6,217.3,197.5,,2
2022 / 04,Bronx,7,298.7,439.7,,2
2022 / 04,Bronx,8,295.8,344.1,31.8,2
2022 / 04,Bronx,9,234,355.4,,2
2022 / 04,Bronx,10,292,346,,2
2022 / 04,Bronx,11,293.2,340,,2
2022 / 04,Bronx,12,336.9,557.7,,2
2022 / 04,Brooklyn,1,786.5,482.6,21.3,3
2022 / 04,Brooklyn,2,527.6,406.1,50.7,3
2022 / 04,Brooklyn,3,490.1,357.3,,3
2022 / 04,Brooklyn,4,347.8,366.6,,3
2022 / 04,Brooklyn,5,250.2,433.2,,3
2022 / 04,Brooklyn,6,542.8,405.1,102.5,3
2022 / 04,Brooklyn,7,378.3,362.4,48.8,3
2022 / 04,Brooklyn,8,319.4,281.4,,3
2022 / 04,Brooklyn,9,314.9,268,,3
2022 / 04,Brooklyn,10,431.4,437.7,,3
2022 / 04,Brooklyn,11,573.5,519.7,,3
2022 / 04,Brooklyn,12,871.4,492.8,,3
2022 / 04,Brooklyn,13,281,237.2,,3
2022 / 04,Brooklyn,14,476.6,443.9,,3
2022 / 04,Brooklyn,15,554.3,514.2,,3
2022 / 04,Brooklyn,16,141.8,171.4,,3
2022 / 04,Brooklyn,17,295.8,409.4,,3
2022 / 04,Brooklyn,18,534.7,620.7,,3
2022 / 04,Manhattan,1,375.6,251.7,,1
2022 / 04,Manhattan,2,416.8,291.9,,1
2022 / 04,Manhattan,3,474.8,358,,1
2022 / 04,Manhattan,4,664.3,371.4,,1
2022 / 04,Manhattan,5,265.4,172.4,,1
2022 / 04,Manhattan,6,765.9,401.7,9,1
2022 / 04,Manhattan,7,1010.7,747.2,40.9,1
2022 / 04,Manhattan,8,1037,751.3,,1
2022 / 04,Manhattan,9,274,267.3,,1
2022 / 04,Manhattan,10,290.2,269.7,,1
2022 / 04,Manhattan,11,193.2,166,,1
2022 / 04,Manhattan,12,409.5,444.8,,1
2022 / 04,Queens,1,593.6,586.9,,4
2022 / 04,Queens,2,546.7,413.4,,4
2022 / 04,Queens,3,352.9,485,,4
2022 / 04,Queens,4,301,591.4,,4
2022 / 04,Queens,5,592.6,682.4,,4
2022 / 04,Queens,6,377.8,371.8,,4
2022 / 04,Queens,7,937.1,736.3,,4
2022 / 04,Queens,8,438.3,406.6,,4
2022 / 04,Queens,9,432.6,522.7,,4
2022 / 04,Queens,10,334.8,499,,4
2022 / 04,Queens,11,424.9,415.5,,4
2022 / 04,Queens,12,482.7,854.9,,4
2022 / 04,Queens,13,420.5,785.7,,4
2022 / 04,Queens,14,272.9,247.4,,4
2022 / 04,Staten Island,1,673.5,689.4,,5
2022 / 04,Staten Island,2,505.1,524.3,,5
2022 / 04,Staten Island,3,724.4,676.6,,5
2022 / 03,Bronx,1,221.9,141.2,,2
2022 / 03,Bronx,2,246.8,232.6,,2
2022 / 03,Bronx,3,151.4,178.2,,2
2022 / 03,Bronx,4,310.1,358.7,,2
2022 / 03,Bronx,5,212.8,321.6,,2
2022 / 03,Bronx,6,251.1,246.9,,2
2022 / 03,Bronx,7,305,515.5,,2
2022 / 03,Bronx,8,309,364.5,27.4,2
2022 / 03,Bronx,9,237.9,369.9,,2
2022 / 03,Bronx,10,287.6,343.3,,2
2022 / 03,Bronx,11,304.4,348.3,,2
2022 / 03,Bronx,12,351.8,564.1,,2
2022 / 03,Brooklyn,1,735.5,530.2,21.9,3
2022 / 03,Brooklyn,2,530.2,412.6,43.4,3
2022 / 03,Brooklyn,3,523.3,407.1,,3
2022 / 03,Brooklyn,4,353.1,376.5,,3
2022 / 03,Brooklyn,5,265.8,477,,3
2022 / 03,Brooklyn,6,549.2,408.5,97.1,3
2022 / 03,Brooklyn,7,387.2,378.5,39.2,3
2022 / 03,Brooklyn,8,344.2,307.1,,3
2022 / 03,Brooklyn,9,325.8,269.2,,3
2022 / 03,Brooklyn,10,433.4,456.1,,3
2022 / 03,Brooklyn,11,571.8,528.6,,3
2022 / 03,Brooklyn,12,735.6,429.5,,3
2022 / 03,Brooklyn,13,285.7,232.5,,3
2022 / 03,Brooklyn,14,465.4,412.7,,3
2022 / 03,Brooklyn,15,558.6,507.1,,3
2022 / 03,Brooklyn,16,148.9,171.5,,3
2022 / 03,Brooklyn,17,301.1,431.1,,3
2022 / 03,Brooklyn,18,527.9,604.4,,3
2022 / 03,Manhattan,1,359.6,234.1,,1
2022 / 03,Manhattan,2,456.1,319.6,,1
2022 / 03,Manhattan,3,511.8,373.3,,1
2022 / 03,Manhattan,4,638.7,374.4,,1
2022 / 03,Manhattan,5,301.5,196.5,,1
2022 / 03,Manhattan,6,752.1,401.1,8.7,1
2022 / 03,Manhattan,7,981.1,733.1,37.6,1
2022 / 03,Manhattan,8,1010.2,757.3,,1
2022 / 03,Manhattan,9,254.1,244.5,,1
2022 / 03,Manhattan,10,305.1,281.8,,1
2022 / 03,Manhattan,11,221.3,198.7,,1
2022 / 03,Manhattan,12,472.9,513.4,,1
2022 / 03,Queens,1,630.4,614.3,,4
2022 / 03,Queens,2,581.2,451,,4
2022 / 03,Queens,3,361.4,506.1,,4
2022 / 03,Queens,4,307,633,,4
2022 / 03,Queens,5,600.7,699.5,,4
2022 / 03,Queens,6,382.8,374.7,,4
2022 / 03,Queens,7,939.4,752.9,,4
2022 / 03,Queens,8,454.7,408.3,,4
2022 / 03,Queens,9,435.4,524.8,,4
2022 / 03,Queens,10,345.3,488.4,,4
2022 / 03,Queens,11,445,435.5,,4
2022 / 03,Queens,12,497,871.6,,4
2022 / 03,Queens,13,438.7,800.9,,4
2022 / 03,Queens,14,279.1,250.4,,4
2022 / 03,Staten Island,1,668.9,688.8,,5
2022 / 03,Staten Island,2,501.5,538.3,,5
2022 / 03,Staten Island,3,701.8,656.9,,5
2022 / 02,Bronx,1,209,132.6,,2
2022 / 02,Bronx,2,262.7,215.9,,2
2022 / 02,Bronx,3,114.7,142,,2
2022 / 02,Bronx,4,273.9,316.9,,2
2022 / 02,Bronx,5,231.4,310.9,,2
2022 / 02,Bronx,6,192.2,190.4,,2
2022 / 02,Bronx,7,282,441.9,,2
2022 / 02,Bronx,8,281,345,16,2
2022 / 02,Bronx,9,231.7,343.5,,2
2022 / 02,Bronx,10,295.2,347,,2
2022 / 02,Bronx,11,298.8,325.1,,2
2022 / 02,Bronx,12,352.9,518.4,,2
2022 / 02,Brooklyn,1,734.6,469.2,20.4,3
2022 / 02,Brooklyn,2,506,403.8,35.1,3
2022 / 02,Brooklyn,3,436.8,364.5,,3
2022 / 02,Brooklyn,4,342.2,362.3,,3
2022 / 02,Brooklyn,5,245.1,375.2,,3
2022 / 02,Brooklyn,6,538.5,410.8,69.3,3
2022 / 02,Brooklyn,7,378.8,360,31.6,3
2022 / 02,Brooklyn,8,317.7,272,,3
2022 / 02,Brooklyn,9,298,259,,3
2022 / 02,Brooklyn,10,431.8,434.3,,3
2022 / 02,Brooklyn,11,559.9,527.9,,3
2022 / 02,Brooklyn,12,713.9,375.7,,3
2022 / 02,Brooklyn,13,268.2,223.7,,3
2022 / 02,Brooklyn,14,448.5,399.2,,3
2022 / 02,Brooklyn,15,541.2,484.4,,3
2022 / 02,Brooklyn,16,136.2,155.2,,3
2022 / 02,Brooklyn,17,273.3,398.1,,3
2022 / 02,Brooklyn,18,508.9,565.6,,3
2022 / 02,Manhattan,1,365.3,266.3,,1
2022 / 02,Manhattan,2,411.7,298.7,,1
2022 / 02,Manhattan,3,482.4,350.6,,1
2022 / 02,Manhattan,4,657.1,403.4,,1
2022 / 02,Manhattan,5,262.3,171.7,,1
2022 / 02,Manhattan,6,773.9,419.9,5.3,1
2022 / 02,Manhattan,7,965.6,749.7,32.4,1
2022 / 02,Manhattan,8,1038.3,780.6,,1
2022 / 02,Manhattan,9,275.5,269.1,,1
2022 / 02,Manhattan,10,271,246.2,,1
2022 / 02,Manhattan,11,202.1,171.7,,1
2022 / 02,Manhattan,12,416.9,456.5,,1
2022 / 02,Queens,1,584.2,575,,4
2022 / 02,Queens,2,549.5,430.5,,4
2022 / 02,Queens,3,343.2,471.7,,4
2022 / 02,Queens,4,310.8,510.5,,4
2022 / 02,Queens,5,560.9,656.1,,4
2022 / 02,Queens,6,355.4,355.6,,4
2022 / 02,Queens,7,893,708.4,,4
2022 / 02,Queens,8,426.6,370.8,,4
2022 / 02,Queens,9,424,484.9,,4
2022 / 02,Queens,10,314.6,457.8,,4
2022 / 02,Queens,11,408.7,381.4,,4
2022 / 02,Queens,12,473.3,791,,4
2022 / 02,Queens,13,395.9,734.1,,4
2022 / 02,Queens,14,247.4,217,,4
2022 / 02,Staten Island,1,645.2,628.7,,5
2022 / 02,Staten Island,2,492.4,493.5,,5
2022 / 02,Staten Island,3,692.8,637.6,,5
2022 / 01,Bronx,1,214.5,135.6,,2
2022 / 01,Bronx,2,217.1,207.1,,2
2022 / 01,Bronx,3,122.1,155.3,,2
2022 / 01,Bronx,4,275,341.8,,2
2022 / 01,Bronx,5,223.1,330.2,,2
2022 / 01,Bronx,6,208.7,207.5,,2
2022 / 01,Bronx,7,308,479.4,,2
2022 / 01,Bronx,8,301.6,348.1,14.3,2
2022 / 01,Bronx,9,227.5,343.6,,2
2022 / 01,Bronx,10,289.4,339.7,,2
2022 / 01,Bronx,11,300.8,328.7,,2
2022 / 01,Bronx,12,334,527.2,,2
2022 / 01,Brooklyn,1,714.3,482,17.8,3
2022 / 01,Brooklyn,2,519.6,406.8,28.7,3
2022 / 01,Brooklyn,3,441.4,362.5,,3
2022 / 01,Brooklyn,4,360.9,367.2,,3
2022 / 01,Brooklyn,5,258.7,407,,3
2022 / 01,Brooklyn,6,526.9,403.7,72,3
2022 / 01,Brooklyn,7,376.1,367.8,28.1,3
2022 / 01,Brooklyn,8,331.9,294.8,,3
2022 / 01,Brooklyn,9,274,244.2,,3
2022 / 01,Brooklyn,10,442.3,437.4,,3
2022 / 01,Brooklyn,11,553,506.7,,3
2022 / 01,Brooklyn,12,636,359.9,,3
2022 / 01,Brooklyn,13,278.9,196.9,,3
2022 / 01,Brooklyn,14,447.9,403.1,,3
2022 / 01,Brooklyn,15,518,471.6,,3
2022 / 01,Brooklyn,16,132.1,155.3,,3
2022 / 01,Brooklyn,17,287.2,409.2,,3
2022 / 01,Brooklyn,18,493.3,565.4,,3
2022 / 01,Manhattan,1,347.1,219.1,,1
2022 / 01,Manhattan,2,424.4,294.9,,1
2022 / 01,Manhattan,3,431.2,337.6,,1
2022 / 01,Manhattan,4,588.9,321.3,,1
2022 / 01,Manhattan,5,241.3,172.4,,1
2022 / 01,Manhattan,6,699.6,348.9,5.7,1
2022 / 01,Manhattan,7,960.2,694.3,24.9,1
2022 / 01,Manhattan,8,980.5,705.4,,1
2022 / 01,Manhattan,9,249.4,247,,1
2022 / 01,Manhattan,10,255.9,255.2,,1
2022 / 01,Manhattan,11,201.2,175.5,,1
2022 / 01,Manhattan,12,422.2,463.3,,1
2022 / 01,Queens,1,639.9,615.3,,4
2022 / 01,Queens,2,560.3,436.2,,4
2022 / 01,Queens,3,354.8,485.1,,4
2022 / 01,Queens,4,310.7,513.8,,4
2022 / 01,Queens,5,584.3,661.6,,4
2022 / 01,Queens,6,370.3,366.5,,4
2022 / 01,Queens,7,929.1,729.5,,4
2022 / 01,Queens,8,420.1,371,,4
2022 / 01,Queens,9,433.9,513.1,,4
2022 / 01,Queens,10,335,482.8,,4
2022 / 01,Queens,11,452.1,414.8,,4
2022 / 01,Queens,12,471,789,,4
2022 / 01,Queens,13,423.9,747.9,,4
2022 / 01,Queens,14,265.7,227.2,,4
2022 / 01,Staten Island,1,675,644.6,,5
2022 / 01,Staten Island,2,510,501.8,,5
2022 / 01,Staten Island,3,701.3,622.6,,5
2021 / 12,Bronx,1,251,148.4,,2
2021 / 12,Bronx,2,323,294.3,,2
2021 / 12,Bronx,3,168.3,185,,2
2021 / 12,Bronx,4,342.2,361.1,,2
2021 / 12,Bronx,5,308.4,385.7,,2
2021 / 12,Bronx,6,239.4,235,,2
2021 / 12,Bronx,7,429.1,616.1,,2
2021 / 12,Bronx,8,374.4,392.1,16.4,2
2021 / 12,Bronx,9,304.8,415,,2
2021 / 12,Bronx,10,388.2,409.8,,2
2021 / 12,Bronx,11,367.4,397.4,,2
2021 / 12,Bronx,12,438.5,644.6,,2
2021 / 12,Brooklyn,1,872.5,565.7,14.1,3
2021 / 12,Brooklyn,2,635.5,454.6,29.2,3
2021 / 12,Brooklyn,3,582.7,394.3,,3
2021 / 12,Brooklyn,4,436.1,405.9,,3
2021 / 12,Brooklyn,5,362,495.6,,3
2021 / 12,Brooklyn,6,689.3,475.1,99.9,3
2021 / 12,Brooklyn,7,453.2,420.1,30.5,3
2021 / 12,Brooklyn,8,400.8,331.2,,3
2021 / 12,Brooklyn,9,371.6,314.3,,3
2021 / 12,Brooklyn,10,565.6,515.7,,3
2021 / 12,Brooklyn,11,689.3,578.9,,3
2021 / 12,Brooklyn,12,782.3,447.2,,3
2021 / 12,Brooklyn,13,340.5,249.8,,3
2021 / 12,Brooklyn,14,527.3,450.4,,3
2021 / 12,Brooklyn,15,667.3,554,,3
2021 / 12,Brooklyn,16,178,197.9,,3
2021 / 12,Brooklyn,17,409.1,513.6,,3
2021 / 12,Brooklyn,18,701.5,702.4,,3
2021 / 12,Manhattan,1,469.1,282.6,,1
2021 / 12,Manhattan,2,511.1,330.3,,1
2021 / 12,Manhattan,3,552.6,403.4,,1
2021 / 12,Manhattan,4,811.1,436.7,,1
2021 / 12,Manhattan,5,326.7,201.3,,1
2021 / 12,Manhattan,6,958.8,476.1,4.8,1
2021 / 12,Manhattan,7,1239.3,827.3,14.6,1
2021 / 12,Manhattan,8,1298.4,832.6,,1
2021 / 12,Manhattan,9,322.2,311.7,,1
2021 / 12,Manhattan,10,384.8,318.8,,1
2021 / 12,Manhattan,11,264.3,196.9,,1
2021 / 12,Manhattan,12,582.6,586,,1
2021 / 12,Queens,1,744.7,667.1,,4
2021 / 12,Queens,2,704.7,474.7,,4
2021 / 12,Queens,3,483.9,571.2,,4
2021 / 12,Queens,4,429.6,677.4,,4
2021 / 12,Queens,5,790.5,763.4,,4
2021 / 12,Queens,6,489.1,412.8,,4
2021 / 12,Queens,7,1131.9,814.5,,4
2021 / 12,Queens,8,524.6,409.3,,4
2021 / 12,Queens,9,538.4,555.5,,4
2021 / 12,Queens,10,438.6,534.9,,4
2021 / 12,Queens,11,550.7,454.9,,4
2021 / 12,Queens,12,624.5,922.9,,4
2021 / 12,Queens,13,554.3,871.6,,4
2021 / 12,Queens,14,344.9,281.6,,4
2021 / 12,Staten Island,1,864.1,782.9,,5
2021 / 12,Staten Island,2,677.1,625.7,,5
2021 / 12,Staten Island,3,1007.3,806.7,,5
2021 / 11,Bronx,1,254.9,164.5,,2
2021 / 11,Bronx,2,233.8,200.3,,2
2021 / 11,Bronx,3,139.9,175.4,,2
2021 / 11,Bronx,4,320.4,381.9,,2
2021 / 11,Bronx,5,275.6,378.5,,2
2021 / 11,Bronx,6,213.9,227.9,,2
2021 / 11,Bronx,7,316,482.5,,2
2021 / 11,Bronx,8,334.9,377.1,,2
2021 / 11,Bronx,9,218.2,332.5,,2
2021 / 11,Bronx,10,287.7,336.6,,2
2021 / 11,Bronx,11,291.1,322.2,,2
2021 / 11,Bronx,12,346.8,541.6,,2
2021 / 11,Brooklyn,1,641.4,442.3,,3
2021 / 11,Brooklyn,2,518.1,385.1,,3
2021 / 11,Brooklyn,3,428.7,355.9,,3
2021 / 11,Brooklyn,4,342.3,345.3,,3
2021 / 11,Brooklyn,5,270.9,432.9,,3
2021 / 11,Brooklyn,6,527.9,384.2,79,3
2021 / 11,Brooklyn,7,377.7,369,,3
2021 / 11,Brooklyn,8,363,317.8,,3
2021 / 11,Brooklyn,9,280.1,237.5,,3
2021 / 11,Brooklyn,10,431.9,407.6,,3
2021 / 11,Brooklyn,11,535.9,501.2,,3
2021 / 11,Brooklyn,12,621.5,339.9,,3
2021 / 11,Brooklyn,13,270.3,216,,3
2021 / 11,Brooklyn,14,460,388.2,,3
2021 / 11,Brooklyn,15,513.8,451,,3
2021 / 11,Brooklyn,16,123.7,142.6,,3
2021 / 11,Brooklyn,17,302.2,425.7,,3
2021 / 11,Brooklyn,18,511.8,552.9,,3
2021 / 11,Manhattan,1,354.9,221.9,,1
2021 / 11,Manhattan,2,475.3,302.3,,1
2021 / 11,Manhattan,3,450.2,326.8,,1
2021 / 11,Manhattan,4,608.4,315.2,,1
2021 / 11,Manhattan,5,276.4,178.8,,1
2021 / 11,Manhattan,6,728.2,333.4,,1
2021 / 11,Manhattan,7,995.6,694.5,,1
2021 / 11,Manhattan,8,1057.5,703.9,,1
2021 / 11,Manhattan,9,239.6,220.1,,1
2021 / 11,Manhattan,10,268.8,243.1,,1
2021 / 11,Manhattan,11,201.6,174.3,,1
2021 / 11,Manhattan,12,425.8,434.5,,1
2021 / 11,Queens,1,610.2,596.2,,4
2021 / 11,Queens,2,585.5,399,,4
2021 / 11,Queens,3,329.3,442.3,,4
2021 / 11,Queens,4,310.5,457.9,,4
2021 / 11,Queens,5,580.5,627.1,,4
2021 / 11,Queens,6,369.9,350.3,,4
2021 / 11,Queens,7,936.8,733.6,,4
2021 / 11,Queens,8,420.1,359.4,,4
2021 / 11,Queens,9,429.5,493.6,,4
2021 / 11,Queens,10,342.3,479.2,,4
2021 / 11,Queens,11,438.4,407.1,,4
2021 / 11,Queens,12,494,762.3,,4
2021 / 11,Queens,13,432.2,741,,4
2021 / 11,Queens,14,234.8,204.4,,4
2021 / 11,Staten Island,1,663,647.9,,5
2021 / 11,Staten Island,2,506.3,492.9,,5
2021 / 11,Staten Island,3,679.7,649.4,,5
2021 / 10,Bronx,1,261.8,138,,2
2021 / 10,Bronx,2,274.9,278.4,,2
2021 / 10,Bronx,3,126.3,155.4,,2
2021 / 10,Bronx,4,323.7,378.5,,2
2021 / 10,Bronx,5,274.6,385.3,,2
2021 / 10,Bronx,6,222.1,229.7,,2
2021 / 10,Bronx,7,342.7,551.4,,2
2021 / 10,Bronx,8,328.7,360.1,,2
2021 / 10,Bronx,9,250.4,380.5,,2
2021 / 10,Bronx,10,327.7,390.3,,2
2021 / 10,Bronx,11,322.8,372.8,,2
2021 / 10,Bronx,12,369.7,603,,2
2021 / 10,Brooklyn,1,737.6,490.2,,3
2021 / 10,Brooklyn,2,550.6,404,,3
2021 / 10,Brooklyn,3,501.2,383.8,,3
2021 / 10,Brooklyn,4,380.4,378.8,,3
2021 / 10,Brooklyn,5,275,425.8,,3
2021 / 10,Brooklyn,6,579,418,40,3
2021 / 10,Brooklyn,7,389.8,371,,3
2021 / 10,Brooklyn,8,341.6,289.9,,3
2021 / 10,Brooklyn,9,345.6,272.7,,3
2021 / 10,Brooklyn,10,447.2,409.2,,3
2021 / 10,Brooklyn,11,589.5,559.1,,3
2021 / 10,Brooklyn,12,700.2,423.9,,3
2021 / 10,Brooklyn,13,292.4,240.5,,3
2021 / 10,Brooklyn,14,470.4,401.1,,3
2021 / 10,Brooklyn,15,554.5,491.8,,3
2021 / 10,Brooklyn,16,154.8,171.3,,3
2021 / 10,Brooklyn,17,313,455.9,,3
2021 / 10,Brooklyn,18,539.1,604.2,,3
2021 / 10,Manhattan,1,397.1,253.3,,1
2021 / 10,Manhattan,2,476.4,295.6,,1
2021 / 10,Manhattan,3,536.7,371.6,,1
2021 / 10,Manhattan,4,753.8,400.4,,1
2021 / 10,Manhattan,5,288,168.1,,1
2021 / 10,Manhattan,6,854.7,417.3,,1
2021 / 10,Manhattan,7,1126,752,,1
2021 / 10,Manhattan,8,1210.6,752.9,,1
2021 / 10,Manhattan,9,321.5,307,,1
2021 / 10,Manhattan,10,298.7,273.3,,1
2021 / 10,Manhattan,11,218.6,185.5,,1
2021 / 10,Manhattan,12,452.6,467.1,,1
2021 / 10,Queens,1,636.2,605,,4
2021 / 10,Queens,2,608.6,416.6,,4
2021 / 10,Queens,3,380,504.2,,4
2021 / 10,Queens,4,354,565.5,,4
2021 / 10,Queens,5,643.8,711.5,,4
2021 / 10,Queens,6,405.6,375.6,,4
2021 / 10,Queens,7,1027.9,789.8,,4
2021 / 10,Queens,8,464.8,399.9,,4
2021 / 10,Queens,9,442.2,537.4,,4
2021 / 10,Queens,10,355.6,501.4,,4
2021 / 10,Queens,11,476.9,428.5,,4
2021 / 10,Queens,12,521.1,850,,4
2021 / 10,Queens,13,480.1,797,,4
2021 / 10,Queens,14,279.5,252.6,,4
2021 / 10,Staten Island,1,642.7,626.4,,5
2021 / 10,Staten Island,2,481.2,509.1,,5
2021 / 10,Staten Island,3,647.6,606.3,,5
2021 / 09,Bronx,1,282.5,153.6,,2
2021 / 09,Bronx,2,271.1,258,,2
2021 / 09,Bronx,3,166,224.3,,2
2021 / 09,Bronx,4,334,378.9,,2
2021 / 09,Bronx,5,309.1,387.4,,2
2021 / 09,Bronx,6,303,253.5,,2
2021 / 09,Bronx,7,366.5,566.4,,2
2021 / 09,Bronx,8,353.2,367.7,,2
2021 / 09,Bronx,9,286.3,423.5,,2
2021 / 09,Bronx,10,359.4,431.4,,2
2021 / 09,Bronx,11,353.9,393.7,,2
2021 / 09,Bronx,12,412.4,653.1,,2
2021 / 09,Brooklyn,1,816.1,561.4,,3
2021 / 09,Brooklyn,2,607.6,424.9,,3
2021 / 09,Brooklyn,3,530.3,443.5,,3
2021 / 09,Brooklyn,4,423.5,406.8,,3
2021 / 09,Brooklyn,5,322,501,,3
2021 / 09,Brooklyn,6,622.7,418.8,,3
2021 / 09,Brooklyn,7,441.7,402.3,,3
2021 / 09,Brooklyn,8,376.7,327.1,,3
2021 / 09,Brooklyn,9,355.5,285.3,,3
2021 / 09,Brooklyn,10,508.5,472.6,,3
2021 / 09,Brooklyn,11,632.1,570.7,,3
2021 / 09,Brooklyn,12,791.5,439.8,,3
2021 / 09,Brooklyn,13,287.5,242.6,,3
2021 / 09,Brooklyn,14,475.5,436.8,,3
2021 / 09,Brooklyn,15,565.9,534.9,,3
2021 / 09,Brooklyn,16,197.5,196.4,,3
2021 / 09,Brooklyn,17,337.6,496.7,,3
2021 / 09,Brooklyn,18,586.4,701.3,,3
2021 / 09,Manhattan,1,461.2,240.3,,1
2021 / 09,Manhattan,2,520.9,316.8,,1
2021 / 09,Manhattan,3,608.1,413.9,,1
2021 / 09,Manhattan,4,815.3,386.4,,1
2021 / 09,Manhattan,5,330,185.9,,1
2021 / 09,Manhattan,6,916.4,400.4,,1
2021 / 09,Manhattan,7,1167.8,720.3,,1
2021 / 09,Manhattan,8,1228.1,728.1,,1
2021 / 09,Manhattan,9,370.4,287.1,,1
2021 / 09,Manhattan,10,343.2,287.1,,1
2021 / 09,Manhattan,11,254.8,191.2,,1
2021 / 09,Manhattan,12,548.3,553.4,,1
2021 / 09,Queens,1,701.3,643.8,,4
2021 / 09,Queens,2,670.3,447.2,,4
2021 / 09,Queens,3,425.5,530.5,,4
2021 / 09,Queens,4,398.9,640.2,,4
2021 / 09,Queens,5,727.5,782.5,,4
2021 / 09,Queens,6,436.7,400.3,,4
2021 / 09,Queens,7,1152.9,879,,4
2021 / 09,Queens,8,498.9,434.5,,4
2021 / 09,Queens,9,475.9,584.6,,4
2021 / 09,Queens,10,372.6,546.1,,4
2021 / 09,Queens,11,541.4,491.4,,4
2021 / 09,Queens,12,580.7,948.4,,4
2021 / 09,Queens,13,479,906,,4
2021 / 09,Queens,14,309,288.2,,4
2021 / 09,Staten Island,1,766.7,775.4,,5
2021 / 09,Staten Island,2,527.6,644.9,,5
2021 / 09,Staten Island,3,804.5,782.2,,5
2021 / 08,Bronx,1,280.8,178,,2
2021 / 08,Bronx,2,191.8,235.6,,2
2021 / 08,Bronx,3,149,218.2,,2
2021 / 08,Bronx,4,333.4,407.4,,2
2021 / 08,Bronx,5,258.2,399.3,,2
2021 / 08,Bronx,6,209.7,221.2,,2
2021 / 08,Bronx,7,364.3,561.7,,2
2021 / 08,Bronx,8,324,388.5,,2
2021 / 08,Bronx,9,245.1,388.8,,2
2021 / 08,Bronx,10,299.4,377.3,,2
2021 / 08,Bronx,11,281.5,348,,2
2021 / 08,Bronx,12,372.7,622.2,,2
2021 / 08,Brooklyn,1,699.1,502,,3
2021 / 08,Brooklyn,2,503.8,383.1,,3
2021 / 08,Brooklyn,3,493.1,430.6,,3
2021 / 08,Brooklyn,4,400.7,386.9,,3
2021 / 08,Brooklyn,5,299.7,493.7,,3
2021 / 08,Brooklyn,6,510.9,372.6,,3
2021 / 08,Brooklyn,7,415.2,385.5,,3
2021 / 08,Brooklyn,8,383.4,332.1,,3
2021 / 08,Brooklyn,9,312,245.1,,3
2021 / 08,Brooklyn,10,484.7,445.8,,3
2021 / 08,Brooklyn,11,572,536.1,,3
2021 / 08,Brooklyn,12,679.9,338.6,,3
2021 / 08,Brooklyn,13,255.4,238.8,,3
2021 / 08,Brooklyn,14,485.8,414.5,,3
2021 / 08,Brooklyn,15,497.6,481.2,,3
2021 / 08,Brooklyn,16,140.9,170.2,,3
2021 / 08,Brooklyn,17,334.6,496.4,,3
2021 / 08,Brooklyn,18,542.9,664.3,,3
2021 / 08,Manhattan,1,352.8,208.5,,1
2021 / 08,Manhattan,2,428.9,283,,1
2021 / 08,Manhattan,3,486.8,332,,1
2021 / 08,Manhattan,4,653.8,333.8,,1
2021 / 08,Manhattan,5,290.4,170.6,,1
2021 / 08,Manhattan,6,761.5,345.6,,1
2021 / 08,Manhattan,7,959.8,651.6,,1
2021 / 08,Manhattan,8,962.3,624.7,,1
2021 / 08,Manhattan,9,255.2,241.1,,1
2021 / 08,Manhattan,10,287.1,271.7,,1
2021 / 08,Manhattan,11,208.4,179.3,,1
2021 / 08,Manhattan,12,450.4,485.4,,1
2021 / 08,Queens,1,631.5,618.7,,4
2021 / 08,Queens,2,587.8,411.9,,4
2021 / 08,Queens,3,351.4,485.6,,4
2021 / 08,Queens,4,326.8,636.7,,4
2021 / 08,Queens,5,603.5,673.2,,4
2021 / 08,Queens,6,387.2,372.1,,4
2021 / 08,Queens,7,973.4,771.5,,4
2021 / 08,Queens,8,439.1,396.7,,4
2021 / 08,Queens,9,462.2,572.3,,4
2021 / 08,Queens,10,365.4,548.4,,4
2021 / 08,Queens,11,451.5,437.4,,4
2021 / 08,Queens,12,540.7,913.1,,4
2021 / 08,Queens,13,457.7,884.4,,4
2021 / 08,Queens,14,292.3,270,,4
2021 / 08,Staten Island,1,711.5,727.8,,5
2021 / 08,Staten Island,2,496.5,591.3,,5
2021 / 08,Staten Island,3,702.8,698.3,,5
2021 / 07,Bronx,1,260.5,152.3,,2
2021 / 07,Bronx,2,227.2,279.2,,2
2021 / 07,Bronx,3,140.6,204.2,,2
2021 / 07,Bronx,4,347,405.8,,2
2021 / 07,Bronx,5,294.1,406.4,,2
2021 / 07,Bronx,6,262.7,245.9,,2
2021 / 07,Bronx,7,384.7,578.9,,2
2021 / 07,Bronx,8,336.1,375.3,,2
2021 / 07,Bronx,9,302.7,457.8,,2
2021 / 07,Bronx,10,357.5,458.6,,2
2021 / 07,Bronx,11,341.1,393,,2
2021 / 07,Bronx,12,428.1,681.4,,2
2021 / 07,Brooklyn,1,726.1,565.6,,3
2021 / 07,Brooklyn,2,525.2,417.1,,3
2021 / 07,Brooklyn,3,460,440.3,,3
2021 / 07,Brooklyn,4,440.5,435,,3
2021 / 07,Brooklyn,5,318.4,493.9,,3
2021 / 07,Brooklyn,6,565.9,413,,3
2021 / 07,Brooklyn,7,432,412.6,,3
2021 / 07,Brooklyn,8,341.4,316.6,,3
2021 / 07,Brooklyn,9,337.9,292.3,,3
2021 / 07,Brooklyn,10,515.9,468.2,,3
2021 / 07,Brooklyn,11,622.5,567.1,,3
2021 / 07,Brooklyn,12,581.6,354.6,,3
2021 / 07,Brooklyn,13,292.6,251,,3
2021 / 07,Brooklyn,14,480.1,431,,3
2021 / 07,Brooklyn,15,542.6,507.3,,3
2021 / 07,Brooklyn,16,171.1,210.9,,3
2021 / 07,Brooklyn,17,368.8,527.7,,3
2021 / 07,Brooklyn,18,604.6,742.3,,3
2021 / 07,Manhattan,1,424.5,262.1,,1
2021 / 07,Manhattan,2,410.9,264.5,,1
2021 / 07,Manhattan,3,538,385.8,,1
2021 / 07,Manhattan,4,797.4,408.6,,1
2021 / 07,Manhattan,5,290.9,168,,1
2021 / 07,Manhattan,6,932.5,437.2,,1
2021 / 07,Manhattan,7,1076.7,731.7,,1
2021 / 07,Manhattan,8,1096,715.9,,1
2021 / 07,Manhattan,9,303.5,309.2,,1
2021 / 07,Manhattan,10,325.2,297.2,,1
2021 / 07,Manhattan,11,221.7,190.8,,1
2021 / 07,Manhattan,12,505.5,539.4,,1
2021 / 07,Queens,1,680.2,643.6,,4
2021 / 07,Queens,2,618.2,445.3,,4
2021 / 07,Queens,3,428.3,550.2,,4
2021 / 07,Queens,4,388.8,687.7,,4
2021 / 07,Queens,5,670.5,765.6,,4
2021 / 07,Queens,6,443.8,417.1,,4
2021 / 07,Queens,7,1130.9,865.6,,4
2021 / 07,Queens,8,494.1,447.1,,4
2021 / 07,Queens,9,481.9,617.1,,4
2021 / 07,Queens,10,406.1,615.9,,4
2021 / 07,Queens,11,500.4,475.3,,4
2021 / 07,Queens,12,610.6,1070.6,,4
2021 / 07,Queens,13,519.1,1038.2,,4
2021 / 07,Queens,14,342.4,333.1,,4
2021 / 07,Staten Island,1,798.1,816.1,,5
2021 / 07,Staten Island,2,564.4,671.1,,5
2021 / 07,Staten Island,3,841.2,799.5,,5
2021 / 06,Bronx,1,296.2,178,,2
2021 / 06,Bronx,2,187.8,242,,2
2021 / 06,Bronx,3,195.9,244.3,,2
2021 / 06,Bronx,4,363.6,426.2,,2
2021 / 06,Bronx,5,299,417,,2
2021 / 06,Bronx,6,323.9,303,,2
2021 / 06,Bronx,7,409.7,602.1,,2
2021 / 06,Bronx,8,371.8,421.5,,2
2021 / 06,Bronx,9,297,431.3,,2
2021 / 06,Bronx,10,330.8,433.3,,2
2021 / 06,Bronx,11,364.2,414.5,,2
2021 / 06,Bronx,12,434.9,678.8,,2
2021 / 06,Brooklyn,1,784.5,584.3,,3
2021 / 06,Brooklyn,2,569.1,453.1,,3
2021 / 06,Brooklyn,3,550.5,484.6,,3
2021 / 06,Brooklyn,4,425,422.6,,3
2021 / 06,Brooklyn,5,360.2,533.1,,3
2021 / 06,Brooklyn,6,599.1,441.3,,3
2021 / 06,Brooklyn,7,467.6,435.1,,3
2021 / 06,Brooklyn,8,413.1,385.1,,3
2021 / 06,Brooklyn,9,346.8,281,,3
2021 / 06,Brooklyn,10,568.5,498.9,,3
2021 / 06,Brooklyn,11,638.6,581.3,,3
2021 / 06,Brooklyn,12,684.4,390.7,,3
2021 / 06,Brooklyn,13,333.2,262,,3
2021 / 06,Brooklyn,14,528,464.7,,3
2021 / 06,Brooklyn,15,601.1,548.2,,3
2021 / 06,Brooklyn,16,156.5,198,,3
2021 / 06,Brooklyn,17,364.9,524.9,,3
2021 / 06,Brooklyn,18,640.7,720.9,,3
2021 / 06,Manhattan,1,380.4,239.1,,1
2021 / 06,Manhattan,2,521.1,338.6,,1
2021 / 06,Manhattan,3,545.5,397.4,,1
2021 / 06,Manhattan,4,723.2,367.9,,1
2021 / 06,Manhattan,5,319.8,190.9,,1
2021 / 06,Manhattan,6,808.8,378.8,,1
2021 / 06,Manhattan,7,1076.6,743.3,,1
2021 / 06,Manhattan,8,1129.1,743.6,,1
2021 / 06,Manhattan,9,279.4,263.5,,1
2021 / 06,Manhattan,10,303.5,308,,1
2021 / 06,Manhattan,11,278.7,219.3,,1
2021 / 06,Manhattan,12,538.7,555.8,,1
2021 / 06,Queens,1,717.1,688.5,,4
2021 / 06,Queens,2,658.7,452,,4
2021 / 06,Queens,3,406.2,534.8,,4
2021 / 06,Queens,4,379.4,676,,4
2021 / 06,Queens,5,686,787.6,,4
2021 / 06,Queens,6,433.9,411,,4
2021 / 06,Queens,7,1081.8,840.6,,4
2021 / 06,Queens,8,495.2,439.8,,4
2021 / 06,Queens,9,486.3,648.8,,4
2021 / 06,Queens,10,407.8,654.5,,4
2021 / 06,Queens,11,509.8,496.6,,4
2021 / 06,Queens,12,568.9,1017.6,,4
2021 / 06,Queens,13,530.4,1064.8,,4
2021 / 06,Queens,14,320.3,307.6,,4
2021 / 06,Staten Island,1,807.8,876.2,,5
2021 / 06,Staten Island,2,583.1,707.7,,5
2021 / 06,Staten Island,3,848.5,827.9,,5
2021 / 05,Bronx,1,257.2,156.1,,2
2021 / 05,Bronx,2,183,247,,2
2021 / 05,Bronx,3,147.6,191.9,,2
2021 / 05,Bronx,4,317.6,390.5,,2
2021 / 05,Bronx,5,262.8,386,,2
2021 / 05,Bronx,6,254.3,233.9,,2
2021 / 05,Bronx,7,357.1,527,,2
2021 / 05,Bronx,8,313.9,382.9,,2
2021 / 05,Bronx,9,280.6,414.4,,2
2021 / 05,Bronx,10,327.8,423.4,,2
2021 / 05,Bronx,11,320.3,377.2,,2
2021 / 05,Bronx,12,371.4,616.8,,2
2021 / 05,Brooklyn,1,793.9,544.9,,3
2021 / 05,Brooklyn,2,518.5,427.9,,3
2021 / 05,Brooklyn,3,450.7,422.7,,3
2021 / 05,Brooklyn,4,371.7,407,,3
2021 / 05,Brooklyn,5,292,449.1,,3
2021 / 05,Brooklyn,6,551.8,428.7,,3
2021 / 05,Brooklyn,7,400.8,389,,3
2021 / 05,Brooklyn,8,323,314.3,,3
2021 / 05,Brooklyn,9,311.4,264.7,,3
2021 / 05,Brooklyn,10,488.5,448.9,,3
2021 / 05,Brooklyn,11,560.5,563.8,,3
2021 / 05,Brooklyn,12,659.2,385.6,,3
2021 / 05,Brooklyn,13,291.2,232.6,,3
2021 / 05,Brooklyn,14,470,443.8,,3
2021 / 05,Brooklyn,15,535.2,515.1,,3
2021 / 05,Brooklyn,16,147,193.5,,3
2021 / 05,Brooklyn,17,326.9,472.9,,3
2021 / 05,Brooklyn,18,563.3,661.9,,3
2021 / 05,Manhattan,1,393.6,247.8,,1
2021 / 05,Manhattan,2,464.8,319.2,,1
2021 / 05,Manhattan,3,492.2,373.8,,1
2021 / 05,Manhattan,4,683.9,385.3,,1
2021 / 05,Manhattan,5,267.9,172.6,,1
2021 / 05,Manhattan,6,785.8,399.7,,1
2021 / 05,Manhattan,7,1031.2,744.8,,1
2021 / 05,Manhattan,8,1088.9,761.3,,1
2021 / 05,Manhattan,9,280.2,276.2,,1
2021 / 05,Manhattan,10,269,340.4,,1
2021 / 05,Manhattan,11,230.9,195.9,,1
2021 / 05,Manhattan,12,483.8,506.5,,1
2021 / 05,Queens,1,617,634.6,,4
2021 / 05,Queens,2,550.8,412.4,,4
2021 / 05,Queens,3,367.1,503.7,,4
2021 / 05,Queens,4,333.2,617.1,,4
2021 / 05,Queens,5,603.6,741.6,,4
2021 / 05,Queens,6,385.7,384.6,,4
2021 / 05,Queens,7,959.8,783.9,,4
2021 / 05,Queens,8,432.6,420,,4
2021 / 05,Queens,9,419.5,605.8,,4
2021 / 05,Queens,10,357.3,585,,4
2021 / 05,Queens,11,441.9,457.2,,4
2021 / 05,Queens,12,524.8,953.2,,4
2021 / 05,Queens,13,456,967.7,,4
2021 / 05,Queens,14,301.3,300.2,,4
2021 / 05,Staten Island,1,691,786.4,,5
2021 / 05,Staten Island,2,520.6,650.9,,5
2021 / 05,Staten Island,3,756.7,789.8,,5
2021 / 04,Bronx,1,271,169.7,,2
2021 / 04,Bronx,2,218.7,274.6,,2
2021 / 04,Bronx,3,159.2,192.4,,2
2021 / 04,Bronx,4,321.9,396.5,,2
2021 / 04,Bronx,5,258.3,379.7,,2
2021 / 04,Bronx,6,258.8,237,,2
2021 / 04,Bronx,7,383.7,572.1,,2
2021 / 04,Bronx,8,320.8,394.8,,2
2021 / 04,Bronx,9,289.6,430.5,,2
2021 / 04,Bronx,10,346.9,427.2,,2
2021 / 04,Bronx,11,348.3,393.7,,2
2021 / 04,Bronx,12,412.3,638.4,,2
2021 / 04,Brooklyn,1,841.3,588.1,,3
2021 / 04,Brooklyn,2,532.3,431.5,,3
2021 / 04,Brooklyn,3,472.9,439.1,,3
2021 / 04,Brooklyn,4,412,423.4,,3
2021 / 04,Brooklyn,5,321.5,494.2,,3
2021 / 04,Brooklyn,6,582.6,460.4,,3
2021 / 04,Brooklyn,7,405.1,414.5,,3
2021 / 04,Brooklyn,8,356,335.9,,3
2021 / 04,Brooklyn,9,339.1,292.8,,3
2021 / 04,Brooklyn,10,509.6,474.3,,3
2021 / 04,Brooklyn,11,582.6,593.1,,3
2021 / 04,Brooklyn,12,752.6,431.3,,3
2021 / 04,Brooklyn,13,296.9,262.2,,3
2021 / 04,Brooklyn,14,495,455.7,,3
2021 / 04,Brooklyn,15,556.7,528.6,,3
2021 / 04,Brooklyn,16,167.1,198.9,,3
2021 / 04,Brooklyn,17,350.5,499.6,,3
2021 / 04,Brooklyn,18,594.6,678.8,,3
2021 / 04,Manhattan,1,413,283.8,,1
2021 / 04,Manhattan,2,450.1,317.2,,1
2021 / 04,Manhattan,3,493.6,392.1,,1
2021 / 04,Manhattan,4,720.2,425.2,,1
2021 / 04,Manhattan,5,289,184.2,,1
2021 / 04,Manhattan,6,842.9,443.8,,1
2021 / 04,Manhattan,7,1047.6,784.2,,1
2021 / 04,Manhattan,8,1089.7,769.2,,1
2021 / 04,Manhattan,9,281.8,293.6,,1
2021 / 04,Manhattan,10,317.9,325.7,,1
2021 / 04,Manhattan,11,216.9,191.7,,1
2021 / 04,Manhattan,12,522.1,544.7,,1
2021 / 04,Queens,1,652.3,656.4,,4
2021 / 04,Queens,2,586.3,440.6,,4
2021 / 04,Queens,3,400.6,540.5,,4
2021 / 04,Queens,4,353.5,644.5,,4
2021 / 04,Queens,5,639.4,797.7,,4
2021 / 04,Queens,6,410.2,424.1,,4
2021 / 04,Queens,7,989.1,813,,4
2021 / 04,Queens,8,459.3,440,,4
2021 / 04,Queens,9,424.6,627.7,,4
2021 / 04,Queens,10,354.2,615.5,,4
2021 / 04,Queens,11,464.8,475.4,,4
2021 / 04,Queens,12,546.4,962.2,,4
2021 / 04,Queens,13,468.2,973.5,,4
2021 / 04,Queens,14,307.5,327.5,,4
2021 / 04,Staten Island,1,736.3,808.3,,5
2021 / 04,Staten Island,2,554.4,661.8,,5
2021 / 04,Staten Island,3,808.8,817.7,,5
2021 / 03,Bronx,1,276.2,187.6,,2
2021 / 03,Bronx,2,190.7,253.4,,2
2021 / 03,Bronx,3,193.1,239.3,,2
2021 / 03,Bronx,4,339.7,428.5,,2
2021 / 03,Bronx,5,270.8,409.7,,2
2021 / 03,Bronx,6,312.6,274.2,,2
2021 / 03,Bronx,7,385,595.6,,2
2021 / 03,Bronx,8,362.3,425.6,,2
2021 / 03,Bronx,9,275.3,415,,2
2021 / 03,Bronx,10,323.4,413.2,,2
2021 / 03,Bronx,11,339.2,384,,2
2021 / 03,Bronx,12,404.7,641.6,,2
2021 / 03,Brooklyn,1,882,580.8,,3
2021 / 03,Brooklyn,2,545.2,455.2,,3
2021 / 03,Brooklyn,3,521.3,487.5,,3
2021 / 03,Brooklyn,4,417.3,423.5,,3
2021 / 03,Brooklyn,5,351.8,512.4,,3
2021 / 03,Brooklyn,6,592.8,458.5,,3
2021 / 03,Brooklyn,7,447.3,439.1,,3
2021 / 03,Brooklyn,8,404.9,369.7,,3
2021 / 03,Brooklyn,9,333,292.3,,3
2021 / 03,Brooklyn,10,516.7,508.8,,3
2021 / 03,Brooklyn,11,589.5,590.9,,3
2021 / 03,Brooklyn,12,886.6,518.9,,3
2021 / 03,Brooklyn,13,299.8,262.1,,3
2021 / 03,Brooklyn,14,564.2,513.7,,3
2021 / 03,Brooklyn,15,601.3,588.8,,3
2021 / 03,Brooklyn,16,148.4,196.8,,3
2021 / 03,Brooklyn,17,351.2,490.7,,3
2021 / 03,Brooklyn,18,596.5,668.8,,3
2021 / 03,Manhattan,1,363.6,241.7,,1
2021 / 03,Manhattan,2,489.7,348.8,,1
2021 / 03,Manhattan,3,462.4,397.7,,1
2021 / 03,Manhattan,4,646.6,384.5,,1
2021 / 03,Manhattan,5,288.3,203.4,,1
2021 / 03,Manhattan,6,749.1,391.6,,1
2021 / 03,Manhattan,7,1014.9,774.6,,1
2021 / 03,Manhattan,8,1059.9,776.1,,1
2021 / 03,Manhattan,9,253.2,263.5,,1
2021 / 03,Manhattan,10,303.1,307.3,,1
2021 / 03,Manhattan,11,250.7,226.6,,1
2021 / 03,Manhattan,12,522.4,560.4,,1
2021 / 03,Queens,1,686.4,717,,4
2021 / 03,Queens,2,608.9,474.2,,4
2021 / 03,Queens,3,397.6,553,,4
2021 / 03,Queens,4,364.1,579.1,,4
2021 / 03,Queens,5,656.4,804.2,,4
2021 / 03,Queens,6,427.2,441.7,,4
2021 / 03,Queens,7,1005.8,813.6,,4
2021 / 03,Queens,8,504.4,469.8,,4
2021 / 03,Queens,9,453,642.1,,4
2021 / 03,Queens,10,384.4,610.8,,4
2021 / 03,Queens,11,482.7,483.6,,4
2021 / 03,Queens,12,544.6,952,,4
2021 / 03,Queens,13,463.5,951.9,,4
2021 / 03,Queens,14,305.7,306.5,,4
2021 / 03,Staten Island,1,734.8,793.3,,5
2021 / 03,Staten Island,2,565.6,635.1,,5
2021 / 03,Staten Island,3,767.4,763.5,,5
2021 / 02,Bronx,1,208.5,131.8,,2
2021 / 02,Bronx,2,160.3,192.7,,2
2021 / 02,Bronx,3,141.7,177.6,,2
2021 / 02,Bronx,4,257.7,325.4,,2
2021 / 02,Bronx,5,229.4,309.5,,2
2021 / 02,Bronx,6,192.9,193.2,,2
2021 / 02,Bronx,7,299.2,430.5,,2
2021 / 02,Bronx,8,299.2,360.3,,2
2021 / 02,Bronx,9,221.8,318.4,,2
2021 / 02,Bronx,10,267.2,350.4,,2
2021 / 02,Bronx,11,266.4,314.9,,2
2021 / 02,Bronx,12,315.4,476.1,,2
2021 / 02,Brooklyn,1,689.6,484.8,,3
2021 / 02,Brooklyn,2,460.3,395.6,,3
2021 / 02,Brooklyn,3,385.8,345.4,,3
2021 / 02,Brooklyn,4,350.6,354.8,,3
2021 / 02,Brooklyn,5,245.3,353.4,,3
2021 / 02,Brooklyn,6,497.6,390.8,,3
2021 / 02,Brooklyn,7,350.4,354.6,,3
2021 / 02,Brooklyn,8,286.5,278.8,,3
2021 / 02,Brooklyn,9,240.8,230.1,,3
2021 / 02,Brooklyn,10,424.3,434.1,,3
2021 / 02,Brooklyn,11,507.5,494.6,,3
2021 / 02,Brooklyn,12,634.2,355.2,,3
2021 / 02,Brooklyn,13,239,188.6,,3
2021 / 02,Brooklyn,14,426,375.9,,3
2021 / 02,Brooklyn,15,484.2,456.6,,3
2021 / 02,Brooklyn,16,108.3,166.6,,3
2021 / 02,Brooklyn,17,254.5,380,,3
2021 / 02,Brooklyn,18,433.4,542.6,,3
2021 / 02,Manhattan,1,322.5,235.1,,1
2021 / 02,Manhattan,2,389.8,284.3,,1
2021 / 02,Manhattan,3,399,351.4,,1
2021 / 02,Manhattan,4,613.6,348.4,,1
2021 / 02,Manhattan,5,235.2,166,,1
2021 / 02,Manhattan,6,686.8,395.4,,1
2021 / 02,Manhattan,7,891.5,716.4,,1
2021 / 02,Manhattan,8,948.6,725.7,,1
2021 / 02,Manhattan,9,233.2,246.6,,1
2021 / 02,Manhattan,10,247.9,236.9,,1
2021 / 02,Manhattan,11,203.8,183.7,,1
2021 / 02,Manhattan,12,435.4,472,,1
2021 / 02,Queens,1,573.7,592.5,,4
2021 / 02,Queens,2,497.4,398.6,,4
2021 / 02,Queens,3,350.7,451.2,,4
2021 / 02,Queens,4,317.2,400.6,,4
2021 / 02,Queens,5,522.5,659.5,,4
2021 / 02,Queens,6,361.7,355.2,,4
2021 / 02,Queens,7,851.1,697.9,,4
2021 / 02,Queens,8,389.9,358.5,,4
2021 / 02,Queens,9,345.9,497.7,,4
2021 / 02,Queens,10,295,437.7,,4
2021 / 02,Queens,11,379.7,370.9,,4
2021 / 02,Queens,12,406.2,728.3,,4
2021 / 02,Queens,13,356.3,693.8,,4
2021 / 02,Queens,14,249,211.8,,4
2021 / 02,Staten Island,1,564.1,563.4,,5
2021 / 02,Staten Island,2,448.1,470,,5
2021 / 02,Staten Island,3,622.7,593.5,,5
2021 / 01,Bronx,1,250.7,174.8,,2
2021 / 01,Bronx,2,203.4,251.4,,2
2021 / 01,Bronx,3,148.7,200.4,,2
2021 / 01,Bronx,4,321.9,407.8,,2
2021 / 01,Bronx,5,275.3,406.1,,2
2021 / 01,Bronx,6,244.1,225.4,,2
2021 / 01,Bronx,7,363.7,553.1,,2
2021 / 01,Bronx,8,350,412.4,,2
2021 / 01,Bronx,9,275.7,412.3,,2
2021 / 01,Bronx,10,363.3,454.7,,2
2021 / 01,Bronx,11,335.2,400.1,,2
2021 / 01,Bronx,12,418.6,625.2,,2
2021 / 01,Brooklyn,1,834.8,568.9,,3
2021 / 01,Brooklyn,2,562.5,471.8,,3
2021 / 01,Brooklyn,3,477.1,464.2,,3
2021 / 01,Brooklyn,4,426.7,438.2,,3
2021 / 01,Brooklyn,5,309.2,469.2,,3
2021 / 01,Brooklyn,6,620.7,485.7,,3
2021 / 01,Brooklyn,7,446.5,433.5,,3
2021 / 01,Brooklyn,8,350.5,333.4,,3
2021 / 01,Brooklyn,9,347.7,324.5,,3
2021 / 01,Brooklyn,10,531.7,537.3,,3
2021 / 01,Brooklyn,11,610.1,607.2,,3
2021 / 01,Brooklyn,12,725.9,393.9,,3
2021 / 01,Brooklyn,13,297.5,261.7,,3
2021 / 01,Brooklyn,14,512.2,483.6,,3
2021 / 01,Brooklyn,15,578.3,552.8,,3
2021 / 01,Brooklyn,16,163.1,217.4,,3
2021 / 01,Brooklyn,17,356.9,502.5,,3
2021 / 01,Brooklyn,18,621.4,679,,3
2021 / 01,Manhattan,1,385.3,268.1,,1
2021 / 01,Manhattan,2,404.5,299.5,,1
2021 / 01,Manhattan,3,456.7,395.6,,1
2021 / 01,Manhattan,4,696.5,433.7,,1
2021 / 01,Manhattan,5,260.9,185.9,,1
2021 / 01,Manhattan,6,794.4,442.4,,1
2021 / 01,Manhattan,7,1052.8,816.8,,1
2021 / 01,Manhattan,8,1081.5,819.8,,1
2021 / 01,Manhattan,9,320.4,318,,1
2021 / 01,Manhattan,10,306.6,330.5,,1
2021 / 01,Manhattan,11,232,210.4,,1
2021 / 01,Manhattan,12,510.6,572.4,,1
2021 / 01,Queens,1,694.1,717.8,,4
2021 / 01,Queens,2,586.2,484.4,,4
2021 / 01,Queens,3,448.8,571.3,,4
2021 / 01,Queens,4,363.4,587,,4
2021 / 01,Queens,5,700.2,877.1,,4
2021 / 01,Queens,6,439.5,428.7,,4
2021 / 01,Queens,7,1033.3,830.5,,4
2021 / 01,Queens,8,488.9,436,,4
2021 / 01,Queens,9,445.9,625,,4
2021 / 01,Queens,10,382.2,571.5,,4
2021 / 01,Queens,11,488.8,466.4,,4
2021 / 01,Queens,12,542.5,956.9,,4
2021 / 01,Queens,13,488.2,910.3,,4
2021 / 01,Queens,14,331.3,307.5,,4
2021 / 01,Staten Island,1,773.5,747.6,,5
2021 / 01,Staten Island,2,583,608.6,,5
2021 / 01,Staten Island,3,879.9,779.5,,5
2020 / 12,Bronx,1,261.7,182.2,,2
2020 / 12,Bronx,2,210.7,265.7,,2
2020 / 12,Bronx,3,225.5,259.8,,2
2020 / 12,Bronx,4,349.8,407.6,,2
2020 / 12,Bronx,5,311.9,398.7,,2
2020 / 12,Bronx,6,275.2,274.8,,2
2020 / 12,Bronx,7,431.3,591,,2
2020 / 12,Bronx,8,426.9,473.1,,2
2020 / 12,Bronx,9,319.4,460.1,,2
2020 / 12,Bronx,10,403.7,474.4,,2
2020 / 12,Bronx,11,366.4,453.9,,2
2020 / 12,Bronx,12,488.7,684.6,,2
2020 / 12,Brooklyn,1,937,663.3,,3
2020 / 12,Brooklyn,2,626.9,487.9,,3
2020 / 12,Brooklyn,3,565.3,503.9,,3
2020 / 12,Brooklyn,4,439.9,450.7,,3
2020 / 12,Brooklyn,5,402.8,532.8,,3
2020 / 12,Brooklyn,6,695.8,513.4,,3
2020 / 12,Brooklyn,7,507.8,478.2,,3
2020 / 12,Brooklyn,8,446.5,382.6,,3
2020 / 12,Brooklyn,9,361.2,319.2,,3
2020 / 12,Brooklyn,10,629.7,579.9,,3
2020 / 12,Brooklyn,11,708,644.6,,3
2020 / 12,Brooklyn,12,875.5,450.3,,3
2020 / 12,Brooklyn,13,321.1,241.7,,3
2020 / 12,Brooklyn,14,562.8,480,,3
2020 / 12,Brooklyn,15,685.1,602.6,,3
2020 / 12,Brooklyn,16,187.6,222,,3
2020 / 12,Brooklyn,17,431.2,560.5,,3
2020 / 12,Brooklyn,18,764.2,757.6,,3
2020 / 12,Manhattan,1,401.5,268.2,,1
2020 / 12,Manhattan,2,485.2,347.7,,1
2020 / 12,Manhattan,3,505.4,425,,1
2020 / 12,Manhattan,4,740.6,424.1,,1
2020 / 12,Manhattan,5,296.3,209.6,,1
2020 / 12,Manhattan,6,893.2,478.2,,1
2020 / 12,Manhattan,7,1172,844.6,,1
2020 / 12,Manhattan,8,1259,872.5,,1
2020 / 12,Manhattan,9,291.4,280.8,,1
2020 / 12,Manhattan,10,374,330.1,,1
2020 / 12,Manhattan,11,285.5,238.4,,1
2020 / 12,Manhattan,12,649.9,664.1,,1
2020 / 12,Queens,1,792.9,756,,4
2020 / 12,Queens,2,708.2,534.9,,4
2020 / 12,Queens,3,504.2,637.7,,4
2020 / 12,Queens,4,456.7,697.9,,4
2020 / 12,Queens,5,801.4,920.3,,4
2020 / 12,Queens,6,523.1,467.1,,4
2020 / 12,Queens,7,1198.2,896.9,,4
2020 / 12,Queens,8,556.5,476,,4
2020 / 12,Queens,9,523.5,691.6,,4
2020 / 12,Queens,10,466.4,643.7,,4
2020 / 12,Queens,11,583.5,531.1,,4
2020 / 12,Queens,12,648.6,1024.4,,4
2020 / 12,Queens,13,583.9,1028.1,,4
2020 / 12,Queens,14,364.5,329,,4
2020 / 12,Staten Island,1,879.6,831,,5
2020 / 12,Staten Island,2,736.4,658.9,,5
2020 / 12,Staten Island,3,1058.5,864.6,,5
2020 / 11,Bronx,1,252.2,160.5,,2
2020 / 11,Bronx,2,156.2,210.3,,2
2020 / 11,Bronx,3,160.9,208.6,,2
2020 / 11,Bronx,4,310.9,398.4,,2
2020 / 11,Bronx,5,266.2,378.8,,2
2020 / 11,Bronx,6,208.2,211.8,,2
2020 / 11,Bronx,7,336.4,505.5,,2
2020 / 11,Bronx,8,339.3,382.4,,2
2020 / 11,Bronx,9,251.2,375.9,,2
2020 / 11,Bronx,10,293.7,402.2,,2
2020 / 11,Bronx,11,274,387.4,,2
2020 / 11,Bronx,12,385.7,571.6,,2
2020 / 11,Brooklyn,1,696.8,520.7,,3
2020 / 11,Brooklyn,2,507.5,423,,3
2020 / 11,Brooklyn,3,444.4,437.2,,3
2020 / 11,Brooklyn,4,406.8,412.9,,3
2020 / 11,Brooklyn,5,292.7,454,,3
2020 / 11,Brooklyn,6,564.8,442.3,,3
2020 / 11,Brooklyn,7,418.1,403.5,,3
2020 / 11,Brooklyn,8,354.3,332.7,,3
2020 / 11,Brooklyn,9,304,253.7,,3
2020 / 11,Brooklyn,10,506,475,,3
2020 / 11,Brooklyn,11,570.6,557.3,,3
2020 / 11,Brooklyn,12,655.3,359.1,,3
2020 / 11,Brooklyn,13,256.9,224.4,,3
2020 / 11,Brooklyn,14,495.4,447.5,,3
2020 / 11,Brooklyn,15,554.5,512.7,,3
2020 / 11,Brooklyn,16,130.1,185.7,,3
2020 / 11,Brooklyn,17,338.2,462.8,,3
2020 / 11,Brooklyn,18,573.4,610.8,,3
2020 / 11,Manhattan,1,325.3,226.9,,1
2020 / 11,Manhattan,2,426.4,311.2,,1
2020 / 11,Manhattan,3,426.2,349.6,,1
2020 / 11,Manhattan,4,591.8,351.4,,1
2020 / 11,Manhattan,5,236.1,167.9,,1
2020 / 11,Manhattan,6,705,356,,1
2020 / 11,Manhattan,7,961.1,730.4,,1
2020 / 11,Manhattan,8,1013.6,729.1,,1
2020 / 11,Manhattan,9,257.3,249,,1
2020 / 11,Manhattan,10,268.3,251.3,,1
2020 / 11,Manhattan,11,221.2,191.8,,1
2020 / 11,Manhattan,12,442.3,490.1,,1
2020 / 11,Queens,1,661.9,659.9,,4
2020 / 11,Queens,2,557.5,434.7,,4
2020 / 11,Queens,3,373.5,542.2,,4
2020 / 11,Queens,4,335.9,546.4,,4
2020 / 11,Queens,5,614,738.3,,4
2020 / 11,Queens,6,388.3,382.1,,4
2020 / 11,Queens,7,983.8,760.6,,4
2020 / 11,Queens,8,437.7,408.2,,4
2020 / 11,Queens,9,400.2,616.7,,4
2020 / 11,Queens,10,357.2,563.3,,4
2020 / 11,Queens,11,455.6,446.3,,4
2020 / 11,Queens,12,497.2,859.5,,4
2020 / 11,Queens,13,472.1,840.4,,4
2020 / 11,Queens,14,291.7,279.1,,4
2020 / 11,Staten Island,1,693.3,693,,5
2020 / 11,Staten Island,2,533.7,536.4,,5
2020 / 11,Staten Island,3,755.7,686.4,,5
2020 / 10,Bronx,1,266.9,172.9,,2
2020 / 10,Bronx,2,241.4,298.5,,2
2020 / 10,Bronx,3,162.1,222.2,,2
2020 / 10,Bronx,4,342,418.7,,2
2020 / 10,Bronx,5,288.3,412.8,,2
2020 / 10,Bronx,6,243.7,237.2,,2
2020 / 10,Bronx,7,410,627.6,,2
2020 / 10,Bronx,8,370.7,411.1,,2
2020 / 10,Bronx,9,303.8,449.7,,2
2020 / 10,Bronx,10,349.8,489.3,,2
2020 / 10,Bronx,11,316,454,,2
2020 / 10,Bronx,12,444.6,648.6,,2
2020 / 10,Brooklyn,1,889.1,657.1,,3
2020 / 10,Brooklyn,2,566.2,464.3,,3
2020 / 10,Brooklyn,3,494.6,475.8,,3
2020 / 10,Brooklyn,4,464.2,462.4,,3
2020 / 10,Brooklyn,5,314.3,506,,3
2020 / 10,Brooklyn,6,653,495.2,,3
2020 / 10,Brooklyn,7,456.8,450.2,,3
2020 / 10,Brooklyn,8,364.2,340.7,,3
2020 / 10,Brooklyn,9,373.5,320.6,,3
2020 / 10,Brooklyn,10,558.6,535.2,,3
2020 / 10,Brooklyn,11,669.7,630.7,,3
2020 / 10,Brooklyn,12,783.2,446.2,,3
2020 / 10,Brooklyn,13,296.2,260.8,,3
2020 / 10,Brooklyn,14,533.9,505.8,,3
2020 / 10,Brooklyn,15,626.8,578.7,,3
2020 / 10,Brooklyn,16,161.7,234.5,,3
2020 / 10,Brooklyn,17,372.6,508.4,,3
2020 / 10,Brooklyn,18,650.8,738.2,,3
2020 / 10,Manhattan,1,434.7,294.9,,1
2020 / 10,Manhattan,2,468,327.1,,1
2020 / 10,Manhattan,3,507.8,430,,1
2020 / 10,Manhattan,4,764.8,456.3,,1
2020 / 10,Manhattan,5,298.9,194.4,,1
2020 / 10,Manhattan,6,888.8,482.4,,1
2020 / 10,Manhattan,7,1136.4,831.2,,1
2020 / 10,Manhattan,8,1195.9,863.2,,1
2020 / 10,Manhattan,9,326.1,319.3,,1
2020 / 10,Manhattan,10,310,308.8,,1
2020 / 10,Manhattan,11,235.6,202.1,,1
2020 / 10,Manhattan,12,558.6,580.3,,1
2020 / 10,Queens,1,722.3,712.5,,4
2020 / 10,Queens,2,631,472.8,,4
2020 / 10,Queens,3,446.4,631.3,,4
2020 / 10,Queens,4,386.8,653.2,,4
2020 / 10,Queens,5,702.9,859.4,,4
2020 / 10,Queens,6,455.6,436.2,,4
2020 / 10,Queens,7,1102.2,895,,4
2020 / 10,Queens,8,515.2,483.5,,4
2020 / 10,Queens,9,426.2,711.4,,4
2020 / 10,Queens,10,405.1,603.2,,4
2020 / 10,Queens,11,510.2,500.1,,4
2020 / 10,Queens,12,583.4,1016.4,,4
2020 / 10,Queens,13,560.5,953.6,,4
2020 / 10,Queens,14,352.3,344.3,,4
2020 / 10,Staten Island,1,753.6,884.2,,5
2020 / 10,Staten Island,2,586.3,673.3,,5
2020 / 10,Staten Island,3,846.8,829.4,,5
2020 / 09,Bronx,1,285.6,191,,2
2020 / 09,Bronx,2,202.8,250.8,,2
2020 / 09,Bronx,3,247.9,315,,2
2020 / 09,Bronx,4,374.6,439.7,,2
2020 / 09,Bronx,5,307.9,441.2,,2
2020 / 09,Bronx,6,368.8,308.1,,2
2020 / 09,Bronx,7,419.4,619.3,,2
2020 / 09,Bronx,8,384,445.1,,2
2020 / 09,Bronx,9,293.2,465.4,,2
2020 / 09,Bronx,10,310.4,496.1,,2
2020 / 09,Bronx,11,310,451.4,,2
2020 / 09,Bronx,12,434.2,684.9,,2
2020 / 09,Brooklyn,1,839.7,598.2,,3
2020 / 09,Brooklyn,2,566.1,457.8,,3
2020 / 09,Brooklyn,3,530.7,513.6,,3
2020 / 09,Brooklyn,4,452.9,458,,3
2020 / 09,Brooklyn,5,356.9,550.7,,3
2020 / 09,Brooklyn,6,621.5,450.8,,3
2020 / 09,Brooklyn,7,453.2,450.6,,3
2020 / 09,Brooklyn,8,388.1,381,,3
2020 / 09,Brooklyn,9,346.5,304.4,,3
2020 / 09,Brooklyn,10,536.8,524.6,,3
2020 / 09,Brooklyn,11,644.1,636.2,,3
2020 / 09,Brooklyn,12,857.5,406.9,,3
2020 / 09,Brooklyn,13,282.1,261.5,,3
2020 / 09,Brooklyn,14,491,497.3,,3
2020 / 09,Brooklyn,15,601,557.3,,3
2020 / 09,Brooklyn,16,165.2,220.7,,3
2020 / 09,Brooklyn,17,383.6,547.9,,3
2020 / 09,Brooklyn,18,610.2,737.5,,3
2020 / 09,Manhattan,1,357,224.4,,1
2020 / 09,Manhattan,2,455.4,325.6,,1
2020 / 09,Manhattan,3,502.5,406.7,,1
2020 / 09,Manhattan,4,664.1,383.2,,1
2020 / 09,Manhattan,5,300.8,206.7,,1
2020 / 09,Manhattan,6,754.8,391.2,,1
2020 / 09,Manhattan,7,1010,735.2,,1
2020 / 09,Manhattan,8,1075.1,751.7,,1
2020 / 09,Manhattan,9,318.4,288.9,,1
2020 / 09,Manhattan,10,313.5,323.2,,1
2020 / 09,Manhattan,11,295.2,230.2,,1
2020 / 09,Manhattan,12,551.8,592.7,,1
2020 / 09,Queens,1,727.2,729.2,,4
2020 / 09,Queens,2,607.7,477.4,,4
2020 / 09,Queens,3,433.2,625.9,,4
2020 / 09,Queens,4,377.3,592.7,,4
2020 / 09,Queens,5,662.8,870.1,,4
2020 / 09,Queens,6,436.8,419.6,,4
2020 / 09,Queens,7,1047.4,876.2,,4
2020 / 09,Queens,8,494.7,474.8,,4
2020 / 09,Queens,9,428,748.5,,4
2020 / 09,Queens,10,392.5,611.9,,4
2020 / 09,Queens,11,540.1,524.7,,4
2020 / 09,Queens,12,550.9,1039.3,,4
2020 / 09,Queens,13,547.4,990.4,,4
2020 / 09,Queens,14,320.8,341.9,,4
2020 / 09,Staten Island,1,740.2,892.7,,5
2020 / 09,Staten Island,2,558.3,738.7,,5
2020 / 09,Staten Island,3,800.9,822.4,,5
2020 / 08,Bronx,1,240,182.7,,2
2020 / 08,Bronx,2,186.6,249.4,,2
2020 / 08,Bronx,3,166,246.3,,2
2020 / 08,Bronx,4,345.4,465.6,,2
2020 / 08,Bronx,5,304.2,441.9,,2
2020 / 08,Bronx,6,242.8,260.7,,2
2020 / 08,Bronx,7,389.3,600.6,,2
2020 / 08,Bronx,8,351.9,419.7,,2
2020 / 08,Bronx,9,301,497.7,,2
2020 / 08,Bronx,10,320.5,531.8,,2
2020 / 08,Bronx,11,293,470.5,,2
2020 / 08,Bronx,12,433.3,714.3,,2
2020 / 08,Brooklyn,1,745.7,588.6,,3
2020 / 08,Brooklyn,2,494.6,447.5,,3
2020 / 08,Brooklyn,3,427.8,477.2,,3
2020 / 08,Brooklyn,4,429.1,488,,3
2020 / 08,Brooklyn,5,327.4,535.7,,3
2020 / 08,Brooklyn,6,514.9,430.1,,3
2020 / 08,Brooklyn,7,426.2,457.7,,3
2020 / 08,Brooklyn,8,332.7,361.8,,3
2020 / 08,Brooklyn,9,307.6,283.4,,3
2020 / 08,Brooklyn,10,484.6,515.7,,3
2020 / 08,Brooklyn,11,610,660.7,,3
2020 / 08,Brooklyn,12,622.4,392,,3
2020 / 08,Brooklyn,13,250.5,248,,3
2020 / 08,Brooklyn,14,474.8,506.7,,3
2020 / 08,Brooklyn,15,550,558.2,,3
2020 / 08,Brooklyn,16,152.4,209.8,,3
2020 / 08,Brooklyn,17,369,556.2,,3
2020 / 08,Brooklyn,18,588.2,776.9,,3
2020 / 08,Manhattan,1,300.9,219.1,,1
2020 / 08,Manhattan,2,349.4,295.6,,1
2020 / 08,Manhattan,3,471.3,411,,1
2020 / 08,Manhattan,4,591.5,391.8,,1
2020 / 08,Manhattan,5,227.3,163.6,,1
2020 / 08,Manhattan,6,682.3,398.8,,1
2020 / 08,Manhattan,7,890.3,732.5,,1
2020 / 08,Manhattan,8,866.6,722.1,,1
2020 / 08,Manhattan,9,315.5,310.6,,1
2020 / 08,Manhattan,10,281,302.3,,1
2020 / 08,Manhattan,11,237,223,,1
2020 / 08,Manhattan,12,490.3,556.5,,1
2020 / 08,Queens,1,698.6,738.8,,4
2020 / 08,Queens,2,561.5,475.2,,4
2020 / 08,Queens,3,429.5,635.4,,4
2020 / 08,Queens,4,376.4,577.7,,4
2020 / 08,Queens,5,614.4,867.4,,4
2020 / 08,Queens,6,421.7,424.6,,4
2020 / 08,Queens,7,1040.3,905.8,,4
2020 / 08,Queens,8,478.7,479.9,,4
2020 / 08,Queens,9,449,749.1,,4
2020 / 08,Queens,10,382.5,671,,4
2020 / 08,Queens,11,484.9,520.7,,4
2020 / 08,Queens,12,558.4,1085,,4
2020 / 08,Queens,13,545.6,1019.4,,4
2020 / 08,Queens,14,334.9,362.1,,4
2020 / 08,Staten Island,1,687,911.2,,5
2020 / 08,Staten Island,2,544.4,720.2,,5
2020 / 08,Staten Island,3,750.1,831,,5
2020 / 07,Bronx,1,244,182.3,,2
2020 / 07,Bronx,2,242,297.3,,2
2020 / 07,Bronx,3,208.8,278.8,,2
2020 / 07,Bronx,4,378.5,460.9,,2
2020 / 07,Bronx,5,331.8,435.4,,2
2020 / 07,Bronx,6,278.4,284.7,,2
2020 / 07,Bronx,7,435.2,626.2,,2
2020 / 07,Bronx,8,377.2,443.8,,2
2020 / 07,Bronx,9,322.7,496.6,,2
2020 / 07,Bronx,10,343.1,563.3,,2
2020 / 07,Bronx,11,323.4,517.4,,2
2020 / 07,Bronx,12,500.1,765.4,,2
2020 / 07,Brooklyn,1,755.8,663.2,,3
2020 / 07,Brooklyn,2,507.2,480.9,,3
2020 / 07,Brooklyn,3,492.5,525.9,,3
2020 / 07,Brooklyn,4,477.3,498.5,,3
2020 / 07,Brooklyn,5,399.6,616.5,,3
2020 / 07,Brooklyn,6,556.7,474.7,,3
2020 / 07,Brooklyn,7,456.8,490.4,,3
2020 / 07,Brooklyn,8,353.9,373.5,,3
2020 / 07,Brooklyn,9,360.1,325.4,,3
2020 / 07,Brooklyn,10,532.2,555,,3
2020 / 07,Brooklyn,11,660.9,737.5,,3
2020 / 07,Brooklyn,12,683.7,414.9,,3
2020 / 07,Brooklyn,13,294.9,289.7,,3
2020 / 07,Brooklyn,14,492.8,497.1,,3
2020 / 07,Brooklyn,15,608.1,604.4,,3
2020 / 07,Brooklyn,16,186.7,246.7,,3
2020 / 07,Brooklyn,17,412.5,607.3,,3
2020 / 07,Brooklyn,18,680.1,861.9,,3
2020 / 07,Manhattan,1,327.2,251.1,,1
2020 / 07,Manhattan,2,363.4,301.4,,1
2020 / 07,Manhattan,3,518.7,463.4,,1
2020 / 07,Manhattan,4,676.1,450,,1
2020 / 07,Manhattan,5,248.5,183.8,,1
2020 / 07,Manhattan,6,767.6,456.1,,1
2020 / 07,Manhattan,7,927.2,758.3,,1
2020 / 07,Manhattan,8,963.4,746.5,,1
2020 / 07,Manhattan,9,308.7,345.2,,1
2020 / 07,Manhattan,10,341,339.2,,1
2020 / 07,Manhattan,11,265.8,234.2,,1
2020 / 07,Manhattan,12,591.1,648.2,,1
2020 / 07,Queens,1,730.3,767.6,,4
2020 / 07,Queens,2,619.8,505.8,,4
2020 / 07,Queens,3,487.1,712.3,,4
2020 / 07,Queens,4,440.3,605.2,,4
2020 / 07,Queens,5,660.2,1049.2,,4
2020 / 07,Queens,6,465.8,459,,4
2020 / 07,Queens,7,1113,946.8,,4
2020 / 07,Queens,8,512,516.9,,4
2020 / 07,Queens,9,517,770.5,,4
2020 / 07,Queens,10,428.4,773.3,,4
2020 / 07,Queens,11,503.5,546.6,,4
2020 / 07,Queens,12,628.8,1254.6,,4
2020 / 07,Queens,13,557.4,1167.9,,4
2020 / 07,Queens,14,368.1,399.6,,4
2020 / 07,Staten Island,1,793.3,989.4,,5
2020 / 07,Staten Island,2,606.6,799.2,,5
2020 / 07,Staten Island,3,902.8,961.1,,5
2020 / 06,Bronx,1,283.9,211,,2
2020 / 06,Bronx,2,206.3,268.1,,2
2020 / 06,Bronx,3,240.5,276.5,,2
2020 / 06,Bronx,4,447.1,538.7,,2
2020 / 06,Bronx,5,350.4,470.8,,2
2020 / 06,Bronx,6,287.7,299.4,,2
2020 / 06,Bronx,7,427.7,610.4,,2
2020 / 06,Bronx,8,412.5,487.6,,2
2020 / 06,Bronx,9,326,497.1,,2
2020 / 06,Bronx,10,341.9,580.2,,2
2020 / 06,Bronx,11,360.3,523.7,,2
2020 / 06,Bronx,12,487.1,797.5,,2
2020 / 06,Brooklyn,1,730.3,612.6,,3
2020 / 06,Brooklyn,2,493.5,480.5,,3
2020 / 06,Brooklyn,3,491.5,534.9,,3
2020 / 06,Brooklyn,4,450.8,504.9,,3
2020 / 06,Brooklyn,5,385.2,592.6,,3
2020 / 06,Brooklyn,6,556.8,491.4,,3
2020 / 06,Brooklyn,7,482.4,513.8,,3
2020 / 06,Brooklyn,8,381.9,397.4,,3
2020 / 06,Brooklyn,9,315.8,292.2,,3
2020 / 06,Brooklyn,10,549,596.4,,3
2020 / 06,Brooklyn,11,657.6,746.5,,3
2020 / 06,Brooklyn,12,816.3,448.6,,3
2020 / 06,Brooklyn,13,288.7,287.5,,3
2020 / 06,Brooklyn,14,559.8,543.8,,3
2020 / 06,Brooklyn,15,613.2,633.3,,3
2020 / 06,Brooklyn,16,161.1,217.4,,3
2020 / 06,Brooklyn,17,403.5,609.5,,3
2020 / 06,Brooklyn,18,662.1,842.6,,3
2020 / 06,Manhattan,1,286,224.9,,1
2020 / 06,Manhattan,2,366.3,326.2,,1
2020 / 06,Manhattan,3,430.7,422.8,,1
2020 / 06,Manhattan,4,581.5,381.8,,1
2020 / 06,Manhattan,5,231,183.3,,1
2020 / 06,Manhattan,6,660.3,388.7,,1
2020 / 06,Manhattan,7,913.8,779.2,,1
2020 / 06,Manhattan,8,902.5,747,,1
2020 / 06,Manhattan,9,264.4,291.6,,1
2020 / 06,Manhattan,10,325.9,321.8,,1
2020 / 06,Manhattan,11,236.4,218.5,,1
2020 / 06,Manhattan,12,533.9,585.8,,1
2020 / 06,Queens,1,752.8,835.1,,4
2020 / 06,Queens,2,599.9,511.1,,4
2020 / 06,Queens,3,452.7,672.7,,4
2020 / 06,Queens,4,402.8,575.8,,4
2020 / 06,Queens,5,688.4,1095,,4
2020 / 06,Queens,6,445.1,449.1,,4
2020 / 06,Queens,7,1077.7,1027.2,,4
2020 / 06,Queens,8,512.3,532.7,,4
2020 / 06,Queens,9,530.7,779,,4
2020 / 06,Queens,10,442.3,814.7,,4
2020 / 06,Queens,11,548.3,595.2,,4
2020 / 06,Queens,12,614.8,1253.1,,4
2020 / 06,Queens,13,531.6,1232.2,,4
2020 / 06,Queens,14,360.3,383,,4
2020 / 06,Staten Island,1,803.3,1124.1,,5
2020 / 06,Staten Island,2,620.5,838.6,,5
2020 / 06,Staten Island,3,864.4,981.5,,5
2020 / 05,Bronx,1,226.5,159.2,0.4,2
2020 / 05,Bronx,2,191.5,257.2,,2
2020 / 05,Bronx,3,176.9,247.9,,2
2020 / 05,Bronx,4,332.1,451,0.4,2
2020 / 05,Bronx,5,278.9,402.6,,2
2020 / 05,Bronx,6,230.7,255.1,4.9,2
2020 / 05,Bronx,7,342.8,527.2,,2
2020 / 05,Bronx,8,341.8,420.7,6,2
2020 / 05,Bronx,9,274.4,442.9,,2
2020 / 05,Bronx,10,358,567.3,7.3,2
2020 / 05,Bronx,11,321.1,477.7,9,2
2020 / 05,Bronx,12,417,702.3,12.5,2
2020 / 05,Brooklyn,1,748.9,601.1,1.9,3
2020 / 05,Brooklyn,2,448.3,464,5.1,3
2020 / 05,Brooklyn,3,426.3,465.2,,3
2020 / 05,Brooklyn,4,410.7,479.4,,3
2020 / 05,Brooklyn,5,303,495.6,,3
2020 / 05,Brooklyn,6,514.4,474.7,7.1,3
2020 / 05,Brooklyn,7,415.9,440,1.3,3
2020 / 05,Brooklyn,8,282.4,315.2,,3
2020 / 05,Brooklyn,9,320.3,303.3,,3
2020 / 05,Brooklyn,10,489.8,533.9,4.4,3
2020 / 05,Brooklyn,11,607.5,616.2,3.1,3
2020 / 05,Brooklyn,12,771.5,454,2.7,3
2020 / 05,Brooklyn,13,256,267.3,0.8,3
2020 / 05,Brooklyn,14,473.9,465.7,,3
2020 / 05,Brooklyn,15,563.2,576.7,2.6,3
2020 / 05,Brooklyn,16,164.2,220.4,4.1,3
2020 / 05,Brooklyn,17,343.8,520.4,,3
2020 / 05,Brooklyn,18,599.6,767.5,,3
2020 / 05,Manhattan,1,284.8,245,0.6,1
2020 / 05,Manhattan,2,297.4,278.8,,1
2020 / 05,Manhattan,3,416.4,429,,1
2020 / 05,Manhattan,4,575.8,438.2,1.5,1
2020 / 05,Manhattan,5,212.6,169.1,,1
2020 / 05,Manhattan,6,680.2,465.7,3.6,1
2020 / 05,Manhattan,7,850,758.2,1.6,1
2020 / 05,Manhattan,8,908.5,797.3,0.7,1
2020 / 05,Manhattan,9,287.7,327.6,2,1
2020 / 05,Manhattan,10,299,333.9,0.8,1
2020 / 05,Manhattan,11,218.7,219.7,,1
2020 / 05,Manhattan,12,499.2,582.9,2,1
2020 / 05,Queens,1,619.2,772,,4
2020 / 05,Queens,2,534.8,519,5.4,4
2020 / 05,Queens,3,398.3,607.4,,4
2020 / 05,Queens,4,356.5,536.7,,4
2020 / 05,Queens,5,608.7,1011.3,8.4,4
2020 / 05,Queens,6,412.3,442.4,,4
2020 / 05,Queens,7,1012.9,936.3,9.5,4
2020 / 05,Queens,8,449.3,481.7,3.3,4
2020 / 05,Queens,9,436,679.9,11.4,4
2020 / 05,Queens,10,378.6,675.9,4,4
2020 / 05,Queens,11,476.4,546.1,8.9,4
2020 / 05,Queens,12,546.3,1052.7,,4
2020 / 05,Queens,13,474,1065.8,19.3,4
2020 / 05,Queens,14,335.2,372.1,8.4,4
2020 / 05,Staten Island,1,726,925.8,12.3,5
2020 / 05,Staten Island,2,577.5,716.8,,5
2020 / 05,Staten Island,3,855.9,989,,5
2020 / 04,Bronx,1,161.9,139.6,3.4,2
2020 / 04,Bronx,2,152.3,239.1,,2
2020 / 04,Bronx,3,140.6,235.7,,2
2020 / 04,Bronx,4,228.9,392.9,8.6,2
2020 / 04,Bronx,5,189.1,326.6,,2
2020 / 04,Bronx,6,182,246.2,9.7,2
2020 / 04,Bronx,7,281.3,499.9,,2
2020 / 04,Bronx,8,326.8,419.6,63.4,2
2020 / 04,Bronx,9,214.5,376.6,,2
2020 / 04,Bronx,10,284.4,485,78,2
2020 / 04,Bronx,11,282.2,426.3,66,2
2020 / 04,Bronx,12,357.6,616.3,141.7,2
2020 / 04,Brooklyn,1,716.1,645.2,57.3,3
2020 / 04,Brooklyn,2,450.7,466.2,81.2,3
2020 / 04,Brooklyn,3,419.8,460.3,,3
2020 / 04,Brooklyn,4,345.5,443.4,,3
2020 / 04,Brooklyn,5,261.4,468.7,,3
2020 / 04,Brooklyn,6,506.1,480.6,105.5,3
2020 / 04,Brooklyn,7,390.7,435.7,55.8,3
2020 / 04,Brooklyn,8,288.2,336.9,,3
2020 / 04,Brooklyn,9,290.8,281.7,,3
2020 / 04,Brooklyn,10,480.5,534.7,56.1,3
2020 / 04,Brooklyn,11,560.7,585.2,37.8,3
2020 / 04,Brooklyn,12,765.9,518.8,33.2,3
2020 / 04,Brooklyn,13,219.7,234,19.8,3
2020 / 04,Brooklyn,14,454.2,455.6,,3
2020 / 04,Brooklyn,15,550,592.8,44.8,3
2020 / 04,Brooklyn,16,130.5,186.9,21.1,3
2020 / 04,Brooklyn,17,289.8,460.7,,3
2020 / 04,Brooklyn,18,549.5,690.3,,3
2020 / 04,Manhattan,1,266.3,241.2,13.9,1
2020 / 04,Manhattan,2,316.3,309.5,,1
2020 / 04,Manhattan,3,361.7,427.6,,1
2020 / 04,Manhattan,4,547.7,437.5,27.7,1
2020 / 04,Manhattan,5,198.8,178.6,,1
2020 / 04,Manhattan,6,635.4,435.3,40.2,1
2020 / 04,Manhattan,7,819.9,775.9,30.9,1
2020 / 04,Manhattan,8,856.8,790.8,10.8,1
2020 / 04,Manhattan,9,225.1,294.1,31.5,1
2020 / 04,Manhattan,10,274.7,315.2,15.3,1
2020 / 04,Manhattan,11,203.5,221.1,,1
2020 / 04,Manhattan,12,440.5,591.7,29.9,1
2020 / 04,Queens,1,613.5,775.5,,4
2020 / 04,Queens,2,501.1,497.7,77.3,4
2020 / 04,Queens,3,335.6,567.5,,4
2020 / 04,Queens,4,303.8,473.1,,4
2020 / 04,Queens,5,593,941.9,121.6,4
2020 / 04,Queens,6,394.9,459,,4
2020 / 04,Queens,7,966.8,863,113.2,4
2020 / 04,Queens,8,440.2,482.8,71.7,4
2020 / 04,Queens,9,393.6,623.1,153.9,4
2020 / 04,Queens,10,346.3,586.7,57.6,4
2020 / 04,Queens,11,476.9,542.3,126.8,4
2020 / 04,Queens,12,448.1,959.5,,4
2020 / 04,Queens,13,428.6,926.5,196.5,4
2020 / 04,Queens,14,291.7,316.9,71.3,4
2020 / 04,Staten Island,1,689.6,867.5,169.1,5
2020 / 04,Staten Island,2,565.5,669.6,,5
2020 / 04,Staten Island,3,815.3,907,,5
2020 / 03,Bronx,1,235.9,162.3,4.7,2
2020 / 03,Bronx,2,143.1,229,,2
2020 / 03,Bronx,3,142.6,221,,2
2020 / 03,Bronx,4,278.9,410.5,11.7,2
2020 / 03,Bronx,5,228.4,353,,2
2020 / 03,Bronx,6,209.5,224.1,9.5,2
2020 / 03,Bronx,7,292.2,458.8,,2
2020 / 03,Bronx,8,339.4,410,56.7,2
2020 / 03,Bronx,9,216.1,338.4,,2
2020 / 03,Bronx,10,291.5,412.8,59.1,2
2020 / 03,Bronx,11,296.2,367.1,65.1,2
2020 / 03,Bronx,12,351.9,562.9,115.4,2
2020 / 03,Brooklyn,1,689.2,545.6,51.7,3
2020 / 03,Brooklyn,2,522.2,441.4,79.7,3
2020 / 03,Brooklyn,3,398.9,410.3,,3
2020 / 03,Brooklyn,4,354.6,404.5,,3
2020 / 03,Brooklyn,5,251.1,409.4,,3
2020 / 03,Brooklyn,6,571.5,457.3,115.2,3
2020 / 03,Brooklyn,7,452.6,431.7,57.1,3
2020 / 03,Brooklyn,8,333.5,344.3,,3
2020 / 03,Brooklyn,9,264.9,236.5,,3
2020 / 03,Brooklyn,10,494.2,493.8,66.2,3
2020 / 03,Brooklyn,11,594.8,568.8,42.7,3
2020 / 03,Brooklyn,12,714.4,485.2,40,3
2020 / 03,Brooklyn,13,270.9,229.6,18,3
2020 / 03,Brooklyn,14,516.6,443.6,,3
2020 / 03,Brooklyn,15,601.9,541.7,49,3
2020 / 03,Brooklyn,16,123.5,151.9,18.3,3
2020 / 03,Brooklyn,17,287,429.9,,3
2020 / 03,Brooklyn,18,526.7,609.2,,3
2020 / 03,Manhattan,1,377.9,259.6,20.2,1
2020 / 03,Manhattan,2,463,342.6,,1
2020 / 03,Manhattan,3,456,397,,1
2020 / 03,Manhattan,4,659,394.3,37.3,1
2020 / 03,Manhattan,5,287.5,197.7,,1
2020 / 03,Manhattan,6,781.8,414.5,45.3,1
2020 / 03,Manhattan,7,1080.4,809.8,42.6,1
2020 / 03,Manhattan,8,1128.5,824.2,16.7,1
2020 / 03,Manhattan,9,258.5,268.3,40.8,1
2020 / 03,Manhattan,10,293.9,295.8,17.8,1
2020 / 03,Manhattan,11,204.9,204.8,3.8,1
2020 / 03,Manhattan,12,438.4,504.3,36.4,1
2020 / 03,Queens,1,649.7,704.9,,4
2020 / 03,Queens,2,581.3,474.2,76.6,4
2020 / 03,Queens,3,335.5,488.8,,4
2020 / 03,Queens,4,315.7,428,,4
2020 / 03,Queens,5,602.6,765.3,115.6,4
2020 / 03,Queens,6,411,398.8,,4
2020 / 03,Queens,7,1017.1,788.4,104.6,4
2020 / 03,Queens,8,431.7,421.6,102.9,4
2020 / 03,Queens,9,432,559.5,158.2,4
2020 / 03,Queens,10,351,515.8,54.6,4
2020 / 03,Queens,11,480.1,476,137.6,4
2020 / 03,Queens,12,438.6,837.6,,4
2020 / 03,Queens,13,414.2,818.8,160.3,4
2020 / 03,Queens,14,282.3,266.3,69.5,4
2020 / 03,Staten Island,1,684.6,688.3,110.5,5
2020 / 03,Staten Island,2,562.8,548.1,,5
2020 / 03,Staten Island,3,756,709.1,,5
2020 / 02,Bronx,1,207.3,124.4,5.2,2
2020 / 02,Bronx,2,169.3,219.8,,2
2020 / 02,Bronx,3,122.6,196.8,,2
2020 / 02,Bronx,4,228.4,339.7,11.6,2
2020 / 02,Bronx,5,207.5,302.8,,2
2020 / 02,Bronx,6,168,183.3,9,2
2020 / 02,Bronx,7,258.8,426.4,,2
2020 / 02,Bronx,8,309.3,342.1,42.5,2
2020 / 02,Bronx,9,199.7,308.4,,2
2020 / 02,Bronx,10,256.1,370.2,37,2
2020 / 02,Bronx,11,259.7,333.8,45.6,2
2020 / 02,Bronx,12,302.5,502.5,104.3,2
2020 / 02,Brooklyn,1,614,453.8,44.9,3
2020 / 02,Brooklyn,2,484.5,384.5,62,3
2020 / 02,Brooklyn,3,340,334,,3
2020 / 02,Brooklyn,4,308.7,349,,3
2020 / 02,Brooklyn,5,227.9,345.6,,3
2020 / 02,Brooklyn,6,505.2,396.2,95.5,3
2020 / 02,Brooklyn,7,392.1,362.1,51.3,3
2020 / 02,Brooklyn,8,269.4,262.7,,3
2020 / 02,Brooklyn,9,250.4,221.8,,3
2020 / 02,Brooklyn,10,418,408.6,51.5,3
2020 / 02,Brooklyn,11,523.8,495.2,37.7,3
2020 / 02,Brooklyn,12,615.5,402.8,35.4,3
2020 / 02,Brooklyn,13,235.1,195.9,17.4,3
2020 / 02,Brooklyn,14,436,362.3,,3
2020 / 02,Brooklyn,15,525.9,456.1,51.6,3
2020 / 02,Brooklyn,16,132,146.8,18,3
2020 / 02,Brooklyn,17,269.4,383.7,,3
2020 / 02,Brooklyn,18,461.7,525.5,,3
2020 / 02,Manhattan,1,385.4,263.4,17.3,1
2020 / 02,Manhattan,2,423.4,311.6,,1
2020 / 02,Manhattan,3,485,377,,1
2020 / 02,Manhattan,4,646.8,384.6,32.1,1
2020 / 02,Manhattan,5,257.8,171,,1
2020 / 02,Manhattan,6,768.5,408.4,33.7,1
2020 / 02,Manhattan,7,1031.8,760.3,36.2,1
2020 / 02,Manhattan,8,1084.8,812.3,20.6,1
2020 / 02,Manhattan,9,257.2,271.5,35.1,1
2020 / 02,Manhattan,10,269.3,266.2,16.5,1
2020 / 02,Manhattan,11,192.2,181.5,,1
2020 / 02,Manhattan,12,412.2,476.1,25.4,1
2020 / 02,Queens,1,552.9,580.4,,4
2020 / 02,Queens,2,501.1,388.4,59.7,4
2020 / 02,Queens,3,330.1,440.7,,4
2020 / 02,Queens,4,284.3,384.5,,4
2020 / 02,Queens,5,538.4,654.4,103.3,4
2020 / 02,Queens,6,381.9,341.5,,4
2020 / 02,Queens,7,923,665.1,91.2,4
2020 / 02,Queens,8,394.4,360.1,84.9,4
2020 / 02,Queens,9,373.1,470.2,122.5,4
2020 / 02,Queens,10,297.5,435.2,55.1,4
2020 / 02,Queens,11,417.4,380.9,98.6,4
2020 / 02,Queens,12,394.5,745,,4
2020 / 02,Queens,13,347,719.6,127.2,4
2020 / 02,Queens,14,258,234,49.8,4
2020 / 02,Staten Island,1,619.6,577.3,48.9,5
2020 / 02,Staten Island,2,474.7,437.4,,5
2020 / 02,Staten Island,3,637.9,581.5,,5
2020 / 01,Bronx,1,232.8,144,5.8,2
2020 / 01,Bronx,2,199.4,281.3,,2
2020 / 01,Bronx,3,171.1,239.9,,2
2020 / 01,Bronx,4,260,394.7,14.7,2
2020 / 01,Bronx,5,235,343,,2
2020 / 01,Bronx,6,220.1,239.8,11.8,2
2020 / 01,Bronx,7,320,519.5,,2
2020 / 01,Bronx,8,377.1,416,60.4,2
2020 / 01,Bronx,9,237,365.6,,2
2020 / 01,Bronx,10,339.8,427.6,48.9,2
2020 / 01,Bronx,11,344.2,385.3,57.3,2
2020 / 01,Bronx,12,389,618.1,135,2
2020 / 01,Brooklyn,1,722.8,550.5,53.3,3
2020 / 01,Brooklyn,2,594.8,466.2,80.7,3
2020 / 01,Brooklyn,3,438.2,420.9,,3
2020 / 01,Brooklyn,4,385.3,409.2,,3
2020 / 01,Brooklyn,5,303.7,461.7,,3
2020 / 01,Brooklyn,6,631.7,481.3,115.5,3
2020 / 01,Brooklyn,7,503.9,446.5,58.5,3
2020 / 01,Brooklyn,8,319.8,310.1,,3
2020 / 01,Brooklyn,9,307.5,289,,3
2020 / 01,Brooklyn,10,528.5,502.9,67.9,3
2020 / 01,Brooklyn,11,651.8,614,42,3
2020 / 01,Brooklyn,12,707.8,463.2,40.6,3
2020 / 01,Brooklyn,13,279.6,254.4,19.4,3
2020 / 01,Brooklyn,14,496.7,413.1,,3
2020 / 01,Brooklyn,15,633.7,533.9,56.5,3
2020 / 01,Brooklyn,16,167.5,188,23.7,3
2020 / 01,Brooklyn,17,335.9,474.2,,3
2020 / 01,Brooklyn,18,591.8,644.6,,3
2020 / 01,Manhattan,1,444.1,295.1,19.5,1
2020 / 01,Manhattan,2,493.6,357.8,,1
2020 / 01,Manhattan,3,588.1,450.9,,1
2020 / 01,Manhattan,4,747.7,460.7,35.6,1
2020 / 01,Manhattan,5,298.7,213.8,,1
2020 / 01,Manhattan,6,885.4,487,38.4,1
2020 / 01,Manhattan,7,1158.5,864.7,42.7,1
2020 / 01,Manhattan,8,1263.7,914.2,24,1
2020 / 01,Manhattan,9,302.1,311.4,35.7,1
2020 / 01,Manhattan,10,347.7,350.5,18.4,1
2020 / 01,Manhattan,11,264.8,237.3,,1
2020 / 01,Manhattan,12,525.2,616.8,30,1
2020 / 01,Queens,1,675.5,700.3,,4
2020 / 01,Queens,2,622.4,469.8,75,4
2020 / 01,Queens,3,429,545.7,,4
2020 / 01,Queens,4,383.7,487.1,,4
2020 / 01,Queens,5,700.8,783.3,109.9,4
2020 / 01,Queens,6,478.6,434.2,,4
2020 / 01,Queens,7,1095.6,793.6,109.9,4
2020 / 01,Queens,8,483.6,415.4,104.5,4
2020 / 01,Queens,9,472.1,557.6,164.1,4
2020 / 01,Queens,10,386.4,506.1,56.1,4
2020 / 01,Queens,11,522.5,467.1,120.5,4
2020 / 01,Queens,12,506.3,881.2,,4
2020 / 01,Queens,13,448.6,862.8,172.6,4
2020 / 01,Queens,14,310.3,279.6,58.9,4
2020 / 01,Staten Island,1,755.2,713.9,83.6,5
2020 / 01,Staten Island,2,603.6,553.8,,5
2020 / 01,Staten Island,3,865.3,766.8,,5
2019 / 12,Bronx,1,287.2,178.3,3.5,2
2019 / 12,Bronx,2,191,247.9,,2
2019 / 12,Bronx,3,142,194,,2
2019 / 12,Bronx,4,330.3,401.8,12.5,2
2019 / 12,Bronx,5,268.5,347,,2
2019 / 12,Bronx,6,204.2,194.1,9.1,2
2019 / 12,Bronx,7,347.6,486.6,,2
2019 / 12,Bronx,8,419.4,421.3,74.1,2
2019 / 12,Bronx,9,267.3,365.8,,2
2019 / 12,Bronx,10,366.7,457.4,85.5,2
2019 / 12,Bronx,11,373.9,389.4,76.3,2
2019 / 12,Bronx,12,423.2,610.3,174.4,2
2019 / 12,Brooklyn,1,748.8,515.4,48.4,3
2019 / 12,Brooklyn,2,590.3,409.1,93.3,3
2019 / 12,Brooklyn,3,442.1,397.5,,3
2019 / 12,Brooklyn,4,413.9,379.3,,3
2019 / 12,Brooklyn,5,328.9,433.7,,3
2019 / 12,Brooklyn,6,671.5,458.3,123.7,3
2019 / 12,Brooklyn,7,504.9,423.8,79.6,3
2019 / 12,Brooklyn,8,372.8,317.4,,3
2019 / 12,Brooklyn,9,297,253.3,,3
2019 / 12,Brooklyn,10,605.8,493,83.2,3
2019 / 12,Brooklyn,11,712.3,585.5,44.7,3
2019 / 12,Brooklyn,12,753.4,455.4,80.3,3
2019 / 12,Brooklyn,13,302.6,227.2,22.4,3
2019 / 12,Brooklyn,14,587.7,419.1,,3
2019 / 12,Brooklyn,15,690.5,508.2,61.8,3
2019 / 12,Brooklyn,16,159.6,150.9,21.3,3
2019 / 12,Brooklyn,17,382.6,496.2,,3
2019 / 12,Brooklyn,18,730,662.9,,3
2019 / 12,Manhattan,1,474.9,276.9,18.1,1
2019 / 12,Manhattan,2,536.1,341.9,,1
2019 / 12,Manhattan,3,539.7,376,,1
2019 / 12,Manhattan,4,774.3,391,42.9,1
2019 / 12,Manhattan,5,340.8,203.4,,1
2019 / 12,Manhattan,6,944.8,428.3,37.7,1
2019 / 12,Manhattan,7,1323.4,848.1,35.6,1
2019 / 12,Manhattan,8,1335.7,844.1,19.6,1
2019 / 12,Manhattan,9,297.5,270.2,28.9,1
2019 / 12,Manhattan,10,321.8,290.6,17.9,1
2019 / 12,Manhattan,11,211.1,179,,1
2019 / 12,Manhattan,12,532.4,527.9,31.7,1
2019 / 12,Queens,1,735.3,671.1,,4
2019 / 12,Queens,2,681,436,77.8,4
2019 / 12,Queens,3,440.7,501.5,,4
2019 / 12,Queens,4,385.6,437.1,,4
2019 / 12,Queens,5,783.7,761.7,143.6,4
2019 / 12,Queens,6,485.6,381,,4
2019 / 12,Queens,7,1227.9,778.6,177.6,4
2019 / 12,Queens,8,541.2,416,157.2,4
2019 / 12,Queens,9,540.5,553.4,193.2,4
2019 / 12,Queens,10,479.9,523.4,64.8,4
2019 / 12,Queens,11,576.4,468.8,187.4,4
2019 / 12,Queens,12,575.2,939.1,,4
2019 / 12,Queens,13,529.9,873.9,234.3,4
2019 / 12,Queens,14,357.3,290.8,81,4
2019 / 12,Staten Island,1,876.4,741.3,182.4,5
2019 / 12,Staten Island,2,674.7,554.4,,5
2019 / 12,Staten Island,3,974.5,740.6,,5
2019 / 11,Bronx,1,240.8,135.7,4.9,2
2019 / 11,Bronx,2,151.7,211.1,,2
2019 / 11,Bronx,3,119.7,186.3,,2
2019 / 11,Bronx,4,245.2,360.1,16.1,2
2019 / 11,Bronx,5,221,318.7,,2
2019 / 11,Bronx,6,182.2,181.4,11.7,2
2019 / 11,Bronx,7,263,419.6,,2
2019 / 11,Bronx,8,343.1,346,99.4,2
2019 / 11,Bronx,9,195,309.1,,2
2019 / 11,Bronx,10,271.7,385.1,128.6,2
2019 / 11,Bronx,11,295.9,323.9,145.6,2
2019 / 11,Bronx,12,329.5,533.6,286.3,2
2019 / 11,Brooklyn,1,621.6,426.8,57.1,3
2019 / 11,Brooklyn,2,517.8,404,101.2,3
2019 / 11,Brooklyn,3,359.8,330.4,,3
2019 / 11,Brooklyn,4,349.1,351.7,,3
2019 / 11,Brooklyn,5,240,355,,3
2019 / 11,Brooklyn,6,575.4,414.1,149.3,3
2019 / 11,Brooklyn,7,420.3,380.6,83,3
2019 / 11,Brooklyn,8,283.5,250.8,,3
2019 / 11,Brooklyn,9,267.6,253.2,,3
2019 / 11,Brooklyn,10,452,421.5,104,3
2019 / 11,Brooklyn,11,540.7,486.5,61.7,3
2019 / 11,Brooklyn,12,622.5,400.3,101.1,3
2019 / 11,Brooklyn,13,258,212.6,30.4,3
2019 / 11,Brooklyn,14,465.3,375.8,,3
2019 / 11,Brooklyn,15,542.2,449.3,99,3
2019 / 11,Brooklyn,16,135.9,161.2,31.2,3
2019 / 11,Brooklyn,17,292.9,398.4,,3
2019 / 11,Brooklyn,18,497.6,541.6,,3
2019 / 11,Manhattan,1,426.4,269.9,21.2,1
2019 / 11,Manhattan,2,471.8,316,,1
2019 / 11,Manhattan,3,510.8,374.3,,1
2019 / 11,Manhattan,4,718.1,391,42.5,1
2019 / 11,Manhattan,5,290.4,180.4,,1
2019 / 11,Manhattan,6,855,413,52.5,1
2019 / 11,Manhattan,7,1168,770.9,38.8,1
2019 / 11,Manhattan,8,1273.9,820.4,26.9,1
2019 / 11,Manhattan,9,299.7,273.6,30.8,1
2019 / 11,Manhattan,10,294.1,253.3,16.2,1
2019 / 11,Manhattan,11,196.5,181.6,,1
2019 / 11,Manhattan,12,416.7,463.9,36.9,1
2019 / 11,Queens,1,600.9,604.1,,4
2019 / 11,Queens,2,561.9,403.8,86.5,4
2019 / 11,Queens,3,331.9,438.8,,4
2019 / 11,Queens,4,298.5,394.8,,4
2019 / 11,Queens,5,581.7,674.9,220.9,4
2019 / 11,Queens,6,385.2,340.6,,4
2019 / 11,Queens,7,993.8,667,322.6,4
2019 / 11,Queens,8,441.7,366.5,185.8,4
2019 / 11,Queens,9,404.3,482.8,270.6,4
2019 / 11,Queens,10,331.4,441.9,88.5,4
2019 / 11,Queens,11,443.7,388.4,356.4,4
2019 / 11,Queens,12,438.8,748.7,,4
2019 / 11,Queens,13,417.2,718.4,342.6,4
2019 / 11,Queens,14,266.2,240.5,100.2,4
2019 / 11,Staten Island,1,662.7,579.3,321,5
2019 / 11,Staten Island,2,491.8,461.5,,5
2019 / 11,Staten Island,3,672.7,631.5,,5
2019 / 10,Bronx,1,220.9,132.9,4.6,2
2019 / 10,Bronx,2,210.7,332.2,,2
2019 / 10,Bronx,3,107.9,181.4,,2
2019 / 10,Bronx,4,225.1,340.2,14.6,2
2019 / 10,Bronx,5,201.2,300.8,,2
2019 / 10,Bronx,6,174.1,196.2,9.5,2
2019 / 10,Bronx,7,281.9,450.3,,2
2019 / 10,Bronx,8,329.5,355.3,58.2,2
2019 / 10,Bronx,9,204,331.2,,2
2019 / 10,Bronx,10,276.1,387,91.4,2
2019 / 10,Bronx,11,297.6,344.4,102.2,2
2019 / 10,Bronx,12,337.5,535.7,183.6,2
2019 / 10,Brooklyn,1,673.9,508.4,48.1,3
2019 / 10,Brooklyn,2,531,391.5,69.6,3
2019 / 10,Brooklyn,3,380,353.6,,3
2019 / 10,Brooklyn,4,352.9,349.9,,3
2019 / 10,Brooklyn,5,246.2,389.1,,3
2019 / 10,Brooklyn,6,569.3,407.1,110.9,3
2019 / 10,Brooklyn,7,404.9,390.4,71.6,3
2019 / 10,Brooklyn,8,298.1,271.4,,3
2019 / 10,Brooklyn,9,262.1,223.5,,3
2019 / 10,Brooklyn,10,457.3,422.1,74.1,3
2019 / 10,Brooklyn,11,547.9,514.6,51.6,3
2019 / 10,Brooklyn,12,628.8,451.2,63.7,3
2019 / 10,Brooklyn,13,245.3,209.7,22.1,3
2019 / 10,Brooklyn,14,449.5,369.7,,3
2019 / 10,Brooklyn,15,561.9,482.2,78.5,3
2019 / 10,Brooklyn,16,143.1,153.7,27.9,3
2019 / 10,Brooklyn,17,290.3,413.9,,3
2019 / 10,Brooklyn,18,503.4,566,,3
2019 / 10,Manhattan,1,433.8,275.5,22.2,1
2019 / 10,Manhattan,2,490.9,325.3,,1
2019 / 10,Manhattan,3,519.7,383.1,,1
2019 / 10,Manhattan,4,722.8,404.4,44.7,1
2019 / 10,Manhattan,5,296,187.4,,1
2019 / 10,Manhattan,6,898.9,445.9,45.9,1
2019 / 10,Manhattan,7,1141.7,767.8,37.9,1
2019 / 10,Manhattan,8,1221.5,810.5,20.4,1
2019 / 10,Manhattan,9,270.9,260.5,27.9,1
2019 / 10,Manhattan,10,285.4,297.6,,1
2019 / 10,Manhattan,11,203.3,181.2,,1
2019 / 10,Manhattan,12,464.9,499,32.2,1
2019 / 10,Queens,1,609.1,612.7,,4
2019 / 10,Queens,2,598,410.4,71.9,4
2019 / 10,Queens,3,355.6,458.5,,4
2019 / 10,Queens,4,310.2,428.3,,4
2019 / 10,Queens,5,602.2,682.1,157.8,4
2019 / 10,Queens,6,390.7,347,,4
2019 / 10,Queens,7,989.1,688.5,129.8,4
2019 / 10,Queens,8,446.4,390.5,74,4
2019 / 10,Queens,9,428,504.1,184.4,4
2019 / 10,Queens,10,353.4,461.1,52,4
2019 / 10,Queens,11,454.2,413.9,171.3,4
2019 / 10,Queens,12,469.7,800.1,,4
2019 / 10,Queens,13,457.2,740.4,225.5,4
2019 / 10,Queens,14,277.5,257.2,83.7,4
2019 / 10,Staten Island,1,667.6,630.7,171.1,5
2019 / 10,Staten Island,2,525.7,505.1,,5
2019 / 10,Staten Island,3,694.1,669.4,,5
2019 / 09,Bronx,1,254.6,138.7,4,2
2019 / 09,Bronx,2,203.8,257.4,,2
2019 / 09,Bronx,3,125.1,193.2,,2
2019 / 09,Bronx,4,247.3,353.5,17.1,2
2019 / 09,Bronx,5,198.4,313.3,,2
2019 / 09,Bronx,6,207.4,185.5,9.1,2
2019 / 09,Bronx,7,278.6,444.8,,2
2019 / 09,Bronx,8,328.2,344.6,49.2,2
2019 / 09,Bronx,9,190.3,317.4,,2
2019 / 09,Bronx,10,255.8,383.8,85.2,2
2019 / 09,Bronx,11,291.7,328.4,82.7,2
2019 / 09,Bronx,12,322.3,547,188.5,2
2019 / 09,Brooklyn,1,689,475.2,47.6,3
2019 / 09,Brooklyn,2,523,374.9,71.2,3
2019 / 09,Brooklyn,3,402,363.7,,3
2019 / 09,Brooklyn,4,371.8,368.2,,3
2019 / 09,Brooklyn,5,252.3,403.2,,3
2019 / 09,Brooklyn,6,566.1,398.1,107.2,3
2019 / 09,Brooklyn,7,452.6,391,66.2,3
2019 / 09,Brooklyn,8,312.6,283.9,,3
2019 / 09,Brooklyn,9,261.9,218.2,,3
2019 / 09,Brooklyn,10,457.1,424.1,81.6,3
2019 / 09,Brooklyn,11,544,514.2,52.4,3
2019 / 09,Brooklyn,12,699.5,426.5,54.3,3
2019 / 09,Brooklyn,13,253.9,209.1,23.9,3
2019 / 09,Brooklyn,14,509.3,378.6,,3
2019 / 09,Brooklyn,15,601.1,475.5,73.2,3
2019 / 09,Brooklyn,16,133.5,160.8,27.8,3
2019 / 09,Brooklyn,17,309.8,439.1,,3
2019 / 09,Brooklyn,18,510.8,593.4,,3
2019 / 09,Manhattan,1,428.5,252.8,25.4,1
2019 / 09,Manhattan,2,493,311.2,,1
2019 / 09,Manhattan,3,534.1,374.3,,1
2019 / 09,Manhattan,4,709.5,361,46.8,1
2019 / 09,Manhattan,5,288.2,168.9,,1
2019 / 09,Manhattan,6,844.3,385.9,40.9,1
2019 / 09,Manhattan,7,1145,733.2,42.9,1
2019 / 09,Manhattan,8,1200.4,727,24.2,1
2019 / 09,Manhattan,9,308.6,247.4,30.1,1
2019 / 09,Manhattan,10,276.2,285.5,,1
2019 / 09,Manhattan,11,208.1,173.8,,1
2019 / 09,Manhattan,12,440.9,466.4,37.9,1
2019 / 09,Queens,1,584.4,597.3,,4
2019 / 09,Queens,2,601.7,409.1,71.2,4
2019 / 09,Queens,3,342.7,448.3,,4
2019 / 09,Queens,4,303.6,409.4,,4
2019 / 09,Queens,5,592.5,692.4,149.7,4
2019 / 09,Queens,6,397.6,339.2,,4
2019 / 09,Queens,7,966.5,672.4,135.5,4
2019 / 09,Queens,8,466.3,383.9,57.4,4
2019 / 09,Queens,9,445,514.9,152.3,4
2019 / 09,Queens,10,355.5,483.4,42.9,4
2019 / 09,Queens,11,464.1,407.4,98.7,4
2019 / 09,Queens,12,484.2,801.5,,4
2019 / 09,Queens,13,460.5,756.4,225.3,4
2019 / 09,Queens,14,283.8,264.7,75.5,4
2019 / 09,Staten Island,1,690.2,652,182.2,5
2019 / 09,Staten Island,2,526.8,517.8,,5
2019 / 09,Staten Island,3,672.1,675.8,,5
2019 / 08,Bronx,1,227.7,145.8,4.9,2
2019 / 08,Bronx,2,213.3,305.5,,2
2019 / 08,Bronx,3,112.5,196.5,,2
2019 / 08,Bronx,4,248.1,359.9,12.8,2
2019 / 08,Bronx,5,194.3,325.4,,2
2019 / 08,Bronx,6,163.4,188.5,11,2
2019 / 08,Bronx,7,274.6,472.2,,2
2019 / 08,Bronx,8,311.1,356.8,64.4,2
2019 / 08,Bronx,9,230.5,374,,2
2019 / 08,Bronx,10,304.8,434.1,110.5,2
2019 / 08,Bronx,11,294.3,369.1,107.8,2
2019 / 08,Bronx,12,376.1,623.5,238.5,2
2019 / 08,Brooklyn,1,622.5,503.6,49.4,3
2019 / 08,Brooklyn,2,527.3,391.5,79,3
2019 / 08,Brooklyn,3,359.8,384.9,,3
2019 / 08,Brooklyn,4,384.9,409.7,,3
2019 / 08,Brooklyn,5,262,429.4,,3
2019 / 08,Brooklyn,6,536.1,403.3,99.2,3
2019 / 08,Brooklyn,7,399.5,408.1,69.7,3
2019 / 08,Brooklyn,8,282.2,277.8,,3
2019 / 08,Brooklyn,9,287.3,255.9,,3
2019 / 08,Brooklyn,10,479,448.4,86.5,3
2019 / 08,Brooklyn,11,585.5,554,57.3,3
2019 / 08,Brooklyn,12,543.6,382.8,55.8,3
2019 / 08,Brooklyn,13,263.1,236.1,26.2,3
2019 / 08,Brooklyn,14,434.9,378,,3
2019 / 08,Brooklyn,15,521.6,474.9,91.2,3
2019 / 08,Brooklyn,16,149.1,187.3,32.4,3
2019 / 08,Brooklyn,17,318.4,480.8,,3
2019 / 08,Brooklyn,18,552,668.3,,3
2019 / 08,Manhattan,1,425.3,284.1,23.4,1
2019 / 08,Manhattan,2,412.1,295.7,,1
2019 / 08,Manhattan,3,559.3,429.7,,1
2019 / 08,Manhattan,4,760,437.1,45.4,1
2019 / 08,Manhattan,5,275.8,184.3,,1
2019 / 08,Manhattan,6,906.7,462.5,49.5,1
2019 / 08,Manhattan,7,1096.7,759.6,40.6,1
2019 / 08,Manhattan,8,1133.5,756.4,25.5,1
2019 / 08,Manhattan,9,326.9,300.7,24.2,1
2019 / 08,Manhattan,10,314.5,302.3,,1
2019 / 08,Manhattan,11,210.4,184.4,,1
2019 / 08,Manhattan,12,477.5,521.5,37.3,1
2019 / 08,Queens,1,582,617.1,,4
2019 / 08,Queens,2,555.6,427,84.2,4
2019 / 08,Queens,3,385.7,502.8,,4
2019 / 08,Queens,4,344.3,449.8,,4
2019 / 08,Queens,5,611.1,751.9,167,4
2019 / 08,Queens,6,416.2,377.2,,4
2019 / 08,Queens,7,1031,744.7,137.4,4
2019 / 08,Queens,8,474.1,427.6,58.9,4
2019 / 08,Queens,9,440,559.4,174.7,4
2019 / 08,Queens,10,370.7,527.8,54.2,4
2019 / 08,Queens,11,442.7,420.2,106,4
2019 / 08,Queens,12,516.2,925.7,,4
2019 / 08,Queens,13,518.7,896.6,273.7,4
2019 / 08,Queens,14,333,322.3,89.6,4
2019 / 08,Staten Island,1,726.9,724.3,207.4,5
2019 / 08,Staten Island,2,547,552.9,,5
2019 / 08,Staten Island,3,734.2,757.1,,5
2019 / 07,Bronx,1,253.5,177.2,7.6,2
2019 / 07,Bronx,2,173.5,238.1,,2
2019 / 07,Bronx,3,140.4,235.4,,2
2019 / 07,Bronx,4,283.4,391.1,13.2,2
2019 / 07,Bronx,5,214.1,351.1,,2
2019 / 07,Bronx,6,234.3,238.1,14.6,2
2019 / 07,Bronx,7,313.5,478.7,,2
2019 / 07,Bronx,8,352.5,394.7,58.5,2
2019 / 07,Bronx,9,244.1,369,,2
2019 / 07,Bronx,10,302.1,445.2,100.2,2
2019 / 07,Bronx,11,305,375.6,102.9,2
2019 / 07,Bronx,12,403.9,660.5,242.5,2
2019 / 07,Brooklyn,1,565.3,483,55.8,3
2019 / 07,Brooklyn,2,511.7,403.9,71.2,3
2019 / 07,Brooklyn,3,382.6,409.6,,3
2019 / 07,Brooklyn,4,383.6,402.6,,3
2019 / 07,Brooklyn,5,310.8,477,,3
2019 / 07,Brooklyn,6,524.2,412.6,99.4,3
2019 / 07,Brooklyn,7,460.7,426.4,81.4,3
2019 / 07,Brooklyn,8,322.6,314.1,,3
2019 / 07,Brooklyn,9,278.6,247.9,,3
2019 / 07,Brooklyn,10,536.2,476.1,101.3,3
2019 / 07,Brooklyn,11,621.7,579.8,58.2,3
2019 / 07,Brooklyn,12,524.3,374.1,55.3,3
2019 / 07,Brooklyn,13,283.3,243.4,34,3
2019 / 07,Brooklyn,14,472.7,398.2,,3
2019 / 07,Brooklyn,15,561.8,507.5,91.1,3
2019 / 07,Brooklyn,16,140.9,175.4,34.4,3
2019 / 07,Brooklyn,17,331.2,496.7,,3
2019 / 07,Brooklyn,18,578.2,666.9,,3
2019 / 07,Manhattan,1,362,239.8,26.4,1
2019 / 07,Manhattan,2,459.8,335.6,,1
2019 / 07,Manhattan,3,523.1,397.6,,1
2019 / 07,Manhattan,4,693.5,375.5,48.2,1
2019 / 07,Manhattan,5,293.7,186.8,,1
2019 / 07,Manhattan,6,807.1,388.4,50.4,1
2019 / 07,Manhattan,7,1035.3,727.9,44.2,1
2019 / 07,Manhattan,8,1081.2,723.5,26.8,1
2019 / 07,Manhattan,9,260.8,255.8,29.3,1
2019 / 07,Manhattan,10,309.4,296.2,,1
2019 / 07,Manhattan,11,236.2,220.3,,1
2019 / 07,Manhattan,12,473.7,529.9,42,1
2019 / 07,Queens,1,651.7,673.6,,4
2019 / 07,Queens,2,606.4,441.1,87.1,4
2019 / 07,Queens,3,390.4,495.9,,4
2019 / 07,Queens,4,366.5,438.3,,4
2019 / 07,Queens,5,631.9,751.5,181.9,4
2019 / 07,Queens,6,417.5,367.5,,4
2019 / 07,Queens,7,1070.7,772.4,137.9,4
2019 / 07,Queens,8,477.2,427.6,68,4
2019 / 07,Queens,9,486.3,583.9,193.2,4
2019 / 07,Queens,10,391.9,571.9,62.7,4
2019 / 07,Queens,11,491,466.6,111.5,4
2019 / 07,Queens,12,531.2,969.5,,4
2019 / 07,Queens,13,503.1,933.3,295,4
2019 / 07,Queens,14,314.2,318.5,108.5,4
2019 / 07,Staten Island,1,777.3,765.8,201.7,5
2019 / 07,Staten Island,2,577,596.9,,5
2019 / 07,Staten Island,3,800.4,803.1,,5
2019 / 06,Bronx,1,286.4,149.2,7.4,2
2019 / 06,Bronx,2,210.8,250.9,,2
2019 / 06,Bronx,3,105.4,163.6,,2
2019 / 06,Bronx,4,265.4,362.7,15.1,2
2019 / 06,Bronx,5,249.8,325.1,,2
2019 / 06,Bronx,6,203.4,168.3,15,2
2019 / 06,Bronx,7,308.5,438.3,,2
2019 / 06,Bronx,8,348.1,350.5,66.6,2
2019 / 06,Bronx,9,235,367.8,,2
2019 / 06,Bronx,10,298.4,439,118.2,2
2019 / 06,Bronx,11,327.3,357.7,107.3,2
2019 / 06,Bronx,12,369.7,586.7,245.3,2
2019 / 06,Brooklyn,1,639.6,470,56,3
2019 / 06,Brooklyn,2,538.7,385.8,80.2,3
2019 / 06,Brooklyn,3,367.3,352,,3
2019 / 06,Brooklyn,4,404.6,375.4,,3
2019 / 06,Brooklyn,5,238.5,390.3,,3
2019 / 06,Brooklyn,6,606.4,430.2,133.1,3
2019 / 06,Brooklyn,7,430.9,402.6,80.3,3
2019 / 06,Brooklyn,8,302.4,276.3,,3
2019 / 06,Brooklyn,9,304.3,224.4,,3
2019 / 06,Brooklyn,10,561.2,468.2,109.6,3
2019 / 06,Brooklyn,11,642,545.5,60.5,3
2019 / 06,Brooklyn,12,627.3,431.2,58.4,3
2019 / 06,Brooklyn,13,281.1,216.7,32.6,3
2019 / 06,Brooklyn,14,510.6,440.2,,3
2019 / 06,Brooklyn,15,621,499.4,99.3,3
2019 / 06,Brooklyn,16,209.2,160.9,31.7,3
2019 / 06,Brooklyn,17,312.3,443.9,,3
2019 / 06,Brooklyn,18,564.8,639.8,,3
2019 / 06,Manhattan,1,428.5,268.8,23.1,1
2019 / 06,Manhattan,2,474.1,321.8,,1
2019 / 06,Manhattan,3,525.8,371.7,,1
2019 / 06,Manhattan,4,714.9,376.1,42,1
2019 / 06,Manhattan,5,272.2,162.4,,1
2019 / 06,Manhattan,6,845.7,402.9,40.4,1
2019 / 06,Manhattan,7,1190.3,779.3,40.4,1
2019 / 06,Manhattan,8,1170.9,778.5,18.1,1
2019 / 06,Manhattan,9,318.1,270.1,25.2,1
2019 / 06,Manhattan,10,259.3,269.1,,1
2019 / 06,Manhattan,11,209.8,171.7,,1
2019 / 06,Manhattan,12,441.7,450,29.2,1
2019 / 06,Queens,1,627.5,619,,4
2019 / 06,Queens,2,583.2,400,89.7,4
2019 / 06,Queens,3,368.3,458.6,,4
2019 / 06,Queens,4,331,402.7,,4
2019 / 06,Queens,5,644.4,723.8,179.9,4
2019 / 06,Queens,6,403,344.3,,4
2019 / 06,Queens,7,1094.1,755.3,165.4,4
2019 / 06,Queens,8,518.2,416.3,73.8,4
2019 / 06,Queens,9,497.7,550.4,189.6,4
2019 / 06,Queens,10,391.8,547,56.4,4
2019 / 06,Queens,11,515.5,451,119.9,4
2019 / 06,Queens,12,477.8,900.7,,4
2019 / 06,Queens,13,542.9,867.7,311.4,4
2019 / 06,Queens,14,326,304.4,86,4
2019 / 06,Staten Island,1,813.9,750.7,241.5,5
2019 / 06,Staten Island,2,600.9,579.5,,5
2019 / 06,Staten Island,3,774.4,793.7,,5
2019 / 05,Bronx,1,246.5,134.3,10,2
2019 / 05,Bronx,2,241.8,319.5,,2
2019 / 05,Bronx,3,127.7,195.9,,2
2019 / 05,Bronx,4,262.9,336.1,19.6,2
2019 / 05,Bronx,5,227.9,315.9,,2
2019 / 05,Bronx,6,219.1,218.2,17.1,2
2019 / 05,Bronx,7,315.5,461.6,,2
2019 / 05,Bronx,8,338,356.6,74.9,2
2019 / 05,Bronx,9,227.5,358.1,,2
2019 / 05,Bronx,10,307.3,448.3,136.4,2
2019 / 05,Bronx,11,321.3,374.4,123.4,2
2019 / 05,Bronx,12,378.6,581.8,263.3,2
2019 / 05,Brooklyn,1,707.3,517.3,61.9,3
2019 / 05,Brooklyn,2,542,427.3,95,3
2019 / 05,Brooklyn,3,402.1,368.8,,3
2019 / 05,Brooklyn,4,391.4,372.8,,3
2019 / 05,Brooklyn,5,258.8,435.8,,3
2019 / 05,Brooklyn,6,605.2,463.1,140,3
2019 / 05,Brooklyn,7,403.7,411.2,75.2,3
2019 / 05,Brooklyn,8,293.8,285.9,,3
2019 / 05,Brooklyn,9,323.1,271.6,,3
2019 / 05,Brooklyn,10,521.4,483.1,98.7,3
2019 / 05,Brooklyn,11,618.6,592.7,66.3,3
2019 / 05,Brooklyn,12,708.7,492.3,55.8,3
2019 / 05,Brooklyn,13,302.3,244.9,33.2,3
2019 / 05,Brooklyn,14,464.6,379.7,,3
2019 / 05,Brooklyn,15,612,529.8,96,3
2019 / 05,Brooklyn,16,190,183.9,35,3
2019 / 05,Brooklyn,17,305.5,455.9,,3
2019 / 05,Brooklyn,18,556.3,659.1,,3
2019 / 05,Manhattan,1,446.5,280.5,27.4,1
2019 / 05,Manhattan,2,492.9,347.9,,1
2019 / 05,Manhattan,3,570.7,437.7,,1
2019 / 05,Manhattan,4,803.5,446.9,47,1
2019 / 05,Manhattan,5,308.3,202.5,,1
2019 / 05,Manhattan,6,938.7,471.7,45.9,1
2019 / 05,Manhattan,7,1196.6,800.3,43,1
2019 / 05,Manhattan,8,1291.8,859.1,19.5,1
2019 / 05,Manhattan,9,324.1,310.5,28.2,1
2019 / 05,Manhattan,10,309.4,313.7,,1
2019 / 05,Manhattan,11,251,219.3,,1
2019 / 05,Manhattan,12,514.7,555.4,31.4,1
2019 / 05,Queens,1,601.3,627.4,,4
2019 / 05,Queens,2,600.9,418.1,87.6,4
2019 / 05,Queens,3,387.8,498.1,,4
2019 / 05,Queens,4,344.3,427,,4
2019 / 05,Queens,5,630.4,744.4,187.3,4
2019 / 05,Queens,6,420.9,367.4,,4
2019 / 05,Queens,7,1072,749.9,181.9,4
2019 / 05,Queens,8,509.3,428.9,80.2,4
2019 / 05,Queens,9,444.7,537.8,203.3,4
2019 / 05,Queens,10,378.7,516.4,66.7,4
2019 / 05,Queens,11,491,493.5,143.1,4
2019 / 05,Queens,12,473.8,875.6,,4
2019 / 05,Queens,13,545.3,824.5,331.2,4
2019 / 05,Queens,14,304.7,284.7,104.7,4
2019 / 05,Staten Island,1,749.4,702.1,289.8,5
2019 / 05,Staten Island,2,586.7,577.7,,5
2019 / 05,Staten Island,3,840.9,838,,5
2019 / 04,Bronx,1,246.1,160.4,9.2,2
2019 / 04,Bronx,2,185.7,255.5,,2
2019 / 04,Bronx,3,128,196.4,,2
2019 / 04,Bronx,4,261.5,371.2,15.2,2
2019 / 04,Bronx,5,236.3,336.3,,2
2019 / 04,Bronx,6,200.5,199.4,12.1,2
2019 / 04,Bronx,7,284,455.5,,2
2019 / 04,Bronx,8,333.4,371.9,76.4,2
2019 / 04,Bronx,9,209,340.7,,2
2019 / 04,Bronx,10,289.4,405.6,116.6,2
2019 / 04,Bronx,11,305,344.5,89.4,2
2019 / 04,Bronx,12,366.3,571.1,187.7,2
2019 / 04,Brooklyn,1,681.2,482.1,54.4,3
2019 / 04,Brooklyn,2,501.6,382.3,82,3
2019 / 04,Brooklyn,3,384.6,374.2,,3
2019 / 04,Brooklyn,4,347.8,351.8,,3
2019 / 04,Brooklyn,5,250,396.9,,3
2019 / 04,Brooklyn,6,555.4,414.5,126.5,3
2019 / 04,Brooklyn,7,426.6,395.7,72.5,3
2019 / 04,Brooklyn,8,324.1,299.5,,3
2019 / 04,Brooklyn,9,267.3,230.3,,3
2019 / 04,Brooklyn,10,492.9,431,78.1,3
2019 / 04,Brooklyn,11,590.4,524.7,58,3
2019 / 04,Brooklyn,12,844.3,517.9,46.2,3
2019 / 04,Brooklyn,13,273.5,219.3,24.9,3
2019 / 04,Brooklyn,14,535.9,421.7,,3
2019 / 04,Brooklyn,15,600.8,511.2,74.5,3
2019 / 04,Brooklyn,16,141.3,140.1,27.4,3
2019 / 04,Brooklyn,17,296.3,406.4,,3
2019 / 04,Brooklyn,18,541.3,562.9,,3
2019 / 04,Manhattan,1,380.2,250.4,23.4,1
2019 / 04,Manhattan,2,487.3,346.1,,1
2019 / 04,Manhattan,3,479.5,370.9,,1
2019 / 04,Manhattan,4,683.5,364.7,39.6,1
2019 / 04,Manhattan,5,288.9,186.8,,1
2019 / 04,Manhattan,6,799.6,398.6,40.7,1
2019 / 04,Manhattan,7,1110.5,781.4,37,1
2019 / 04,Manhattan,8,1172.6,798,17.5,1
2019 / 04,Manhattan,9,252.8,250.9,27.1,1
2019 / 04,Manhattan,10,269.7,280.7,,1
2019 / 04,Manhattan,11,215.7,191,,1
2019 / 04,Manhattan,12,434.8,490.4,28.4,1
2019 / 04,Queens,1,596.6,640.5,,4
2019 / 04,Queens,2,550.6,409.1,76.3,4
2019 / 04,Queens,3,334.3,448.7,,4
2019 / 04,Queens,4,301.6,391.7,,4
2019 / 04,Queens,5,603.2,714.9,158.6,4
2019 / 04,Queens,6,399.3,368.2,,4
2019 / 04,Queens,7,997.6,726.4,158.3,4
2019 / 04,Queens,8,467.6,430.3,60.6,4
2019 / 04,Queens,9,435.6,529,181.4,4
2019 / 04,Queens,10,364.6,499.6,58,4
2019 / 04,Queens,11,466.4,449.7,126.5,4
2019 / 04,Queens,12,454.4,812.3,,4
2019 / 04,Queens,13,463.4,763.4,225.3,4
2019 / 04,Queens,14,283.5,261.3,76.5,4
2019 / 04,Staten Island,1,715.8,688.4,215.3,5
2019 / 04,Staten Island,2,560.6,560.5,,5
2019 / 04,Staten Island,3,722.2,718.9,,5
2019 / 03,Bronx,1,236.1,135.4,9.8,2
2019 / 03,Bronx,2,214.5,258.7,,2
2019 / 03,Bronx,3,123.3,162.1,,2
2019 / 03,Bronx,4,259.8,345.4,17.1,2
2019 / 03,Bronx,5,237.5,326.4,,2
2019 / 03,Bronx,6,198.4,181.9,12.9,2
2019 / 03,Bronx,7,290.2,428.1,,2
2019 / 03,Bronx,8,314.7,338,43,2
2019 / 03,Bronx,9,201.3,328.8,,2
2019 / 03,Bronx,10,295.3,383.8,58,2
2019 / 03,Bronx,11,299.7,309.8,58.3,2
2019 / 03,Bronx,12,353.3,514.1,130.2,2
2019 / 03,Brooklyn,1,651.2,456.2,45.2,3
2019 / 03,Brooklyn,2,506.1,378,63.4,3
2019 / 03,Brooklyn,3,356.3,331.9,,3
2019 / 03,Brooklyn,4,345.3,343.5,,3
2019 / 03,Brooklyn,5,238.8,352.7,,3
2019 / 03,Brooklyn,6,577.7,419.4,94.2,3
2019 / 03,Brooklyn,7,379.2,379.1,61.7,3
2019 / 03,Brooklyn,8,283.5,271.8,,3
2019 / 03,Brooklyn,9,294.2,237.4,,3
2019 / 03,Brooklyn,10,480.8,426.5,58.9,3
2019 / 03,Brooklyn,11,595,515.1,51.7,3
2019 / 03,Brooklyn,12,665.1,449.4,39,3
2019 / 03,Brooklyn,13,276.8,211.6,19.5,3
2019 / 03,Brooklyn,14,475.1,386.2,,3
2019 / 03,Brooklyn,15,585.2,467.7,60.3,3
2019 / 03,Brooklyn,16,170.7,156.3,22.6,3
2019 / 03,Brooklyn,17,282.6,395,,3
2019 / 03,Brooklyn,18,518.3,535.4,,3
2019 / 03,Manhattan,1,415.5,265,21.5,1
2019 / 03,Manhattan,2,443.3,316.8,,1
2019 / 03,Manhattan,3,510.5,403.7,,1
2019 / 03,Manhattan,4,717,409.7,34.3,1
2019 / 03,Manhattan,5,263.7,170.5,,1
2019 / 03,Manhattan,6,835.1,431.6,35.6,1
2019 / 03,Manhattan,7,1132.5,796.2,32.8,1
2019 / 03,Manhattan,8,1187.3,817,14.7,1
2019 / 03,Manhattan,9,283.7,269.2,21.8,1
2019 / 03,Manhattan,10,264.3,268.4,,1
2019 / 03,Manhattan,11,217.2,193.9,,1
2019 / 03,Manhattan,12,437,486.2,26.9,1
2019 / 03,Queens,1,579.8,600.6,,4
2019 / 03,Queens,2,536.3,399.2,65.7,4
2019 / 03,Queens,3,349.2,438.5,,4
2019 / 03,Queens,4,297.3,373.8,,4
2019 / 03,Queens,5,580.9,670,133.5,4
2019 / 03,Queens,6,382.5,337.5,,4
2019 / 03,Queens,7,999.3,669,109.4,4
2019 / 03,Queens,8,466.4,383.3,60.6,4
2019 / 03,Queens,9,409.8,476.6,147.7,4
2019 / 03,Queens,10,340.8,436.3,43.6,4
2019 / 03,Queens,11,443.3,392,83.6,4
2019 / 03,Queens,12,436.8,752.8,,4
2019 / 03,Queens,13,448.9,700.1,146.3,4
2019 / 03,Queens,14,273.2,237.7,49.2,4
2019 / 03,Staten Island,1,688.8,618.6,83.5,5
2019 / 03,Staten Island,2,531.2,490.5,,5
2019 / 03,Staten Island,3,694.5,642.3,,5
2019 / 02,Bronx,1,199.5,127.7,5.9,2
2019 / 02,Bronx,2,190.4,224.1,,2
2019 / 02,Bronx,3,106.2,147.8,,2
2019 / 02,Bronx,4,209.7,301.9,14.5,2
2019 / 02,Bronx,5,190.9,277,,2
2019 / 02,Bronx,6,159.6,174.1,10.6,2
2019 / 02,Bronx,7,254,387.6,,2
2019 / 02,Bronx,8,284.4,326.9,32.2,2
2019 / 02,Bronx,9,179.4,290.8,,2
2019 / 02,Bronx,10,267.1,345.9,40.1,2
2019 / 02,Bronx,11,266.7,281.6,46,2
2019 / 02,Bronx,12,310.7,456,101.8,2
2019 / 02,Brooklyn,1,585.7,426.6,41.8,3
2019 / 02,Brooklyn,2,458.8,359.1,53.4,3
2019 / 02,Brooklyn,3,336.8,311,,3
2019 / 02,Brooklyn,4,305.1,302.4,,3
2019 / 02,Brooklyn,5,217,329.8,,3
2019 / 02,Brooklyn,6,503.8,385.8,81.5,3
2019 / 02,Brooklyn,7,345.3,341.3,56.9,3
2019 / 02,Brooklyn,8,272.7,253.9,,3
2019 / 02,Brooklyn,9,248.7,199.3,,3
2019 / 02,Brooklyn,10,434.3,392.8,49.2,3
2019 / 02,Brooklyn,11,534.7,456.9,46,3
2019 / 02,Brooklyn,12,578,373.9,31.7,3
2019 / 02,Brooklyn,13,225.8,189.6,19.4,3
2019 / 02,Brooklyn,14,414.8,330.9,,3
2019 / 02,Brooklyn,15,522.6,421.6,57.9,3
2019 / 02,Brooklyn,16,141.3,134.4,20.2,3
2019 / 02,Brooklyn,17,262.2,351,,3
2019 / 02,Brooklyn,18,463.5,476,,3
2019 / 02,Manhattan,1,357.8,236.9,16.9,1
2019 / 02,Manhattan,2,429.9,315.7,,1
2019 / 02,Manhattan,3,450.5,358.2,,1
2019 / 02,Manhattan,4,635.9,368.2,30.5,1
2019 / 02,Manhattan,5,254.3,174.2,,1
2019 / 02,Manhattan,6,744.2,392.8,26,1
2019 / 02,Manhattan,7,998.4,718.3,28.5,1
2019 / 02,Manhattan,8,1045.4,754.4,12.4,1
2019 / 02,Manhattan,9,246.1,244.8,17.3,1
2019 / 02,Manhattan,10,241,259.7,,1
2019 / 02,Manhattan,11,195.7,184.8,,1
2019 / 02,Manhattan,12,407.7,458.9,24.9,1
2019 / 02,Queens,1,529.5,544.6,,4
2019 / 02,Queens,2,494.8,366,60.7,4
2019 / 02,Queens,3,317.4,403,,4
2019 / 02,Queens,4,282,348.5,,4
2019 / 02,Queens,5,536.2,601.7,104.8,4
2019 / 02,Queens,6,352.5,309.1,,4
2019 / 02,Queens,7,893.5,598,95.6,4
2019 / 02,Queens,8,421.9,341.8,49.9,4
2019 / 02,Queens,9,376.9,426.4,120,4
2019 / 02,Queens,10,312.1,388.6,32.6,4
2019 / 02,Queens,11,402.8,355.6,55.9,4
2019 / 02,Queens,12,393.2,676.5,,4
2019 / 02,Queens,13,399.2,625,125.7,4
2019 / 02,Queens,14,240.8,201.2,40.2,4
2019 / 02,Staten Island,1,623.2,553.3,43.7,5
2019 / 02,Staten Island,2,481.4,439.3,,5
2019 / 02,Staten Island,3,643.2,594.8,,5
2019 / 01,Bronx,1,271.4,168.2,7.2,2
2019 / 01,Bronx,2,209,269.2,,2
2019 / 01,Bronx,3,167.1,218.5,,2
2019 / 01,Bronx,4,278,386.9,18.5,2
2019 / 01,Bronx,5,249,356.2,,2
2019 / 01,Bronx,6,243.2,249,11.7,2
2019 / 01,Bronx,7,336.1,497,,2
2019 / 01,Bronx,8,406.5,438.4,42.2,2
2019 / 01,Bronx,9,220.2,357.2,,2
2019 / 01,Bronx,10,330.3,423.8,49.6,2
2019 / 01,Bronx,11,344.6,352.4,57.9,2
2019 / 01,Bronx,12,394,565.4,146,2
2019 / 01,Brooklyn,1,701.4,533.9,50.6,3
2019 / 01,Brooklyn,2,570.9,438.1,66.9,3
2019 / 01,Brooklyn,3,448.4,408.8,,3
2019 / 01,Brooklyn,4,362.7,379.3,,3
2019 / 01,Brooklyn,5,290.8,436.2,,3
2019 / 01,Brooklyn,6,644.5,471.1,90.2,3
2019 / 01,Brooklyn,7,469.1,437,60.4,3
2019 / 01,Brooklyn,8,380.6,388.3,,3
2019 / 01,Brooklyn,9,314.5,251.7,,3
2019 / 01,Brooklyn,10,584.3,503.9,60.7,3
2019 / 01,Brooklyn,11,701,591,49.3,3
2019 / 01,Brooklyn,12,678.9,454.6,41.4,3
2019 / 01,Brooklyn,13,306.7,240,24.9,3
2019 / 01,Brooklyn,14,514.3,398.2,,3
2019 / 01,Brooklyn,15,630.9,520.2,67.6,3
2019 / 01,Brooklyn,16,171.8,167.2,27.1,3
2019 / 01,Brooklyn,17,338.8,462.6,,3
2019 / 01,Brooklyn,18,596.6,612.6,,3
2019 / 01,Manhattan,1,395.2,257.4,19,1
2019 / 01,Manhattan,2,537.2,390.7,,1
2019 / 01,Manhattan,3,535.8,409.3,,1
2019 / 01,Manhattan,4,726.1,411.3,36.1,1
2019 / 01,Manhattan,5,330.3,220.1,,1
2019 / 01,Manhattan,6,859.5,447.3,27.4,1
2019 / 01,Manhattan,7,1185.1,844.8,30.2,1
2019 / 01,Manhattan,8,1240.9,889.5,12.8,1
2019 / 01,Manhattan,9,285.9,276.6,16.5,1
2019 / 01,Manhattan,10,336.8,332.6,,1
2019 / 01,Manhattan,11,261.7,231.1,,1
2019 / 01,Manhattan,12,544.2,616.6,29.3,1
2019 / 01,Queens,1,691,696.4,,4
2019 / 01,Queens,2,643.4,478.7,70.4,4
2019 / 01,Queens,3,382.3,505.3,,4
2019 / 01,Queens,4,357.7,439.6,,4
2019 / 01,Queens,5,689.6,777.8,115.2,4
2019 / 01,Queens,6,442.1,390.1,,4
2019 / 01,Queens,7,1110.6,738.1,135.4,4
2019 / 01,Queens,8,502,422.7,77.7,4
2019 / 01,Queens,9,483,547.8,186.8,4
2019 / 01,Queens,10,386,490.6,67.5,4
2019 / 01,Queens,11,548.5,468.1,87.7,4
2019 / 01,Queens,12,474,834.5,,4
2019 / 01,Queens,13,500.7,793.9,205.4,4
2019 / 01,Queens,14,291,262.2,58.5,4
2019 / 01,Staten Island,1,784.7,694.3,69.2,5
2019 / 01,Staten Island,2,629.3,548.5,,5
2019 / 01,Staten Island,3,855.7,743.5,,5
2018 / 12,Bronx,1,257.4,128.2,9.1,2
2018 / 12,Bronx,2,195.8,228.2,,2
2018 / 12,Bronx,3,120.6,133.7,,2
2018 / 12,Bronx,4,282.6,326.4,15.5,2
2018 / 12,Bronx,5,256,305.4,,2
2018 / 12,Bronx,6,176.9,150.7,12.4,2
2018 / 12,Bronx,7,336.9,435.9,,2
2018 / 12,Bronx,8,346,341.3,84.5,2
2018 / 12,Bronx,9,244.9,341.2,,2
2018 / 12,Bronx,10,357.7,413.7,85.7,2
2018 / 12,Bronx,11,363.2,331.3,83.8,2
2018 / 12,Bronx,12,410.4,520.4,202.8,2
2018 / 12,Brooklyn,1,686.3,454.7,51.1,3
2018 / 12,Brooklyn,2,576.4,399.1,78.1,3
2018 / 12,Brooklyn,3,377.7,314.6,,3
2018 / 12,Brooklyn,4,377.2,355.5,,3
2018 / 12,Brooklyn,5,281.6,361.5,,3
2018 / 12,Brooklyn,6,651.4,421.5,106.6,3
2018 / 12,Brooklyn,7,442.4,388.5,63.2,3
2018 / 12,Brooklyn,8,327.4,259.7,,3
2018 / 12,Brooklyn,9,293.8,237.5,,3
2018 / 12,Brooklyn,10,593.3,442.4,77.7,3
2018 / 12,Brooklyn,11,696.3,506.2,59,3
2018 / 12,Brooklyn,12,697.4,433.2,81.4,3
2018 / 12,Brooklyn,13,292.1,192.9,19.4,3
2018 / 12,Brooklyn,14,550.4,397.4,,3
2018 / 12,Brooklyn,15,676.8,481.8,83.7,3
2018 / 12,Brooklyn,16,186.3,166,31.9,3
2018 / 12,Brooklyn,17,351.6,437.6,,3
2018 / 12,Brooklyn,18,655.6,588.7,,3
2018 / 12,Manhattan,1,454.7,259.7,16.1,1
2018 / 12,Manhattan,2,522.4,333.6,,1
2018 / 12,Manhattan,3,507.2,381.4,,1
2018 / 12,Manhattan,4,777.1,395.8,34.7,1
2018 / 12,Manhattan,5,285.3,172.6,,1
2018 / 12,Manhattan,6,946.2,429,27.3,1
2018 / 12,Manhattan,7,1293.3,816.8,26.2,1
2018 / 12,Manhattan,8,1392.4,833.2,12.7,1
2018 / 12,Manhattan,9,319,276.9,20.5,1
2018 / 12,Manhattan,10,281,256.1,,1
2018 / 12,Manhattan,11,240.8,183.5,,1
2018 / 12,Manhattan,12,495.4,480.7,21.7,1
2018 / 12,Queens,1,692.6,607.2,,4
2018 / 12,Queens,2,593.7,389,80.9,4
2018 / 12,Queens,3,409.2,457.1,,4
2018 / 12,Queens,4,369.1,382.7,,4
2018 / 12,Queens,5,722.3,691.6,120.9,4
2018 / 12,Queens,6,467.7,356.2,,4
2018 / 12,Queens,7,1178.7,686.4,172.6,4
2018 / 12,Queens,8,508.4,394.1,119.4,4
2018 / 12,Queens,9,493.8,496.8,211,4
2018 / 12,Queens,10,442.7,461.2,60.5,4
2018 / 12,Queens,11,529.1,405.5,147.5,4
2018 / 12,Queens,12,515.1,792.5,,4
2018 / 12,Queens,13,531.3,740,292.5,4
2018 / 12,Queens,14,340.5,251.3,69.2,4
2018 / 12,Staten Island,1,853.4,648.3,227.6,5
2018 / 12,Staten Island,2,631,501.8,,5
2018 / 12,Staten Island,3,919,665.2,,5
2018 / 11,Bronx,1,248.7,141.9,5.9,2
2018 / 11,Bronx,2,218.9,208.7,,2
2018 / 11,Bronx,3,120.2,156.7,,2
2018 / 11,Bronx,4,247.8,331.8,16.5,2
2018 / 11,Bronx,5,222.8,316,,2
2018 / 11,Bronx,6,193,179.5,7.7,2
2018 / 11,Bronx,7,301.3,441.5,,2
2018 / 11,Bronx,8,372.2,367.2,105.4,2
2018 / 11,Bronx,9,220.1,339.5,,2
2018 / 11,Bronx,10,331.2,421.9,198.9,2
2018 / 11,Bronx,11,325.7,337,185.6,2
2018 / 11,Bronx,12,391.7,547.9,351.6,2
2018 / 11,Brooklyn,1,681.8,495,66.3,3
2018 / 11,Brooklyn,2,557.4,405.6,119.9,3
2018 / 11,Brooklyn,3,403.8,356.9,,3
2018 / 11,Brooklyn,4,356.4,349.6,,3
2018 / 11,Brooklyn,5,263.9,387.9,,3
2018 / 11,Brooklyn,6,657.5,456.4,146,3
2018 / 11,Brooklyn,7,443.4,410.3,105.6,3
2018 / 11,Brooklyn,8,318.9,273.8,,3
2018 / 11,Brooklyn,9,303,251.2,,3
2018 / 11,Brooklyn,10,591.5,466.6,144.3,3
2018 / 11,Brooklyn,11,695.6,530.8,87.6,3
2018 / 11,Brooklyn,12,699.4,425.9,148.7,3
2018 / 11,Brooklyn,13,309.7,222.4,28.6,3
2018 / 11,Brooklyn,14,510.1,374.6,,3
2018 / 11,Brooklyn,15,650.6,495.7,174.1,3
2018 / 11,Brooklyn,16,182.9,161.8,42.5,3
2018 / 11,Brooklyn,17,329.1,430.6,,3
2018 / 11,Brooklyn,18,608.7,595.6,,3
2018 / 11,Manhattan,1,433.5,270.2,16.4,1
2018 / 11,Manhattan,2,518.3,339.5,,1
2018 / 11,Manhattan,3,514.1,387.1,,1
2018 / 11,Manhattan,4,802.8,428,36.1,1
2018 / 11,Manhattan,5,316.1,185.2,,1
2018 / 11,Manhattan,6,963.2,460.2,39.6,1
2018 / 11,Manhattan,7,1315.3,822.7,27.4,1
2018 / 11,Manhattan,8,1366.3,856.6,13.2,1
2018 / 11,Manhattan,9,309.7,283.8,21.5,1
2018 / 11,Manhattan,10,298.4,286.6,,1
2018 / 11,Manhattan,11,235.7,185.7,,1
2018 / 11,Manhattan,12,514.2,525.9,24,1
2018 / 11,Queens,1,633.3,613.4,,4
2018 / 11,Queens,2,613.2,420.4,107.3,4
2018 / 11,Queens,3,405.1,487,,4
2018 / 11,Queens,4,352.9,406.1,,4
2018 / 11,Queens,5,677.8,738.7,279.2,4
2018 / 11,Queens,6,444.3,367,,4
2018 / 11,Queens,7,1149.7,703.3,407.4,4
2018 / 11,Queens,8,519.5,409.9,158,4
2018 / 11,Queens,9,452.1,512.9,384.7,4
2018 / 11,Queens,10,388.4,491.1,156.3,4
2018 / 11,Queens,11,530.6,439.4,313.1,4
2018 / 11,Queens,12,463.4,831.2,,4
2018 / 11,Queens,13,513,795.6,540.9,4
2018 / 11,Queens,14,305.9,258.2,101.5,4
2018 / 11,Staten Island,1,807.8,669.4,456.9,5
2018 / 11,Staten Island,2,624,518.4,,5
2018 / 11,Staten Island,3,854.9,721.7,,5
2018 / 10,Bronx,1,254.4,160.9,3.7,2
2018 / 10,Bronx,2,198.9,199.5,,2
2018 / 10,Bronx,3,132.8,188.5,,2
2018 / 10,Bronx,4,257.4,353.9,16.5,2
2018 / 10,Bronx,5,235.2,333.5,,2
2018 / 10,Bronx,6,217,222.2,8.1,2
2018 / 10,Bronx,7,272,440.9,,2
2018 / 10,Bronx,8,375.6,381.5,55.9,2
2018 / 10,Bronx,9,224.1,333.2,,2
2018 / 10,Bronx,10,295.7,400.6,114.4,2
2018 / 10,Bronx,11,287.4,322.2,103.1,2
2018 / 10,Bronx,12,382.1,548.4,207.1,2
2018 / 10,Brooklyn,1,658.7,488.1,50.4,3
2018 / 10,Brooklyn,2,570,404.7,67.7,3
2018 / 10,Brooklyn,3,414.9,374.7,,3
2018 / 10,Brooklyn,4,356.8,364.5,,3
2018 / 10,Brooklyn,5,268.7,412.8,,3
2018 / 10,Brooklyn,6,624.2,437.6,92.9,3
2018 / 10,Brooklyn,7,440.5,420.2,71.6,3
2018 / 10,Brooklyn,8,333.9,300.9,,3
2018 / 10,Brooklyn,9,286,233,,3
2018 / 10,Brooklyn,10,548.4,472,81,3
2018 / 10,Brooklyn,11,651.5,553.7,72.9,3
2018 / 10,Brooklyn,12,650.6,459.7,60.4,3
2018 / 10,Brooklyn,13,287.2,220.6,26.5,3
2018 / 10,Brooklyn,14,507.2,389.7,,3
2018 / 10,Brooklyn,15,634.2,510.3,103.4,3
2018 / 10,Brooklyn,16,163.7,156,26.7,3
2018 / 10,Brooklyn,17,306.7,432.9,,3
2018 / 10,Brooklyn,18,552.4,578.4,,3
2018 / 10,Manhattan,1,386.6,237.2,15.7,1
2018 / 10,Manhattan,2,572.6,369.5,,1
2018 / 10,Manhattan,3,558.3,398.7,,1
2018 / 10,Manhattan,4,742.4,371.6,35.2,1
2018 / 10,Manhattan,5,331.5,198.2,,1
2018 / 10,Manhattan,6,877,392.3,33.3,1
2018 / 10,Manhattan,7,1220.1,764.8,30.3,1
2018 / 10,Manhattan,8,1313.4,805.6,12.4,1
2018 / 10,Manhattan,9,289.9,256.3,21.5,1
2018 / 10,Manhattan,10,285.6,284.3,,1
2018 / 10,Manhattan,11,268.2,209.2,,1
2018 / 10,Manhattan,12,473.6,493.3,23.9,1
2018 / 10,Queens,1,638.4,640.5,,4
2018 / 10,Queens,2,622,437.4,73.3,4
2018 / 10,Queens,3,361.5,467.3,,4
2018 / 10,Queens,4,338.7,406.8,,4
2018 / 10,Queens,5,650.3,730.4,153.8,4
2018 / 10,Queens,6,424.6,363.4,,4
2018 / 10,Queens,7,1093.6,717.1,210.6,4
2018 / 10,Queens,8,492.4,422.6,76.6,4
2018 / 10,Queens,9,461.2,530.6,212.9,4
2018 / 10,Queens,10,378.9,503.9,83.7,4
2018 / 10,Queens,11,534,450.6,137.3,4
2018 / 10,Queens,12,468.2,818.5,,4
2018 / 10,Queens,13,512.9,776.3,351.7,4
2018 / 10,Queens,14,279.8,254.5,76.9,4
2018 / 10,Staten Island,1,761.3,665.6,188.7,5
2018 / 10,Staten Island,2,586.7,539.9,1.9,5
2018 / 10,Staten Island,3,777.8,712.9,,5
2018 / 09,Bronx,1,260.5,135.4,3.4,2
2018 / 09,Bronx,2,209.3,177,,2
2018 / 09,Bronx,3,126.7,156.7,,2
2018 / 09,Bronx,4,254.8,326.6,11.4,2
2018 / 09,Bronx,5,221.8,318.4,,2
2018 / 09,Bronx,6,203.6,184.7,6.1,2
2018 / 09,Bronx,7,268.7,410.9,,2
2018 / 09,Bronx,8,347.9,342.3,53.4,2
2018 / 09,Bronx,9,238,328.5,,2
2018 / 09,Bronx,10,306.1,393.2,113.4,2
2018 / 09,Bronx,11,292.1,319.2,99.3,2
2018 / 09,Bronx,12,388.9,534.7,206.1,2
2018 / 09,Brooklyn,1,692.6,449.2,58.9,3
2018 / 09,Brooklyn,2,551,373.6,60.7,3
2018 / 09,Brooklyn,3,383.7,338.8,,3
2018 / 09,Brooklyn,4,367.4,358.9,,3
2018 / 09,Brooklyn,5,249.6,364.4,,3
2018 / 09,Brooklyn,6,623.1,415.9,88.6,3
2018 / 09,Brooklyn,7,436.4,398.9,72.3,3
2018 / 09,Brooklyn,8,336.4,267.6,5.9,3
2018 / 09,Brooklyn,9,304.3,232.3,8.9,3
2018 / 09,Brooklyn,10,540.9,431.5,74,3
2018 / 09,Brooklyn,11,645.5,523.8,70.3,3
2018 / 09,Brooklyn,12,724.7,447.1,71.1,3
2018 / 09,Brooklyn,13,284,207.5,25.6,3
2018 / 09,Brooklyn,14,512.1,382,,3
2018 / 09,Brooklyn,15,652.9,503.2,98.1,3
2018 / 09,Brooklyn,16,183.8,158.4,28.9,3
2018 / 09,Brooklyn,17,308.1,425.2,,3
2018 / 09,Brooklyn,18,554.6,605.8,,3
2018 / 09,Manhattan,1,405,276.5,14,1
2018 / 09,Manhattan,2,504.2,305.6,,1
2018 / 09,Manhattan,3,562.8,394.8,,1
2018 / 09,Manhattan,4,740.2,373.3,32,1
2018 / 09,Manhattan,5,288.8,166.9,,1
2018 / 09,Manhattan,6,892.1,399.1,25.9,1
2018 / 09,Manhattan,7,1224.8,742.7,24.2,1
2018 / 09,Manhattan,8,1304.7,777.4,12.8,1
2018 / 09,Manhattan,9,332,266,19.6,1
2018 / 09,Manhattan,10,278.9,262.7,,1
2018 / 09,Manhattan,11,253.2,184.4,,1
2018 / 09,Manhattan,12,478,471.1,23,1
2018 / 09,Queens,1,618.5,589.5,,4
2018 / 09,Queens,2,593.9,413.8,70.6,4
2018 / 09,Queens,3,386.7,433.9,,4
2018 / 09,Queens,4,338.8,391.5,,4
2018 / 09,Queens,5,649.8,695,146.3,4
2018 / 09,Queens,6,423.5,349.5,,4
2018 / 09,Queens,7,1082.2,690.1,178.8,4
2018 / 09,Queens,8,483.6,402.5,89.6,4
2018 / 09,Queens,9,444.7,521,195.5,4
2018 / 09,Queens,10,377.3,482,75.6,4
2018 / 09,Queens,11,518.6,422.2,111.3,4
2018 / 09,Queens,12,471.6,817.6,,4
2018 / 09,Queens,13,508,782.4,414,4
2018 / 09,Queens,14,305.2,279.7,88.4,4
2018 / 09,Staten Island,1,764.1,650,183.1,5
2018 / 09,Staten Island,2,566,526.9,,5
2018 / 09,Staten Island,3,770.2,706.8,,5
2018 / 08,Bronx,1,223.6,143.4,4.9,2
2018 / 08,Bronx,2,211.1,199.8,,2
2018 / 08,Bronx,3,133.3,177,,2
2018 / 08,Bronx,4,238.6,344.3,14.5,2
2018 / 08,Bronx,5,200.1,320.5,,2
2018 / 08,Bronx,6,183.1,200.9,7.4,2
2018 / 08,Bronx,7,291.3,453.5,,2
2018 / 08,Bronx,8,337.2,360.8,61.5,2
2018 / 08,Bronx,9,234.7,347.4,,2
2018 / 08,Bronx,10,319.8,428.4,132.8,2
2018 / 08,Bronx,11,311,351.4,122.9,2
2018 / 08,Bronx,12,416,604.5,274.1,2
2018 / 08,Brooklyn,1,612.5,485.8,61.3,3
2018 / 08,Brooklyn,2,514.2,388.6,68.7,3
2018 / 08,Brooklyn,3,387.9,378.9,,3
2018 / 08,Brooklyn,4,374.9,389,,3
2018 / 08,Brooklyn,5,290.1,434,,3
2018 / 08,Brooklyn,6,565.2,410.3,82.5,3
2018 / 08,Brooklyn,7,427.6,412.3,78.6,3
2018 / 08,Brooklyn,8,305.6,301.4,,3
2018 / 08,Brooklyn,9,288.5,243.1,,3
2018 / 08,Brooklyn,10,498,435.3,77.1,3
2018 / 08,Brooklyn,11,646.8,546.6,88.8,3
2018 / 08,Brooklyn,12,605.7,389.9,61.2,3
2018 / 08,Brooklyn,13,285,241.2,30.9,3
2018 / 08,Brooklyn,14,459.9,359.2,,3
2018 / 08,Brooklyn,15,571,477.7,102,3
2018 / 08,Brooklyn,16,167,175.2,36.8,3
2018 / 08,Brooklyn,17,344.3,467,,3
2018 / 08,Brooklyn,18,594.6,644.3,,3
2018 / 08,Manhattan,1,379.9,242.8,18,1
2018 / 08,Manhattan,2,443.5,303,,1
2018 / 08,Manhattan,3,585.5,431.2,,1
2018 / 08,Manhattan,4,750.7,432.1,29.7,1
2018 / 08,Manhattan,5,285.5,177.2,,1
2018 / 08,Manhattan,6,877.7,429.6,32,1
2018 / 08,Manhattan,7,1116.8,745.7,26.8,1
2018 / 08,Manhattan,8,1128.8,725.9,21.7,1
2018 / 08,Manhattan,9,315.8,280.5,19.1,1
2018 / 08,Manhattan,10,317.8,309.8,,1
2018 / 08,Manhattan,11,265.8,203,,1
2018 / 08,Manhattan,12,505.6,540.3,32.3,1
2018 / 08,Queens,1,618.9,607.6,,4
2018 / 08,Queens,2,591.1,424.1,77.9,4
2018 / 08,Queens,3,406.6,505.7,,4
2018 / 08,Queens,4,368.9,433.7,,4
2018 / 08,Queens,5,640.4,737.7,146,4
2018 / 08,Queens,6,439,367.1,,4
2018 / 08,Queens,7,1070.3,721.8,200.1,4
2018 / 08,Queens,8,479.7,409,65.2,4
2018 / 08,Queens,9,451.3,542.1,190.3,4
2018 / 08,Queens,10,383.8,498.2,67.3,4
2018 / 08,Queens,11,489.6,438.3,121.7,4
2018 / 08,Queens,12,488.8,889.3,,4
2018 / 08,Queens,13,530.5,822,445.7,4
2018 / 08,Queens,14,321.3,302.8,98.5,4
2018 / 08,Staten Island,1,764,689.7,228.8,5
2018 / 08,Staten Island,2,575,543.9,,5
2018 / 08,Staten Island,3,801.7,761.5,,5
2018 / 07,Bronx,1,235.7,157.3,3.1,2
2018 / 07,Bronx,2,156.9,169.8,,2
2018 / 07,Bronx,3,128.2,168,,2
2018 / 07,Bronx,4,264.2,352.9,11.4,2
2018 / 07,Bronx,5,212,327.3,1.8,2
2018 / 07,Bronx,6,203.5,195.7,6.5,2
2018 / 07,Bronx,7,283,427.7,,2
2018 / 07,Bronx,8,332.5,370.9,54.4,2
2018 / 07,Bronx,9,218.3,343.1,,2
2018 / 07,Bronx,10,296.8,420.1,112.5,2
2018 / 07,Bronx,11,302.5,333.8,103.7,2
2018 / 07,Bronx,12,399,575.1,238,2
2018 / 07,Brooklyn,1,516.5,447.4,51.6,3
2018 / 07,Brooklyn,2,456.2,356.3,61.7,3
2018 / 07,Brooklyn,3,347,378.5,,3
2018 / 07,Brooklyn,4,336.1,357.9,,3
2018 / 07,Brooklyn,5,281.1,398.9,,3
2018 / 07,Brooklyn,6,529.1,391.2,84.5,3
2018 / 07,Brooklyn,7,434.8,396.7,79.1,3
2018 / 07,Brooklyn,8,301.1,299.3,,3
2018 / 07,Brooklyn,9,235.5,215.3,,3
2018 / 07,Brooklyn,10,505.2,444.2,88.1,3
2018 / 07,Brooklyn,11,629.4,535.7,84.6,3
2018 / 07,Brooklyn,12,507.7,358.8,54.3,3
2018 / 07,Brooklyn,13,274.4,223.7,32.4,3
2018 / 07,Brooklyn,14,459.7,349.7,,3
2018 / 07,Brooklyn,15,544.5,450.8,89.9,3
2018 / 07,Brooklyn,16,135.7,144.5,28.9,3
2018 / 07,Brooklyn,17,329.6,451.6,,3
2018 / 07,Brooklyn,18,571.3,607.2,,3
2018 / 07,Manhattan,1,326.4,215.6,15.6,1
2018 / 07,Manhattan,2,416.8,290.2,,1
2018 / 07,Manhattan,3,495.9,363.4,,1
2018 / 07,Manhattan,4,651.9,352.2,19.2,1
2018 / 07,Manhattan,5,264.8,176.8,,1
2018 / 07,Manhattan,6,768.8,363.4,28.4,1
2018 / 07,Manhattan,7,1043.6,695.1,24.5,1
2018 / 07,Manhattan,8,1012.2,671.6,18.9,1
2018 / 07,Manhattan,9,249.3,235.6,17.2,1
2018 / 07,Manhattan,10,285.2,269.4,,1
2018 / 07,Manhattan,11,212.3,177.4,,1
2018 / 07,Manhattan,12,440.5,464.7,30.9,1
2018 / 07,Queens,1,618.6,604.9,,4
2018 / 07,Queens,2,575.7,419.4,79.5,4
2018 / 07,Queens,3,376.6,455.1,,4
2018 / 07,Queens,4,346.9,394.2,,4
2018 / 07,Queens,5,613.5,707.6,140.2,4
2018 / 07,Queens,6,409.2,348.3,,4
2018 / 07,Queens,7,1057.9,699.4,199.6,4
2018 / 07,Queens,8,453.2,390.7,65,4
2018 / 07,Queens,9,453,531.6,186.9,4
2018 / 07,Queens,10,393.4,519.9,72.1,4
2018 / 07,Queens,11,492.9,436.8,152.9,4
2018 / 07,Queens,12,486.6,850.9,,4
2018 / 07,Queens,13,527.8,824.4,397.2,4
2018 / 07,Queens,14,299,292.4,86.2,4
2018 / 07,Staten Island,1,759.7,686.7,170.7,5
2018 / 07,Staten Island,2,547.5,546.8,,5
2018 / 07,Staten Island,3,745.1,745.4,,5
2018 / 06,Bronx,1,274.3,149,2.4,2
2018 / 06,Bronx,2,202.9,203.1,,2
2018 / 06,Bronx,3,115.9,151.5,,2
2018 / 06,Bronx,4,266.9,365.6,8.8,2
2018 / 06,Bronx,5,258.4,339.5,5.1,2
2018 / 06,Bronx,6,229.8,182.2,6.8,2
2018 / 06,Bronx,7,287.5,435.2,,2
2018 / 06,Bronx,8,367.7,359.7,72.5,2
2018 / 06,Bronx,9,266.7,364.2,,2
2018 / 06,Bronx,10,337.3,456.1,149.1,2
2018 / 06,Bronx,11,323.6,351,127.1,2
2018 / 06,Bronx,12,436.8,590.9,272.8,2
2018 / 06,Brooklyn,1,633.7,470.4,59.3,3
2018 / 06,Brooklyn,2,564,401.6,79.3,3
2018 / 06,Brooklyn,3,394.9,371.9,,3
2018 / 06,Brooklyn,4,360.3,371.2,,3
2018 / 06,Brooklyn,5,287.5,394.5,,3
2018 / 06,Brooklyn,6,676.7,444,115.1,3
2018 / 06,Brooklyn,7,532.6,421.6,95.7,3
2018 / 06,Brooklyn,8,313.4,276,,3
2018 / 06,Brooklyn,9,292.9,231,,3
2018 / 06,Brooklyn,10,539.1,460.8,131.7,3
2018 / 06,Brooklyn,11,691.3,559.1,93,3
2018 / 06,Brooklyn,12,679.8,436.7,62.6,3
2018 / 06,Brooklyn,13,333.7,233.7,31.9,3
2018 / 06,Brooklyn,14,562.7,389.8,,3
2018 / 06,Brooklyn,15,619,497,101.1,3
2018 / 06,Brooklyn,16,167.8,158.8,34.7,3
2018 / 06,Brooklyn,17,384.6,445.8,,3
2018 / 06,Brooklyn,18,615.1,631.5,,3
2018 / 06,Manhattan,1,426.3,278.9,15,1
2018 / 06,Manhattan,2,501.8,327.5,,1
2018 / 06,Manhattan,3,586.7,412.7,,1
2018 / 06,Manhattan,4,781.9,420.8,13.5,1
2018 / 06,Manhattan,5,285.2,173.4,,1
2018 / 06,Manhattan,6,878.2,433,25.2,1
2018 / 06,Manhattan,7,1293.1,814.8,26.1,1
2018 / 06,Manhattan,8,1256,820,15.6,1
2018 / 06,Manhattan,9,358.3,295.9,15.9,1
2018 / 06,Manhattan,10,333.9,285.6,,1
2018 / 06,Manhattan,11,227.1,186,,1
2018 / 06,Manhattan,12,492,484.6,30.1,1
2018 / 06,Queens,1,653.5,622.9,,4
2018 / 06,Queens,2,615,423,88,4
2018 / 06,Queens,3,404.1,503.6,,4
2018 / 06,Queens,4,368.9,413.4,,4
2018 / 06,Queens,5,675.6,758.2,162,4
2018 / 06,Queens,6,442,363.9,,4
2018 / 06,Queens,7,1151.6,748.9,260,4
2018 / 06,Queens,8,526.2,428.3,92.3,4
2018 / 06,Queens,9,507,577,200.9,4
2018 / 06,Queens,10,407,536.7,92.7,4
2018 / 06,Queens,11,540.6,461.1,193.9,4
2018 / 06,Queens,12,531.3,878.3,,4
2018 / 06,Queens,13,569,869.1,488.2,4
2018 / 06,Queens,14,323,301.8,96.6,4
2018 / 06,Staten Island,1,839.7,724.3,268.8,5
2018 / 06,Staten Island,2,620,605.1,,5
2018 / 06,Staten Island,3,840.9,818.5,,5
2018 / 05,Bronx,1,237.1,137.2,5.2,2
2018 / 05,Bronx,2,204.5,193,,2
2018 / 05,Bronx,3,137.7,185.3,,2
2018 / 05,Bronx,4,249.6,317.5,6.9,2
2018 / 05,Bronx,5,231.1,324.4,6.2,2
2018 / 05,Bronx,6,218.8,234.5,5.6,2
2018 / 05,Bronx,7,276.8,421.2,,2
2018 / 05,Bronx,8,363.1,378.2,69.7,2
2018 / 05,Bronx,9,243.7,348.8,,2
2018 / 05,Bronx,10,329.5,402.7,152.3,2
2018 / 05,Bronx,11,300.8,335.7,128.7,2
2018 / 05,Bronx,12,392.3,565.4,262.7,2
2018 / 05,Brooklyn,1,657.4,500,55.6,3
2018 / 05,Brooklyn,2,536.9,401.9,85.8,3
2018 / 05,Brooklyn,3,402.6,382.7,,3
2018 / 05,Brooklyn,4,330.2,351.4,,3
2018 / 05,Brooklyn,5,280.4,396.7,,3
2018 / 05,Brooklyn,6,614.3,441.5,113.3,3
2018 / 05,Brooklyn,7,460.7,420.7,120.8,3
2018 / 05,Brooklyn,8,320.5,282.6,,3
2018 / 05,Brooklyn,9,274.5,229,,3
2018 / 05,Brooklyn,10,505.1,458.3,132.8,3
2018 / 05,Brooklyn,11,630.1,538.3,100.6,3
2018 / 05,Brooklyn,12,677.3,443.9,57.6,3
2018 / 05,Brooklyn,13,336.8,231.6,36.9,3
2018 / 05,Brooklyn,14,475.1,343,,3
2018 / 05,Brooklyn,15,600,491.8,105.6,3
2018 / 05,Brooklyn,16,155,157.1,31.3,3
2018 / 05,Brooklyn,17,330.4,428.5,,3
2018 / 05,Brooklyn,18,572.5,597.9,,3
2018 / 05,Manhattan,1,415.4,260.8,13.6,1
2018 / 05,Manhattan,2,505.5,353.3,,1
2018 / 05,Manhattan,3,589.1,431.4,,1
2018 / 05,Manhattan,4,768.4,412.7,12,1
2018 / 05,Manhattan,5,321.3,197.6,,1
2018 / 05,Manhattan,6,888.6,447.7,27.1,1
2018 / 05,Manhattan,7,1234.8,780.5,24.5,1
2018 / 05,Manhattan,8,1278.7,826.6,16.7,1
2018 / 05,Manhattan,9,311.3,274.9,17.6,1
2018 / 05,Manhattan,10,346.2,297.1,,1
2018 / 05,Manhattan,11,245.4,211.4,,1
2018 / 05,Manhattan,12,527.9,550.4,29.4,1
2018 / 05,Queens,1,610.8,593.9,,4
2018 / 05,Queens,2,631.6,422.3,87.4,4
2018 / 05,Queens,3,387.3,480.7,,4
2018 / 05,Queens,4,346,410.8,,4
2018 / 05,Queens,5,639.3,736.6,151.4,4
2018 / 05,Queens,6,424.5,356,,4
2018 / 05,Queens,7,1081.6,722.2,301,4
2018 / 05,Queens,8,501.8,408.2,87.9,4
2018 / 05,Queens,9,444.4,545.3,222.4,4
2018 / 05,Queens,10,379,487.4,83.3,4
2018 / 05,Queens,11,526.5,461.9,212.5,4
2018 / 05,Queens,12,482.6,842.9,,4
2018 / 05,Queens,13,551.9,820,562.7,4
2018 / 05,Queens,14,305.7,271.9,97.2,4
2018 / 05,Staten Island,1,775.2,682.3,290,5
2018 / 05,Staten Island,2,615.9,572.5,,5
2018 / 05,Staten Island,3,827.3,798.5,,5
2018 / 04,Bronx,1,224.6,129.5,2.9,2
2018 / 04,Bronx,2,174.3,168.6,,2
2018 / 04,Bronx,3,121.3,163,,2
2018 / 04,Bronx,4,239.7,321.4,3.6,2
2018 / 04,Bronx,5,222,308.9,5.8,2
2018 / 04,Bronx,6,191.6,180.3,2.3,2
2018 / 04,Bronx,7,258,392.2,,2
2018 / 04,Bronx,8,321.5,330.8,59.1,2
2018 / 04,Bronx,9,222.3,313.8,,2
2018 / 04,Bronx,10,309.8,345.7,96.5,2
2018 / 04,Bronx,11,278.3,299.8,84.2,2
2018 / 04,Bronx,12,370.1,516.3,166.8,2
2018 / 04,Brooklyn,1,602,441.5,34.9,3
2018 / 04,Brooklyn,2,487,366.9,72.2,3
2018 / 04,Brooklyn,3,351.2,331.9,,3
2018 / 04,Brooklyn,4,309.3,321.4,,3
2018 / 04,Brooklyn,5,257.6,376.2,,3
2018 / 04,Brooklyn,6,570.7,407.7,97.4,3
2018 / 04,Brooklyn,7,419.1,392.6,108.7,3
2018 / 04,Brooklyn,8,304.2,267.7,,3
2018 / 04,Brooklyn,9,236.4,203.7,,3
2018 / 04,Brooklyn,10,474,423.5,94.7,3
2018 / 04,Brooklyn,11,580.5,507.2,83.8,3
2018 / 04,Brooklyn,12,634,450.8,41.8,3
2018 / 04,Brooklyn,13,288,208.6,27.2,3
2018 / 04,Brooklyn,14,480.7,371.9,,3
2018 / 04,Brooklyn,15,545.5,470,82.1,3
2018 / 04,Brooklyn,16,134.1,141.2,22.3,3
2018 / 04,Brooklyn,17,307.5,392.7,,3
2018 / 04,Brooklyn,18,528.5,549.7,,3
2018 / 04,Manhattan,1,368.6,239.3,11.8,1
2018 / 04,Manhattan,2,461.6,322,,1
2018 / 04,Manhattan,3,478.9,372.4,,1
2018 / 04,Manhattan,4,654.2,355.7,10.6,1
2018 / 04,Manhattan,5,256.3,161.6,,1
2018 / 04,Manhattan,6,768.6,370.8,20.3,1
2018 / 04,Manhattan,7,1108.6,749.3,20.8,1
2018 / 04,Manhattan,8,1133.5,745.2,13.1,1
2018 / 04,Manhattan,9,262.3,244.3,16.6,1
2018 / 04,Manhattan,10,271.5,253.5,,1
2018 / 04,Manhattan,11,201.1,174.1,,1
2018 / 04,Manhattan,12,421.7,442.5,29.9,1
2018 / 04,Queens,1,581.6,579.8,,4
2018 / 04,Queens,2,555.4,400,65.4,4
2018 / 04,Queens,3,348.7,422.4,,4
2018 / 04,Queens,4,307.1,367.1,,4
2018 / 04,Queens,5,598.7,668.1,113.3,4
2018 / 04,Queens,6,390.7,327.5,,4
2018 / 04,Queens,7,954.3,674.5,213.4,4
2018 / 04,Queens,8,460.3,363.4,84,4
2018 / 04,Queens,9,425.5,479.1,182.1,4
2018 / 04,Queens,10,369.9,435,63.1,4
2018 / 04,Queens,11,480.7,425.8,172.6,4
2018 / 04,Queens,12,445.6,743.9,,4
2018 / 04,Queens,13,489.5,684.4,9.8,4
2018 / 04,Queens,14,265,226.4,66.5,4
2018 / 04,Staten Island,1,729.5,613.6,162,5
2018 / 04,Staten Island,2,548.6,500.3,,5
2018 / 04,Staten Island,3,726.1,648.6,,5
2018 / 03,Bronx,1,237.9,124.7,1.6,2
2018 / 03,Bronx,2,222,210.3,,2
2018 / 03,Bronx,3,121.8,152.2,,2
2018 / 03,Bronx,4,250.3,331,2.3,2
2018 / 03,Bronx,5,236.4,319.7,2.4,2
2018 / 03,Bronx,6,186.2,174.1,2.7,2
2018 / 03,Bronx,7,274.2,398.6,,2
2018 / 03,Bronx,8,349.4,350.3,41.1,2
2018 / 03,Bronx,9,249.6,328.6,,2
2018 / 03,Bronx,10,345.7,353.6,67.6,2
2018 / 03,Bronx,11,293.4,311,67,2
2018 / 03,Bronx,12,389.7,509,144.5,2
2018 / 03,Brooklyn,1,706.7,504.2,36.8,3
2018 / 03,Brooklyn,2,518.6,397.6,62.8,3
2018 / 03,Brooklyn,3,385.8,336.4,,3
2018 / 03,Brooklyn,4,344.1,344.1,,3
2018 / 03,Brooklyn,5,267.4,360.2,,3
2018 / 03,Brooklyn,6,630,438.7,94.1,3
2018 / 03,Brooklyn,7,435.3,412.4,96.9,3
2018 / 03,Brooklyn,8,317.1,263.9,,3
2018 / 03,Brooklyn,9,295.4,235,,3
2018 / 03,Brooklyn,10,508.7,440.2,84.7,3
2018 / 03,Brooklyn,11,637.9,535.1,100,3
2018 / 03,Brooklyn,12,903,607.8,40.6,3
2018 / 03,Brooklyn,13,320.3,221,21,3
2018 / 03,Brooklyn,14,576.2,409.6,,3
2018 / 03,Brooklyn,15,651.8,520.9,82.2,3
2018 / 03,Brooklyn,16,163.4,143.9,25.5,3
2018 / 03,Brooklyn,17,323.6,393,,3
2018 / 03,Brooklyn,18,577.8,573.6,,3
2018 / 03,Manhattan,1,417.2,277.5,12.6,1
2018 / 03,Manhattan,2,438.4,318.8,,1
2018 / 03,Manhattan,3,548,409.4,,1
2018 / 03,Manhattan,4,753.4,427.4,11,1
2018 / 03,Manhattan,5,263.8,169.5,,1
2018 / 03,Manhattan,6,901.9,463.5,21.7,1
2018 / 03,Manhattan,7,1229,808.2,20.5,1
2018 / 03,Manhattan,8,1260.8,847.7,13.6,1
2018 / 03,Manhattan,9,315.9,289,16.5,1
2018 / 03,Manhattan,10,299.1,288.8,,1
2018 / 03,Manhattan,11,200.5,177.8,,1
2018 / 03,Manhattan,12,484.2,505.5,26,1
2018 / 03,Queens,1,600.2,591.7,,4
2018 / 03,Queens,2,599.5,417.9,66.5,4
2018 / 03,Queens,3,387.8,454.8,,4
2018 / 03,Queens,4,329.6,405.1,,4
2018 / 03,Queens,5,621.4,687.8,133.7,4
2018 / 03,Queens,6,441.8,362,,4
2018 / 03,Queens,7,1045.1,677.6,186,4
2018 / 03,Queens,8,505,400.8,90.5,4
2018 / 03,Queens,9,442.2,484.6,180.4,4
2018 / 03,Queens,10,372.5,440.9,60.6,4
2018 / 03,Queens,11,494.8,407.1,128.7,4
2018 / 03,Queens,12,485.2,742.4,,4
2018 / 03,Queens,13,504.1,678.8,,4
2018 / 03,Queens,14,321.1,246.9,61,4
2018 / 03,Staten Island,1,766.8,587.7,73.2,5
2018 / 03,Staten Island,2,590.5,469,,5
2018 / 03,Staten Island,3,798.2,642,,5
2018 / 02,Bronx,1,212.2,118.9,,2
2018 / 02,Bronx,2,171.8,166,,2
2018 / 02,Bronx,3,112.4,151.5,,2
2018 / 02,Bronx,4,228.6,295.5,,2
2018 / 02,Bronx,5,199.7,281,,2
2018 / 02,Bronx,6,173,175.4,,2
2018 / 02,Bronx,7,250.2,358.2,,2
2018 / 02,Bronx,8,310.8,313.7,30.1,2
2018 / 02,Bronx,9,196.7,290.1,,2
2018 / 02,Bronx,10,298.6,308.2,53.6,2
2018 / 02,Bronx,11,266,275,56.8,2
2018 / 02,Bronx,12,339.4,452.7,129.7,2
2018 / 02,Brooklyn,1,569.9,412.9,36.8,3
2018 / 02,Brooklyn,2,464.1,348.3,51.9,3
2018 / 02,Brooklyn,3,325.9,313.6,,3
2018 / 02,Brooklyn,4,290.1,296.1,,3
2018 / 02,Brooklyn,5,240.1,333.5,,3
2018 / 02,Brooklyn,6,544.3,383.3,75.4,3
2018 / 02,Brooklyn,7,404.9,376.7,84.4,3
2018 / 02,Brooklyn,8,275.2,252.2,,3
2018 / 02,Brooklyn,9,239.9,204.2,,3
2018 / 02,Brooklyn,10,468.5,404.2,66.7,3
2018 / 02,Brooklyn,11,572.4,491.9,83.9,3
2018 / 02,Brooklyn,12,653.8,407.5,32.2,3
2018 / 02,Brooklyn,13,282.8,197,19.4,3
2018 / 02,Brooklyn,14,457.1,329.1,,3
2018 / 02,Brooklyn,15,544.3,436.2,68.9,3
2018 / 02,Brooklyn,16,136.6,132.5,20.2,3
2018 / 02,Brooklyn,17,278.5,357.5,,3
2018 / 02,Brooklyn,18,508,504.3,,3
2018 / 02,Manhattan,1,340.3,223.3,11.9,1
2018 / 02,Manhattan,2,410.5,302.7,,1
2018 / 02,Manhattan,3,435.7,370.9,,1
2018 / 02,Manhattan,4,601.9,354.8,,1
2018 / 02,Manhattan,5,231.2,162.9,,1
2018 / 02,Manhattan,6,717,381.5,23.8,1
2018 / 02,Manhattan,7,1028.8,716.3,17.8,1
2018 / 02,Manhattan,8,1029.3,735.8,11.1,1
2018 / 02,Manhattan,9,257.9,240.3,12.1,1
2018 / 02,Manhattan,10,256.4,253.9,,1
2018 / 02,Manhattan,11,189.1,178.1,,1
2018 / 02,Manhattan,12,423.7,444.9,22.1,1
2018 / 02,Queens,1,553.2,544.3,,4
2018 / 02,Queens,2,519.2,364.1,58.3,4
2018 / 02,Queens,3,326.4,399.8,,4
2018 / 02,Queens,4,298.1,343,,4
2018 / 02,Queens,5,548,616.9,94.8,4
2018 / 02,Queens,6,387.3,315.9,,4
2018 / 02,Queens,7,964.5,606.5,165.6,4
2018 / 02,Queens,8,438.8,345.7,76.8,4
2018 / 02,Queens,9,396.8,443.6,150.7,4
2018 / 02,Queens,10,327.6,393,59.7,4
2018 / 02,Queens,11,453.4,362.5,109.5,4
2018 / 02,Queens,12,416.9,666.7,,4
2018 / 02,Queens,13,439,621.1,,4
2018 / 02,Queens,14,254.7,206.9,47.5,4
2018 / 02,Staten Island,1,664.3,533.8,47.1,5
2018 / 02,Staten Island,2,509.7,453.6,,5
2018 / 02,Staten Island,3,685.9,593.9,,5
2018 / 01,Bronx,1,243.7,149.2,,2
2018 / 01,Bronx,2,159.3,151.1,,2
2018 / 01,Bronx,3,144.3,200.5,,2
2018 / 01,Bronx,4,276.2,364.9,,2
2018 / 01,Bronx,5,239.8,339,,2
2018 / 01,Bronx,6,208.6,221.1,,2
2018 / 01,Bronx,7,303.7,441.2,,2
2018 / 01,Bronx,8,391.1,407.3,31.3,2
2018 / 01,Bronx,9,252.1,322,,2
2018 / 01,Bronx,10,348.7,360.7,52,2
2018 / 01,Bronx,11,314,325,65.7,2
2018 / 01,Bronx,12,408,539.6,141.8,2
2018 / 01,Brooklyn,1,610.6,480.6,35.8,3
2018 / 01,Brooklyn,2,562.8,407,54.7,3
2018 / 01,Brooklyn,3,409.6,381.4,,3
2018 / 01,Brooklyn,4,335.9,345.5,,3
2018 / 01,Brooklyn,5,315.2,411.3,,3
2018 / 01,Brooklyn,6,634.9,456,94.5,3
2018 / 01,Brooklyn,7,476.7,459.3,97.9,3
2018 / 01,Brooklyn,8,347.3,318.1,,3
2018 / 01,Brooklyn,9,267.6,233.2,,3
2018 / 01,Brooklyn,10,545.5,496.8,77.6,3
2018 / 01,Brooklyn,11,642.6,568,100.7,3
2018 / 01,Brooklyn,12,695.4,444.1,36,3
2018 / 01,Brooklyn,13,319,221.1,23,3
2018 / 01,Brooklyn,14,517.4,396.6,,3
2018 / 01,Brooklyn,15,603.4,505.9,90.7,3
2018 / 01,Brooklyn,16,135.8,146.7,22.5,3
2018 / 01,Brooklyn,17,347.5,452.6,,3
2018 / 01,Brooklyn,18,590.3,597.4,,3
2018 / 01,Manhattan,1,348.7,240.1,13.2,1
2018 / 01,Manhattan,2,505.7,380.2,,1
2018 / 01,Manhattan,3,474.4,399.2,,1
2018 / 01,Manhattan,4,656.8,381.2,,1
2018 / 01,Manhattan,5,261.3,194.1,,1
2018 / 01,Manhattan,6,754.4,409,26.3,1
2018 / 01,Manhattan,7,1126.9,821.8,19.8,1
2018 / 01,Manhattan,8,1156,848.3,12.2,1
2018 / 01,Manhattan,9,270.5,252.3,20.2,1
2018 / 01,Manhattan,10,309.9,294.1,,1
2018 / 01,Manhattan,11,223.9,206.5,,1
2018 / 01,Manhattan,12,472.9,519.5,16.1,1
2018 / 01,Queens,1,673.1,671.4,,4
2018 / 01,Queens,2,628.3,437.3,63.1,4
2018 / 01,Queens,3,381.1,474.7,,4
2018 / 01,Queens,4,351.9,394.8,,4
2018 / 01,Queens,5,661,700.5,132.8,4
2018 / 01,Queens,6,438.8,373.6,,4
2018 / 01,Queens,7,1080.6,710.1,201.6,4
2018 / 01,Queens,8,512.1,399.9,128.5,4
2018 / 01,Queens,9,476.6,528.2,185.1,4
2018 / 01,Queens,10,397.6,467.9,75.9,4
2018 / 01,Queens,11,558.7,445.7,152.3,4
2018 / 01,Queens,12,503,764.3,,4
2018 / 01,Queens,13,532.7,720.6,,4
2018 / 01,Queens,14,283.3,231.1,58.8,4
2018 / 01,Staten Island,1,762.2,673.6,65.9,5
2018 / 01,Staten Island,2,596.6,530,,5
2018 / 01,Staten Island,3,818.6,709,,5
2017 / 12,Bronx,1,242.2,134.5,,2
2017 / 12,Bronx,2,175.4,179.5,,2
2017 / 12,Bronx,3,133.2,140.4,,2
2017 / 12,Bronx,4,266.4,314.3,,2
2017 / 12,Bronx,5,258.5,310.8,,2
2017 / 12,Bronx,6,189.5,168.6,,2
2017 / 12,Bronx,7,287.6,387.2,,2
2017 / 12,Bronx,8,377.7,332,70.8,2
2017 / 12,Bronx,9,248.6,327.1,,2
2017 / 12,Bronx,10,402.3,355.5,102.3,2
2017 / 12,Bronx,11,336.2,300.9,117.6,2
2017 / 12,Bronx,12,423.4,504.3,230.5,2
2017 / 12,Brooklyn,1,674.1,439.9,44.4,3
2017 / 12,Brooklyn,2,606.6,385.5,79,3
2017 / 12,Brooklyn,3,387,337.3,,3
2017 / 12,Brooklyn,4,348,332.4,,3
2017 / 12,Brooklyn,5,286,361.2,,3
2017 / 12,Brooklyn,6,683.3,437.3,117.9,3
2017 / 12,Brooklyn,7,476.4,414.1,113.6,3
2017 / 12,Brooklyn,8,310.9,277.8,,3
2017 / 12,Brooklyn,9,299.5,249.8,,3
2017 / 12,Brooklyn,10,589.4,452.9,124.4,3
2017 / 12,Brooklyn,11,688.4,565.1,122,3
2017 / 12,Brooklyn,12,706.1,455.1,83.8,3
2017 / 12,Brooklyn,13,328.6,217.2,21.5,3
2017 / 12,Brooklyn,14,530.6,378.9,,3
2017 / 12,Brooklyn,15,653.4,481.3,150.8,3
2017 / 12,Brooklyn,16,179.3,161.5,31.4,3
2017 / 12,Brooklyn,17,362,432,,3
2017 / 12,Brooklyn,18,646.1,610.7,,3
2017 / 12,Manhattan,1,428.5,263.9,16.2,1
2017 / 12,Manhattan,2,472.3,319.9,,1
2017 / 12,Manhattan,3,513.4,391.6,,1
2017 / 12,Manhattan,4,771.6,422.5,,1
2017 / 12,Manhattan,5,274.9,184.2,,1
2017 / 12,Manhattan,6,903.7,442.3,23,1
2017 / 12,Manhattan,7,1301.5,804.6,25,1
2017 / 12,Manhattan,8,1336.1,850.5,15.2,1
2017 / 12,Manhattan,9,349.4,293.3,27.8,1
2017 / 12,Manhattan,10,347,276.4,,1
2017 / 12,Manhattan,11,228.5,187.1,,1
2017 / 12,Manhattan,12,512,501.9,,1
2017 / 12,Queens,1,668.6,591.6,,4
2017 / 12,Queens,2,643.2,428,81,4
2017 / 12,Queens,3,430.8,489.5,,4
2017 / 12,Queens,4,388.9,412.5,,4
2017 / 12,Queens,5,725.2,736.1,198.9,4
2017 / 12,Queens,6,483,357,,4
2017 / 12,Queens,7,895.8,668.1,316.7,4
2017 / 12,Queens,8,519.5,401.5,204.2,4
2017 / 12,Queens,9,501.7,510.6,274.4,4
2017 / 12,Queens,10,426.6,437.2,99.9,4
2017 / 12,Queens,11,548.9,391.6,301.4,4
2017 / 12,Queens,12,531.7,797.2,,4
2017 / 12,Queens,13,554.5,716.7,,4
2017 / 12,Queens,14,324.7,253.1,92,4
2017 / 12,Staten Island,1,817,620.1,205,5
2017 / 12,Staten Island,2,632.3,494.1,,5
2017 / 12,Staten Island,3,951.6,694.7,,5
2017 / 11,Bronx,1,214.3,118.9,,2
2017 / 11,Bronx,2,161.5,199.4,,2
2017 / 11,Bronx,3,120.1,167.9,,2
2017 / 11,Bronx,4,231.2,309.4,,2
2017 / 11,Bronx,5,219.7,313.5,,2
2017 / 11,Bronx,6,191.9,193,,2
2017 / 11,Bronx,7,280.9,418.7,,2
2017 / 11,Bronx,8,361.4,346.1,78.6,2
2017 / 11,Bronx,9,234.8,329.2,,2
2017 / 11,Bronx,10,352.8,350,157.8,2
2017 / 11,Bronx,11,297.9,307.7,162.1,2
2017 / 11,Bronx,12,381.4,499.1,308,2
2017 / 11,Brooklyn,1,606.1,469.2,60,3
2017 / 11,Brooklyn,2,534.1,391.4,92.3,3
2017 / 11,Brooklyn,3,368.3,343.5,,3
2017 / 11,Brooklyn,4,320.9,321.6,,3
2017 / 11,Brooklyn,5,278.4,394.9,,3
2017 / 11,Brooklyn,6,645.2,426.8,148.5,3
2017 / 11,Brooklyn,7,456,413.5,145.6,3
2017 / 11,Brooklyn,8,311.8,276.3,,3
2017 / 11,Brooklyn,9,265.5,220.5,,3
2017 / 11,Brooklyn,10,539.2,434.4,193.6,3
2017 / 11,Brooklyn,11,629.9,561.7,179.9,3
2017 / 11,Brooklyn,12,686.1,441.7,119.8,3
2017 / 11,Brooklyn,13,303.1,200.8,33.9,3
2017 / 11,Brooklyn,14,484,352.9,,3
2017 / 11,Brooklyn,15,609.8,474.9,199.2,3
2017 / 11,Brooklyn,16,154.4,155.3,32,3
2017 / 11,Brooklyn,17,329.7,411.2,,3
2017 / 11,Brooklyn,18,581.9,579.1,,3
2017 / 11,Manhattan,1,371.8,249.9,20,1
2017 / 11,Manhattan,2,497.5,347.1,,1
2017 / 11,Manhattan,3,501,404.2,,1
2017 / 11,Manhattan,4,703.6,399.6,,1
2017 / 11,Manhattan,5,258.1,185.6,,1
2017 / 11,Manhattan,6,860,435.5,29.8,1
2017 / 11,Manhattan,7,1220.4,795.8,26.4,1
2017 / 11,Manhattan,8,1254.9,827.1,17.2,1
2017 / 11,Manhattan,9,285.5,255.7,32,1
2017 / 11,Manhattan,10,308.5,322.8,,1
2017 / 11,Manhattan,11,246.1,204.3,,1
2017 / 11,Manhattan,12,500.4,511.7,,1
2017 / 11,Queens,1,622,588.4,,4
2017 / 11,Queens,2,601.6,391.3,90.8,4
2017 / 11,Queens,3,389,454.3,,4
2017 / 11,Queens,4,349.8,394,,4
2017 / 11,Queens,5,662.8,708.3,290.6,4
2017 / 11,Queens,6,445.6,354,,4
2017 / 11,Queens,7,850.7,682.4,415.9,4
2017 / 11,Queens,8,491.7,373.8,245.1,4
2017 / 11,Queens,9,453.9,491,348.9,4
2017 / 11,Queens,10,384,432.2,162,4
2017 / 11,Queens,11,546.1,420.8,404,4
2017 / 11,Queens,12,474.6,730.9,,4
2017 / 11,Queens,13,544.2,705,,4
2017 / 11,Queens,14,293.4,243.4,110.6,4
2017 / 11,Staten Island,1,757.1,629.6,293.8,5
2017 / 11,Staten Island,2,604.9,530.1,,5
2017 / 11,Staten Island,3,819.7,727.4,,5
2017 / 10,Bronx,1,236.1,140.1,,2
2017 / 10,Bronx,2,139.3,190.2,,2
2017 / 10,Bronx,3,117.2,159,,2
2017 / 10,Bronx,4,237.2,334.1,,2
2017 / 10,Bronx,5,212.4,313.7,,2
2017 / 10,Bronx,6,191.4,188.9,,2
2017 / 10,Bronx,7,269.6,393.5,,2
2017 / 10,Bronx,8,331.8,343.5,49.2,2
2017 / 10,Bronx,9,215.9,309.3,,2
2017 / 10,Bronx,10,312.2,340.8,122.1,2
2017 / 10,Bronx,11,272,290.5,128,2
2017 / 10,Bronx,12,356.2,480.5,237.8,2
2017 / 10,Brooklyn,1,577.9,446.9,49.7,3
2017 / 10,Brooklyn,2,499.8,357.6,60.6,3
2017 / 10,Brooklyn,3,353.8,342.3,,3
2017 / 10,Brooklyn,4,291.7,323.3,,3
2017 / 10,Brooklyn,5,237.9,379.7,,3
2017 / 10,Brooklyn,6,602.3,405.4,109.2,3
2017 / 10,Brooklyn,7,436.3,455.7,129.3,3
2017 / 10,Brooklyn,8,341.7,279.2,,3
2017 / 10,Brooklyn,9,234.6,201.2,5.1,3
2017 / 10,Brooklyn,10,501.3,420.5,134,3
2017 / 10,Brooklyn,11,594.4,520.6,171.4,3
2017 / 10,Brooklyn,12,656.2,455,72.5,3
2017 / 10,Brooklyn,13,295.8,213.5,36,3
2017 / 10,Brooklyn,14,488,369.3,,3
2017 / 10,Brooklyn,15,571.1,470.2,150.9,3
2017 / 10,Brooklyn,16,127.7,127,22.5,3
2017 / 10,Brooklyn,17,312.1,394.6,,3
2017 / 10,Brooklyn,18,550.1,545.5,,3
2017 / 10,Manhattan,1,356.8,234,18.1,1
2017 / 10,Manhattan,2,496.4,335,,1
2017 / 10,Manhattan,3,491.1,369.2,,1
2017 / 10,Manhattan,4,671.1,356.8,,1
2017 / 10,Manhattan,5,273.9,192.4,,1
2017 / 10,Manhattan,6,804.9,377.8,19.2,1
2017 / 10,Manhattan,7,1155.1,747.9,25.1,1
2017 / 10,Manhattan,8,1159.2,759.7,16.8,1
2017 / 10,Manhattan,9,266.2,237.6,28.9,1
2017 / 10,Manhattan,10,290.9,273.8,,1
2017 / 10,Manhattan,11,197.3,180.7,,1
2017 / 10,Manhattan,12,435.1,454.9,,1
2017 / 10,Queens,1,595.5,588.1,,4
2017 / 10,Queens,2,584.2,431.7,4.6,4
2017 / 10,Queens,3,332.9,439.2,,4
2017 / 10,Queens,4,306,370.4,,4
2017 / 10,Queens,5,583.1,696.6,200.8,4
2017 / 10,Queens,6,402.9,331.5,,4
2017 / 10,Queens,7,782.6,668.6,292.9,4
2017 / 10,Queens,8,454.4,397.2,183.6,4
2017 / 10,Queens,9,411.5,505.1,14.6,4
2017 / 10,Queens,10,341.7,446.3,122.8,4
2017 / 10,Queens,11,507.9,406.3,236.4,4
2017 / 10,Queens,12,418.6,741.3,,4
2017 / 10,Queens,13,461.9,703.7,,4
2017 / 10,Queens,14,245.9,224.4,3.5,4
2017 / 10,Staten Island,1,715.8,615.6,150.2,5
2017 / 10,Staten Island,2,548,501.8,,5
2017 / 10,Staten Island,3,717.6,648.9,,5
2017 / 09,Bronx,1,260.8,135.4,,2
2017 / 09,Bronx,2,160.6,186.5,,2
2017 / 09,Bronx,3,126,144.4,,2
2017 / 09,Bronx,4,248.6,327.8,,2
2017 / 09,Bronx,5,220.7,322.1,,2
2017 / 09,Bronx,6,203.3,176.4,,2
2017 / 09,Bronx,7,283.7,396.5,,2
2017 / 09,Bronx,8,346.1,325.2,44,2
2017 / 09,Bronx,9,235.7,326.9,,2
2017 / 09,Bronx,10,333.8,358.3,114.9,2
2017 / 09,Bronx,11,288.3,313,137.9,2
2017 / 09,Bronx,12,379.1,522,150.4,2
2017 / 09,Brooklyn,1,629.9,437.1,55.5,3
2017 / 09,Brooklyn,2,546.2,364.1,55.5,3
2017 / 09,Brooklyn,3,357.7,341.3,,3
2017 / 09,Brooklyn,4,310.9,338.3,,3
2017 / 09,Brooklyn,5,243.1,369.4,,3
2017 / 09,Brooklyn,6,642.4,406.2,100.7,3
2017 / 09,Brooklyn,7,543.9,454.6,122.6,3
2017 / 09,Brooklyn,8,294.1,248,,3
2017 / 09,Brooklyn,9,273.9,237.9,,3
2017 / 09,Brooklyn,10,513.6,422.8,119.4,3
2017 / 09,Brooklyn,11,618.7,510.8,164.8,3
2017 / 09,Brooklyn,12,735.5,449.9,82.4,3
2017 / 09,Brooklyn,13,326.6,219.5,32.6,3
2017 / 09,Brooklyn,14,502.7,366.5,,3
2017 / 09,Brooklyn,15,612.9,467,130.5,3
2017 / 09,Brooklyn,16,170.4,147.3,29.7,3
2017 / 09,Brooklyn,17,323.4,422.2,,3
2017 / 09,Brooklyn,18,571.4,577.4,,3
2017 / 09,Manhattan,1,405.2,277.6,16.9,1
2017 / 09,Manhattan,2,446.1,302.2,,1
2017 / 09,Manhattan,3,547.1,413.5,,1
2017 / 09,Manhattan,4,723.8,402.4,,1
2017 / 09,Manhattan,5,252,168.7,,1
2017 / 09,Manhattan,6,841.8,420.7,17.3,1
2017 / 09,Manhattan,7,1209.5,757,21.2,1
2017 / 09,Manhattan,8,1207.1,769,16.1,1
2017 / 09,Manhattan,9,358.9,281,31.6,1
2017 / 09,Manhattan,10,309.3,279.8,,1
2017 / 09,Manhattan,11,216.8,182,,1
2017 / 09,Manhattan,12,467.6,470.8,,1
2017 / 09,Queens,1,590.5,578.4,,4
2017 / 09,Queens,2,582.4,400,,4
2017 / 09,Queens,3,365.5,463.3,,4
2017 / 09,Queens,4,334.6,393.2,,4
2017 / 09,Queens,5,599.9,734.5,178.2,4
2017 / 09,Queens,6,428.5,347.5,,4
2017 / 09,Queens,7,815.5,672.9,,4
2017 / 09,Queens,8,484.9,415,,4
2017 / 09,Queens,9,418.1,510.3,,4
2017 / 09,Queens,10,356,462.8,100.1,4
2017 / 09,Queens,11,520,398.9,195.2,4
2017 / 09,Queens,12,446.2,809.4,,4
2017 / 09,Queens,13,505.2,764,,4
2017 / 09,Queens,14,286.6,266.2,,4
2017 / 09,Staten Island,1,732.2,635.1,152.5,5
2017 / 09,Staten Island,2,553.9,543.1,,5
2017 / 09,Staten Island,3,738.8,715.8,,5
2017 / 08,Bronx,1,229.7,142.1,,2
2017 / 08,Bronx,2,205.6,178.2,,2
2017 / 08,Bronx,3,132,179.1,,2
2017 / 08,Bronx,4,230.3,340.8,,2
2017 / 08,Bronx,5,199.3,325.9,,2
2017 / 08,Bronx,6,178.1,216.8,,2
2017 / 08,Bronx,7,270.3,428.4,,2
2017 / 08,Bronx,8,346.9,358.8,23.1,2
2017 / 08,Bronx,9,221.4,337,,2
2017 / 08,Bronx,10,334.1,369.1,110.8,2
2017 / 08,Bronx,11,297.8,322.7,121.2,2
2017 / 08,Bronx,12,391.8,558.1,,2
2017 / 08,Brooklyn,1,527,477.1,56.1,3
2017 / 08,Brooklyn,2,544.3,362,53.5,3
2017 / 08,Brooklyn,3,357.8,386.6,,3
2017 / 08,Brooklyn,4,318.4,366.7,,3
2017 / 08,Brooklyn,5,267.1,413.3,,3
2017 / 08,Brooklyn,6,550.4,389,103.2,3
2017 / 08,Brooklyn,7,641.5,402.4,126.4,3
2017 / 08,Brooklyn,8,341,290.4,,3
2017 / 08,Brooklyn,9,255.7,223.4,,3
2017 / 08,Brooklyn,10,521,433.5,130.7,3
2017 / 08,Brooklyn,11,631.9,529.6,176.6,3
2017 / 08,Brooklyn,12,541.6,374,74.5,3
2017 / 08,Brooklyn,13,275.8,215.4,38.8,3
2017 / 08,Brooklyn,14,431.9,330.6,,3
2017 / 08,Brooklyn,15,559.2,435,133.7,3
2017 / 08,Brooklyn,16,163.8,159.8,30.7,3
2017 / 08,Brooklyn,17,336.2,448.7,,3
2017 / 08,Brooklyn,18,584.1,602.4,,3
2017 / 08,Manhattan,1,312.1,243.9,18.4,1
2017 / 08,Manhattan,2,422.8,319.7,,1
2017 / 08,Manhattan,3,544.7,427.4,,1
2017 / 08,Manhattan,4,659.1,394.5,,1
2017 / 08,Manhattan,5,252.2,188.9,,1
2017 / 08,Manhattan,6,769.6,420.6,15.6,1
2017 / 08,Manhattan,7,1003.8,721.9,19.4,1
2017 / 08,Manhattan,8,1002.7,718.8,22,1
2017 / 08,Manhattan,9,275.8,263.7,26.2,1
2017 / 08,Manhattan,10,309.7,304,,1
2017 / 08,Manhattan,11,235.7,221.4,,1
2017 / 08,Manhattan,12,494.5,532.6,,1
2017 / 08,Queens,1,588,589.6,,4
2017 / 08,Queens,2,554.9,412.4,,4
2017 / 08,Queens,3,365.9,499.4,,4
2017 / 08,Queens,4,352.8,408.9,,4
2017 / 08,Queens,5,604.8,760.4,185.3,4
2017 / 08,Queens,6,429.7,360.7,,4
2017 / 08,Queens,7,808.7,694.6,,4
2017 / 08,Queens,8,468.9,425.6,,4
2017 / 08,Queens,9,420.6,556.7,,4
2017 / 08,Queens,10,373.2,504.7,121,4
2017 / 08,Queens,11,509.9,426.8,221.5,4
2017 / 08,Queens,12,475,879,,4
2017 / 08,Queens,13,495.8,841.1,,4
2017 / 08,Queens,14,270,284,,4
2017 / 08,Staten Island,1,738.7,703.3,181.9,5
2017 / 08,Staten Island,2,570.2,561.8,,5
2017 / 08,Staten Island,3,778.3,776.3,,5
2017 / 07,Bronx,1,246.1,139.2,,2
2017 / 07,Bronx,2,152.1,161.3,,2
2017 / 07,Bronx,3,120.3,143.6,,2
2017 / 07,Bronx,4,247.6,339.7,,2
2017 / 07,Bronx,5,204.6,325.8,,2
2017 / 07,Bronx,6,173.9,179.3,,2
2017 / 07,Bronx,7,271.3,401,,2
2017 / 07,Bronx,8,319.6,337.7,26.7,2
2017 / 07,Bronx,9,237.8,356,,2
2017 / 07,Bronx,10,339.2,384.4,42.6,2
2017 / 07,Bronx,11,293.5,325.3,1.6,2
2017 / 07,Bronx,12,375.4,553.8,,2
2017 / 07,Brooklyn,1,514.8,441.7,53.1,3
2017 / 07,Brooklyn,2,453.2,345.4,51,3
2017 / 07,Brooklyn,3,305.3,337.6,,3
2017 / 07,Brooklyn,4,329.3,347.5,,3
2017 / 07,Brooklyn,5,263.6,385.7,,3
2017 / 07,Brooklyn,6,550.9,391.4,106.5,3
2017 / 07,Brooklyn,7,467,407.6,119,3
2017 / 07,Brooklyn,8,302.3,268.5,,3
2017 / 07,Brooklyn,9,239.7,205.6,,3
2017 / 07,Brooklyn,10,523.9,446.8,141.4,3
2017 / 07,Brooklyn,11,673,529.8,183.3,3
2017 / 07,Brooklyn,12,534,367.2,60,3
2017 / 07,Brooklyn,13,271.6,202.4,35.2,3
2017 / 07,Brooklyn,14,458,354.3,,3
2017 / 07,Brooklyn,15,589.7,465.2,149.6,3
2017 / 07,Brooklyn,16,169.6,154.7,32.7,3
2017 / 07,Brooklyn,17,325.2,436.4,,3
2017 / 07,Brooklyn,18,585.5,622.1,,3
2017 / 07,Manhattan,1,317.5,218.2,16.5,1
2017 / 07,Manhattan,2,369.8,284,,1
2017 / 07,Manhattan,3,491.1,412.5,,1
2017 / 07,Manhattan,4,604.9,369.8,,1
2017 / 07,Manhattan,5,207.6,153.3,,1
2017 / 07,Manhattan,6,711.3,383,17,1
2017 / 07,Manhattan,7,985,711.5,19.3,1
2017 / 07,Manhattan,8,942.2,701.5,17.5,1
2017 / 07,Manhattan,9,265.4,254.8,27,1
2017 / 07,Manhattan,10,270.5,255.7,,1
2017 / 07,Manhattan,11,207,180.7,,1
2017 / 07,Manhattan,12,429.8,467.3,,1
2017 / 07,Queens,1,599.4,587.6,,4
2017 / 07,Queens,2,544.2,397.4,,4
2017 / 07,Queens,3,377.4,465.5,,4
2017 / 07,Queens,4,342,399.2,,4
2017 / 07,Queens,5,600.8,750,195.3,4
2017 / 07,Queens,6,423.4,347.2,,4
2017 / 07,Queens,7,803,703.2,,4
2017 / 07,Queens,8,500.3,410.6,,4
2017 / 07,Queens,9,450.9,542.9,,4
2017 / 07,Queens,10,404,510.1,111,4
2017 / 07,Queens,11,490.5,414.9,212.7,4
2017 / 07,Queens,12,508.6,859.3,,4
2017 / 07,Queens,13,532.8,848.3,,4
2017 / 07,Queens,14,298,288.4,,4
2017 / 07,Staten Island,1,758.4,739.4,156.3,5
2017 / 07,Staten Island,2,568.8,591.6,,5
2017 / 07,Staten Island,3,748.3,784.9,,5
2017 / 06,Bronx,1,290.4,144.6,,2
2017 / 06,Bronx,2,166.5,203,,2
2017 / 06,Bronx,3,148.8,145.3,,2
2017 / 06,Bronx,4,261.2,325.9,,2
2017 / 06,Bronx,5,274.7,328.4,,2
2017 / 06,Bronx,6,245.6,180.4,,2
2017 / 06,Bronx,7,320.5,425.1,,2
2017 / 06,Bronx,8,381.3,351.5,31.8,2
2017 / 06,Bronx,9,232.6,357.5,,2
2017 / 06,Bronx,10,397,398.1,51.2,2
2017 / 06,Bronx,11,306.6,340.6,,2
2017 / 06,Bronx,12,392.5,555.1,,2
2017 / 06,Brooklyn,1,633,494.5,66.5,3
2017 / 06,Brooklyn,2,528,391.8,52.3,3
2017 / 06,Brooklyn,3,381.9,363.6,,3
2017 / 06,Brooklyn,4,378.4,356.1,,3
2017 / 06,Brooklyn,5,267.2,410.5,,3
2017 / 06,Brooklyn,6,667.7,454,119.1,3
2017 / 06,Brooklyn,7,455.9,434.7,85.9,3
2017 / 06,Brooklyn,8,325,275,,3
2017 / 06,Brooklyn,9,309.2,234.9,,3
2017 / 06,Brooklyn,10,556.3,460.4,155.1,3
2017 / 06,Brooklyn,11,703.4,563.5,,3
2017 / 06,Brooklyn,12,642.2,451.5,,3
2017 / 06,Brooklyn,13,324.9,227.3,33.3,3
2017 / 06,Brooklyn,14,510,360.8,,3
2017 / 06,Brooklyn,15,604.4,488.7,123.7,3
2017 / 06,Brooklyn,16,183.5,160.5,33.6,3
2017 / 06,Brooklyn,17,351.5,453.5,,3
2017 / 06,Brooklyn,18,682.5,658.7,,3
2017 / 06,Manhattan,1,404.7,280.2,17,1
2017 / 06,Manhattan,2,463.5,312.8,,1
2017 / 06,Manhattan,3,613.3,440.4,,1
2017 / 06,Manhattan,4,733.6,420.4,,1
2017 / 06,Manhattan,5,256.6,188.1,,1
2017 / 06,Manhattan,6,848.8,439.1,15.2,1
2017 / 06,Manhattan,7,1184.8,803.7,19.2,1
2017 / 06,Manhattan,8,1157.5,796.6,12,1
2017 / 06,Manhattan,9,346.1,289,26.7,1
2017 / 06,Manhattan,10,302.4,310.4,,1
2017 / 06,Manhattan,11,261.5,197.6,,1
2017 / 06,Manhattan,12,513.2,521.9,,1
2017 / 06,Queens,1,662.9,598.9,,4
2017 / 06,Queens,2,634.2,400.3,,4
2017 / 06,Queens,3,417.7,512.7,,4
2017 / 06,Queens,4,372.5,443.5,,4
2017 / 06,Queens,5,671.9,786.2,180.7,4
2017 / 06,Queens,6,449.5,367.9,,4
2017 / 06,Queens,7,853.5,741.7,,4
2017 / 06,Queens,8,551.6,421.5,,4
2017 / 06,Queens,9,505.8,554.8,,4
2017 / 06,Queens,10,426.2,526.1,130.8,4
2017 / 06,Queens,11,571.6,453,214.1,4
2017 / 06,Queens,12,531.8,886.6,,4
2017 / 06,Queens,13,604.2,854.6,,4
2017 / 06,Queens,14,299,288.9,,4
2017 / 06,Staten Island,1,821.4,763,198.7,5
2017 / 06,Staten Island,2,640.6,633,,5
2017 / 06,Staten Island,3,842.4,827.8,,5
2017 / 05,Bronx,1,248.6,146.9,,2
2017 / 05,Bronx,2,143.3,154.1,,2
2017 / 05,Bronx,3,122.5,176.8,,2
2017 / 05,Bronx,4,248.4,329.4,,2
2017 / 05,Bronx,5,237,340.5,,2
2017 / 05,Bronx,6,235.5,227.7,,2
2017 / 05,Bronx,7,284,414.2,,2
2017 / 05,Bronx,8,349.3,359.2,25.8,2
2017 / 05,Bronx,9,209.6,322.7,,2
2017 / 05,Bronx,10,374.6,372.4,48.1,2
2017 / 05,Bronx,11,295.9,319.2,,2
2017 / 05,Bronx,12,379.3,530.5,,2
2017 / 05,Brooklyn,1,601.6,462.1,53.5,3
2017 / 05,Brooklyn,2,508.8,382.7,,3
2017 / 05,Brooklyn,3,373.9,360.1,,3
2017 / 05,Brooklyn,4,335.9,342.9,,3
2017 / 05,Brooklyn,5,259.1,401.4,,3
2017 / 05,Brooklyn,6,623.7,447.7,135.8,3
2017 / 05,Brooklyn,7,452.9,426,95.8,3
2017 / 05,Brooklyn,8,313.7,280.2,,3
2017 / 05,Brooklyn,9,279.1,223.3,,3
2017 / 05,Brooklyn,10,540.3,454.7,156.3,3
2017 / 05,Brooklyn,11,660.7,547.5,,3
2017 / 05,Brooklyn,12,718.3,441.3,,3
2017 / 05,Brooklyn,13,315.5,214.3,,3
2017 / 05,Brooklyn,14,527.6,371.8,,3
2017 / 05,Brooklyn,15,621.8,493,,3
2017 / 05,Brooklyn,16,151.7,161.5,21.7,3
2017 / 05,Brooklyn,17,320.8,421,,3
2017 / 05,Brooklyn,18,619.1,600.7,,3
2017 / 05,Manhattan,1,349.6,236.4,17.1,1
2017 / 05,Manhattan,2,495.5,352.5,,1
2017 / 05,Manhattan,3,552.1,427.1,,1
2017 / 05,Manhattan,4,695.9,391.8,,1
2017 / 05,Manhattan,5,282.6,194.7,,1
2017 / 05,Manhattan,6,804.4,391.9,14.7,1
2017 / 05,Manhattan,7,1120.7,776.1,20.4,1
2017 / 05,Manhattan,8,1169.6,799.1,10.5,1
2017 / 05,Manhattan,9,307.4,267.9,30.6,1
2017 / 05,Manhattan,10,293.5,279.3,,1
2017 / 05,Manhattan,11,251.5,201.9,,1
2017 / 05,Manhattan,12,472.8,513.4,,1
2017 / 05,Queens,1,650.4,611.5,,4
2017 / 05,Queens,2,619.5,404.3,,4
2017 / 05,Queens,3,390.6,478.7,,4
2017 / 05,Queens,4,336.3,394.1,,4
2017 / 05,Queens,5,669.7,753.4,223.7,4
2017 / 05,Queens,6,433.8,351.3,,4
2017 / 05,Queens,7,830.5,717.4,,4
2017 / 05,Queens,8,519.2,421.4,,4
2017 / 05,Queens,9,478.9,549.7,,4
2017 / 05,Queens,10,416.2,500.6,149.2,4
2017 / 05,Queens,11,543.1,448.4,242.4,4
2017 / 05,Queens,12,505.4,833.2,,4
2017 / 05,Queens,13,565.5,809.4,,4
2017 / 05,Queens,14,285.6,260.3,,4
2017 / 05,Staten Island,1,787.9,724,198.3,5
2017 / 05,Staten Island,2,619.8,598.1,,5
2017 / 05,Staten Island,3,817.3,798.3,,5
2017 / 04,Bronx,1,226.8,132.8,,2
2017 / 04,Bronx,2,153.4,173.6,,2
2017 / 04,Bronx,3,113.3,144.5,,2
2017 / 04,Bronx,4,225.1,305.4,,2
2017 / 04,Bronx,5,225.5,313.2,,2
2017 / 04,Bronx,6,183,200.3,3.6,2
2017 / 04,Bronx,7,273.1,391.6,,2
2017 / 04,Bronx,8,326.3,327.2,26.5,2
2017 / 04,Bronx,9,205.5,320.4,,2
2017 / 04,Bronx,10,354.7,357.3,63.9,2
2017 / 04,Bronx,11,283.3,306.1,,2
2017 / 04,Bronx,12,367.6,486.9,,2
2017 / 04,Brooklyn,1,630.4,447.4,25.5,3
2017 / 04,Brooklyn,2,466,344.3,,3
2017 / 04,Brooklyn,3,328.6,306.4,,3
2017 / 04,Brooklyn,4,308,319,,3
2017 / 04,Brooklyn,5,240.7,354.6,,3
2017 / 04,Brooklyn,6,584,416.4,129.5,3
2017 / 04,Brooklyn,7,450.9,395.7,84.1,3
2017 / 04,Brooklyn,8,276.1,248.3,,3
2017 / 04,Brooklyn,9,268.9,220,,3
2017 / 04,Brooklyn,10,499.6,431.9,128,3
2017 / 04,Brooklyn,11,609.1,512.2,,3
2017 / 04,Brooklyn,12,864.5,550.2,,3
2017 / 04,Brooklyn,13,286,198.7,,3
2017 / 04,Brooklyn,14,507.9,387.7,,3
2017 / 04,Brooklyn,15,617.4,490.6,,3
2017 / 04,Brooklyn,16,145.2,143,,3
2017 / 04,Brooklyn,17,310,396.6,,3
2017 / 04,Brooklyn,18,595.6,580.9,,3
2017 / 04,Manhattan,1,356.2,243.1,14,1
2017 / 04,Manhattan,2,436.3,303.9,,1
2017 / 04,Manhattan,3,516.5,388.6,,1
2017 / 04,Manhattan,4,639.9,375.6,,1
2017 / 04,Manhattan,5,237.8,170.9,,1
2017 / 04,Manhattan,6,776.2,387.2,11.8,1
2017 / 04,Manhattan,7,1072.8,751.4,17,1
2017 / 04,Manhattan,8,1131.3,787.5,7.4,1
2017 / 04,Manhattan,9,283.4,264,22,1
2017 / 04,Manhattan,10,268.3,253,,1
2017 / 04,Manhattan,11,224.8,187.1,,1
2017 / 04,Manhattan,12,446,471.6,,1
2017 / 04,Queens,1,579.6,566.9,,4
2017 / 04,Queens,2,534.8,381,,4
2017 / 04,Queens,3,353.3,444.5,,4
2017 / 04,Queens,4,317.2,364.9,,4
2017 / 04,Queens,5,599.9,721.4,210.5,4
2017 / 04,Queens,6,414.6,348.3,,4
2017 / 04,Queens,7,798.6,675.2,,4
2017 / 04,Queens,8,473.9,406.5,,4
2017 / 04,Queens,9,420.8,511.1,,4
2017 / 04,Queens,10,378.6,463.2,128.2,4
2017 / 04,Queens,11,497.9,420.4,257.4,4
2017 / 04,Queens,12,468.9,776.5,,4
2017 / 04,Queens,13,503.2,716.8,,4
2017 / 04,Queens,14,290.3,262.3,,4
2017 / 04,Staten Island,1,733.7,665.7,122.8,5
2017 / 04,Staten Island,2,575.3,554.1,,5
2017 / 04,Staten Island,3,761.9,713.2,,5
2017 / 03,Bronx,1,235.1,131.3,,2
2017 / 03,Bronx,2,201.6,200.8,,2
2017 / 03,Bronx,3,121.1,156.8,,2
2017 / 03,Bronx,4,221.7,293.3,,2
2017 / 03,Bronx,5,230.2,301.4,,2
2017 / 03,Bronx,6,201.5,191.3,,2
2017 / 03,Bronx,7,283.2,408.5,,2
2017 / 03,Bronx,8,342,330.8,16.8,2
2017 / 03,Bronx,9,221.1,309.5,,2
2017 / 03,Bronx,10,318.8,317.3,23.7,2
2017 / 03,Bronx,11,266,290.2,,2
2017 / 03,Bronx,12,347.2,472.3,,2
2017 / 03,Brooklyn,1,581.4,457.4,10.6,3
2017 / 03,Brooklyn,2,482.7,365.7,,3
2017 / 03,Brooklyn,3,331.9,305,,3
2017 / 03,Brooklyn,4,305.4,305.8,,3
2017 / 03,Brooklyn,5,241.8,355.8,,3
2017 / 03,Brooklyn,6,607.8,430,101.2,3
2017 / 03,Brooklyn,7,429.2,386,64.3,3
2017 / 03,Brooklyn,8,276.4,270.7,,3
2017 / 03,Brooklyn,9,271.9,220.6,,3
2017 / 03,Brooklyn,10,498.4,414.6,95.4,3
2017 / 03,Brooklyn,11,601.8,554.6,,3
2017 / 03,Brooklyn,12,733.6,449.1,,3
2017 / 03,Brooklyn,13,288.9,215.5,,3
2017 / 03,Brooklyn,14,488.7,354.6,,3
2017 / 03,Brooklyn,15,582.3,453.8,,3
2017 / 03,Brooklyn,16,150.8,136.6,,3
2017 / 03,Brooklyn,17,298.8,376.1,,3
2017 / 03,Brooklyn,18,583.4,529.8,,3
2017 / 03,Manhattan,1,414.2,259.8,13.2,1
2017 / 03,Manhattan,2,460.4,322.7,,1
2017 / 03,Manhattan,3,547.4,418.2,,1
2017 / 03,Manhattan,4,713.9,424.1,,1
2017 / 03,Manhattan,5,265.7,179.6,,1
2017 / 03,Manhattan,6,843.6,444.1,10.7,1
2017 / 03,Manhattan,7,1162,799,17.1,1
2017 / 03,Manhattan,8,1183.3,806,7.8,1
2017 / 03,Manhattan,9,305.6,279.5,22.5,1
2017 / 03,Manhattan,10,299.3,294.4,,1
2017 / 03,Manhattan,11,254.5,194.2,,1
2017 / 03,Manhattan,12,490.6,533,,1
2017 / 03,Queens,1,586.8,577.2,,4
2017 / 03,Queens,2,555.6,371.2,,4
2017 / 03,Queens,3,377.8,453.2,,4
2017 / 03,Queens,4,320.8,367.3,,4
2017 / 03,Queens,5,590.4,684.3,172,4
2017 / 03,Queens,6,405.5,339.7,,4
2017 / 03,Queens,7,756.7,615.2,,4
2017 / 03,Queens,8,475.1,380.9,,4
2017 / 03,Queens,9,401.7,465.7,,4
2017 / 03,Queens,10,342.5,402.4,76.5,4
2017 / 03,Queens,11,484,385.7,173.6,4
2017 / 03,Queens,12,428.8,695.4,,4
2017 / 03,Queens,13,475.5,623.4,,4
2017 / 03,Queens,14,269.9,223.8,,4
2017 / 03,Staten Island,1,687.6,597.3,48.5,5
2017 / 03,Staten Island,2,535.1,495.4,,5
2017 / 03,Staten Island,3,725.2,645.6,,5
2017 / 02,Bronx,1,202.2,118.5,,2
2017 / 02,Bronx,2,150.1,175.1,,2
2017 / 02,Bronx,3,98.2,138.4,,2
2017 / 02,Bronx,4,185.2,270.4,,2
2017 / 02,Bronx,5,184.2,277.6,,2
2017 / 02,Bronx,6,158.1,178.7,,2
2017 / 02,Bronx,7,236,349.8,,2
2017 / 02,Bronx,8,302.5,302.4,14.6,2
2017 / 02,Bronx,9,187.3,278.5,,2
2017 / 02,Bronx,10,276.7,287.6,20,2
2017 / 02,Bronx,11,237.2,265.5,,2
2017 / 02,Bronx,12,308.4,415.2,,2
2017 / 02,Brooklyn,1,517.5,401.3,10.5,3
2017 / 02,Brooklyn,2,418.9,326.4,,3
2017 / 02,Brooklyn,3,288.5,273.4,,3
2017 / 02,Brooklyn,4,269.7,277.2,,3
2017 / 02,Brooklyn,5,206,307.8,,3
2017 / 02,Brooklyn,6,514,380.2,96.6,3
2017 / 02,Brooklyn,7,344.2,342.5,64.3,3
2017 / 02,Brooklyn,8,257.4,229.7,,3
2017 / 02,Brooklyn,9,223.3,184.3,,3
2017 / 02,Brooklyn,10,439.8,387.5,92.6,3
2017 / 02,Brooklyn,11,529,494.7,,3
2017 / 02,Brooklyn,12,585.5,356.4,,3
2017 / 02,Brooklyn,13,246.9,176.2,,3
2017 / 02,Brooklyn,14,409.1,309.8,,3
2017 / 02,Brooklyn,15,499,402.7,,3
2017 / 02,Brooklyn,16,126.7,113.2,,3
2017 / 02,Brooklyn,17,255.7,332.2,,3
2017 / 02,Brooklyn,18,496.3,469.2,,3
2017 / 02,Manhattan,1,321.7,215.8,12.4,1
2017 / 02,Manhattan,2,402.2,299,,1
2017 / 02,Manhattan,3,431.2,360,,1
2017 / 02,Manhattan,4,590.5,353.6,,1
2017 / 02,Manhattan,5,227.4,159.3,,1
2017 / 02,Manhattan,6,694.9,387.2,11.3,1
2017 / 02,Manhattan,7,987,708.6,14.7,1
2017 / 02,Manhattan,8,990.2,712.9,7.4,1
2017 / 02,Manhattan,9,248.5,237.2,20.4,1
2017 / 02,Manhattan,10,239,246,,1
2017 / 02,Manhattan,11,196.6,174.5,,1
2017 / 02,Manhattan,12,411.8,437,,1
2017 / 02,Queens,1,524.9,525.1,,4
2017 / 02,Queens,2,494.6,341.7,,4
2017 / 02,Queens,3,319.7,389.1,,4
2017 / 02,Queens,4,276.8,325.3,,4
2017 / 02,Queens,5,535.9,622.5,172.9,4
2017 / 02,Queens,6,359.5,301.4,,4
2017 / 02,Queens,7,671,562.4,,4
2017 / 02,Queens,8,417.3,332.7,,4
2017 / 02,Queens,9,370.3,417.5,,4
2017 / 02,Queens,10,316.6,370.9,70.6,4
2017 / 02,Queens,11,434.6,349,163.9,4
2017 / 02,Queens,12,395.1,613.8,,4
2017 / 02,Queens,13,437.9,569,,4
2017 / 02,Queens,14,227.7,189.9,,4
2017 / 02,Staten Island,1,613.8,543.1,42.2,5
2017 / 02,Staten Island,2,476.9,442.1,,5
2017 / 02,Staten Island,3,631.1,557.4,,5
2017 / 01,Bronx,1,254.2,154.8,,2
2017 / 01,Bronx,2,176.2,183.1,,2
2017 / 01,Bronx,3,130.6,158.1,,2
2017 / 01,Bronx,4,254,344.5,,2
2017 / 01,Bronx,5,237.3,350.9,,2
2017 / 01,Bronx,6,207.5,202,,2
2017 / 01,Bronx,7,313.8,421.2,,2
2017 / 01,Bronx,8,382,375.9,16.9,2
2017 / 01,Bronx,9,234.8,318.5,,2
2017 / 01,Bronx,10,350.5,342.1,35.9,2
2017 / 01,Bronx,11,297.4,317.5,,2
2017 / 01,Bronx,12,387,503.5,,2
2017 / 01,Brooklyn,1,605.9,462.2,14.9,3
2017 / 01,Brooklyn,2,507.5,363.2,,3
2017 / 01,Brooklyn,3,381.5,341.2,,3
2017 / 01,Brooklyn,4,346.9,328.4,,3
2017 / 01,Brooklyn,5,266.7,370.1,,3
2017 / 01,Brooklyn,6,644.2,449.2,114.9,3
2017 / 01,Brooklyn,7,465.5,419.1,90.2,3
2017 / 01,Brooklyn,8,336.7,309.4,,3
2017 / 01,Brooklyn,9,260.1,209.4,,3
2017 / 01,Brooklyn,10,580.6,467.4,112.1,3
2017 / 01,Brooklyn,11,702,605.5,,3
2017 / 01,Brooklyn,12,713.3,415.5,,3
2017 / 01,Brooklyn,13,299.9,213,,3
2017 / 01,Brooklyn,14,536.7,379,,3
2017 / 01,Brooklyn,15,624.2,474.2,,3
2017 / 01,Brooklyn,16,142.5,132.3,,3
2017 / 01,Brooklyn,17,330.6,417.3,,3
2017 / 01,Brooklyn,18,645.5,564.3,,3
2017 / 01,Manhattan,1,346.3,240.2,13,1
2017 / 01,Manhattan,2,508.3,337,,1
2017 / 01,Manhattan,3,525.4,386.6,,1
2017 / 01,Manhattan,4,676.1,368.1,,1
2017 / 01,Manhattan,5,272.9,181.2,,1
2017 / 01,Manhattan,6,789.6,393.3,14.3,1
2017 / 01,Manhattan,7,1180.1,807.9,17.7,1
2017 / 01,Manhattan,8,1161.4,789.9,8.5,1
2017 / 01,Manhattan,9,285.2,252.4,23.5,1
2017 / 01,Manhattan,10,287.4,283.6,,1
2017 / 01,Manhattan,11,240.3,195.3,,1
2017 / 01,Manhattan,12,480.7,511.8,,1
2017 / 01,Queens,1,675.8,652.5,,4
2017 / 01,Queens,2,622.6,415,,4
2017 / 01,Queens,3,384.8,450.4,,4
2017 / 01,Queens,4,347.7,382.7,,4
2017 / 01,Queens,5,707.4,729.8,171.4,4
2017 / 01,Queens,6,447.2,365.6,,4
2017 / 01,Queens,7,844.2,683.9,,4
2017 / 01,Queens,8,519.7,397.1,,4
2017 / 01,Queens,9,488.2,518.3,,4
2017 / 01,Queens,10,424.6,458.8,98.6,4
2017 / 01,Queens,11,565.8,438.7,219.2,4
2017 / 01,Queens,12,513,743.3,,4
2017 / 01,Queens,13,568.5,707,,4
2017 / 01,Queens,14,288.4,221.8,,4
2017 / 01,Staten Island,1,781.9,647.6,48.2,5
2017 / 01,Staten Island,2,614.9,524.2,,5
2017 / 01,Staten Island,3,818.6,668.6,,5
2016 / 12,Bronx,1,259.6,130.5,,2
2016 / 12,Bronx,2,229.9,241.7,,2
2016 / 12,Bronx,3,132.3,142,,2
2016 / 12,Bronx,4,270.4,306.7,,2
2016 / 12,Bronx,5,266.2,328.3,,2
2016 / 12,Bronx,6,209.2,179.2,,2
2016 / 12,Bronx,7,355.1,427.5,,2
2016 / 12,Bronx,8,431,363.4,44.3,2
2016 / 12,Bronx,9,291.3,363.2,,2
2016 / 12,Bronx,10,453.3,381.8,53.7,2
2016 / 12,Bronx,11,370.7,342.2,,2
2016 / 12,Bronx,12,473.9,535.1,,2
2016 / 12,Brooklyn,1,743.2,506.7,11.7,3
2016 / 12,Brooklyn,2,577.6,390.5,,3
2016 / 12,Brooklyn,3,396.8,337.7,,3
2016 / 12,Brooklyn,4,387.5,336.7,,3
2016 / 12,Brooklyn,5,314.5,375.6,,3
2016 / 12,Brooklyn,6,751.2,478.2,136.4,3
2016 / 12,Brooklyn,7,515.4,429.1,104.8,3
2016 / 12,Brooklyn,8,325.5,265.9,,3
2016 / 12,Brooklyn,9,343.3,255.4,,3
2016 / 12,Brooklyn,10,684.7,487.5,146.4,3
2016 / 12,Brooklyn,11,795.4,624.9,,3
2016 / 12,Brooklyn,12,821.4,476.7,,3
2016 / 12,Brooklyn,13,336.2,221.4,,3
2016 / 12,Brooklyn,14,576.1,380.7,,3
2016 / 12,Brooklyn,15,738.5,495.3,,3
2016 / 12,Brooklyn,16,202.6,165.5,,3
2016 / 12,Brooklyn,17,414.2,458.9,,3
2016 / 12,Brooklyn,18,807.8,659.1,,3
2016 / 12,Manhattan,1,491,359.3,14.1,1
2016 / 12,Manhattan,2,540,336.1,,1
2016 / 12,Manhattan,3,588.8,451.2,,1
2016 / 12,Manhattan,4,879.2,466.5,,1
2016 / 12,Manhattan,5,313.8,192.4,,1
2016 / 12,Manhattan,6,1081,508.9,22.8,1
2016 / 12,Manhattan,7,1463.6,882.6,19.8,1
2016 / 12,Manhattan,8,1492.5,899.6,7.9,1
2016 / 12,Manhattan,9,385.8,326,24.3,1
2016 / 12,Manhattan,10,356.9,306.7,,1
2016 / 12,Manhattan,11,262.5,201,,1
2016 / 12,Manhattan,12,635.7,586.2,,1
2016 / 12,Queens,1,733.8,618.9,,4
2016 / 12,Queens,2,715.2,437.2,,4
2016 / 12,Queens,3,519,508.6,,4
2016 / 12,Queens,4,437.5,429.8,,4
2016 / 12,Queens,5,884.7,806,270.8,4
2016 / 12,Queens,6,557.6,383.2,,4
2016 / 12,Queens,7,1042.4,735.5,,4
2016 / 12,Queens,8,629.3,410.3,,4
2016 / 12,Queens,9,563.5,529.7,,4
2016 / 12,Queens,10,510.4,470.8,161,4
2016 / 12,Queens,11,658.5,448.9,339.4,4
2016 / 12,Queens,12,632,848.3,,4
2016 / 12,Queens,13,712.4,778.3,,4
2016 / 12,Queens,14,394.5,269,,4
2016 / 12,Staten Island,1,981.9,707.6,127.7,5
2016 / 12,Staten Island,2,774.7,604.9,,5
2016 / 12,Staten Island,3,1110.7,766,,5
2016 / 11,Bronx,1,237.7,136.7,,2
2016 / 11,Bronx,2,143.3,143.6,,2
2016 / 11,Bronx,3,138.6,174.2,,2
2016 / 11,Bronx,4,226.6,310.3,,2
2016 / 11,Bronx,5,230.8,334.6,,2
2016 / 11,Bronx,6,210.9,225.4,,2
2016 / 11,Bronx,7,270.3,390,,2
2016 / 11,Bronx,8,373,348.8,40.6,2
2016 / 11,Bronx,9,190.6,278.5,,2
2016 / 11,Bronx,10,345.5,323,59.6,2
2016 / 11,Bronx,11,270.4,299.1,,2
2016 / 11,Bronx,12,366.2,472.6,,2
2016 / 11,Brooklyn,1,547.3,408.8,16.9,3
2016 / 11,Brooklyn,2,508.2,349.3,,3
2016 / 11,Brooklyn,3,370.9,329.5,,3
2016 / 11,Brooklyn,4,320.2,287.9,,3
2016 / 11,Brooklyn,5,258.6,361.7,,3
2016 / 11,Brooklyn,6,595.7,405.1,154.7,3
2016 / 11,Brooklyn,7,547,380.3,120.1,3
2016 / 11,Brooklyn,8,311.6,271.5,,3
2016 / 11,Brooklyn,9,250.3,202.1,,3
2016 / 11,Brooklyn,10,535.9,419.7,232.6,3
2016 / 11,Brooklyn,11,614.3,548.2,,3
2016 / 11,Brooklyn,12,659.6,399.8,,3
2016 / 11,Brooklyn,13,273.6,195,,3
2016 / 11,Brooklyn,14,489.6,347,,3
2016 / 11,Brooklyn,15,591.2,437.9,,3
2016 / 11,Brooklyn,16,129.9,128.2,,3
2016 / 11,Brooklyn,17,316.6,377.9,,3
2016 / 11,Brooklyn,18,618.5,522.7,,3
2016 / 11,Manhattan,1,346.9,215.1,19.6,1
2016 / 11,Manhattan,2,507.5,340.2,,1
2016 / 11,Manhattan,3,508.2,377.1,,1
2016 / 11,Manhattan,4,692,341.6,,1
2016 / 11,Manhattan,5,290.8,187.6,,1
2016 / 11,Manhattan,6,809.3,363.4,,1
2016 / 11,Manhattan,7,1175.5,739.8,19.6,1
2016 / 11,Manhattan,8,1262.4,768,7.2,1
2016 / 11,Manhattan,9,271.7,237.9,25.1,1
2016 / 11,Manhattan,10,280.6,266.3,,1
2016 / 11,Manhattan,11,265.7,216.9,,1
2016 / 11,Manhattan,12,458.7,491.9,,1
2016 / 11,Queens,1,606.8,573.4,,4
2016 / 11,Queens,2,631.1,370.8,,4
2016 / 11,Queens,3,374.7,413.6,,4
2016 / 11,Queens,4,330.5,342.6,,4
2016 / 11,Queens,5,712.4,662,384.3,4
2016 / 11,Queens,6,437.2,323.6,,4
2016 / 11,Queens,7,811.4,629.4,,4
2016 / 11,Queens,8,531.9,366.7,,4
2016 / 11,Queens,9,463.4,470.9,,4
2016 / 11,Queens,10,406.8,414.1,297.1,4
2016 / 11,Queens,11,557.1,400,,4
2016 / 11,Queens,12,487.9,687.3,,4
2016 / 11,Queens,13,563.9,664.6,,4
2016 / 11,Queens,14,280.8,206.3,,4
2016 / 11,Staten Island,1,731,598.1,190.5,5
2016 / 11,Staten Island,2,589.3,508.1,,5
2016 / 11,Staten Island,3,784.8,656.3,,5
2016 / 10,Bronx,1,241.4,126.8,,2
2016 / 10,Bronx,2,144.9,147.8,,2
2016 / 10,Bronx,3,115.9,144.7,,2
2016 / 10,Bronx,4,220.2,303.8,,2
2016 / 10,Bronx,5,212.4,318.4,,2
2016 / 10,Bronx,6,173.9,176,,2
2016 / 10,Bronx,7,253.2,379.3,,2
2016 / 10,Bronx,8,339,324.4,26.7,2
2016 / 10,Bronx,9,197.2,299.7,,2
2016 / 10,Bronx,10,350.9,331.2,47.7,2
2016 / 10,Bronx,11,263.8,299.4,,2
2016 / 10,Bronx,12,348,464.8,,2
2016 / 10,Brooklyn,1,601.8,435.4,24.2,3
2016 / 10,Brooklyn,2,503.5,342.8,,3
2016 / 10,Brooklyn,3,319.8,294.7,,3
2016 / 10,Brooklyn,4,326.2,299.4,,3
2016 / 10,Brooklyn,5,226.5,329.4,6.4,3
2016 / 10,Brooklyn,6,602.8,407.6,112.8,3
2016 / 10,Brooklyn,7,600.4,384.9,79.4,3
2016 / 10,Brooklyn,8,293.4,251.6,0.5,3
2016 / 10,Brooklyn,9,248.5,198.2,1.7,3
2016 / 10,Brooklyn,10,527.3,443.9,171.7,3
2016 / 10,Brooklyn,11,622.7,546.2,,3
2016 / 10,Brooklyn,12,642.3,443.5,11.7,3
2016 / 10,Brooklyn,13,265.2,185.9,,3
2016 / 10,Brooklyn,14,469.4,364.5,,3
2016 / 10,Brooklyn,15,589.6,468.6,,3
2016 / 10,Brooklyn,16,139.2,133.4,,3
2016 / 10,Brooklyn,17,302.7,384.2,,3
2016 / 10,Brooklyn,18,595.7,536.5,,3
2016 / 10,Manhattan,1,408.2,234.8,15.7,1
2016 / 10,Manhattan,2,488.3,322.7,,1
2016 / 10,Manhattan,3,529.2,389.8,,1
2016 / 10,Manhattan,4,722.3,376.8,,1
2016 / 10,Manhattan,5,260,159.2,,1
2016 / 10,Manhattan,6,854.1,394.7,,1
2016 / 10,Manhattan,7,1194.9,774.8,18.4,1
2016 / 10,Manhattan,8,1218.3,783.6,7.4,1
2016 / 10,Manhattan,9,303.9,260.6,23.1,1
2016 / 10,Manhattan,10,259.7,233.9,,1
2016 / 10,Manhattan,11,221.9,192.4,,1
2016 / 10,Manhattan,12,439.2,460.4,,1
2016 / 10,Queens,1,615.9,572.1,,4
2016 / 10,Queens,2,579.5,369.6,,4
2016 / 10,Queens,3,377.3,415.6,,4
2016 / 10,Queens,4,320.5,350.9,,4
2016 / 10,Queens,5,668,694.3,123.2,4
2016 / 10,Queens,6,430.6,337.6,,4
2016 / 10,Queens,7,811.8,649.8,,4
2016 / 10,Queens,8,504.2,378.4,,4
2016 / 10,Queens,9,457.5,473.1,,4
2016 / 10,Queens,10,400.4,432.4,175,4
2016 / 10,Queens,11,511.1,390,,4
2016 / 10,Queens,12,487.5,703.5,,4
2016 / 10,Queens,13,554.6,661.4,,4
2016 / 10,Queens,14,280.6,222.7,,4
2016 / 10,Staten Island,1,746.2,631.6,104.7,5
2016 / 10,Staten Island,2,564.8,501,,5
2016 / 10,Staten Island,3,755.8,652.6,,5
2016 / 09,Bronx,1,285,135.5,,2
2016 / 09,Bronx,2,186.7,187.4,,2
2016 / 09,Bronx,3,141.4,147,,2
2016 / 09,Bronx,4,235.5,287.2,,2
2016 / 09,Bronx,5,221.3,321.8,,2
2016 / 09,Bronx,6,202.5,183.9,,2
2016 / 09,Bronx,7,281.7,391.7,,2
2016 / 09,Bronx,8,368.5,329.7,23.4,2
2016 / 09,Bronx,9,219,322.2,,2
2016 / 09,Bronx,10,353.8,345.3,41.4,2
2016 / 09,Bronx,11,278.9,319.4,,2
2016 / 09,Bronx,12,371.6,507.9,,2
2016 / 09,Brooklyn,1,646.4,471.9,11.2,3
2016 / 09,Brooklyn,2,501.8,342.4,,3
2016 / 09,Brooklyn,3,364.1,324.7,,3
2016 / 09,Brooklyn,4,347.2,316.1,,3
2016 / 09,Brooklyn,5,251.9,356.6,,3
2016 / 09,Brooklyn,6,627.2,414.3,104.8,3
2016 / 09,Brooklyn,7,750.5,392.7,77.7,3
2016 / 09,Brooklyn,8,280.3,267.4,,3
2016 / 09,Brooklyn,9,285.9,218,,3
2016 / 09,Brooklyn,10,528,419.4,109.6,3
2016 / 09,Brooklyn,11,661.4,591.1,,3
2016 / 09,Brooklyn,12,757.9,416.6,,3
2016 / 09,Brooklyn,13,289,207.9,,3
2016 / 09,Brooklyn,14,496.6,334.7,,3
2016 / 09,Brooklyn,15,607.5,454,,3
2016 / 09,Brooklyn,16,161.7,137.6,,3
2016 / 09,Brooklyn,17,325.7,416.1,,3
2016 / 09,Brooklyn,18,701.6,565.2,,3
2016 / 09,Manhattan,1,427.3,249.1,14.4,1
2016 / 09,Manhattan,2,478,297.6,,1
2016 / 09,Manhattan,3,582.9,413.4,,1
2016 / 09,Manhattan,4,775.8,406.5,,1
2016 / 09,Manhattan,5,284.6,176.3,,1
2016 / 09,Manhattan,6,907.1,438.4,,1
2016 / 09,Manhattan,7,1253.3,752.6,15.3,1
2016 / 09,Manhattan,8,1252.4,744.9,8.1,1
2016 / 09,Manhattan,9,347.1,285.2,22.1,1
2016 / 09,Manhattan,10,313.9,289.3,,1
2016 / 09,Manhattan,11,241.4,182.9,,1
2016 / 09,Manhattan,12,501.9,505.3,,1
2016 / 09,Queens,1,610.8,567.9,,4
2016 / 09,Queens,2,607.2,374.5,,4
2016 / 09,Queens,3,409,448.6,,4
2016 / 09,Queens,4,356.5,382.1,,4
2016 / 09,Queens,5,695.5,720.8,99.9,4
2016 / 09,Queens,6,455.3,341.7,,4
2016 / 09,Queens,7,834,659.8,,4
2016 / 09,Queens,8,545.8,394.8,,4
2016 / 09,Queens,9,463.9,491.2,,4
2016 / 09,Queens,10,396.4,460.4,148.8,4
2016 / 09,Queens,11,527.2,400.3,,4
2016 / 09,Queens,12,499.6,775.9,,4
2016 / 09,Queens,13,566.9,745.9,,4
2016 / 09,Queens,14,301.2,251.8,,4
2016 / 09,Staten Island,1,758,649.2,101.3,5
2016 / 09,Staten Island,2,587.1,537.8,,5
2016 / 09,Staten Island,3,775.8,710.8,,5
2016 / 08,Bronx,1,220.3,146.5,,2
2016 / 08,Bronx,2,176.1,155,,2
2016 / 08,Bronx,3,130.8,178,,2
2016 / 08,Bronx,4,236.2,322.5,,2
2016 / 08,Bronx,5,205.7,348.5,,2
2016 / 08,Bronx,6,174.6,218.3,,2
2016 / 08,Bronx,7,268.5,412,,2
2016 / 08,Bronx,8,346.7,354.4,19,2
2016 / 08,Bronx,9,207.8,318.3,,2
2016 / 08,Bronx,10,329.9,342.4,41.8,2
2016 / 08,Bronx,11,279,304.9,,2
2016 / 08,Bronx,12,390.5,536.3,,2
2016 / 08,Brooklyn,1,478.3,434,16.5,3
2016 / 08,Brooklyn,2,458.4,333.7,,3
2016 / 08,Brooklyn,3,324.3,352.4,,3
2016 / 08,Brooklyn,4,310.9,318.7,,3
2016 / 08,Brooklyn,5,260.3,397.2,,3
2016 / 08,Brooklyn,6,529.6,399.4,108.1,3
2016 / 08,Brooklyn,7,496.1,393.2,87.8,3
2016 / 08,Brooklyn,8,289.2,289,,3
2016 / 08,Brooklyn,9,222.2,197.6,,3
2016 / 08,Brooklyn,10,509.8,428.4,126.8,3
2016 / 08,Brooklyn,11,600.5,565.8,,3
2016 / 08,Brooklyn,12,537.4,347.4,,3
2016 / 08,Brooklyn,13,280,202,,3
2016 / 08,Brooklyn,14,441,340.3,,3
2016 / 08,Brooklyn,15,543.1,440.8,,3
2016 / 08,Brooklyn,16,131.8,131.9,,3
2016 / 08,Brooklyn,17,330,438.3,,3
2016 / 08,Brooklyn,18,614.6,573,,3
2016 / 08,Manhattan,1,302,216.8,17.2,1
2016 / 08,Manhattan,2,443.4,311.4,,1
2016 / 08,Manhattan,3,589.1,407.2,,1
2016 / 08,Manhattan,4,645.2,358,,1
2016 / 08,Manhattan,5,264.4,159.5,,1
2016 / 08,Manhattan,6,742.8,357.1,,1
2016 / 08,Manhattan,7,1036.5,723.2,17.7,1
2016 / 08,Manhattan,8,1001.9,680.7,8.3,1
2016 / 08,Manhattan,9,268.9,247.3,21.8,1
2016 / 08,Manhattan,10,294.9,288.3,,1
2016 / 08,Manhattan,11,239.5,205.9,,1
2016 / 08,Manhattan,12,453.6,515.1,,1
2016 / 08,Queens,1,601.5,600.1,,4
2016 / 08,Queens,2,581,381.8,,4
2016 / 08,Queens,3,375.7,448.9,,4
2016 / 08,Queens,4,354.9,373.8,,4
2016 / 08,Queens,5,648.1,712,120.9,4
2016 / 08,Queens,6,431.2,337.2,,4
2016 / 08,Queens,7,815.7,661.7,,4
2016 / 08,Queens,8,484.6,392.2,,4
2016 / 08,Queens,9,453.8,518.5,,4
2016 / 08,Queens,10,396.7,483.7,157.6,4
2016 / 08,Queens,11,512.7,409.5,,4
2016 / 08,Queens,12,496.4,808.5,,4
2016 / 08,Queens,13,550.8,777.9,,4
2016 / 08,Queens,14,272.3,251.3,,4
2016 / 08,Staten Island,1,746.5,681.2,132.6,5
2016 / 08,Staten Island,2,554.9,542.2,,5
2016 / 08,Staten Island,3,748.6,723.2,,5
2016 / 07,Bronx,1,228.6,128.9,,2
2016 / 07,Bronx,2,168.7,173.7,,2
2016 / 07,Bronx,3,120.5,153.1,,2
2016 / 07,Bronx,4,251.8,308,,2
2016 / 07,Bronx,5,217.2,330.1,,2
2016 / 07,Bronx,6,176.7,178.6,,2
2016 / 07,Bronx,7,258.3,378.3,,2
2016 / 07,Bronx,8,322.4,321.2,26.6,2
2016 / 07,Bronx,9,219.7,327,,2
2016 / 07,Bronx,10,368.4,355.9,44.6,2
2016 / 07,Bronx,11,300.2,306.8,,2
2016 / 07,Bronx,12,384.6,528.4,,2
2016 / 07,Brooklyn,1,466.9,422.3,13.2,3
2016 / 07,Brooklyn,2,435.7,334.9,,3
2016 / 07,Brooklyn,3,298,310,,3
2016 / 07,Brooklyn,4,301.4,318.9,,3
2016 / 07,Brooklyn,5,249,363.9,,3
2016 / 07,Brooklyn,6,537.7,401.3,108.3,3
2016 / 07,Brooklyn,7,435.8,392.5,79.6,3
2016 / 07,Brooklyn,8,252.7,248.8,,3
2016 / 07,Brooklyn,9,243.7,208,,3
2016 / 07,Brooklyn,10,517.1,425.9,120.1,3
2016 / 07,Brooklyn,11,650.7,620.7,,3
2016 / 07,Brooklyn,12,559.1,364.8,,3
2016 / 07,Brooklyn,13,290.4,205.9,,3
2016 / 07,Brooklyn,14,440.5,340.7,,3
2016 / 07,Brooklyn,15,548,440.9,,3
2016 / 07,Brooklyn,16,158.6,145,,3
2016 / 07,Brooklyn,17,336,430,,3
2016 / 07,Brooklyn,18,622.3,594.6,,3
2016 / 07,Manhattan,1,357.1,220,11.8,1
2016 / 07,Manhattan,2,406.2,274.6,,1
2016 / 07,Manhattan,3,786.6,397.9,,1
2016 / 07,Manhattan,4,679.3,401.9,,1
2016 / 07,Manhattan,5,239.7,154.9,,1
2016 / 07,Manhattan,6,804.1,400,,1
2016 / 07,Manhattan,7,1066.4,707.7,15.3,1
2016 / 07,Manhattan,8,1047,714.4,7.6,1
2016 / 07,Manhattan,9,310.7,269.7,15.3,1
2016 / 07,Manhattan,10,328.6,277.9,,1
2016 / 07,Manhattan,11,217.6,189.5,,1
2016 / 07,Manhattan,12,457.1,495,,1
2016 / 07,Queens,1,566.9,568.7,,4
2016 / 07,Queens,2,553.5,390.3,,4
2016 / 07,Queens,3,397.1,454,,4
2016 / 07,Queens,4,354,367.7,,4
2016 / 07,Queens,5,644.4,717.5,114,4
2016 / 07,Queens,6,427.1,342.5,,4
2016 / 07,Queens,7,828.1,673.4,,4
2016 / 07,Queens,8,477.6,392.8,,4
2016 / 07,Queens,9,437.2,522.8,,4
2016 / 07,Queens,10,396.6,493.4,175,4
2016 / 07,Queens,11,503.2,407.2,,4
2016 / 07,Queens,12,490.4,836.3,,4
2016 / 07,Queens,13,557.3,796.8,,4
2016 / 07,Queens,14,307.2,277.8,,4
2016 / 07,Staten Island,1,759.8,689.6,142.3,5
2016 / 07,Staten Island,2,558.3,549.3,,5
2016 / 07,Staten Island,3,775.9,761.9,,5
2016 / 06,Bronx,1,285.1,132.4,,2
2016 / 06,Bronx,2,172.9,190.8,,2
2016 / 06,Bronx,3,185.9,192.5,,2
2016 / 06,Bronx,4,268.9,300.3,,2
2016 / 06,Bronx,5,280.7,334.1,,2
2016 / 06,Bronx,6,249.2,200.2,,2
2016 / 06,Bronx,7,322.7,405,,2
2016 / 06,Bronx,8,400,359.2,27.2,2
2016 / 06,Bronx,9,234.4,341.5,,2
2016 / 06,Bronx,10,418.9,375,55.3,2
2016 / 06,Bronx,11,311,326.1,,2
2016 / 06,Bronx,12,398.9,552.4,,2
2016 / 06,Brooklyn,1,603.1,486.9,17.5,3
2016 / 06,Brooklyn,2,522.7,368.3,,3
2016 / 06,Brooklyn,3,373.8,336.7,,3
2016 / 06,Brooklyn,4,342.6,327.4,,3
2016 / 06,Brooklyn,5,302,404,,3
2016 / 06,Brooklyn,6,650.7,438.8,150,3
2016 / 06,Brooklyn,7,622.7,419.3,97.4,3
2016 / 06,Brooklyn,8,312.3,286.3,,3
2016 / 06,Brooklyn,9,299,206.7,,3
2016 / 06,Brooklyn,10,627.3,457.5,143.4,3
2016 / 06,Brooklyn,11,689.7,618.2,,3
2016 / 06,Brooklyn,12,714.3,438.3,,3
2016 / 06,Brooklyn,13,346.5,205.1,,3
2016 / 06,Brooklyn,14,521,362,,3
2016 / 06,Brooklyn,15,703,498.1,,3
2016 / 06,Brooklyn,16,159.9,141.5,,3
2016 / 06,Brooklyn,17,332.3,432.1,,3
2016 / 06,Brooklyn,18,676.3,603.9,,3
2016 / 06,Manhattan,1,361.8,249.6,12.9,1
2016 / 06,Manhattan,2,514.4,344.2,,1
2016 / 06,Manhattan,3,595.2,445.9,,1
2016 / 06,Manhattan,4,705.4,403.2,,1
2016 / 06,Manhattan,5,274,177.1,,1
2016 / 06,Manhattan,6,829.9,409.9,,1
2016 / 06,Manhattan,7,1192.4,786.3,16.4,1
2016 / 06,Manhattan,8,1159,789.8,8.2,1
2016 / 06,Manhattan,9,320.2,270.2,19.7,1
2016 / 06,Manhattan,10,341.3,280.3,,1
2016 / 06,Manhattan,11,245,211.1,,1
2016 / 06,Manhattan,12,542.3,551.6,,1
2016 / 06,Queens,1,659.2,619.3,,4
2016 / 06,Queens,2,640.8,389.5,,4
2016 / 06,Queens,3,408.4,476.5,,4
2016 / 06,Queens,4,365.4,381,,4
2016 / 06,Queens,5,729.8,761.1,138.8,4
2016 / 06,Queens,6,448.3,356.3,,4
2016 / 06,Queens,7,848.9,715.1,,4
2016 / 06,Queens,8,575.9,424.5,,4
2016 / 06,Queens,9,518.4,556.1,,4
2016 / 06,Queens,10,435.2,513.9,210.8,4
2016 / 06,Queens,11,577.5,462.6,,4
2016 / 06,Queens,12,522.2,863.5,,4
2016 / 06,Queens,13,628.3,831.6,,4
2016 / 06,Queens,14,305.2,263.3,,4
2016 / 06,Staten Island,1,824.8,749.5,161.3,5
2016 / 06,Staten Island,2,642.9,612.8,,5
2016 / 06,Staten Island,3,844.6,841.3,,5
2016 / 05,Bronx,1,236.4,133.9,,2
2016 / 05,Bronx,2,163.3,148.3,,2
2016 / 05,Bronx,3,129,185.4,,2
2016 / 05,Bronx,4,221.7,291.2,,2
2016 / 05,Bronx,5,228.8,315.3,,2
2016 / 05,Bronx,6,192.9,189.1,,2
2016 / 05,Bronx,7,250.8,360.3,,2
2016 / 05,Bronx,8,360.6,340.9,23.6,2
2016 / 05,Bronx,9,190.5,279,,2
2016 / 05,Bronx,10,349.2,341.1,43.9,2
2016 / 05,Bronx,11,271.7,285.4,,2
2016 / 05,Bronx,12,349.7,467,,2
2016 / 05,Brooklyn,1,548.9,435.3,19.3,3
2016 / 05,Brooklyn,2,449,329,,3
2016 / 05,Brooklyn,3,332.6,301.2,,3
2016 / 05,Brooklyn,4,283.4,284.3,,3
2016 / 05,Brooklyn,5,247.1,341.9,,3
2016 / 05,Brooklyn,6,561.4,401.4,150.4,3
2016 / 05,Brooklyn,7,543,373.1,95.8,3
2016 / 05,Brooklyn,8,278.8,262.5,,3
2016 / 05,Brooklyn,9,248,184.9,,3
2016 / 05,Brooklyn,10,524,422.8,137.9,3
2016 / 05,Brooklyn,11,604.7,541.1,,3
2016 / 05,Brooklyn,12,724.4,413.1,,3
2016 / 05,Brooklyn,13,295.9,189.9,,3
2016 / 05,Brooklyn,14,485,341.3,,3
2016 / 05,Brooklyn,15,594.7,451.3,,3
2016 / 05,Brooklyn,16,130.5,120.6,,3
2016 / 05,Brooklyn,17,298.2,368.3,,3
2016 / 05,Brooklyn,18,569.7,514.3,,3
2016 / 05,Manhattan,1,327.8,228.9,13.9,1
2016 / 05,Manhattan,2,466.1,323.2,,1
2016 / 05,Manhattan,3,538.2,378,,1
2016 / 05,Manhattan,4,683.3,368.6,,1
2016 / 05,Manhattan,5,275.1,179.1,,1
2016 / 05,Manhattan,6,786.3,384,,1
2016 / 05,Manhattan,7,1137.7,720.6,13.1,1
2016 / 05,Manhattan,8,1145.9,757.2,6.8,1
2016 / 05,Manhattan,9,288.7,248.2,17.5,1
2016 / 05,Manhattan,10,288.6,254,,1
2016 / 05,Manhattan,11,199.5,185.3,,1
2016 / 05,Manhattan,12,452.7,488.6,,1
2016 / 05,Queens,1,567.3,551,,4
2016 / 05,Queens,2,571.6,355,,4
2016 / 05,Queens,3,347.8,404.9,,4
2016 / 05,Queens,4,306.3,326,,4
2016 / 05,Queens,5,638.3,670.9,129.3,4
2016 / 05,Queens,6,399.1,315.2,,4
2016 / 05,Queens,7,767.3,645.6,,4
2016 / 05,Queens,8,493.6,373.8,,4
2016 / 05,Queens,9,436.9,477.6,,4
2016 / 05,Queens,10,386.1,435.9,176.7,4
2016 / 05,Queens,11,508.1,407.9,,4
2016 / 05,Queens,12,474.1,710.7,,4
2016 / 05,Queens,13,542.4,699.4,,4
2016 / 05,Queens,14,281.1,223.3,,4
2016 / 05,Staten Island,1,712.5,618.2,156.1,5
2016 / 05,Staten Island,2,572.4,533.7,,5
2016 / 05,Staten Island,3,758.9,682.2,,5
2016 / 04,Bronx,1,234.7,130.8,,2
2016 / 04,Bronx,2,182.5,181.3,,2
2016 / 04,Bronx,3,127.6,158.1,,2
2016 / 04,Bronx,4,223,296.3,,2
2016 / 04,Bronx,5,233.7,321.2,,2
2016 / 04,Bronx,6,172.9,167.6,,2
2016 / 04,Bronx,7,249.5,365,,2
2016 / 04,Bronx,8,341.7,325.4,23.9,2
2016 / 04,Bronx,9,208.9,290.2,,2
2016 / 04,Bronx,10,338.2,345.8,38.2,2
2016 / 04,Bronx,11,278.1,289,,2
2016 / 04,Bronx,12,350.8,484.1,,2
2016 / 04,Brooklyn,1,590.3,449.5,15.1,3
2016 / 04,Brooklyn,2,451.1,341.3,,3
2016 / 04,Brooklyn,3,310.9,288.8,,3
2016 / 04,Brooklyn,4,294.5,290,,3
2016 / 04,Brooklyn,5,238.5,339.4,,3
2016 / 04,Brooklyn,6,565.5,411.9,135.1,3
2016 / 04,Brooklyn,7,413.9,388.1,83.2,3
2016 / 04,Brooklyn,8,257.9,259.5,,3
2016 / 04,Brooklyn,9,259.4,211.7,,3
2016 / 04,Brooklyn,10,520.7,422.8,101,3
2016 / 04,Brooklyn,11,590.1,557.7,,3
2016 / 04,Brooklyn,12,841.8,506.7,,3
2016 / 04,Brooklyn,13,286.6,196.7,,3
2016 / 04,Brooklyn,14,503.7,394.1,,3
2016 / 04,Brooklyn,15,613.9,488,,3
2016 / 04,Brooklyn,16,145.8,129.6,,3
2016 / 04,Brooklyn,17,295.1,372.5,,3
2016 / 04,Brooklyn,18,565.6,533.2,,3
2016 / 04,Manhattan,1,386,251.7,14.6,1
2016 / 04,Manhattan,2,439.8,305.7,,1
2016 / 04,Manhattan,3,551.9,390.2,,1
2016 / 04,Manhattan,4,712.6,412.2,,1
2016 / 04,Manhattan,5,257.1,167.5,,1
2016 / 04,Manhattan,6,828,439.3,,1
2016 / 04,Manhattan,7,1190.1,781.9,12.2,1
2016 / 04,Manhattan,8,1217.1,799.2,6.2,1
2016 / 04,Manhattan,9,299.4,268.9,17.7,1
2016 / 04,Manhattan,10,299.7,259.8,,1
2016 / 04,Manhattan,11,197.5,190.8,,1
2016 / 04,Manhattan,12,447.6,497.1,,1
2016 / 04,Queens,1,566.7,573.8,,4
2016 / 04,Queens,2,554,355.2,,4
2016 / 04,Queens,3,371.7,416,,4
2016 / 04,Queens,4,307.2,342.9,,4
2016 / 04,Queens,5,643.1,677.4,97.5,4
2016 / 04,Queens,6,428.3,335.7,,4
2016 / 04,Queens,7,781.6,654.2,,4
2016 / 04,Queens,8,512.8,400.8,,4
2016 / 04,Queens,9,434,480.6,,4
2016 / 04,Queens,10,389.5,433,157.6,4
2016 / 04,Queens,11,488.6,400.9,,4
2016 / 04,Queens,12,478,716.4,,4
2016 / 04,Queens,13,543.2,674.9,,4
2016 / 04,Queens,14,295.1,241.1,,4
2016 / 04,Staten Island,1,700.2,622.9,117.9,5
2016 / 04,Staten Island,2,561.6,512.7,,5
2016 / 04,Staten Island,3,740.3,665.9,,5
2016 / 03,Bronx,1,242.8,131,,2
2016 / 03,Bronx,2,203.8,188,,2
2016 / 03,Bronx,3,144.2,195.5,,2
2016 / 03,Bronx,4,234.2,308.3,,2
2016 / 03,Bronx,5,245.6,325.7,,2
2016 / 03,Bronx,6,210.8,208.1,,2
2016 / 03,Bronx,7,275,395.1,,2
2016 / 03,Bronx,8,373.2,355.6,19.4,2
2016 / 03,Bronx,9,227.9,301.8,,2
2016 / 03,Bronx,10,321.1,333.4,31.1,2
2016 / 03,Bronx,11,286.9,300,,2
2016 / 03,Bronx,12,365.2,483.5,,2
2016 / 03,Brooklyn,1,573.6,474.5,15.4,3
2016 / 03,Brooklyn,2,476.7,358,,3
2016 / 03,Brooklyn,3,337.4,318.1,,3
2016 / 03,Brooklyn,4,298.1,305.1,,3
2016 / 03,Brooklyn,5,274.1,370.7,,3
2016 / 03,Brooklyn,6,581.9,416.7,121.8,3
2016 / 03,Brooklyn,7,450.9,389.9,77.1,3
2016 / 03,Brooklyn,8,283.4,281.1,,3
2016 / 03,Brooklyn,9,250,203,,3
2016 / 03,Brooklyn,10,549,442.6,81,3
2016 / 03,Brooklyn,11,611.4,605.4,,3
2016 / 03,Brooklyn,12,746.6,434.4,,3
2016 / 03,Brooklyn,13,300.5,191.2,,3
2016 / 03,Brooklyn,14,502.7,347.9,,3
2016 / 03,Brooklyn,15,640,465.9,,3
2016 / 03,Brooklyn,16,143.3,131.1,,3
2016 / 03,Brooklyn,17,306.4,385.5,,3
2016 / 03,Brooklyn,18,589.1,511.7,,3
2016 / 03,Manhattan,1,380.7,247.4,13.3,1
2016 / 03,Manhattan,2,502.5,342,,1
2016 / 03,Manhattan,3,562.8,415.4,,1
2016 / 03,Manhattan,4,702.8,387.5,,1
2016 / 03,Manhattan,5,294,192.4,,1
2016 / 03,Manhattan,6,842.2,422.5,,1
2016 / 03,Manhattan,7,1224.4,776.5,9.3,1
2016 / 03,Manhattan,8,1234.2,796.1,5,1
2016 / 03,Manhattan,9,275.1,252.5,15.8,1
2016 / 03,Manhattan,10,323.6,286.1,,1
2016 / 03,Manhattan,11,225.6,224,,1
2016 / 03,Manhattan,12,498.5,565.6,,1
2016 / 03,Queens,1,579.8,582.1,,4
2016 / 03,Queens,2,589.4,378.1,,4
2016 / 03,Queens,3,374.8,428.2,,4
2016 / 03,Queens,4,333.4,350.7,,4
2016 / 03,Queens,5,681.5,688.1,85,4
2016 / 03,Queens,6,425,326.3,,4
2016 / 03,Queens,7,784.1,658.7,,4
2016 / 03,Queens,8,518.9,396.8,,4
2016 / 03,Queens,9,451.1,484.5,,4
2016 / 03,Queens,10,397.9,443.7,133.5,4
2016 / 03,Queens,11,518.6,434.6,,4
2016 / 03,Queens,12,484.5,716.4,,4
2016 / 03,Queens,13,560.1,676.5,,4
2016 / 03,Queens,14,282.7,213.3,,4
2016 / 03,Staten Island,1,745.4,625.1,91.4,5
2016 / 03,Staten Island,2,601.4,545.1,,5
2016 / 03,Staten Island,3,798.5,694.2,,5
2016 / 02,Bronx,1,252.2,152.1,,2
2016 / 02,Bronx,2,195.1,162.4,,2
2016 / 02,Bronx,3,132.5,170,,2
2016 / 02,Bronx,4,249.7,325.4,,2
2016 / 02,Bronx,5,242,344.8,,2
2016 / 02,Bronx,6,195.6,197,,2
2016 / 02,Bronx,7,287.3,405.6,,2
2016 / 02,Bronx,8,383.6,371.2,11.4,2
2016 / 02,Bronx,9,229.6,295.7,,2
2016 / 02,Bronx,10,346.5,339,20.1,2
2016 / 02,Bronx,11,311.9,308.5,,2
2016 / 02,Bronx,12,378.2,504,,2
2016 / 02,Brooklyn,1,606.2,476.5,18,3
2016 / 02,Brooklyn,2,509.6,375.2,,3
2016 / 02,Brooklyn,3,353.1,316.4,,3
2016 / 02,Brooklyn,4,305.7,311.1,,3
2016 / 02,Brooklyn,5,276.6,376.5,,3
2016 / 02,Brooklyn,6,650.7,462.7,124.8,3
2016 / 02,Brooklyn,7,470.5,430.4,74.4,3
2016 / 02,Brooklyn,8,315.6,301.8,,3
2016 / 02,Brooklyn,9,262.5,206.2,,3
2016 / 02,Brooklyn,10,595.7,456.3,56.5,3
2016 / 02,Brooklyn,11,690.2,587.6,,3
2016 / 02,Brooklyn,12,778.5,403.7,,3
2016 / 02,Brooklyn,13,296.9,194.8,,3
2016 / 02,Brooklyn,14,536.6,378,,3
2016 / 02,Brooklyn,15,659.4,475.5,,3
2016 / 02,Brooklyn,16,136.6,121.2,,3
2016 / 02,Brooklyn,17,311.7,396.7,,3
2016 / 02,Brooklyn,18,611.2,531.5,,3
2016 / 02,Manhattan,1,388.6,268.9,10.9,1
2016 / 02,Manhattan,2,482.2,338.9,,1
2016 / 02,Manhattan,3,514.7,411.1,,1
2016 / 02,Manhattan,4,683.9,383.6,,1
2016 / 02,Manhattan,5,273.2,171.7,,1
2016 / 02,Manhattan,6,798.3,405.5,,1
2016 / 02,Manhattan,7,1279.1,825.1,10.3,1
2016 / 02,Manhattan,8,1246.7,830.3,4.5,1
2016 / 02,Manhattan,9,264.5,241.1,16,1
2016 / 02,Manhattan,10,285.5,259.9,,1
2016 / 02,Manhattan,11,224.8,200.7,,1
2016 / 02,Manhattan,12,496.5,547.2,,1
2016 / 02,Queens,1,632.4,619.5,,4
2016 / 02,Queens,2,560.5,372,,4
2016 / 02,Queens,3,379.1,433.8,,4
2016 / 02,Queens,4,345.2,350.7,,4
2016 / 02,Queens,5,705.8,709.2,68.3,4
2016 / 02,Queens,6,422.8,332.8,,4
2016 / 02,Queens,7,811.7,653.3,,4
2016 / 02,Queens,8,522.6,392.7,,4
2016 / 02,Queens,9,455.9,484.6,,4
2016 / 02,Queens,10,395.2,427.5,121,4
2016 / 02,Queens,11,517.8,414.1,,4
2016 / 02,Queens,12,484.9,714.8,,4
2016 / 02,Queens,13,542.4,680.2,,4
2016 / 02,Queens,14,271.7,206.3,,4
2016 / 02,Staten Island,1,782.7,616.3,45.2,5
2016 / 02,Staten Island,2,619.8,494.9,,5
2016 / 02,Staten Island,3,813.2,623.2,,5
2016 / 01,Bronx,1,204.1,95.7,,2
2016 / 01,Bronx,2,167.4,160.5,,2
2016 / 01,Bronx,3,79,116.5,,2
2016 / 01,Bronx,4,180.9,223.5,,2
2016 / 01,Bronx,5,184.5,258.9,,2
2016 / 01,Bronx,6,138.8,123.2,,2
2016 / 01,Bronx,7,218.7,314.1,,2
2016 / 01,Bronx,8,291.3,265.9,14.9,2
2016 / 01,Bronx,9,194.2,248.9,,2
2016 / 01,Bronx,10,289.9,296.3,20.5,2
2016 / 01,Bronx,11,242.1,249.1,,2
2016 / 01,Bronx,12,293.3,388.6,,2
2016 / 01,Brooklyn,1,483.2,371.6,8.3,3
2016 / 01,Brooklyn,2,374,289.5,,3
2016 / 01,Brooklyn,3,254.1,230.6,,3
2016 / 01,Brooklyn,4,263.9,248.4,,3
2016 / 01,Brooklyn,5,189.1,254.2,,3
2016 / 01,Brooklyn,6,503.8,353.6,109.6,3
2016 / 01,Brooklyn,7,325.1,301.8,58.2,3
2016 / 01,Brooklyn,8,216.2,194.8,,3
2016 / 01,Brooklyn,9,228.3,182.6,,3
2016 / 01,Brooklyn,10,435.3,347.8,55.1,3
2016 / 01,Brooklyn,11,483.4,438.5,,3
2016 / 01,Brooklyn,12,530,316.2,,3
2016 / 01,Brooklyn,13,252.8,163.1,,3
2016 / 01,Brooklyn,14,361.9,278.8,,3
2016 / 01,Brooklyn,15,475.3,361.4,,3
2016 / 01,Brooklyn,16,126.9,115.9,,3
2016 / 01,Brooklyn,17,245.6,311.3,,3
2016 / 01,Brooklyn,18,452.7,426.2,,3
2016 / 01,Manhattan,1,331.4,218.2,11.2,1
2016 / 01,Manhattan,2,379,267.2,,1
2016 / 01,Manhattan,3,475,352.9,,1
2016 / 01,Manhattan,4,641.9,368,,1
2016 / 01,Manhattan,5,227.4,151.1,,1
2016 / 01,Manhattan,6,789.5,408.1,,1
2016 / 01,Manhattan,7,1057,679.5,9.4,1
2016 / 01,Manhattan,8,1073.6,709.6,4.5,1
2016 / 01,Manhattan,9,324.7,280.7,14.6,1
2016 / 01,Manhattan,10,266.2,250.5,,1
2016 / 01,Manhattan,11,177.7,170.7,,1
2016 / 01,Manhattan,12,422.1,468,,1
2016 / 01,Queens,1,526.9,502.7,,4
2016 / 01,Queens,2,553.7,354.7,,4
2016 / 01,Queens,3,352.7,368.1,,4
2016 / 01,Queens,4,295.9,301.9,,4
2016 / 01,Queens,5,575.2,568,53,4
2016 / 01,Queens,6,390.1,304.5,,4
2016 / 01,Queens,7,718.4,561.8,,4
2016 / 01,Queens,8,432.8,306.5,,4
2016 / 01,Queens,9,404.2,395.7,,4
2016 / 01,Queens,10,346.9,366.4,139.2,4
2016 / 01,Queens,11,426.4,342.4,,4
2016 / 01,Queens,12,435.7,589,,4
2016 / 01,Queens,13,475.2,538.7,,4
2016 / 01,Queens,14,262.5,190.2,,4
2016 / 01,Staten Island,1,616.7,489.8,48.5,5
2016 / 01,Staten Island,2,465.3,413.1,,5
2016 / 01,Staten Island,3,642.6,562.9,,5
2015 / 12,Bronx,1,262.2,139.8,,2
2015 / 12,Bronx,2,204.1,182.6,,2
2015 / 12,Bronx,3,167.7,192.7,,2
2015 / 12,Bronx,4,266.7,293.3,,2
2015 / 12,Bronx,5,271.7,322,,2
2015 / 12,Bronx,6,234.3,201.3,,2
2015 / 12,Bronx,7,343.2,416.5,,2
2015 / 12,Bronx,8,475.1,398.2,37.2,2
2015 / 12,Bronx,9,282.4,332.3,,2
2015 / 12,Bronx,10,458.3,379.5,44.3,2
2015 / 12,Bronx,11,380.5,323.1,,2
2015 / 12,Bronx,12,479.6,526.9,,2
2015 / 12,Brooklyn,1,678.4,500.6,18.5,3
2015 / 12,Brooklyn,2,559.1,363.8,,3
2015 / 12,Brooklyn,3,404.4,334.7,,3
2015 / 12,Brooklyn,4,359.8,308.2,,3
2015 / 12,Brooklyn,5,354.6,393.2,,3
2015 / 12,Brooklyn,6,710.3,441.8,164,3
2015 / 12,Brooklyn,7,543.3,425.6,97.5,3
2015 / 12,Brooklyn,8,344.6,304.7,,3
2015 / 12,Brooklyn,9,297.4,207,,3
2015 / 12,Brooklyn,10,711.3,478.7,120.8,3
2015 / 12,Brooklyn,11,793.2,625.3,,3
2015 / 12,Brooklyn,12,851,421.9,,3
2015 / 12,Brooklyn,13,345.9,194.1,,3
2015 / 12,Brooklyn,14,557.7,349.6,,3
2015 / 12,Brooklyn,15,770.6,486.3,,3
2015 / 12,Brooklyn,16,179.1,143.1,,3
2015 / 12,Brooklyn,17,420.2,443.4,,3
2015 / 12,Brooklyn,18,780.2,586.6,,3
2015 / 12,Manhattan,1,445,261.6,12.6,1
2015 / 12,Manhattan,2,585.1,356.3,,1
2015 / 12,Manhattan,3,619.7,406.4,,1
2015 / 12,Manhattan,4,819.4,392.2,,1
2015 / 12,Manhattan,5,351.5,203,,1
2015 / 12,Manhattan,6,1048.5,465.3,,1
2015 / 12,Manhattan,7,1477.5,827.9,11.3,1
2015 / 12,Manhattan,8,1516,881,6.8,1
2015 / 12,Manhattan,9,311.4,260,17,1
2015 / 12,Manhattan,10,372,298.4,,1
2015 / 12,Manhattan,11,276,222.3,,1
2015 / 12,Manhattan,12,663.5,631.3,,1
2015 / 12,Queens,1,726,612,,4
2015 / 12,Queens,2,751,410.4,,4
2015 / 12,Queens,3,501.4,475.2,,4
2015 / 12,Queens,4,447.9,390.7,,4
2015 / 12,Queens,5,933.1,759.3,134.5,4
2015 / 12,Queens,6,563,364.1,,4
2015 / 12,Queens,7,1022,708.5,,4
2015 / 12,Queens,8,641.3,400.2,,4
2015 / 12,Queens,9,577.3,510.2,,4
2015 / 12,Queens,10,556.1,472.8,270.6,4
2015 / 12,Queens,11,664.9,457.3,,4
2015 / 12,Queens,12,643.5,777.8,,4
2015 / 12,Queens,13,726.9,755.4,,4
2015 / 12,Queens,14,372.6,243.1,,4
2015 / 12,Staten Island,1,940,635,147.1,5
2015 / 12,Staten Island,2,812.1,559,,5
2015 / 12,Staten Island,3,1123.1,713.4,,5
2015 / 11,Bronx,1,228.5,115.6,,2
2015 / 11,Bronx,2,143.4,122.2,,2
2015 / 11,Bronx,3,98.3,126.2,,2
2015 / 11,Bronx,4,210.6,251.6,,2
2015 / 11,Bronx,5,215.1,282.6,,2
2015 / 11,Bronx,6,174.1,147,,2
2015 / 11,Bronx,7,224.1,324.4,,2
2015 / 11,Bronx,8,343.7,294.9,46.9,2
2015 / 11,Bronx,9,193.3,246.8,,2
2015 / 11,Bronx,10,323.7,292.7,67,2
2015 / 11,Bronx,11,268.5,248.5,,2
2015 / 11,Bronx,12,337.5,410.5,,2
2015 / 11,Brooklyn,1,486.3,363.7,26.4,3
2015 / 11,Brooklyn,2,455.1,306.8,,3
2015 / 11,Brooklyn,3,291,253.8,,3
2015 / 11,Brooklyn,4,273.4,250.4,,3
2015 / 11,Brooklyn,5,234,301.6,,3
2015 / 11,Brooklyn,6,576.9,373,195.1,3
2015 / 11,Brooklyn,7,400.8,349.6,115,3
2015 / 11,Brooklyn,8,266.5,250.9,,3
2015 / 11,Brooklyn,9,232.6,164,,3
2015 / 11,Brooklyn,10,533.1,376.7,201.4,3
2015 / 11,Brooklyn,11,571.3,441.3,,3
2015 / 11,Brooklyn,12,629.4,333,,3
2015 / 11,Brooklyn,13,277.7,159.9,,3
2015 / 11,Brooklyn,14,461.8,309.5,,3
2015 / 11,Brooklyn,15,569.6,391.6,,3
2015 / 11,Brooklyn,16,123.5,107.3,,3
2015 / 11,Brooklyn,17,285.6,329.8,,3
2015 / 11,Brooklyn,18,533.1,435.9,,3
2015 / 11,Manhattan,1,362.1,212.1,17.6,1
2015 / 11,Manhattan,2,470.1,291.6,,1
2015 / 11,Manhattan,3,472,333.6,,1
2015 / 11,Manhattan,4,685.3,318,,1
2015 / 11,Manhattan,5,256.4,146.6,,1
2015 / 11,Manhattan,6,794.7,334.4,,1
2015 / 11,Manhattan,7,1154.1,679.3,11.9,1
2015 / 11,Manhattan,8,1181.9,694,4.7,1
2015 / 11,Manhattan,9,259.9,218.9,18,1
2015 / 11,Manhattan,10,250.8,207.4,,1
2015 / 11,Manhattan,11,197.5,164.4,,1
2015 / 11,Manhattan,12,411.7,421.3,,1
2015 / 11,Queens,1,559.4,516.9,,4
2015 / 11,Queens,2,550.9,315.2,,4
2015 / 11,Queens,3,336.6,363.4,,4
2015 / 11,Queens,4,305.8,284.5,,4
2015 / 11,Queens,5,643.3,589.4,218.3,4
2015 / 11,Queens,6,402.1,283.8,,4
2015 / 11,Queens,7,749.7,562.7,,4
2015 / 11,Queens,8,474.5,318.8,,4
2015 / 11,Queens,9,403.2,407,,4
2015 / 11,Queens,10,369.4,379.9,365.4,4
2015 / 11,Queens,11,479.9,355.5,,4
2015 / 11,Queens,12,438.4,597,,4
2015 / 11,Queens,13,498.1,593.2,,4
2015 / 11,Queens,14,252.8,177.7,,4
2015 / 11,Staten Island,1,716.9,506.2,221.8,5
2015 / 11,Staten Island,2,553.9,420,,5
2015 / 11,Staten Island,3,744.1,543.4,,5
2015 / 10,Bronx,1,245.4,117.8,,2
2015 / 10,Bronx,2,166.9,158.1,,2
2015 / 10,Bronx,3,99.3,123.5,,2
2015 / 10,Bronx,4,219.2,255.3,,2
2015 / 10,Bronx,5,236.6,289.4,,2
2015 / 10,Bronx,6,185.5,151.6,,2
2015 / 10,Bronx,7,247.5,343.2,,2
2015 / 10,Bronx,8,372.8,315.7,24.3,2
2015 / 10,Bronx,9,205.8,281.2,,2
2015 / 10,Bronx,10,405.7,355.7,60.9,2
2015 / 10,Bronx,11,308.3,286.7,,2
2015 / 10,Bronx,12,360.6,455.9,,2
2015 / 10,Brooklyn,1,591.9,436.7,16.8,3
2015 / 10,Brooklyn,2,506.1,344.8,,3
2015 / 10,Brooklyn,3,308.8,269.8,,3
2015 / 10,Brooklyn,4,306.6,281.1,,3
2015 / 10,Brooklyn,5,246.3,307.7,,3
2015 / 10,Brooklyn,6,639.4,428.3,108.5,3
2015 / 10,Brooklyn,7,423.9,383.5,84.7,3
2015 / 10,Brooklyn,8,268.2,239.1,,3
2015 / 10,Brooklyn,9,287.6,205.5,,3
2015 / 10,Brooklyn,10,569.9,418,107.6,3
2015 / 10,Brooklyn,11,649.8,622.8,,3
2015 / 10,Brooklyn,12,698.2,421.8,,3
2015 / 10,Brooklyn,13,328.2,184.2,,3
2015 / 10,Brooklyn,14,474.7,334.2,,3
2015 / 10,Brooklyn,15,645.9,453.5,,3
2015 / 10,Brooklyn,16,160.3,129.8,,3
2015 / 10,Brooklyn,17,306.9,364.3,,3
2015 / 10,Brooklyn,18,578.4,504.3,,3
2015 / 10,Manhattan,1,422,262.5,11.7,1
2015 / 10,Manhattan,2,475.1,297.3,,1
2015 / 10,Manhattan,3,570.6,400.5,,1
2015 / 10,Manhattan,4,792.9,409.1,,1
2015 / 10,Manhattan,5,290.9,164.2,,1
2015 / 10,Manhattan,6,972.9,444,,1
2015 / 10,Manhattan,7,1325.7,760.1,17.1,1
2015 / 10,Manhattan,8,1337.3,806.1,12.6,1
2015 / 10,Manhattan,9,324.1,277.2,,1
2015 / 10,Manhattan,10,309.6,259,,1
2015 / 10,Manhattan,11,205.5,178.8,,1
2015 / 10,Manhattan,12,505.3,506.4,,1
2015 / 10,Queens,1,607.8,553.9,,4
2015 / 10,Queens,2,605.1,356.6,,4
2015 / 10,Queens,3,388.4,418.7,,4
2015 / 10,Queens,4,342.7,345.6,,4
2015 / 10,Queens,5,711.9,666,131.1,4
2015 / 10,Queens,6,454.4,323.7,,4
2015 / 10,Queens,7,843.7,624.5,,4
2015 / 10,Queens,8,523.9,360.6,,4
2015 / 10,Queens,9,425.8,444.2,,4
2015 / 10,Queens,10,395.8,382,93.7,4
2015 / 10,Queens,11,525.8,401.7,,4
2015 / 10,Queens,12,489.4,660.9,,4
2015 / 10,Queens,13,568.1,643.4,,4
2015 / 10,Queens,14,298.5,224.8,,4
2015 / 10,Staten Island,1,770.4,555.2,119.4,5
2015 / 10,Staten Island,2,627,481.7,,5
2015 / 10,Staten Island,3,814.1,628.7,,5
2015 / 09,Bronx,1,266.6,123.6,,2
2015 / 09,Bronx,2,153.1,142.9,,2
2015 / 09,Bronx,3,127.6,159.2,,2
2015 / 09,Bronx,4,226.9,259,,2
2015 / 09,Bronx,5,235.5,299.3,,2
2015 / 09,Bronx,6,208.7,178.5,,2
2015 / 09,Bronx,7,258.8,348.2,,2
2015 / 09,Bronx,8,378.4,328.8,18.2,2
2015 / 09,Bronx,9,197.9,270,,2
2015 / 09,Bronx,10,352.1,327,31.2,2
2015 / 09,Bronx,11,286.3,281.8,,2
2015 / 09,Bronx,12,382.4,479.6,,2
2015 / 09,Brooklyn,1,555.5,407.4,20.8,3
2015 / 09,Brooklyn,2,487,326.1,,3
2015 / 09,Brooklyn,3,339.2,295.1,,3
2015 / 09,Brooklyn,4,287.3,279.8,,3
2015 / 09,Brooklyn,5,272.5,345.5,,3
2015 / 09,Brooklyn,6,588.1,395,83.1,3
2015 / 09,Brooklyn,7,442.6,373.9,99.5,3
2015 / 09,Brooklyn,8,284.2,261.6,,3
2015 / 09,Brooklyn,9,263.8,198.4,,3
2015 / 09,Brooklyn,10,566.6,394,96.3,3
2015 / 09,Brooklyn,11,645.6,520.4,,3
2015 / 09,Brooklyn,12,751.3,398.1,,3
2015 / 09,Brooklyn,13,316.9,180.2,,3
2015 / 09,Brooklyn,14,489.6,334.7,,3
2015 / 09,Brooklyn,15,643,434.7,,3
2015 / 09,Brooklyn,16,149.3,129.1,,3
2015 / 09,Brooklyn,17,317.8,397.3,,3
2015 / 09,Brooklyn,18,588,516.5,,3
2015 / 09,Manhattan,1,365,210.6,12.2,1
2015 / 09,Manhattan,2,491.5,304.2,,1
2015 / 09,Manhattan,3,544.4,361.9,,1
2015 / 09,Manhattan,4,717,349.2,,1
2015 / 09,Manhattan,5,294.1,166.8,,1
2015 / 09,Manhattan,6,857.6,356.1,,1
2015 / 09,Manhattan,7,1208.4,656.8,15.2,1
2015 / 09,Manhattan,8,1235.1,700.5,14.6,1
2015 / 09,Manhattan,9,312.1,236.4,,1
2015 / 09,Manhattan,10,309,254.2,,1
2015 / 09,Manhattan,11,251.4,200.8,,1
2015 / 09,Manhattan,12,501.5,491.4,,1
2015 / 09,Queens,1,594,535.8,,4
2015 / 09,Queens,2,593.6,349.8,,4
2015 / 09,Queens,3,361.8,401.7,,4
2015 / 09,Queens,4,345.4,321.3,,4
2015 / 09,Queens,5,654.1,637.6,133.8,4
2015 / 09,Queens,6,439.8,305.4,,4
2015 / 09,Queens,7,820.9,604.3,,4
2015 / 09,Queens,8,503.9,359.5,,4
2015 / 09,Queens,9,433.7,451.6,,4
2015 / 09,Queens,10,381.5,392.4,,4
2015 / 09,Queens,11,534.2,398.6,,4
2015 / 09,Queens,12,483.6,694.6,,4
2015 / 09,Queens,13,546.4,669.3,,4
2015 / 09,Queens,14,284.6,220.2,,4
2015 / 09,Staten Island,1,752.1,560.8,115.9,5
2015 / 09,Staten Island,2,597.9,499.9,,5
2015 / 09,Staten Island,3,800.4,636.5,,5
2015 / 08,Bronx,1,200.5,116.3,,2
2015 / 08,Bronx,2,155.5,135.4,,2
2015 / 08,Bronx,3,96.6,125.3,,2
2015 / 08,Bronx,4,222,261.2,,2
2015 / 08,Bronx,5,221.4,298.1,,2
2015 / 08,Bronx,6,136.8,138,,2
2015 / 08,Bronx,7,234.8,336.7,,2
2015 / 08,Bronx,8,304.8,292.9,20.9,2
2015 / 08,Bronx,9,193.1,272.6,,2
2015 / 08,Bronx,10,326.8,327.8,33.2,2
2015 / 08,Bronx,11,279.3,277.8,,2
2015 / 08,Bronx,12,352.5,473.6,,2
2015 / 08,Brooklyn,1,470.9,386.5,22.7,3
2015 / 08,Brooklyn,2,426.8,303.7,,3
2015 / 08,Brooklyn,3,262.6,267.1,,3
2015 / 08,Brooklyn,4,277.5,276.4,,3
2015 / 08,Brooklyn,5,239.3,323.9,,3
2015 / 08,Brooklyn,6,500.8,366.4,71,3
2015 / 08,Brooklyn,7,404.3,363.8,86.9,3
2015 / 08,Brooklyn,8,259.9,246.9,,3
2015 / 08,Brooklyn,9,217.1,183.6,,3
2015 / 08,Brooklyn,10,504.8,376.4,118.1,3
2015 / 08,Brooklyn,11,597.1,490.8,,3
2015 / 08,Brooklyn,12,571.6,334,,3
2015 / 08,Brooklyn,13,247,159.9,,3
2015 / 08,Brooklyn,14,418,315.6,,3
2015 / 08,Brooklyn,15,530.7,395,,3
2015 / 08,Brooklyn,16,125.1,124.7,,3
2015 / 08,Brooklyn,17,308.4,385.9,,3
2015 / 08,Brooklyn,18,562.3,509.6,,3
2015 / 08,Manhattan,1,324.3,211.3,11,1
2015 / 08,Manhattan,2,387.2,268.3,,1
2015 / 08,Manhattan,3,489.9,344.6,,1
2015 / 08,Manhattan,4,624.4,340.3,,1
2015 / 08,Manhattan,5,233.5,137.8,,1
2015 / 08,Manhattan,6,737.4,350.8,,1
2015 / 08,Manhattan,7,996.3,635.1,14.5,1
2015 / 08,Manhattan,8,985.5,639.1,12.2,1
2015 / 08,Manhattan,9,274.5,234.6,,1
2015 / 08,Manhattan,10,263.8,227.6,,1
2015 / 08,Manhattan,11,192.4,167.7,,1
2015 / 08,Manhattan,12,425.8,442.5,,1
2015 / 08,Queens,1,557.4,514.6,,4
2015 / 08,Queens,2,515.2,325.4,,4
2015 / 08,Queens,3,346.8,385.2,,4
2015 / 08,Queens,4,318.5,306.4,,4
2015 / 08,Queens,5,607.7,609.4,132.3,4
2015 / 08,Queens,6,415.1,296.6,,4
2015 / 08,Queens,7,821.5,595.6,,4
2015 / 08,Queens,8,473.4,334.3,,4
2015 / 08,Queens,9,423.7,450.4,,4
2015 / 08,Queens,10,384.4,386.2,,4
2015 / 08,Queens,11,492.9,371.6,,4
2015 / 08,Queens,12,474.6,686.4,,4
2015 / 08,Queens,13,516.6,656,,4
2015 / 08,Queens,14,280.7,218.6,,4
2015 / 08,Staten Island,1,699.9,598,122.3,5
2015 / 08,Staten Island,2,540.1,468.2,,5
2015 / 08,Staten Island,3,717.1,628.1,,5
2015 / 07,Bronx,1,216.9,108.5,,2
2015 / 07,Bronx,2,190.9,156.7,,2
2015 / 07,Bronx,3,119.5,138.9,,2
2015 / 07,Bronx,4,232.6,249.8,,2
2015 / 07,Bronx,5,234.5,289,,2
2015 / 07,Bronx,6,165.2,151,,2
2015 / 07,Bronx,7,275.3,346.5,,2
2015 / 07,Bronx,8,328.7,312.5,26.5,2
2015 / 07,Bronx,9,208.6,288.9,,2
2015 / 07,Bronx,10,364.4,345.8,39.2,2
2015 / 07,Bronx,11,295.2,298.8,,2
2015 / 07,Bronx,12,388.9,505.4,,2
2015 / 07,Brooklyn,1,475.6,434.3,23.4,3
2015 / 07,Brooklyn,2,445,330.3,,3
2015 / 07,Brooklyn,3,285.8,292.1,,3
2015 / 07,Brooklyn,4,298.8,281.2,,3
2015 / 07,Brooklyn,5,279.5,362.1,,3
2015 / 07,Brooklyn,6,542.5,401.3,83.6,3
2015 / 07,Brooklyn,7,439.7,387.5,91.9,3
2015 / 07,Brooklyn,8,248.2,251.2,,3
2015 / 07,Brooklyn,9,233.4,221.3,,3
2015 / 07,Brooklyn,10,543.3,397.4,116.8,3
2015 / 07,Brooklyn,11,646.1,539.3,,3
2015 / 07,Brooklyn,12,569,337.3,,3
2015 / 07,Brooklyn,13,286.9,186.1,,3
2015 / 07,Brooklyn,14,413.5,305,,3
2015 / 07,Brooklyn,15,547.7,426.5,,3
2015 / 07,Brooklyn,16,155.1,136.6,,3
2015 / 07,Brooklyn,17,324.8,417.9,,3
2015 / 07,Brooklyn,18,587.3,573.4,,3
2015 / 07,Manhattan,1,353,234.5,11.8,1
2015 / 07,Manhattan,2,385.6,277.8,,1
2015 / 07,Manhattan,3,568,395.2,,1
2015 / 07,Manhattan,4,692.6,386.1,,1
2015 / 07,Manhattan,5,246.1,163.7,,1
2015 / 07,Manhattan,6,803.9,408.6,,1
2015 / 07,Manhattan,7,1042.3,672,14.4,1
2015 / 07,Manhattan,8,1034.5,679.3,13.6,1
2015 / 07,Manhattan,9,279.8,246.7,,1
2015 / 07,Manhattan,10,301.7,278.3,,1
2015 / 07,Manhattan,11,217.9,185.4,,1
2015 / 07,Manhattan,12,514.1,516,,1
2015 / 07,Queens,1,591.5,542.9,,4
2015 / 07,Queens,2,561.9,348.6,,4
2015 / 07,Queens,3,417,433.5,,4
2015 / 07,Queens,4,382.9,348.5,,4
2015 / 07,Queens,5,683.6,675.8,161.3,4
2015 / 07,Queens,6,445.5,324.3,,4
2015 / 07,Queens,7,847,621.5,,4
2015 / 07,Queens,8,509.2,371.8,,4
2015 / 07,Queens,9,454,475.5,,4
2015 / 07,Queens,10,402.9,422,,4
2015 / 07,Queens,11,508.2,400,,4
2015 / 07,Queens,12,508.9,735.7,,4
2015 / 07,Queens,13,564,726.4,,4
2015 / 07,Queens,14,307.9,253.8,,4
2015 / 07,Staten Island,1,747.4,643,161.2,5
2015 / 07,Staten Island,2,586.5,539,,5
2015 / 07,Staten Island,3,817.8,728.3,,5
2015 / 06,Bronx,1,315.4,135.9,,2
2015 / 06,Bronx,2,144.2,130,,2
2015 / 06,Bronx,3,125,132.7,,2
2015 / 06,Bronx,4,267,284.6,,2
2015 / 06,Bronx,5,304.4,301,,2
2015 / 06,Bronx,6,228.7,167.1,,2
2015 / 06,Bronx,7,282.2,346,,2
2015 / 06,Bronx,8,423,335,20.9,2
2015 / 06,Bronx,9,200.7,279.2,,2
2015 / 06,Bronx,10,427.6,343.1,44.4,2
2015 / 06,Bronx,11,320.1,295.5,,2
2015 / 06,Bronx,12,394.9,487.6,,2
2015 / 06,Brooklyn,1,557.6,422,12.4,3
2015 / 06,Brooklyn,2,515.7,342.5,,3
2015 / 06,Brooklyn,3,336.1,301.5,,3
2015 / 06,Brooklyn,4,388.7,286.4,,3
2015 / 06,Brooklyn,5,285.2,340.4,,3
2015 / 06,Brooklyn,6,635.4,424,95.3,3
2015 / 06,Brooklyn,7,510.8,398.1,108.6,3
2015 / 06,Brooklyn,8,322.1,287,,3
2015 / 06,Brooklyn,9,276.4,183.5,,3
2015 / 06,Brooklyn,10,608.1,409.1,114.1,3
2015 / 06,Brooklyn,11,712.2,557.3,,3
2015 / 06,Brooklyn,12,828.7,391.4,,3
2015 / 06,Brooklyn,13,377.2,175.7,,3
2015 / 06,Brooklyn,14,527.8,342.4,,3
2015 / 06,Brooklyn,15,652.7,438.3,,3
2015 / 06,Brooklyn,16,181,109.1,,3
2015 / 06,Brooklyn,17,347.6,392.3,,3
2015 / 06,Brooklyn,18,683.6,531.9,,3
2015 / 06,Manhattan,1,341.4,230.3,12.2,1
2015 / 06,Manhattan,2,511.1,320.4,,1
2015 / 06,Manhattan,3,597.6,357.3,,1
2015 / 06,Manhattan,4,712.1,335.8,,1
2015 / 06,Manhattan,5,271.7,164,,1
2015 / 06,Manhattan,6,823.5,357.4,,1
2015 / 06,Manhattan,7,1191.8,710,13.8,1
2015 / 06,Manhattan,8,1166.8,709,13.7,1
2015 / 06,Manhattan,9,305.2,227.4,,1
2015 / 06,Manhattan,10,266.5,231.3,,1
2015 / 06,Manhattan,11,250,175,,1
2015 / 06,Manhattan,12,493.8,456.6,,1
2015 / 06,Queens,1,703.2,571.1,,4
2015 / 06,Queens,2,673.6,362.2,,4
2015 / 06,Queens,3,399.2,404.5,,4
2015 / 06,Queens,4,366.8,313.8,,4
2015 / 06,Queens,5,788,679.2,173.2,4
2015 / 06,Queens,6,449.6,313.3,,4
2015 / 06,Queens,7,920.3,655.5,,4
2015 / 06,Queens,8,596.8,384.6,,4
2015 / 06,Queens,9,515.1,481.7,,4
2015 / 06,Queens,10,450.1,435.9,,4
2015 / 06,Queens,11,625.2,423.3,,4
2015 / 06,Queens,12,551.6,726.9,,4
2015 / 06,Queens,13,638.5,706.3,,4
2015 / 06,Queens,14,299.6,214.8,,4
2015 / 06,Staten Island,1,880.7,633.1,177.1,5
2015 / 06,Staten Island,2,671.3,521.6,,5
2015 / 06,Staten Island,3,870.1,678.9,,5
2015 / 05,Bronx,1,230.1,101.3,,2
2015 / 05,Bronx,2,142.3,146.6,,2
2015 / 05,Bronx,3,92.7,115.1,,2
2015 / 05,Bronx,4,205.5,239.6,,2
2015 / 05,Bronx,5,227.5,268,,2
2015 / 05,Bronx,6,170.8,144.8,,2
2015 / 05,Bronx,7,218.4,315.4,,2
2015 / 05,Bronx,8,335.1,283.8,,2
2015 / 05,Bronx,9,185.7,269.5,,2
2015 / 05,Bronx,10,353.4,331.2,54.7,2
2015 / 05,Bronx,11,270.2,279.9,,2
2015 / 05,Bronx,12,334.3,434.9,,2
2015 / 05,Brooklyn,1,484.5,380.4,,3
2015 / 05,Brooklyn,2,436.8,309,,3
2015 / 05,Brooklyn,3,265.3,243.8,,3
2015 / 05,Brooklyn,4,282.8,264.3,,3
2015 / 05,Brooklyn,5,209.2,282.7,,3
2015 / 05,Brooklyn,6,559.8,387.9,97.3,3
2015 / 05,Brooklyn,7,402.4,342.4,99.6,3
2015 / 05,Brooklyn,8,245.4,230.8,,3
2015 / 05,Brooklyn,9,253.6,193.1,,3
2015 / 05,Brooklyn,10,486.7,365,87.4,3
2015 / 05,Brooklyn,11,596.9,502,,3
2015 / 05,Brooklyn,12,664.2,372.4,,3
2015 / 05,Brooklyn,13,298.2,162.6,,3
2015 / 05,Brooklyn,14,413.5,294.3,,3
2015 / 05,Brooklyn,15,553.9,392,,3
2015 / 05,Brooklyn,16,149.4,121,,3
2015 / 05,Brooklyn,17,295.2,345.1,,3
2015 / 05,Brooklyn,18,566.5,491.7,,3
2015 / 05,Manhattan,1,335.6,309.9,12.4,1
2015 / 05,Manhattan,2,401.8,281.9,,1
2015 / 05,Manhattan,3,544.7,373.8,,1
2015 / 05,Manhattan,4,707.3,374.6,,1
2015 / 05,Manhattan,5,248.7,162.4,,1
2015 / 05,Manhattan,6,790.2,399.9,,1
2015 / 05,Manhattan,7,1070.7,674.4,13.5,1
2015 / 05,Manhattan,8,1144.6,730.8,12.3,1
2015 / 05,Manhattan,9,311.7,259.7,,1
2015 / 05,Manhattan,10,252,227.6,,1
2015 / 05,Manhattan,11,209.9,176.3,,1
2015 / 05,Manhattan,12,458.1,456.2,,1
2015 / 05,Queens,1,534.1,500.4,,4
2015 / 05,Queens,2,528.2,323,,4
2015 / 05,Queens,3,358.8,378.8,,4
2015 / 05,Queens,4,313.4,298.2,,4
2015 / 05,Queens,5,608.9,618,120.8,4
2015 / 05,Queens,6,396,284.8,,4
2015 / 05,Queens,7,795.4,589.5,,4
2015 / 05,Queens,8,474.7,336.3,,4
2015 / 05,Queens,9,389.4,415.2,,4
2015 / 05,Queens,10,353.3,377.6,,4
2015 / 05,Queens,11,486.1,373.9,,4
2015 / 05,Queens,12,462.1,648.2,,4
2015 / 05,Queens,13,539.4,635.7,,4
2015 / 05,Queens,14,269.9,203.3,,4
2015 / 05,Staten Island,1,705.9,571.9,157.9,5
2015 / 05,Staten Island,2,563.2,484.1,,5
2015 / 05,Staten Island,3,766.1,661.9,,5
2015 / 04,Bronx,1,214.7,106.6,,2
2015 / 04,Bronx,2,172,149.3,,2
2015 / 04,Bronx,3,112.6,133,,2
2015 / 04,Bronx,4,206.3,238.1,,2
2015 / 04,Bronx,5,220.9,262.5,,2
2015 / 04,Bronx,6,170.6,158.1,,2
2015 / 04,Bronx,7,246.3,330.7,,2
2015 / 04,Bronx,8,337.4,303.2,,2
2015 / 04,Bronx,9,187.4,268.2,,2
2015 / 04,Bronx,10,339.3,319,35.3,2
2015 / 04,Bronx,11,275.2,272.1,,2
2015 / 04,Bronx,12,353.4,442.2,,2
2015 / 04,Brooklyn,1,559.5,422.4,,3
2015 / 04,Brooklyn,2,459.8,317,,3
2015 / 04,Brooklyn,3,298,261.4,,3
2015 / 04,Brooklyn,4,305.3,264.9,,3
2015 / 04,Brooklyn,5,245.7,318.5,,3
2015 / 04,Brooklyn,6,553.8,385.6,99.5,3
2015 / 04,Brooklyn,7,415.1,352,98.6,3
2015 / 04,Brooklyn,8,261,237.5,,3
2015 / 04,Brooklyn,9,248.3,189.5,,3
2015 / 04,Brooklyn,10,524.4,367.8,72.2,3
2015 / 04,Brooklyn,11,637.7,527.5,,3
2015 / 04,Brooklyn,12,806.4,448.8,,3
2015 / 04,Brooklyn,13,294.9,164.9,,3
2015 / 04,Brooklyn,14,475.3,324.7,,3
2015 / 04,Brooklyn,15,608.8,433.6,,3
2015 / 04,Brooklyn,16,141.5,118.9,,3
2015 / 04,Brooklyn,17,312.3,351.7,,3
2015 / 04,Brooklyn,18,604.8,493.1,,3
2015 / 04,Manhattan,1,334.3,227.2,11.6,1
2015 / 04,Manhattan,2,449.4,315.2,,1
2015 / 04,Manhattan,3,545,377.9,,1
2015 / 04,Manhattan,4,667.6,370.3,,1
2015 / 04,Manhattan,5,261,159.9,,1
2015 / 04,Manhattan,6,793.6,399.8,,1
2015 / 04,Manhattan,7,1097.8,699.6,13.3,1
2015 / 04,Manhattan,8,1191.9,749.4,11.7,1
2015 / 04,Manhattan,9,256.9,230.9,,1
2015 / 04,Manhattan,10,258.3,236.4,,1
2015 / 04,Manhattan,11,232.9,193.1,,1
2015 / 04,Manhattan,12,483.1,501.5,,1
2015 / 04,Queens,1,558.4,524.1,,4
2015 / 04,Queens,2,538.9,331.4,,4
2015 / 04,Queens,3,358.7,397.2,,4
2015 / 04,Queens,4,329.6,303.1,,4
2015 / 04,Queens,5,642.9,643.3,94.8,4
2015 / 04,Queens,6,418.8,310.2,,4
2015 / 04,Queens,7,798.2,588,,4
2015 / 04,Queens,8,485.8,359.6,,4
2015 / 04,Queens,9,417.8,430.1,,4
2015 / 04,Queens,10,380.3,390.9,,4
2015 / 04,Queens,11,505.5,384,,4
2015 / 04,Queens,12,474.5,647.3,,4
2015 / 04,Queens,13,542.8,624.4,,4
2015 / 04,Queens,14,275.1,204.2,,4
2015 / 04,Staten Island,1,713.9,559,61.9,5
2015 / 04,Staten Island,2,587,479.7,,5
2015 / 04,Staten Island,3,794.9,630.6,,5
2015 / 03,Bronx,1,226,114.9,,2
2015 / 03,Bronx,2,187.1,151.7,,2
2015 / 03,Bronx,3,120.1,128.4,,2
2015 / 03,Bronx,4,234.2,246.9,,2
2015 / 03,Bronx,5,239.2,272.9,,2
2015 / 03,Bronx,6,185.3,150.5,,2
2015 / 03,Bronx,7,289.2,319.9,,2
2015 / 03,Bronx,8,327.4,312.1,,2
2015 / 03,Bronx,9,203.5,261,,2
2015 / 03,Bronx,10,317.2,294,17.1,2
2015 / 03,Bronx,11,284.7,264.1,,2
2015 / 03,Bronx,12,357.5,435.3,,2
2015 / 03,Brooklyn,1,535,394.7,,3
2015 / 03,Brooklyn,2,445.1,307.5,,3
2015 / 03,Brooklyn,3,309.5,268.6,,3
2015 / 03,Brooklyn,4,306.6,263.8,,3
2015 / 03,Brooklyn,5,248.1,303.9,,3
2015 / 03,Brooklyn,6,559.2,378.8,74,3
2015 / 03,Brooklyn,7,452.7,352.9,80.1,3
2015 / 03,Brooklyn,8,296.8,248.2,,3
2015 / 03,Brooklyn,9,255.5,188.2,,3
2015 / 03,Brooklyn,10,523.7,368.3,43.9,3
2015 / 03,Brooklyn,11,619.8,482.1,,3
2015 / 03,Brooklyn,12,884.9,446.1,,3
2015 / 03,Brooklyn,13,303.7,159.3,,3
2015 / 03,Brooklyn,14,532.3,345,,3
2015 / 03,Brooklyn,15,630.7,423.7,,3
2015 / 03,Brooklyn,16,147.4,100.7,,3
2015 / 03,Brooklyn,17,307.6,340,,3
2015 / 03,Brooklyn,18,604.8,469.7,,3
2015 / 03,Manhattan,1,336.7,204.1,11.3,1
2015 / 03,Manhattan,2,431.5,307.8,,1
2015 / 03,Manhattan,3,497,334.4,,1
2015 / 03,Manhattan,4,631.5,316.3,,1
2015 / 03,Manhattan,5,261.9,161.7,,1
2015 / 03,Manhattan,6,739.5,350.9,,1
2015 / 03,Manhattan,7,1093.4,680,17.8,1
2015 / 03,Manhattan,8,1090.6,686.7,12,1
2015 / 03,Manhattan,9,247,209.9,,1
2015 / 03,Manhattan,10,262,217.7,,1
2015 / 03,Manhattan,11,223.5,174.9,,1
2015 / 03,Manhattan,12,449.2,446.4,,1
2015 / 03,Queens,1,578.8,531.4,,4
2015 / 03,Queens,2,553.3,329.8,,4
2015 / 03,Queens,3,343.2,379.4,,4
2015 / 03,Queens,4,316.9,289.4,,4
2015 / 03,Queens,5,635.9,610.5,64.3,4
2015 / 03,Queens,6,401.2,298.1,,4
2015 / 03,Queens,7,811,581.5,,4
2015 / 03,Queens,8,521.3,344.9,,4
2015 / 03,Queens,9,434.8,417.2,,4
2015 / 03,Queens,10,378.3,380.9,,4
2015 / 03,Queens,11,521.9,376.4,,4
2015 / 03,Queens,12,482.2,614.8,,4
2015 / 03,Queens,13,537.4,589.8,,4
2015 / 03,Queens,14,287.9,184.6,,4
2015 / 03,Staten Island,1,768.1,526.1,23.7,5
2015 / 03,Staten Island,2,603.3,426.4,,5
2015 / 03,Staten Island,3,775.6,548.5,,5
2015 / 02,Bronx,1,183.7,105,,2
2015 / 02,Bronx,2,145.3,123.7,,2
2015 / 02,Bronx,3,102.6,123.8,,2
2015 / 02,Bronx,4,184.8,221.1,,2
2015 / 02,Bronx,5,182.9,245.3,,2
2015 / 02,Bronx,6,157.5,148.4,,2
2015 / 02,Bronx,7,229.3,299.9,,2
2015 / 02,Bronx,8,292.9,289.5,,2
2015 / 02,Bronx,9,166.7,221.7,,2
2015 / 02,Bronx,10,275.4,286.6,21,2
2015 / 02,Bronx,11,230.5,246.4,,2
2015 / 02,Bronx,12,278.6,393.8,,2
2015 / 02,Brooklyn,1,542,455.1,,3
2015 / 02,Brooklyn,2,460.9,345.5,,3
2015 / 02,Brooklyn,3,265,254.6,,3
2015 / 02,Brooklyn,4,278.4,274.1,,3
2015 / 02,Brooklyn,5,215.9,292.5,,3
2015 / 02,Brooklyn,6,590.7,420.4,63.4,3
2015 / 02,Brooklyn,7,453.7,381.2,61.9,3
2015 / 02,Brooklyn,8,278.9,250.8,,3
2015 / 02,Brooklyn,9,224.9,189.3,,3
2015 / 02,Brooklyn,10,537.4,388.7,35.4,3
2015 / 02,Brooklyn,11,658,500.4,,3
2015 / 02,Brooklyn,12,754.5,381.6,,3
2015 / 02,Brooklyn,13,267.9,163.3,,3
2015 / 02,Brooklyn,14,461.4,321.1,,3
2015 / 02,Brooklyn,15,596.7,428.4,,3
2015 / 02,Brooklyn,16,131.7,112.8,,3
2015 / 02,Brooklyn,17,268,340.5,,3
2015 / 02,Brooklyn,18,539.8,484.8,,3
2015 / 02,Manhattan,1,320.8,210.5,10.3,1
2015 / 02,Manhattan,2,446.8,329.8,,1
2015 / 02,Manhattan,3,472.6,360.5,,1
2015 / 02,Manhattan,4,597.4,355.3,,1
2015 / 02,Manhattan,5,261.8,177.3,,1
2015 / 02,Manhattan,6,689.7,379.6,,1
2015 / 02,Manhattan,7,1034.2,702.9,11.1,1
2015 / 02,Manhattan,8,1078.6,783.1,9.8,1
2015 / 02,Manhattan,9,254.5,225,,1
2015 / 02,Manhattan,10,227.4,211.1,,1
2015 / 02,Manhattan,11,224.1,203.4,,1
2015 / 02,Manhattan,12,429.5,468.6,,1
2015 / 02,Queens,1,561.2,554.1,,4
2015 / 02,Queens,2,513.2,354.6,,4
2015 / 02,Queens,3,343,396.6,,4
2015 / 02,Queens,4,322.5,320.8,,4
2015 / 02,Queens,5,606.8,654.8,51.2,4
2015 / 02,Queens,6,416.8,313.9,,4
2015 / 02,Queens,7,753.7,577.6,,4
2015 / 02,Queens,8,455.9,351.8,,4
2015 / 02,Queens,9,381.5,418.6,,4
2015 / 02,Queens,10,344.1,387.9,,4
2015 / 02,Queens,11,456.7,358.9,,4
2015 / 02,Queens,12,414.4,621.8,,4
2015 / 02,Queens,13,456,573.9,,4
2015 / 02,Queens,14,250.7,193.6,,4
2015 / 02,Staten Island,1,645.6,498.5,13.4,5
2015 / 02,Staten Island,2,525.4,415.8,,5
2015 / 02,Staten Island,3,713.1,555.7,,5
2015 / 01,Bronx,1,192,92,,2
2015 / 01,Bronx,2,203,165.5,,2
2015 / 01,Bronx,3,76.6,83.3,,2
2015 / 01,Bronx,4,185,213.6,,2
2015 / 01,Bronx,5,191.8,240.1,,2
2015 / 01,Bronx,6,130.4,106.8,,2
2015 / 01,Bronx,7,262.2,314.9,,2
2015 / 01,Bronx,8,302.6,287.1,,2
2015 / 01,Bronx,9,210.8,280,,2
2015 / 01,Bronx,10,308.1,298.8,23.1,2
2015 / 01,Bronx,11,279.1,280.3,,2
2015 / 01,Bronx,12,326.2,417.6,,2
2015 / 01,Brooklyn,1,475.4,384.4,,3
2015 / 01,Brooklyn,2,389.9,286.7,,3
2015 / 01,Brooklyn,3,230.1,216.7,,3
2015 / 01,Brooklyn,4,278.9,234.6,,3
2015 / 01,Brooklyn,5,181.5,242.4,,3
2015 / 01,Brooklyn,6,512.6,381.4,78.5,3
2015 / 01,Brooklyn,7,362.4,306.6,67.7,3
2015 / 01,Brooklyn,8,211.5,193.8,,3
2015 / 01,Brooklyn,9,226.2,169.2,,3
2015 / 01,Brooklyn,10,485,336.5,54.1,3
2015 / 01,Brooklyn,11,579.1,445.8,,3
2015 / 01,Brooklyn,12,633.1,329.1,,3
2015 / 01,Brooklyn,13,261.7,140.6,,3
2015 / 01,Brooklyn,14,381.3,276.3,,3
2015 / 01,Brooklyn,15,504.2,350.4,,3
2015 / 01,Brooklyn,16,137.3,102.2,,3
2015 / 01,Brooklyn,17,259.5,307.2,,3
2015 / 01,Brooklyn,18,525.4,434.9,,3
2015 / 01,Manhattan,1,378.8,256.9,11.7,1
2015 / 01,Manhattan,2,381.3,276.2,,1
2015 / 01,Manhattan,3,511.2,354.2,,1
2015 / 01,Manhattan,4,699.6,390.5,,1
2015 / 01,Manhattan,5,223.2,153.6,,1
2015 / 01,Manhattan,6,841.9,464.7,,1
2015 / 01,Manhattan,7,1100.4,757.1,12.9,1
2015 / 01,Manhattan,8,1052.1,739,10.4,1
2015 / 01,Manhattan,9,289.3,248.4,,1
2015 / 01,Manhattan,10,268.2,235.4,,1
2015 / 01,Manhattan,11,178.2,148.1,,1
2015 / 01,Manhattan,12,483.5,489.9,,1
2015 / 01,Queens,1,508,460.9,,4
2015 / 01,Queens,2,512,312.7,,4
2015 / 01,Queens,3,332.6,352.8,,4
2015 / 01,Queens,4,299.2,281.1,,4
2015 / 01,Queens,5,602.7,565.4,47.3,4
2015 / 01,Queens,6,376.7,281.4,,4
2015 / 01,Queens,7,713.9,504.1,,4
2015 / 01,Queens,8,420.4,286.6,,4
2015 / 01,Queens,9,374.9,371.8,,4
2015 / 01,Queens,10,322.7,324.2,,4
2015 / 01,Queens,11,422.7,317.1,,4
2015 / 01,Queens,12,399.7,552.6,,4
2015 / 01,Queens,13,469.7,529.9,,4
2015 / 01,Queens,14,245.4,174.2,,4
2015 / 01,Staten Island,1,709,534.1,31.5,5
2015 / 01,Staten Island,2,556.5,446.8,,5
2015 / 01,Staten Island,3,765.3,603.3,,5
2014 / 12,Bronx,1,243.2,118.8,,2
2014 / 12,Bronx,2,178.1,127.5,,2
2014 / 12,Bronx,3,149.1,142,,2
2014 / 12,Bronx,4,263.3,266,,2
2014 / 12,Bronx,5,275.1,292.2,,2
2014 / 12,Bronx,6,214,171.3,,2
2014 / 12,Bronx,7,336.6,358,,2
2014 / 12,Bronx,8,423.6,340.1,,2
2014 / 12,Bronx,9,241.4,273,,2
2014 / 12,Bronx,10,420.1,327.7,30.1,2
2014 / 12,Bronx,11,363,300,,2
2014 / 12,Bronx,12,441.8,486.3,,2
2014 / 12,Brooklyn,1,574.6,413.6,,3
2014 / 12,Brooklyn,2,527,334.8,,3
2014 / 12,Brooklyn,3,351.9,283,,3
2014 / 12,Brooklyn,4,348.2,271.7,,3
2014 / 12,Brooklyn,5,320.1,346.2,,3
2014 / 12,Brooklyn,6,687.7,414.1,105.3,3
2014 / 12,Brooklyn,7,506.1,382.2,109.1,3
2014 / 12,Brooklyn,8,336.4,275.3,,3
2014 / 12,Brooklyn,9,286.5,195.3,,3
2014 / 12,Brooklyn,10,671.1,409,88.7,3
2014 / 12,Brooklyn,11,784.7,516.4,,3
2014 / 12,Brooklyn,12,829.2,395.8,,3
2014 / 12,Brooklyn,13,336.5,169.9,,3
2014 / 12,Brooklyn,14,563.6,342.1,,3
2014 / 12,Brooklyn,15,741.3,434.6,,3
2014 / 12,Brooklyn,16,167.1,123.1,,3
2014 / 12,Brooklyn,17,398.4,400.3,,3
2014 / 12,Brooklyn,18,749.6,531.3,,3
2014 / 12,Manhattan,1,378.3,242.4,13.7,1
2014 / 12,Manhattan,2,542.6,349.9,,1
2014 / 12,Manhattan,3,587.7,372.1,,1
2014 / 12,Manhattan,4,780.6,356.7,,1
2014 / 12,Manhattan,5,305.3,174.5,,1
2014 / 12,Manhattan,6,913.6,389.3,,1
2014 / 12,Manhattan,7,1270.6,762.3,15.7,1
2014 / 12,Manhattan,8,1332.5,765.8,12.7,1
2014 / 12,Manhattan,9,302.2,230.1,,1
2014 / 12,Manhattan,10,316.2,243.4,,1
2014 / 12,Manhattan,11,284.1,201.3,,1
2014 / 12,Manhattan,12,564.1,503.8,,1
2014 / 12,Queens,1,717,576.4,,4
2014 / 12,Queens,2,694.8,356,,4
2014 / 12,Queens,3,450.3,410.7,,4
2014 / 12,Queens,4,418.4,303,,4
2014 / 12,Queens,5,868.3,669.2,135.1,4
2014 / 12,Queens,6,493.1,316.2,,4
2014 / 12,Queens,7,992.5,632.3,,4
2014 / 12,Queens,8,618.6,364.5,,4
2014 / 12,Queens,9,547.6,451.3,,4
2014 / 12,Queens,10,503.7,413.3,,4
2014 / 12,Queens,11,653.4,403.1,,4
2014 / 12,Queens,12,592.9,677.6,,4
2014 / 12,Queens,13,666.1,665,,4
2014 / 12,Queens,14,340.8,209.8,,4
2014 / 12,Staten Island,1,933.7,618.2,69.5,5
2014 / 12,Staten Island,2,752.3,516.2,,5
2014 / 12,Staten Island,3,1074.5,684.7,,5
2014 / 11,Bronx,1,202.2,89.9,,2
2014 / 11,Bronx,2,146.1,106.3,,2
2014 / 11,Bronx,3,92.3,97.5,,2
2014 / 11,Bronx,4,203.4,205.2,,2
2014 / 11,Bronx,5,224.3,246.3,,2
2014 / 11,Bronx,6,163.2,122.6,,2
2014 / 11,Bronx,7,242.7,279.3,,2
2014 / 11,Bronx,8,315.2,255.5,,2
2014 / 11,Bronx,9,181.6,229.1,,2
2014 / 11,Bronx,10,314.9,268.1,51.3,2
2014 / 11,Bronx,11,271.4,238.8,,2
2014 / 11,Bronx,12,322.2,371.3,,2
2014 / 11,Brooklyn,1,462,331.9,,3
2014 / 11,Brooklyn,2,430.8,280.4,,3
2014 / 11,Brooklyn,3,251.4,203.1,,3
2014 / 11,Brooklyn,4,282.4,223.2,,3
2014 / 11,Brooklyn,5,209.3,240.1,,3
2014 / 11,Brooklyn,6,566,346.9,107.3,3
2014 / 11,Brooklyn,7,394.8,314.7,112.8,3
2014 / 11,Brooklyn,8,253.1,211.8,,3
2014 / 11,Brooklyn,9,233.4,156.5,,3
2014 / 11,Brooklyn,10,509,332.4,120.8,3
2014 / 11,Brooklyn,11,602.8,431.6,,3
2014 / 11,Brooklyn,12,666.4,326.7,,3
2014 / 11,Brooklyn,13,275,134.5,,3
2014 / 11,Brooklyn,14,444.4,284.9,,3
2014 / 11,Brooklyn,15,572.1,356.7,,3
2014 / 11,Brooklyn,16,138.2,101.3,,3
2014 / 11,Brooklyn,17,291.2,296.9,,3
2014 / 11,Brooklyn,18,550.4,416.3,,3
2014 / 11,Manhattan,1,331.2,193.9,13.3,1
2014 / 11,Manhattan,2,450.5,282.4,,1
2014 / 11,Manhattan,3,471,318.3,,1
2014 / 11,Manhattan,4,670,313.9,,1
2014 / 11,Manhattan,5,234.5,143.1,,1
2014 / 11,Manhattan,6,795.6,336.9,,1
2014 / 11,Manhattan,7,1110.6,645,10,1
2014 / 11,Manhattan,8,1135.5,683.7,14.9,1
2014 / 11,Manhattan,9,271,204.4,,1
2014 / 11,Manhattan,10,225.4,186,,1
2014 / 11,Manhattan,11,216.1,163.2,,1
2014 / 11,Manhattan,12,422.1,383.9,,1
2014 / 11,Queens,1,560.1,468.8,,4
2014 / 11,Queens,2,532,298.7,,4
2014 / 11,Queens,3,329.7,316.5,,4
2014 / 11,Queens,4,300.5,250.7,,4
2014 / 11,Queens,5,638.2,534.7,169.9,4
2014 / 11,Queens,6,394.8,259.4,,4
2014 / 11,Queens,7,778.8,509.7,,4
2014 / 11,Queens,8,472.6,290.5,,4
2014 / 11,Queens,9,402.3,362.1,,4
2014 / 11,Queens,10,357.4,316.4,,4
2014 / 11,Queens,11,487.3,321.4,,4
2014 / 11,Queens,12,430.3,529.6,,4
2014 / 11,Queens,13,493.5,508.4,,4
2014 / 11,Queens,14,265.9,162.8,,4
2014 / 11,Staten Island,1,715.2,470.1,99,5
2014 / 11,Staten Island,2,566.8,393.1,,5
2014 / 11,Staten Island,3,765.9,516.8,,5
2014 / 10,Bronx,1,226.6,98.2,,2
2014 / 10,Bronx,2,159.1,134.8,,2
2014 / 10,Bronx,3,99.9,110.8,,2
2014 / 10,Bronx,4,213.4,219.2,,2
2014 / 10,Bronx,5,221.7,254.3,,2
2014 / 10,Bronx,6,180,153,,2
2014 / 10,Bronx,7,244.7,314.1,,2
2014 / 10,Bronx,8,376.8,291.1,,2
2014 / 10,Bronx,9,190.9,253,,2
2014 / 10,Bronx,10,368.4,309.5,39.7,2
2014 / 10,Bronx,11,294.1,271.4,,2
2014 / 10,Bronx,12,357.6,426.2,,2
2014 / 10,Brooklyn,1,566.8,409.9,,3
2014 / 10,Brooklyn,2,474.3,319.3,,3
2014 / 10,Brooklyn,3,294.5,242.4,,3
2014 / 10,Brooklyn,4,326.1,249.6,,3
2014 / 10,Brooklyn,5,242.7,287.8,,3
2014 / 10,Brooklyn,6,635.4,392.6,89.5,3
2014 / 10,Brooklyn,7,425.3,350.9,99.8,3
2014 / 10,Brooklyn,8,272.2,229,,3
2014 / 10,Brooklyn,9,275.4,193.8,,3
2014 / 10,Brooklyn,10,555.4,364.9,90,3
2014 / 10,Brooklyn,11,672.7,533.6,,3
2014 / 10,Brooklyn,12,738.9,411.4,,3
2014 / 10,Brooklyn,13,319.6,161.7,,3
2014 / 10,Brooklyn,14,456.2,303.6,,3
2014 / 10,Brooklyn,15,625.5,413.3,,3
2014 / 10,Brooklyn,16,179.8,117.4,,3
2014 / 10,Brooklyn,17,312.6,337.8,,3
2014 / 10,Brooklyn,18,611.3,477.8,,3
2014 / 10,Manhattan,1,402,228.9,7,1
2014 / 10,Manhattan,2,486.4,302.9,,1
2014 / 10,Manhattan,3,560.1,384.2,,1
2014 / 10,Manhattan,4,792.3,382.5,,1
2014 / 10,Manhattan,5,270.9,176.8,,1
2014 / 10,Manhattan,6,916.1,424.4,,1
2014 / 10,Manhattan,7,1207.2,704.4,11.2,1
2014 / 10,Manhattan,8,1235,748.6,11.5,1
2014 / 10,Manhattan,9,307.6,233.8,,1
2014 / 10,Manhattan,10,289.8,237.5,,1
2014 / 10,Manhattan,11,231.9,176.2,,1
2014 / 10,Manhattan,12,503.2,476.4,,1
2014 / 10,Queens,1,629.3,525.4,,4
2014 / 10,Queens,2,610.2,319.4,,4
2014 / 10,Queens,3,398.5,374.1,,4
2014 / 10,Queens,4,359.4,296.2,,4
2014 / 10,Queens,5,712.6,594,122.7,4
2014 / 10,Queens,6,445.4,293.3,,4
2014 / 10,Queens,7,854.2,569.1,,4
2014 / 10,Queens,8,527.6,328.4,,4
2014 / 10,Queens,9,430.6,396.3,,4
2014 / 10,Queens,10,391.9,349.3,,4
2014 / 10,Queens,11,537,361.8,,4
2014 / 10,Queens,12,482,600.8,,4
2014 / 10,Queens,13,558.8,574.8,,4
2014 / 10,Queens,14,290.4,185.7,,4
2014 / 10,Staten Island,1,769.9,567.1,65.4,5
2014 / 10,Staten Island,2,640.6,469.9,,5
2014 / 10,Staten Island,3,862.6,616,,5
2014 / 09,Bronx,1,264,112.4,,2
2014 / 09,Bronx,2,137.6,108.9,,2
2014 / 09,Bronx,3,109.9,111.8,,2
2014 / 09,Bronx,4,223,235.7,,2
2014 / 09,Bronx,5,224.3,260.3,,2
2014 / 09,Bronx,6,189.7,148.3,,2
2014 / 09,Bronx,7,238.4,306.1,,2
2014 / 09,Bronx,8,371.4,296,,2
2014 / 09,Bronx,9,177.2,235,,2
2014 / 09,Bronx,10,344.5,292.4,32.6,2
2014 / 09,Bronx,11,289,256.4,,2
2014 / 09,Bronx,12,356.6,427.3,,2
2014 / 09,Brooklyn,1,523.2,368.3,,3
2014 / 09,Brooklyn,2,437.4,282,,3
2014 / 09,Brooklyn,3,300,241.5,,3
2014 / 09,Brooklyn,4,314.1,241.6,,3
2014 / 09,Brooklyn,5,238.7,291,,3
2014 / 09,Brooklyn,6,554.3,356,89.8,3
2014 / 09,Brooklyn,7,429.1,339,101.8,3
2014 / 09,Brooklyn,8,270.9,230.7,,3
2014 / 09,Brooklyn,9,249.6,173.9,,3
2014 / 09,Brooklyn,10,529.6,356.1,83.8,3
2014 / 09,Brooklyn,11,633.4,504.3,,3
2014 / 09,Brooklyn,12,737.7,356,,3
2014 / 09,Brooklyn,13,294.8,156.4,,3
2014 / 09,Brooklyn,14,467.9,299.8,,3
2014 / 09,Brooklyn,15,596.5,387.9,,3
2014 / 09,Brooklyn,16,150.4,100.6,,3
2014 / 09,Brooklyn,17,311.2,348.9,,3
2014 / 09,Brooklyn,18,590,468.7,,3
2014 / 09,Manhattan,1,375.2,199.6,,1
2014 / 09,Manhattan,2,445.9,286,,1
2014 / 09,Manhattan,3,497.3,334.1,,1
2014 / 09,Manhattan,4,688.5,306.5,,1
2014 / 09,Manhattan,5,256.1,161.1,,1
2014 / 09,Manhattan,6,785.6,334.3,,1
2014 / 09,Manhattan,7,1100.4,646.5,,1
2014 / 09,Manhattan,8,1132.3,645,,1
2014 / 09,Manhattan,9,271.9,197.8,,1
2014 / 09,Manhattan,10,265.4,208.9,,1
2014 / 09,Manhattan,11,204.8,147,,1
2014 / 09,Manhattan,12,463.9,414.5,,1
2014 / 09,Queens,1,596.2,505.5,,4
2014 / 09,Queens,2,581.4,309.9,,4
2014 / 09,Queens,3,353.4,337.2,,4
2014 / 09,Queens,4,328.3,263.3,,4
2014 / 09,Queens,5,658.8,556.4,126.6,4
2014 / 09,Queens,6,414.1,271.7,,4
2014 / 09,Queens,7,821.7,559.2,,4
2014 / 09,Queens,8,504.2,312.7,,4
2014 / 09,Queens,9,427.7,385.6,,4
2014 / 09,Queens,10,380.2,348.2,,4
2014 / 09,Queens,11,528.2,361.7,,4
2014 / 09,Queens,12,455.3,577.6,,4
2014 / 09,Queens,13,528.8,574.3,,4
2014 / 09,Queens,14,268.9,181.4,,4
2014 / 09,Staten Island,1,728,569.6,49,5
2014 / 09,Staten Island,2,564.3,466.3,,5
2014 / 09,Staten Island,3,746.8,627.2,,5
2014 / 08,Bronx,1,198.8,98.9,,2
2014 / 08,Bronx,2,150.4,115.8,,2
2014 / 08,Bronx,3,99.3,105.9,,2
2014 / 08,Bronx,4,213.6,231.6,,2
2014 / 08,Bronx,5,187.3,256.8,,2
2014 / 08,Bronx,6,141,130.9,,2
2014 / 08,Bronx,7,231.2,306.5,,2
2014 / 08,Bronx,8,312.3,264,,2
2014 / 08,Bronx,9,187.1,253.1,,2
2014 / 08,Bronx,10,328.1,303.5,40.5,2
2014 / 08,Bronx,11,286.3,267.3,,2
2014 / 08,Bronx,12,367.4,441.3,,2
2014 / 08,Brooklyn,1,443,347,,3
2014 / 08,Brooklyn,2,383,277.9,,3
2014 / 08,Brooklyn,3,256,223,,3
2014 / 08,Brooklyn,4,284.9,244.2,,3
2014 / 08,Brooklyn,5,245.3,288.5,,3
2014 / 08,Brooklyn,6,525.8,347.7,80.3,3
2014 / 08,Brooklyn,7,397.4,327.8,91.3,3
2014 / 08,Brooklyn,8,240,201.5,,3
2014 / 08,Brooklyn,9,224.6,180.8,,3
2014 / 08,Brooklyn,10,500.4,339.7,111.4,3
2014 / 08,Brooklyn,11,628.2,481.6,,3
2014 / 08,Brooklyn,12,538.4,302.6,,3
2014 / 08,Brooklyn,13,255.4,156.8,,3
2014 / 08,Brooklyn,14,398.6,285.4,,3
2014 / 08,Brooklyn,15,533.8,363.1,,3
2014 / 08,Brooklyn,16,143.8,117.3,,3
2014 / 08,Brooklyn,17,313.1,355.6,,3
2014 / 08,Brooklyn,18,557.1,477.5,,3
2014 / 08,Manhattan,1,345.2,197.4,,1
2014 / 08,Manhattan,2,347.4,246.7,,1
2014 / 08,Manhattan,3,493.9,326.8,,1
2014 / 08,Manhattan,4,642.2,343.1,,1
2014 / 08,Manhattan,5,214.5,136.6,,1
2014 / 08,Manhattan,6,756.8,349.2,,1
2014 / 08,Manhattan,7,924.9,597.1,,1
2014 / 08,Manhattan,8,963.6,603.7,,1
2014 / 08,Manhattan,9,290.2,218.6,,1
2014 / 08,Manhattan,10,255.4,209.1,,1
2014 / 08,Manhattan,11,186.7,145.8,,1
2014 / 08,Manhattan,12,430.8,408.3,,1
2014 / 08,Queens,1,543.4,484.4,,4
2014 / 08,Queens,2,522.6,299.2,,4
2014 / 08,Queens,3,377.6,351.8,,4
2014 / 08,Queens,4,334.4,279.6,,4
2014 / 08,Queens,5,634.6,553.4,128.1,4
2014 / 08,Queens,6,422,270.7,,4
2014 / 08,Queens,7,823.3,570.9,,4
2014 / 08,Queens,8,477,313.6,,4
2014 / 08,Queens,9,418.4,388.9,,4
2014 / 08,Queens,10,374.3,345.6,,4
2014 / 08,Queens,11,489.8,335.1,,4
2014 / 08,Queens,12,478.9,617,,4
2014 / 08,Queens,13,533.9,606.7,,4
2014 / 08,Queens,14,285.1,205.6,,4
2014 / 08,Staten Island,1,682.7,580.3,63.1,5
2014 / 08,Staten Island,2,538.1,465.1,,5
2014 / 08,Staten Island,3,739.3,638.3,,5
2014 / 07,Bronx,1,210.4,106.6,,2
2014 / 07,Bronx,2,155.9,126.2,,2
2014 / 07,Bronx,3,129.5,126.4,,2
2014 / 07,Bronx,4,232.7,236.5,,2
2014 / 07,Bronx,5,189.8,258.9,,2
2014 / 07,Bronx,6,175.4,169.9,,2
2014 / 07,Bronx,7,266.4,326.5,,2
2014 / 07,Bronx,8,348.2,304.5,,2
2014 / 07,Bronx,9,207,269.6,,2
2014 / 07,Bronx,10,350.5,328.4,40.9,2
2014 / 07,Bronx,11,310,284.2,,2
2014 / 07,Bronx,12,391.9,479.2,,2
2014 / 07,Brooklyn,1,464,411.4,,3
2014 / 07,Brooklyn,2,409.5,302,,3
2014 / 07,Brooklyn,3,283.7,260.3,,3
2014 / 07,Brooklyn,4,311.8,264,,3
2014 / 07,Brooklyn,5,285,337.1,,3
2014 / 07,Brooklyn,6,541.7,374.6,94.5,3
2014 / 07,Brooklyn,7,469,359.6,107.3,3
2014 / 07,Brooklyn,8,274,238.9,,3
2014 / 07,Brooklyn,9,224.6,179,,3
2014 / 07,Brooklyn,10,548.2,375.2,99.4,3
2014 / 07,Brooklyn,11,680,502.3,,3
2014 / 07,Brooklyn,12,577.8,330.9,,3
2014 / 07,Brooklyn,13,269.5,161.4,,3
2014 / 07,Brooklyn,14,417.7,291.2,,3
2014 / 07,Brooklyn,15,581.4,392.4,,3
2014 / 07,Brooklyn,16,151.9,122.2,,3
2014 / 07,Brooklyn,17,343.8,386.2,,3
2014 / 07,Brooklyn,18,598.4,523.5,,3
2014 / 07,Manhattan,1,341.2,201.2,,1
2014 / 07,Manhattan,2,403.5,281.3,,1
2014 / 07,Manhattan,3,511.2,342.6,,1
2014 / 07,Manhattan,4,673.8,334.4,,1
2014 / 07,Manhattan,5,268.4,169.6,,1
2014 / 07,Manhattan,6,803.4,360.4,,1
2014 / 07,Manhattan,7,1004.8,618.8,,1
2014 / 07,Manhattan,8,1042.1,631.2,,1
2014 / 07,Manhattan,9,249.4,206.7,,1
2014 / 07,Manhattan,10,277.1,232.8,,1
2014 / 07,Manhattan,11,225.2,172.5,,1
2014 / 07,Manhattan,12,512.2,477.9,,1
2014 / 07,Queens,1,592.5,525.9,,4
2014 / 07,Queens,2,584.2,334.5,,4
2014 / 07,Queens,3,406,391.4,,4
2014 / 07,Queens,4,385.2,306.2,,4
2014 / 07,Queens,5,695.3,611.2,161.6,4
2014 / 07,Queens,6,442.4,298.4,,4
2014 / 07,Queens,7,857.6,595.9,,4
2014 / 07,Queens,8,514.2,346.1,,4
2014 / 07,Queens,9,463.9,444.3,,4
2014 / 07,Queens,10,419.6,404.1,,4
2014 / 07,Queens,11,535.6,387.4,,4
2014 / 07,Queens,12,522.9,696.3,,4
2014 / 07,Queens,13,597.8,700.4,,4
2014 / 07,Queens,14,292.9,224.4,,4
2014 / 07,Staten Island,1,768,684.8,64.9,5
2014 / 07,Staten Island,2,619.7,545.7,,5
2014 / 07,Staten Island,3,835.9,751.9,,5
2014 / 06,Bronx,1,282.4,112,,2
2014 / 06,Bronx,2,139.2,112.5,,2
2014 / 06,Bronx,3,101,100.1,,2
2014 / 06,Bronx,4,261.5,234.2,,2
2014 / 06,Bronx,5,238.8,256.8,,2
2014 / 06,Bronx,6,204.5,146.5,,2
2014 / 06,Bronx,7,251.1,316.5,,2
2014 / 06,Bronx,8,367.5,285.4,,2
2014 / 06,Bronx,9,196.6,273.9,,2
2014 / 06,Bronx,10,393.5,319.8,42.7,2
2014 / 06,Bronx,11,304.1,276.9,,2
2014 / 06,Bronx,12,394.5,449.7,,2
2014 / 06,Brooklyn,1,510.5,385.2,,3
2014 / 06,Brooklyn,2,472.6,296.8,,3
2014 / 06,Brooklyn,3,297.7,242.5,,3
2014 / 06,Brooklyn,4,318.4,254.4,,3
2014 / 06,Brooklyn,5,275.2,313.9,,3
2014 / 06,Brooklyn,6,601.8,395.3,106,3
2014 / 06,Brooklyn,7,546.9,366,108.5,3
2014 / 06,Brooklyn,8,277.9,229.5,,3
2014 / 06,Brooklyn,9,221.6,165.7,,3
2014 / 06,Brooklyn,10,565.2,371.3,85,3
2014 / 06,Brooklyn,11,683.9,528,,3
2014 / 06,Brooklyn,12,679.1,367.6,,3
2014 / 06,Brooklyn,13,344.3,156.7,,3
2014 / 06,Brooklyn,14,504.8,319.7,,3
2014 / 06,Brooklyn,15,608.1,401.5,,3
2014 / 06,Brooklyn,16,152.3,107.6,,3
2014 / 06,Brooklyn,17,357.2,360.9,,3
2014 / 06,Brooklyn,18,656.6,492.2,,3
2014 / 06,Manhattan,1,438.1,210,,1
2014 / 06,Manhattan,2,498.6,292.9,,1
2014 / 06,Manhattan,3,545.8,320.1,,1
2014 / 06,Manhattan,4,714.3,314.6,,1
2014 / 06,Manhattan,5,258.2,148.7,,1
2014 / 06,Manhattan,6,868.5,334.6,,1
2014 / 06,Manhattan,7,1197,666.7,,1
2014 / 06,Manhattan,8,1183.4,641.5,,1
2014 / 06,Manhattan,9,265,198,,1
2014 / 06,Manhattan,10,260.2,211.7,,1
2014 / 06,Manhattan,11,194.8,142.7,,1
2014 / 06,Manhattan,12,464.9,394.1,,1
2014 / 06,Queens,1,681.5,523.7,,4
2014 / 06,Queens,2,654,324.8,,4
2014 / 06,Queens,3,392.4,358.8,,4
2014 / 06,Queens,4,362.5,280.3,,4
2014 / 06,Queens,5,744.4,602.1,86.6,4
2014 / 06,Queens,6,449.6,285.9,,4
2014 / 06,Queens,7,881.7,594.2,,4
2014 / 06,Queens,8,576.5,351.6,,4
2014 / 06,Queens,9,476.8,432.2,,4
2014 / 06,Queens,10,440.6,402.9,,4
2014 / 06,Queens,11,592.2,384.8,,4
2014 / 06,Queens,12,513.2,655.3,,4
2014 / 06,Queens,13,600.1,654.2,,4
2014 / 06,Queens,14,289.9,193.5,,4
2014 / 06,Staten Island,1,812.5,687.3,73.1,5
2014 / 06,Staten Island,2,671.8,551.7,,5
2014 / 06,Staten Island,3,845.8,739,,5
2014 / 05,Bronx,1,254.1,98.1,,2
2014 / 05,Bronx,2,166.1,149.1,,2
2014 / 05,Bronx,3,86.4,94.2,,2
2014 / 05,Bronx,4,211.1,214.4,,2
2014 / 05,Bronx,5,221.8,254.9,,2
2014 / 05,Bronx,6,174.5,137.5,,2
2014 / 05,Bronx,7,237.1,293.3,,2
2014 / 05,Bronx,8,355.4,283.7,,2
2014 / 05,Bronx,9,214.7,269.1,,2
2014 / 05,Bronx,10,386.5,348.7,51.3,2
2014 / 05,Bronx,11,304.2,276.4,,2
2014 / 05,Bronx,12,370.4,439.1,,2
2014 / 05,Brooklyn,1,566.2,409.9,,3
2014 / 05,Brooklyn,2,438.8,308.7,,3
2014 / 05,Brooklyn,3,266.6,232.8,,3
2014 / 05,Brooklyn,4,309.6,255.4,,3
2014 / 05,Brooklyn,5,253,290.2,,3
2014 / 05,Brooklyn,6,615.4,402.6,35.1,3
2014 / 05,Brooklyn,7,466.5,358.8,80,3
2014 / 05,Brooklyn,8,233.7,203.4,,3
2014 / 05,Brooklyn,9,267.8,189.3,,3
2014 / 05,Brooklyn,10,545.2,370.2,80.4,3
2014 / 05,Brooklyn,11,685.1,525,,3
2014 / 05,Brooklyn,12,732,383.1,,3
2014 / 05,Brooklyn,13,316.4,165.1,,3
2014 / 05,Brooklyn,14,467.2,294.9,,3
2014 / 05,Brooklyn,15,624.7,407.5,,3
2014 / 05,Brooklyn,16,174.4,125.8,,3
2014 / 05,Brooklyn,17,336.5,349.3,,3
2014 / 05,Brooklyn,18,640.4,505.7,,3
2014 / 05,Manhattan,1,444.7,248.6,,1
2014 / 05,Manhattan,2,447.7,273.9,,1
2014 / 05,Manhattan,3,578.2,364.5,,1
2014 / 05,Manhattan,4,798.2,382.8,,1
2014 / 05,Manhattan,5,275.9,160.1,,1
2014 / 05,Manhattan,6,1014.6,418.1,,1
2014 / 05,Manhattan,7,1230.7,691.7,,1
2014 / 05,Manhattan,8,1267.2,727.3,,1
2014 / 05,Manhattan,9,338,250.6,,1
2014 / 05,Manhattan,10,268.6,226,,1
2014 / 05,Manhattan,11,188.5,147.4,,1
2014 / 05,Manhattan,12,484.7,432.7,,1
2014 / 05,Queens,1,619.5,504.1,,4
2014 / 05,Queens,2,606.6,331.9,,4
2014 / 05,Queens,3,409.7,379.2,,4
2014 / 05,Queens,4,362.5,302.3,,4
2014 / 05,Queens,5,718.6,608.7,,4
2014 / 05,Queens,6,464.4,292.1,,4
2014 / 05,Queens,7,896.3,605.6,,4
2014 / 05,Queens,8,549,353.7,,4
2014 / 05,Queens,9,440,415.2,,4
2014 / 05,Queens,10,416.8,381.9,,4
2014 / 05,Queens,11,556.7,373.2,,4
2014 / 05,Queens,12,512.3,648.6,,4
2014 / 05,Queens,13,614.4,650.9,,4
2014 / 05,Queens,14,314.9,214,,4
2014 / 05,Staten Island,1,780.8,640.1,88.2,5
2014 / 05,Staten Island,2,650.5,517.2,,5
2014 / 05,Staten Island,3,869.5,722.7,,5
2014 / 04,Bronx,1,228.9,116.9,,2
2014 / 04,Bronx,2,140,117.4,,2
2014 / 04,Bronx,3,125.6,121.2,,2
2014 / 04,Bronx,4,240,223.6,,2
2014 / 04,Bronx,5,215.4,254.7,,2
2014 / 04,Bronx,6,186,162.1,,2
2014 / 04,Bronx,7,249.4,295.7,,2
2014 / 04,Bronx,8,361.3,296.7,,2
2014 / 04,Bronx,9,181.9,246,,2
2014 / 04,Bronx,10,341.9,300.4,31.5,2
2014 / 04,Bronx,11,284.5,261.5,,2
2014 / 04,Bronx,12,361.3,429.5,,2
2014 / 04,Brooklyn,1,539.8,394.2,,3
2014 / 04,Brooklyn,2,430.3,307.3,,3
2014 / 04,Brooklyn,3,299.3,245.1,,3
2014 / 04,Brooklyn,4,286.5,243.4,,3
2014 / 04,Brooklyn,5,273.7,311.6,,3
2014 / 04,Brooklyn,6,561.6,365.3,,3
2014 / 04,Brooklyn,7,463.4,346.9,50.6,3
2014 / 04,Brooklyn,8,270.1,231.7,,3
2014 / 04,Brooklyn,9,242.7,185.1,,3
2014 / 04,Brooklyn,10,545.6,358.8,6.7,3
2014 / 04,Brooklyn,11,685.8,516.4,,3
2014 / 04,Brooklyn,12,854.7,484.7,,3
2014 / 04,Brooklyn,13,317,164,,3
2014 / 04,Brooklyn,14,510.4,349.8,,3
2014 / 04,Brooklyn,15,646.6,437.5,,3
2014 / 04,Brooklyn,16,136.3,113.6,,3
2014 / 04,Brooklyn,17,334.1,344.1,,3
2014 / 04,Brooklyn,18,617.4,478.3,,3
2014 / 04,Manhattan,1,352.1,207.8,,1
2014 / 04,Manhattan,2,454,303.5,,1
2014 / 04,Manhattan,3,509,334.5,,1
2014 / 04,Manhattan,4,659.5,316.4,,1
2014 / 04,Manhattan,5,269.1,168.1,,1
2014 / 04,Manhattan,6,775.2,350.5,,1
2014 / 04,Manhattan,7,1036.6,648.6,,1
2014 / 04,Manhattan,8,1118.4,682.7,,1
2014 / 04,Manhattan,9,248.6,208.2,,1
2014 / 04,Manhattan,10,254.5,218.1,,1
2014 / 04,Manhattan,11,207.9,166.3,,1
2014 / 04,Manhattan,12,447.3,422.6,,1
2014 / 04,Queens,1,578.9,509.7,,4
2014 / 04,Queens,2,575.4,331.4,,4
2014 / 04,Queens,3,358.6,362.7,,4
2014 / 04,Queens,4,330.3,284.2,,4
2014 / 04,Queens,5,668.8,596.7,,4
2014 / 04,Queens,6,425.8,297.4,,4
2014 / 04,Queens,7,809.5,565.6,,4
2014 / 04,Queens,8,515.1,352.5,,4
2014 / 04,Queens,9,436.1,412.8,,4
2014 / 04,Queens,10,400.1,378.2,,4
2014 / 04,Queens,11,533.6,380.2,,4
2014 / 04,Queens,12,474.7,599.4,,4
2014 / 04,Queens,13,550.4,618.3,,4
2014 / 04,Queens,14,279.5,186.3,,4
2014 / 04,Staten Island,1,730.6,599.8,52.2,5
2014 / 04,Staten Island,2,614.1,497.5,,5
2014 / 04,Staten Island,3,842.2,650,,5
2014 / 03,Bronx,1,234.4,101.4,,2
2014 / 03,Bronx,2,143.4,107.1,,2
2014 / 03,Bronx,3,95.9,95.3,,2
2014 / 03,Bronx,4,240.2,212.7,,2
2014 / 03,Bronx,5,213.3,242.6,,2
2014 / 03,Bronx,6,172.1,130,,2
2014 / 03,Bronx,7,232.8,284.5,,2
2014 / 03,Bronx,8,337,267.5,,2
2014 / 03,Bronx,9,174.8,242,,2
2014 / 03,Bronx,10,332.3,280.8,17.8,2
2014 / 03,Bronx,11,270.9,251.1,,2
2014 / 03,Bronx,12,337.1,404.1,,2
2014 / 03,Brooklyn,1,478.2,386.9,,3
2014 / 03,Brooklyn,2,406.5,290.2,,3
2014 / 03,Brooklyn,3,258.7,225.1,,3
2014 / 03,Brooklyn,4,273.7,246.9,,3
2014 / 03,Brooklyn,5,237,269.9,,3
2014 / 03,Brooklyn,6,527.2,355.9,,3
2014 / 03,Brooklyn,7,436.2,334.1,37.8,3
2014 / 03,Brooklyn,8,237.4,207.4,,3
2014 / 03,Brooklyn,9,222.4,164.7,,3
2014 / 03,Brooklyn,10,483.7,338.9,,3
2014 / 03,Brooklyn,11,598,485.6,,3
2014 / 03,Brooklyn,12,703.4,385.1,,3
2014 / 03,Brooklyn,13,271,142.8,,3
2014 / 03,Brooklyn,14,474.3,317.1,,3
2014 / 03,Brooklyn,15,568.6,387.6,,3
2014 / 03,Brooklyn,16,135.9,101,,3
2014 / 03,Brooklyn,17,305.6,325.7,,3
2014 / 03,Brooklyn,18,548,443,,3
2014 / 03,Manhattan,1,375.6,201.1,,1
2014 / 03,Manhattan,2,411.2,272.5,,1
2014 / 03,Manhattan,3,488.1,312.4,,1
2014 / 03,Manhattan,4,617,319.3,,1
2014 / 03,Manhattan,5,205.4,148,,1
2014 / 03,Manhattan,6,734.3,345.9,,1
2014 / 03,Manhattan,7,960.2,639.8,,1
2014 / 03,Manhattan,8,1005,646.8,,1
2014 / 03,Manhattan,9,243.5,207.7,,1
2014 / 03,Manhattan,10,209.4,189.6,,1
2014 / 03,Manhattan,11,166,140.1,,1
2014 / 03,Manhattan,12,389.7,383.5,,1
2014 / 03,Queens,1,559.5,497.8,,4
2014 / 03,Queens,2,532.3,315.6,,4
2014 / 03,Queens,3,334.1,350.2,,4
2014 / 03,Queens,4,308.2,277.5,,4
2014 / 03,Queens,5,640.1,572.9,,4
2014 / 03,Queens,6,390.4,283.4,,4
2014 / 03,Queens,7,788.5,532.1,,4
2014 / 03,Queens,8,485.7,342.5,,4
2014 / 03,Queens,9,402.9,403,,4
2014 / 03,Queens,10,361.7,360.3,,4
2014 / 03,Queens,11,492.1,333.4,,4
2014 / 03,Queens,12,453,583.5,,4
2014 / 03,Queens,13,508.5,570.2,,4
2014 / 03,Queens,14,264,174.8,,4
2014 / 03,Staten Island,1,714.7,546.8,34.3,5
2014 / 03,Staten Island,2,566.4,422.5,,5
2014 / 03,Staten Island,3,740,551.1,,5
2014 / 02,Bronx,1,190.5,84.1,,2
2014 / 02,Bronx,2,126.9,93.8,,2
2014 / 02,Bronx,3,81.7,85.1,,2
2014 / 02,Bronx,4,183.4,176.6,,2
2014 / 02,Bronx,5,159.2,198.9,,2
2014 / 02,Bronx,6,134.9,115.6,,2
2014 / 02,Bronx,7,202.9,245.1,,2
2014 / 02,Bronx,8,281.6,249.2,,2
2014 / 02,Bronx,9,145.6,185.4,,2
2014 / 02,Bronx,10,279.8,247.7,9.8,2
2014 / 02,Bronx,11,233.4,214.4,,2
2014 / 02,Bronx,12,269.7,332.8,,2
2014 / 02,Brooklyn,1,427.7,340.4,,3
2014 / 02,Brooklyn,2,365.4,270.1,,3
2014 / 02,Brooklyn,3,223.6,195.4,,3
2014 / 02,Brooklyn,4,230.8,215.6,,3
2014 / 02,Brooklyn,5,206.5,239.5,,3
2014 / 02,Brooklyn,6,489,337,,3
2014 / 02,Brooklyn,7,377.4,307,33.4,3
2014 / 02,Brooklyn,8,220.7,195.9,,3
2014 / 02,Brooklyn,9,184.6,143.3,,3
2014 / 02,Brooklyn,10,450.8,321.8,,3
2014 / 02,Brooklyn,11,562.8,414.1,,3
2014 / 02,Brooklyn,12,644.7,319.8,,3
2014 / 02,Brooklyn,13,256.6,134.2,,3
2014 / 02,Brooklyn,14,411,272.4,,3
2014 / 02,Brooklyn,15,525.2,350.4,,3
2014 / 02,Brooklyn,16,109.3,89.1,,3
2014 / 02,Brooklyn,17,258.8,287.5,,3
2014 / 02,Brooklyn,18,487.4,414.6,,3
2014 / 02,Manhattan,1,328.3,193.4,,1
2014 / 02,Manhattan,2,377,265.6,,1
2014 / 02,Manhattan,3,462.4,309.1,,1
2014 / 02,Manhattan,4,555.7,312.5,,1
2014 / 02,Manhattan,5,197.3,140.2,,1
2014 / 02,Manhattan,6,679.2,348.1,,1
2014 / 02,Manhattan,7,876,608.1,,1
2014 / 02,Manhattan,8,948.4,620.4,,1
2014 / 02,Manhattan,9,216.4,186.5,,1
2014 / 02,Manhattan,10,190.9,167.3,,1
2014 / 02,Manhattan,11,159.5,126.6,,1
2014 / 02,Manhattan,12,361,361.3,,1
2014 / 02,Queens,1,473.3,433.6,,4
2014 / 02,Queens,2,476,297.9,,4
2014 / 02,Queens,3,309,334.1,,4
2014 / 02,Queens,4,281.6,268.1,,4
2014 / 02,Queens,5,564.1,523.4,,4
2014 / 02,Queens,6,345.9,262.2,,4
2014 / 02,Queens,7,643.4,453.6,,4
2014 / 02,Queens,8,405.5,294,,4
2014 / 02,Queens,9,351.3,358.4,,4
2014 / 02,Queens,10,325.9,329.2,,4
2014 / 02,Queens,11,412.6,295.7,,4
2014 / 02,Queens,12,372.4,513.5,,4
2014 / 02,Queens,13,414.6,492.1,,4
2014 / 02,Queens,14,223.8,151.1,,4
2014 / 02,Staten Island,1,624.2,465.3,20.4,5
2014 / 02,Staten Island,2,486.6,393.2,,5
2014 / 02,Staten Island,3,683.2,493.2,,5
2014 / 01,Bronx,1,202.1,99.2,,2
2014 / 01,Bronx,2,159.7,118.7,,2
2014 / 01,Bronx,3,120.3,117.3,,2
2014 / 01,Bronx,4,193.9,206.5,,2
2014 / 01,Bronx,5,193.8,238.6,,2
2014 / 01,Bronx,6,180.6,157.8,,2
2014 / 01,Bronx,7,253.4,319,,2
2014 / 01,Bronx,8,355.8,298.5,,2
2014 / 01,Bronx,9,190.4,257.4,,2
2014 / 01,Bronx,10,387.6,318.3,19.5,2
2014 / 01,Bronx,11,303.7,277.9,,2
2014 / 01,Bronx,12,368.6,446.9,,2
2014 / 01,Brooklyn,1,526,437.8,,3
2014 / 01,Brooklyn,2,477.8,351.5,,3
2014 / 01,Brooklyn,3,291.6,247.1,,3
2014 / 01,Brooklyn,4,292.6,264.5,,3
2014 / 01,Brooklyn,5,265.4,330,,3
2014 / 01,Brooklyn,6,621.5,421.1,,3
2014 / 01,Brooklyn,7,471.5,373,39.8,3
2014 / 01,Brooklyn,8,260.7,236.1,,3
2014 / 01,Brooklyn,9,250.7,198.2,,3
2014 / 01,Brooklyn,10,568.5,393.4,,3
2014 / 01,Brooklyn,11,701.7,512.1,,3
2014 / 01,Brooklyn,12,708.1,364.8,,3
2014 / 01,Brooklyn,13,303.8,171.4,,3
2014 / 01,Brooklyn,14,476.7,321.3,,3
2014 / 01,Brooklyn,15,622.9,427.7,,3
2014 / 01,Brooklyn,16,145.7,119.4,,3
2014 / 01,Brooklyn,17,316.7,359.3,,3
2014 / 01,Brooklyn,18,603.6,511.8,,3
2014 / 01,Manhattan,1,420.4,247.4,,1
2014 / 01,Manhattan,2,453.7,318,,1
2014 / 01,Manhattan,3,569.5,393.8,,1
2014 / 01,Manhattan,4,693.4,397.4,,1
2014 / 01,Manhattan,5,245.9,180.6,,1
2014 / 01,Manhattan,6,812.7,441.5,,1
2014 / 01,Manhattan,7,1093.3,758.5,,1
2014 / 01,Manhattan,8,1178.5,773.8,,1
2014 / 01,Manhattan,9,291.4,230.5,,1
2014 / 01,Manhattan,10,257.7,223.4,,1
2014 / 01,Manhattan,11,217.2,175.1,,1
2014 / 01,Manhattan,12,506.3,498.7,,1
2014 / 01,Queens,1,625.5,547.3,,4
2014 / 01,Queens,2,573.5,352,,4
2014 / 01,Queens,3,410.2,418.5,,4
2014 / 01,Queens,4,376.9,351.4,,4
2014 / 01,Queens,5,720.3,640.7,,4
2014 / 01,Queens,6,438.3,332.2,,4
2014 / 01,Queens,7,864.1,572,,4
2014 / 01,Queens,8,514.8,366.2,,4
2014 / 01,Queens,9,436.4,438.3,,4
2014 / 01,Queens,10,399.3,408.7,,4
2014 / 01,Queens,11,543.5,372,,4
2014 / 01,Queens,12,472.4,626.8,,4
2014 / 01,Queens,13,535,628.9,,4
2014 / 01,Queens,14,271.1,187.2,,4
2014 / 01,Staten Island,1,794.2,636.7,49.6,5
2014 / 01,Staten Island,2,653.8,522.9,,5
2014 / 01,Staten Island,3,954.4,714.1,,5
2013 / 12,Bronx,1,244.8,113.3,,2
2013 / 12,Bronx,2,145.2,113.7,,2
2013 / 12,Bronx,3,98.6,92.8,,2
2013 / 12,Bronx,4,240.9,219,,2
2013 / 12,Bronx,5,230.7,241.1,,2
2013 / 12,Bronx,6,160.2,126.4,,2
2013 / 12,Bronx,7,271.9,294.3,,2
2013 / 12,Bronx,8,409.5,299.2,,2
2013 / 12,Bronx,9,206.7,256.1,,2
2013 / 12,Bronx,10,424.1,309.7,30.9,2
2013 / 12,Bronx,11,347.1,269.3,,2
2013 / 12,Bronx,12,409.2,425.4,,2
2013 / 12,Brooklyn,1,535.1,405.1,,3
2013 / 12,Brooklyn,2,434.7,293.8,,3
2013 / 12,Brooklyn,3,302.7,242.3,,3
2013 / 12,Brooklyn,4,311.8,255.3,,3
2013 / 12,Brooklyn,5,290.5,302.2,,3
2013 / 12,Brooklyn,6,644.9,384.4,,3
2013 / 12,Brooklyn,7,493,355.8,55.1,3
2013 / 12,Brooklyn,8,291.2,235.6,,3
2013 / 12,Brooklyn,9,250.6,171.4,,3
2013 / 12,Brooklyn,10,646.1,383,,3
2013 / 12,Brooklyn,11,764.4,489.3,,3
2013 / 12,Brooklyn,12,761.7,375.9,,3
2013 / 12,Brooklyn,13,317,155.2,,3
2013 / 12,Brooklyn,14,538.4,316,,3
2013 / 12,Brooklyn,15,695.3,399.3,,3
2013 / 12,Brooklyn,16,142.7,99.3,,3
2013 / 12,Brooklyn,17,398.6,376.7,,3
2013 / 12,Brooklyn,18,723,512.9,,3
2013 / 12,Manhattan,1,424.2,220.4,,1
2013 / 12,Manhattan,2,489.5,291.2,,1
2013 / 12,Manhattan,3,558.8,316.8,,1
2013 / 12,Manhattan,4,740.5,327,,1
2013 / 12,Manhattan,5,268.7,164.9,,1
2013 / 12,Manhattan,6,861.2,369.8,,1
2013 / 12,Manhattan,7,1248.4,707.3,,1
2013 / 12,Manhattan,8,1244,689.7,,1
2013 / 12,Manhattan,9,286.2,196.9,,1
2013 / 12,Manhattan,10,261.1,198.2,,1
2013 / 12,Manhattan,11,171.8,119.5,,1
2013 / 12,Manhattan,12,492.3,413.9,,1
2013 / 12,Queens,1,649.8,498,,4
2013 / 12,Queens,2,634.5,330.3,,4
2013 / 12,Queens,3,428.7,397,,4
2013 / 12,Queens,4,389,302.3,,4
2013 / 12,Queens,5,843.7,617.6,,4
2013 / 12,Queens,6,489.2,296.4,,4
2013 / 12,Queens,7,970.7,566.3,,4
2013 / 12,Queens,8,578.4,353.9,,4
2013 / 12,Queens,9,513.9,426.9,,4
2013 / 12,Queens,10,483.7,401,,4
2013 / 12,Queens,11,625.1,368.4,,4
2013 / 12,Queens,12,558.6,640.4,,4
2013 / 12,Queens,13,627.2,632.5,,4
2013 / 12,Queens,14,332.3,192.9,,4
2013 / 12,Staten Island,1,913.6,632.5,57.8,5
2013 / 12,Staten Island,2,744.2,504.4,,5
2013 / 12,Staten Island,3,1055.8,675.1,,5
2013 / 11,Bronx,1,217.2,87.7,,2
2013 / 11,Bronx,2,130.7,94.9,,2
2013 / 11,Bronx,3,91.6,84.8,,2
2013 / 11,Bronx,4,201.9,192.3,,2
2013 / 11,Bronx,5,201.4,225.1,,2
2013 / 11,Bronx,6,149.4,115.7,,2
2013 / 11,Bronx,7,214.3,251.2,,2
2013 / 11,Bronx,8,341.6,249.8,,2
2013 / 11,Bronx,9,168.5,218,,2
2013 / 11,Bronx,10,335.4,265.5,56.1,2
2013 / 11,Bronx,11,277.7,229.9,,2
2013 / 11,Bronx,12,333.6,362.6,,2
2013 / 11,Brooklyn,1,454.5,325.6,,3
2013 / 11,Brooklyn,2,407.9,278.9,,3
2013 / 11,Brooklyn,3,235.7,197.3,,3
2013 / 11,Brooklyn,4,267.6,220.5,,3
2013 / 11,Brooklyn,5,229.7,252.6,,3
2013 / 11,Brooklyn,6,587.1,350.5,,3
2013 / 11,Brooklyn,7,429.2,322.5,57.5,3
2013 / 11,Brooklyn,8,230.6,189.8,,3
2013 / 11,Brooklyn,9,229.4,165.2,,3
2013 / 11,Brooklyn,10,516.5,329.3,,3
2013 / 11,Brooklyn,11,622.2,447.3,,3
2013 / 11,Brooklyn,12,621.3,330.7,,3
2013 / 11,Brooklyn,13,293.5,140.9,,3
2013 / 11,Brooklyn,14,440.9,292.6,,3
2013 / 11,Brooklyn,15,585.4,354.3,,3
2013 / 11,Brooklyn,16,132.7,102.4,,3
2013 / 11,Brooklyn,17,310.3,301.8,,3
2013 / 11,Brooklyn,18,571.2,418.6,,3
2013 / 11,Manhattan,1,372.9,205.9,,1
2013 / 11,Manhattan,2,423.6,271.8,,1
2013 / 11,Manhattan,3,530.1,320.3,,1
2013 / 11,Manhattan,4,695,328.7,,1
2013 / 11,Manhattan,5,213.7,140.8,,1
2013 / 11,Manhattan,6,799.8,353.1,,1
2013 / 11,Manhattan,7,1068.3,649.7,,1
2013 / 11,Manhattan,8,1155,666.5,,1
2013 / 11,Manhattan,9,284.4,202.6,,1
2013 / 11,Manhattan,10,218.2,185,,1
2013 / 11,Manhattan,11,182.9,134.9,,1
2013 / 11,Manhattan,12,404.5,352.7,,1
2013 / 11,Queens,1,550.6,434.5,,4
2013 / 11,Queens,2,561.8,295.4,,4
2013 / 11,Queens,3,359.4,334.6,,4
2013 / 11,Queens,4,311.2,256.1,,4
2013 / 11,Queens,5,674.5,517.7,,4
2013 / 11,Queens,6,410.6,259,,4
2013 / 11,Queens,7,805.1,482.4,,4
2013 / 11,Queens,8,486,302.7,,4
2013 / 11,Queens,9,395.7,354.1,,4
2013 / 11,Queens,10,360.4,324.7,,4
2013 / 11,Queens,11,500.9,297.7,,4
2013 / 11,Queens,12,427.3,518.1,,4
2013 / 11,Queens,13,502.7,509,,4
2013 / 11,Queens,14,272.4,159.3,,4
2013 / 11,Staten Island,1,727.4,528,89.8,5
2013 / 11,Staten Island,2,563.4,425.4,,5
2013 / 11,Staten Island,3,789.3,586.3,,5
2013 / 10,Bronx,1,211.1,104.4,,2
2013 / 10,Bronx,2,159.6,108.7,,2
2013 / 10,Bronx,3,107.7,104.6,,2
2013 / 10,Bronx,4,209.7,196,,2
2013 / 10,Bronx,5,194.8,235.6,,2
2013 / 10,Bronx,6,168.3,150,,2
2013 / 10,Bronx,7,223.4,276.7,,2
2013 / 10,Bronx,8,351.7,273.5,,2
2013 / 10,Bronx,9,181.6,231.5,,2
2013 / 10,Bronx,10,313.5,270.2,50.2,2
2013 / 10,Bronx,11,274.7,246.6,,2
2013 / 10,Bronx,12,337.1,381.2,,2
2013 / 10,Brooklyn,1,513,381.9,,3
2013 / 10,Brooklyn,2,438.4,294.4,,3
2013 / 10,Brooklyn,3,275.2,230.7,,3
2013 / 10,Brooklyn,4,279.1,234.1,,3
2013 / 10,Brooklyn,5,250.4,290.7,,3
2013 / 10,Brooklyn,6,579.8,361.6,,3
2013 / 10,Brooklyn,7,451.7,323.1,38.3,3
2013 / 10,Brooklyn,8,263.3,215,,3
2013 / 10,Brooklyn,9,222.5,163.8,,3
2013 / 10,Brooklyn,10,540.3,343.7,,3
2013 / 10,Brooklyn,11,630.8,472.5,,3
2013 / 10,Brooklyn,12,665.4,346.5,,3
2013 / 10,Brooklyn,13,297,151.9,,3
2013 / 10,Brooklyn,14,449.9,280.1,,3
2013 / 10,Brooklyn,15,617.8,379.5,,3
2013 / 10,Brooklyn,16,143.5,105,,3
2013 / 10,Brooklyn,17,323.4,324.9,,3
2013 / 10,Brooklyn,18,585.9,440.6,,3
2013 / 10,Manhattan,1,382.2,198.9,,1
2013 / 10,Manhattan,2,470.3,300.8,,1
2013 / 10,Manhattan,3,551.5,347.4,,1
2013 / 10,Manhattan,4,692.9,323.6,,1
2013 / 10,Manhattan,5,256.7,166.5,,1
2013 / 10,Manhattan,6,826.5,358.2,,1
2013 / 10,Manhattan,7,1061.9,630.4,,1
2013 / 10,Manhattan,8,1111.1,668.1,,1
2013 / 10,Manhattan,9,251.6,187.9,,1
2013 / 10,Manhattan,10,236,203.7,,1
2013 / 10,Manhattan,11,195.5,149.2,,1
2013 / 10,Manhattan,12,459.3,420.5,,1
2013 / 10,Queens,1,557.3,459.9,,4
2013 / 10,Queens,2,573.2,299.1,,4
2013 / 10,Queens,3,370.5,357.4,,4
2013 / 10,Queens,4,333.3,282.5,,4
2013 / 10,Queens,5,680.6,555.9,,4
2013 / 10,Queens,6,418.4,276.4,,4
2013 / 10,Queens,7,818,513.1,,4
2013 / 10,Queens,8,505.6,323.1,,4
2013 / 10,Queens,9,414.4,377.6,,4
2013 / 10,Queens,10,375.3,344,,4
2013 / 10,Queens,11,533.1,332.9,,4
2013 / 10,Queens,12,452,544,,4
2013 / 10,Queens,13,525.7,569.4,,4
2013 / 10,Queens,14,267.8,171.5,,4
2013 / 10,Staten Island,1,735.1,545.5,26.9,5
2013 / 10,Staten Island,2,604,440.4,,5
2013 / 10,Staten Island,3,821.7,604.1,,5
2013 / 09,Bronx,1,229.1,88.2,,2
2013 / 09,Bronx,2,132.7,115.7,,2
2013 / 09,Bronx,3,114.8,86,,2
2013 / 09,Bronx,4,220.9,190.4,,2
2013 / 09,Bronx,5,207,220.4,,2
2013 / 09,Bronx,6,177.1,122.4,,2
2013 / 09,Bronx,7,227.9,255.4,,2
2013 / 09,Bronx,8,333.3,252.4,,2
2013 / 09,Bronx,9,190,222.8,,2
2013 / 09,Bronx,10,311.9,264.5,8.7,2
2013 / 09,Bronx,11,294.2,240.2,,2
2013 / 09,Bronx,12,352.3,386.8,,2
2013 / 09,Brooklyn,1,463.5,344.2,,3
2013 / 09,Brooklyn,2,424,267.8,,3
2013 / 09,Brooklyn,3,261.8,216.5,,3
2013 / 09,Brooklyn,4,284.2,229.1,,3
2013 / 09,Brooklyn,5,264.6,282.3,,3
2013 / 09,Brooklyn,6,567.9,335.1,,3
2013 / 09,Brooklyn,7,435.5,294.8,,3
2013 / 09,Brooklyn,8,242.9,200.8,,3
2013 / 09,Brooklyn,9,209,160.4,,3
2013 / 09,Brooklyn,10,517.9,308.1,,3
2013 / 09,Brooklyn,11,639.3,422.1,,3
2013 / 09,Brooklyn,12,643.3,329.3,,3
2013 / 09,Brooklyn,13,286.5,150.7,,3
2013 / 09,Brooklyn,14,447.9,269.8,,3
2013 / 09,Brooklyn,15,590.4,374.7,,3
2013 / 09,Brooklyn,16,149.3,99.4,,3
2013 / 09,Brooklyn,17,314.2,325.3,,3
2013 / 09,Brooklyn,18,578.8,450.4,,3
2013 / 09,Manhattan,1,362.9,183.4,,1
2013 / 09,Manhattan,2,419.5,249.3,,1
2013 / 09,Manhattan,3,525.9,310,,1
2013 / 09,Manhattan,4,657.1,291.2,,1
2013 / 09,Manhattan,5,205.5,129.9,,1
2013 / 09,Manhattan,6,783.6,307.9,,1
2013 / 09,Manhattan,7,1026.2,579.4,,1
2013 / 09,Manhattan,8,1034.1,586.4,,1
2013 / 09,Manhattan,9,267.7,177.5,,1
2013 / 09,Manhattan,10,226.2,169.9,,1
2013 / 09,Manhattan,11,176.1,120.9,,1
2013 / 09,Manhattan,12,422.1,357.8,,1
2013 / 09,Queens,1,567.9,447.6,,4
2013 / 09,Queens,2,553.7,284.7,,4
2013 / 09,Queens,3,357.5,342.2,,4
2013 / 09,Queens,4,325.1,265.6,,4
2013 / 09,Queens,5,648.4,521.3,,4
2013 / 09,Queens,6,399.6,266.7,,4
2013 / 09,Queens,7,827.7,502.7,,4
2013 / 09,Queens,8,497,320.5,,4
2013 / 09,Queens,9,408.6,371.5,,4
2013 / 09,Queens,10,383.5,355.6,,4
2013 / 09,Queens,11,530.7,325.6,,4
2013 / 09,Queens,12,448.6,560.1,,4
2013 / 09,Queens,13,528.2,574.1,,4
2013 / 09,Queens,14,275.6,180.3,,4
2013 / 09,Staten Island,1,726.7,517.3,17.3,5
2013 / 09,Staten Island,2,586.6,427.3,,5
2013 / 09,Staten Island,3,785.4,577.6,,5
2013 / 08,Bronx,1,212.4,87.7,,2
2013 / 08,Bronx,2,161.1,125.2,,2
2013 / 08,Bronx,3,112.9,91.2,,2
2013 / 08,Bronx,4,185.3,198.7,,2
2013 / 08,Bronx,5,177.6,235.1,,2
2013 / 08,Bronx,6,138.7,119.4,,2
2013 / 08,Bronx,7,232.5,267.5,,2
2013 / 08,Bronx,8,315.8,253.5,,2
2013 / 08,Bronx,9,205.4,248.9,,2
2013 / 08,Bronx,10,337.6,295.5,,2
2013 / 08,Bronx,11,308,260.2,,2
2013 / 08,Bronx,12,379.9,427.4,,2
2013 / 08,Brooklyn,1,495.7,372.3,,3
2013 / 08,Brooklyn,2,371.1,281,,3
2013 / 08,Brooklyn,3,242.8,230.9,,3
2013 / 08,Brooklyn,4,304.6,255.3,,3
2013 / 08,Brooklyn,5,253.2,290.8,,3
2013 / 08,Brooklyn,6,518.9,346.7,,3
2013 / 08,Brooklyn,7,450,310.7,,3
2013 / 08,Brooklyn,8,220.6,202.2,,3
2013 / 08,Brooklyn,9,236.3,176.6,,3
2013 / 08,Brooklyn,10,524.2,322.2,,3
2013 / 08,Brooklyn,11,678.5,517.4,,3
2013 / 08,Brooklyn,12,628.6,298.8,,3
2013 / 08,Brooklyn,13,285,160.3,,3
2013 / 08,Brooklyn,14,427.2,265.5,,3
2013 / 08,Brooklyn,15,578.5,368.6,,3
2013 / 08,Brooklyn,16,165.5,121.2,,3
2013 / 08,Brooklyn,17,332.8,355,,3
2013 / 08,Brooklyn,18,603.8,499.2,,3
2013 / 08,Manhattan,1,327.4,201.7,,1
2013 / 08,Manhattan,2,334.9,232.6,,1
2013 / 08,Manhattan,3,553.6,349.3,,1
2013 / 08,Manhattan,4,642.4,333.2,,1
2013 / 08,Manhattan,5,181.9,132.3,,1
2013 / 08,Manhattan,6,775.9,357.7,,1
2013 / 08,Manhattan,7,917.4,586.7,,1
2013 / 08,Manhattan,8,914.7,584,,1
2013 / 08,Manhattan,9,297.8,207.3,,1
2013 / 08,Manhattan,10,226.5,187.1,,1
2013 / 08,Manhattan,11,164.9,123.3,,1
2013 / 08,Manhattan,12,432.3,396.5,,1
2013 / 08,Queens,1,539,451,,4
2013 / 08,Queens,2,527.8,306.7,,4
2013 / 08,Queens,3,386.9,373.6,,4
2013 / 08,Queens,4,348.9,299.3,,4
2013 / 08,Queens,5,677.2,579.2,,4
2013 / 08,Queens,6,405.3,282.9,,4
2013 / 08,Queens,7,852.2,541.3,,4
2013 / 08,Queens,8,515.3,334.4,,4
2013 / 08,Queens,9,428.3,400.5,,4
2013 / 08,Queens,10,406.1,387.2,,4
2013 / 08,Queens,11,517,337.1,,4
2013 / 08,Queens,12,493.4,645.8,,4
2013 / 08,Queens,13,565.8,640.2,,4
2013 / 08,Queens,14,304.9,217.7,,4
2013 / 08,Staten Island,1,749.6,568.1,24,5
2013 / 08,Staten Island,2,602.5,463.9,,5
2013 / 08,Staten Island,3,819.3,627.3,,5
2013 / 07,Bronx,1,213.4,102.3,,2
2013 / 07,Bronx,2,144.7,100.1,,2
2013 / 07,Bronx,3,134.7,116.5,,2
2013 / 07,Bronx,4,201.5,213.4,,2
2013 / 07,Bronx,5,178.5,246.6,,2
2013 / 07,Bronx,6,168.5,154.8,,2
2013 / 07,Bronx,7,245.9,282,,2
2013 / 07,Bronx,8,325,273.4,,2
2013 / 07,Bronx,9,203.7,239.1,,2
2013 / 07,Bronx,10,326.8,294.2,,2
2013 / 07,Bronx,11,300.9,258.6,,2
2013 / 07,Bronx,12,386.3,469.1,,2
2013 / 07,Brooklyn,1,403.9,377.3,,3
2013 / 07,Brooklyn,2,370.9,297,,3
2013 / 07,Brooklyn,3,248.8,262.7,,3
2013 / 07,Brooklyn,4,300,266.6,,3
2013 / 07,Brooklyn,5,276.5,342.1,,3
2013 / 07,Brooklyn,6,507.1,363.1,,3
2013 / 07,Brooklyn,7,456.2,336.2,,3
2013 / 07,Brooklyn,8,251.6,240.7,,3
2013 / 07,Brooklyn,9,214.8,177.7,,3
2013 / 07,Brooklyn,10,551.6,356.8,,3
2013 / 07,Brooklyn,11,669.8,499.8,,3
2013 / 07,Brooklyn,12,551,288.9,,3
2013 / 07,Brooklyn,13,281.1,168.1,,3
2013 / 07,Brooklyn,14,432.8,287.5,,3
2013 / 07,Brooklyn,15,580.8,412.1,,3
2013 / 07,Brooklyn,16,135.7,119.3,,3
2013 / 07,Brooklyn,17,332.8,405.1,,3
2013 / 07,Brooklyn,18,600.2,545,,3
2013 / 07,Manhattan,1,274.9,172.4,,1
2013 / 07,Manhattan,2,372.9,264.3,,1
2013 / 07,Manhattan,3,531.2,327.1,,1
2013 / 07,Manhattan,4,601.8,304.8,,1
2013 / 07,Manhattan,5,205.5,145.3,,1
2013 / 07,Manhattan,6,700.8,310.4,,1
2013 / 07,Manhattan,7,885.7,587.5,,1
2013 / 07,Manhattan,8,890.9,569.5,,1
2013 / 07,Manhattan,9,228.1,179.4,,1
2013 / 07,Manhattan,10,221.1,189,,1
2013 / 07,Manhattan,11,183.1,140.7,,1
2013 / 07,Manhattan,12,416.9,395.5,,1
2013 / 07,Queens,1,584.6,493.8,,4
2013 / 07,Queens,2,550.1,325.7,,4
2013 / 07,Queens,3,379,391.4,,4
2013 / 07,Queens,4,365.9,307.9,,4
2013 / 07,Queens,5,672.7,623.6,,4
2013 / 07,Queens,6,401.5,292.6,,4
2013 / 07,Queens,7,857.6,568.6,,4
2013 / 07,Queens,8,515.4,370.4,,4
2013 / 07,Queens,9,472.9,455.5,,4
2013 / 07,Queens,10,447.6,445.4,,4
2013 / 07,Queens,11,543.7,365,,4
2013 / 07,Queens,12,517.5,705.9,,4
2013 / 07,Queens,13,574.6,710.8,,4
2013 / 07,Queens,14,310.6,217.3,,4
2013 / 07,Staten Island,1,763.7,615.8,21.8,5
2013 / 07,Staten Island,2,605,505.1,,5
2013 / 07,Staten Island,3,812.3,682.5,,5
2013 / 06,Bronx,1,284.7,97.4,,2
2013 / 06,Bronx,2,153.3,115.6,,2
2013 / 06,Bronx,3,100.4,91.1,,2
2013 / 06,Bronx,4,237,198.1,,2
2013 / 06,Bronx,5,252,241.5,,2
2013 / 06,Bronx,6,185.6,128.5,,2
2013 / 06,Bronx,7,242.9,259.3,,2
2013 / 06,Bronx,8,363.8,253.9,,2
2013 / 06,Bronx,9,238.8,246.2,,2
2013 / 06,Bronx,10,354.2,295.5,,2
2013 / 06,Bronx,11,326.5,256.8,,2
2013 / 06,Bronx,12,397.6,442.6,,2
2013 / 06,Brooklyn,1,493.2,361.6,,3
2013 / 06,Brooklyn,2,424.1,294.4,,3
2013 / 06,Brooklyn,3,269.6,223.4,,3
2013 / 06,Brooklyn,4,312.5,246.1,,3
2013 / 06,Brooklyn,5,285.2,289.2,,3
2013 / 06,Brooklyn,6,583.5,370.2,,3
2013 / 06,Brooklyn,7,445.7,327.6,,3
2013 / 06,Brooklyn,8,245.5,210.3,,3
2013 / 06,Brooklyn,9,247,159.5,,3
2013 / 06,Brooklyn,10,549.1,356.8,,3
2013 / 06,Brooklyn,11,739.4,474,,3
2013 / 06,Brooklyn,12,671.6,331.7,,3
2013 / 06,Brooklyn,13,325.9,148.4,,3
2013 / 06,Brooklyn,14,470.3,297.9,,3
2013 / 06,Brooklyn,15,664,388,,3
2013 / 06,Brooklyn,16,185.7,111.5,,3
2013 / 06,Brooklyn,17,335.6,349.9,,3
2013 / 06,Brooklyn,18,642.3,480.8,,3
2013 / 06,Manhattan,1,325.7,199.6,,1
2013 / 06,Manhattan,2,448.4,272.7,,1
2013 / 06,Manhattan,3,569.1,316.3,,1
2013 / 06,Manhattan,4,659.4,309.1,,1
2013 / 06,Manhattan,5,206.8,138.1,,1
2013 / 06,Manhattan,6,784,341.6,,1
2013 / 06,Manhattan,7,1090.8,626.6,,1
2013 / 06,Manhattan,8,1102,633.6,,1
2013 / 06,Manhattan,9,309.9,198.6,,1
2013 / 06,Manhattan,10,215.1,174.5,,1
2013 / 06,Manhattan,11,205.6,128.3,,1
2013 / 06,Manhattan,12,476.7,366.6,,1
2013 / 06,Queens,1,679.3,481.1,,4
2013 / 06,Queens,2,636.2,306,,4
2013 / 06,Queens,3,397,356.1,,4
2013 / 06,Queens,4,369.8,279.6,,4
2013 / 06,Queens,5,806.2,569.8,,4
2013 / 06,Queens,6,435.9,277.2,,4
2013 / 06,Queens,7,921.9,567,,4
2013 / 06,Queens,8,607.4,331.9,,4
2013 / 06,Queens,9,469.8,406.7,,4
2013 / 06,Queens,10,449.8,398.5,,4
2013 / 06,Queens,11,582.4,365.9,,4
2013 / 06,Queens,12,505,623.6,,4
2013 / 06,Queens,13,621.3,658.6,,4
2013 / 06,Queens,14,316.3,185.4,,4
2013 / 06,Staten Island,1,838,610.3,35.1,5
2013 / 06,Staten Island,2,657.3,500.1,,5
2013 / 06,Staten Island,3,846.7,664.6,,5
2013 / 05,Bronx,1,221,84.9,,2
2013 / 05,Bronx,2,149.8,131.8,,2
2013 / 05,Bronx,3,97.6,96,,2
2013 / 05,Bronx,4,191.6,176.2,,2
2013 / 05,Bronx,5,205.7,221.1,,2
2013 / 05,Bronx,6,190.7,143.6,,2
2013 / 05,Bronx,7,226.7,254.5,,2
2013 / 05,Bronx,8,332.1,254.3,,2
2013 / 05,Bronx,9,206.3,234,,2
2013 / 05,Bronx,10,335.6,282.4,,2
2013 / 05,Bronx,11,291.9,245.9,,2
2013 / 05,Bronx,12,363.7,410.9,,2
2013 / 05,Brooklyn,1,522.6,371.5,,3
2013 / 05,Brooklyn,2,420,285.6,,3
2013 / 05,Brooklyn,3,261.2,219.7,,3
2013 / 05,Brooklyn,4,305.2,231.6,,3
2013 / 05,Brooklyn,5,263.6,284,,3
2013 / 05,Brooklyn,6,577.4,359.5,,3
2013 / 05,Brooklyn,7,396.4,316.3,,3
2013 / 05,Brooklyn,8,229.4,192.7,,3
2013 / 05,Brooklyn,9,250.5,168.6,,3
2013 / 05,Brooklyn,10,526.2,336.3,,3
2013 / 05,Brooklyn,11,700.7,554.9,,3
2013 / 05,Brooklyn,12,645.5,345.9,,3
2013 / 05,Brooklyn,13,318.5,160.8,,3
2013 / 05,Brooklyn,14,413,266.1,,3
2013 / 05,Brooklyn,15,661.6,370.5,,3
2013 / 05,Brooklyn,16,183.7,112.5,,3
2013 / 05,Brooklyn,17,330.2,321.4,,3
2013 / 05,Brooklyn,18,625.4,446.7,,3
2013 / 05,Manhattan,1,336.4,216.8,,1
2013 / 05,Manhattan,2,441.2,279.9,,1
2013 / 05,Manhattan,3,594.7,362.5,,1
2013 / 05,Manhattan,4,753.6,344.8,,1
2013 / 05,Manhattan,5,244.3,163.2,,1
2013 / 05,Manhattan,6,850.3,385.3,,1
2013 / 05,Manhattan,7,1115.4,625.8,,1
2013 / 05,Manhattan,8,1132.4,653.5,,1
2013 / 05,Manhattan,9,318.5,222.7,,1
2013 / 05,Manhattan,10,238.9,196.4,,1
2013 / 05,Manhattan,11,202.5,144.8,,1
2013 / 05,Manhattan,12,474.3,417.6,,1
2013 / 05,Queens,1,579.6,462.2,,4
2013 / 05,Queens,2,571,283.3,,4
2013 / 05,Queens,3,402.2,364.9,,4
2013 / 05,Queens,4,349.5,287.7,,4
2013 / 05,Queens,5,714.2,549.6,,4
2013 / 05,Queens,6,428.1,270.9,,4
2013 / 05,Queens,7,854,533.4,,4
2013 / 05,Queens,8,515.3,316.1,,4
2013 / 05,Queens,9,412.8,371.8,,4
2013 / 05,Queens,10,403.7,350.4,,4
2013 / 05,Queens,11,530.3,345.5,,4
2013 / 05,Queens,12,489.2,577.4,,4
2013 / 05,Queens,13,573.6,615.7,,4
2013 / 05,Queens,14,289.1,171.6,,4
2013 / 05,Staten Island,1,756.1,571.7,25.6,5
2013 / 05,Staten Island,2,614.7,477.6,,5
2013 / 05,Staten Island,3,825.3,679.5,,5
2013 / 04,Bronx,1,233.5,98.2,,2
2013 / 04,Bronx,2,129.2,112.6,,2
2013 / 04,Bronx,3,92.5,94.5,,2
2013 / 04,Bronx,4,203.7,196.3,,2
2013 / 04,Bronx,5,194.3,226.6,,2
2013 / 04,Bronx,6,164.2,135.1,,2
2013 / 04,Bronx,7,220.8,243.9,,2
2013 / 04,Bronx,8,320.7,254.1,,2
2013 / 04,Bronx,9,179.8,219,,2
2013 / 04,Bronx,10,288.8,245.8,,2
2013 / 04,Bronx,11,276.5,232.3,,2
2013 / 04,Bronx,12,337.2,386.2,,2
2013 / 04,Brooklyn,1,460.5,339.5,,3
2013 / 04,Brooklyn,2,392.9,269.4,,3
2013 / 04,Brooklyn,3,247.2,220,,3
2013 / 04,Brooklyn,4,270.1,218.5,,3
2013 / 04,Brooklyn,5,237.6,265,,3
2013 / 04,Brooklyn,6,537.8,325.8,,3
2013 / 04,Brooklyn,7,608.3,301.6,,3
2013 / 04,Brooklyn,8,232.8,205,,3
2013 / 04,Brooklyn,9,206.7,143,,3
2013 / 04,Brooklyn,10,526.7,321.2,,3
2013 / 04,Brooklyn,11,686.1,474.5,,3
2013 / 04,Brooklyn,12,685.5,353,,3
2013 / 04,Brooklyn,13,279.3,148.1,,3
2013 / 04,Brooklyn,14,453.5,288.8,,3
2013 / 04,Brooklyn,15,605.9,364.3,,3
2013 / 04,Brooklyn,16,148.9,89.5,,3
2013 / 04,Brooklyn,17,295.5,308.5,,3
2013 / 04,Brooklyn,18,606.5,408.6,,3
2013 / 04,Manhattan,1,294.3,188.4,,1
2013 / 04,Manhattan,2,424,280.7,,1
2013 / 04,Manhattan,3,475.4,301.4,,1
2013 / 04,Manhattan,4,630.4,284.3,,1
2013 / 04,Manhattan,5,219.3,147.8,,1
2013 / 04,Manhattan,6,695.9,318.6,,1
2013 / 04,Manhattan,7,973.4,596.4,,1
2013 / 04,Manhattan,8,970.1,599.6,,1
2013 / 04,Manhattan,9,237.9,181.8,,1
2013 / 04,Manhattan,10,198.8,166.6,,1
2013 / 04,Manhattan,11,168.6,126.4,,1
2013 / 04,Manhattan,12,385.4,351.3,,1
2013 / 04,Queens,1,528.3,450.2,,4
2013 / 04,Queens,2,526.6,270.5,,4
2013 / 04,Queens,3,337.2,326.6,,4
2013 / 04,Queens,4,307.6,253.5,,4
2013 / 04,Queens,5,656.9,511.5,,4
2013 / 04,Queens,6,384,257.1,,4
2013 / 04,Queens,7,785.5,502.5,,4
2013 / 04,Queens,8,479.2,308.4,,4
2013 / 04,Queens,9,407,349.2,,4
2013 / 04,Queens,10,386.8,341.3,,4
2013 / 04,Queens,11,504.2,326.6,,4
2013 / 04,Queens,12,447.4,543.4,,4
2013 / 04,Queens,13,518.1,556.5,,4
2013 / 04,Queens,14,256.6,148.1,,4
2013 / 04,Staten Island,1,733,518.3,,5
2013 / 04,Staten Island,2,619.7,445.1,,5
2013 / 04,Staten Island,3,771.6,570.1,,5
2013 / 03,Bronx,1,222,84.6,,2
2013 / 03,Bronx,2,142.4,123.1,,2
2013 / 03,Bronx,3,91.1,83.2,,2
2013 / 03,Bronx,4,206.4,180.4,,2
2013 / 03,Bronx,5,196.9,219.2,,2
2013 / 03,Bronx,6,165.3,118.7,,2
2013 / 03,Bronx,7,232.4,237.8,,2
2013 / 03,Bronx,8,297.2,239.2,,2
2013 / 03,Bronx,9,182.5,218,,2
2013 / 03,Bronx,10,311.4,258.7,,2
2013 / 03,Bronx,11,302.4,239,,2
2013 / 03,Bronx,12,333.6,373.2,,2
2013 / 03,Brooklyn,1,498.9,348.8,,3
2013 / 03,Brooklyn,2,385.5,269.1,,3
2013 / 03,Brooklyn,3,239.1,194.4,,3
2013 / 03,Brooklyn,4,275.3,221.9,,3
2013 / 03,Brooklyn,5,236.8,251,,3
2013 / 03,Brooklyn,6,544.6,335.2,,3
2013 / 03,Brooklyn,7,715.5,301.7,,3
2013 / 03,Brooklyn,8,223.9,184.6,,3
2013 / 03,Brooklyn,9,239.2,160.1,,3
2013 / 03,Brooklyn,10,513.2,320.9,,3
2013 / 03,Brooklyn,11,667.1,402.2,,3
2013 / 03,Brooklyn,12,821,401.8,,3
2013 / 03,Brooklyn,13,283.2,140.7,,3
2013 / 03,Brooklyn,14,481.6,297.9,,3
2013 / 03,Brooklyn,15,623.6,370.8,,3
2013 / 03,Brooklyn,16,152.5,95.5,,3
2013 / 03,Brooklyn,17,292.1,293,,3
2013 / 03,Brooklyn,18,576.6,411.5,,3
2013 / 03,Manhattan,1,348.7,207.4,,1
2013 / 03,Manhattan,2,385.5,263.5,,1
2013 / 03,Manhattan,3,540,322.2,,1
2013 / 03,Manhattan,4,694,324.2,,1
2013 / 03,Manhattan,5,209.1,154.2,,1
2013 / 03,Manhattan,6,773.6,368.9,,1
2013 / 03,Manhattan,7,997.6,623.9,,1
2013 / 03,Manhattan,8,1074.4,652.1,,1
2013 / 03,Manhattan,9,269.5,210.3,,1
2013 / 03,Manhattan,10,209.5,164.6,,1
2013 / 03,Manhattan,11,173.5,124,,1
2013 / 03,Manhattan,12,408.5,362,,1
2013 / 03,Queens,1,550.3,438.3,,4
2013 / 03,Queens,2,527.1,285.4,,4
2013 / 03,Queens,3,354.6,328.3,,4
2013 / 03,Queens,4,323.9,259.4,,4
2013 / 03,Queens,5,676.5,509.1,,4
2013 / 03,Queens,6,407.6,271.2,,4
2013 / 03,Queens,7,800.4,500.7,,4
2013 / 03,Queens,8,496.2,316.7,,4
2013 / 03,Queens,9,409,343.2,,4
2013 / 03,Queens,10,379.2,326.3,,4
2013 / 03,Queens,11,490.2,303.2,,4
2013 / 03,Queens,12,448.8,524,,4
2013 / 03,Queens,13,516.7,534.6,,4
2013 / 03,Queens,14,268.6,154.4,,4
2013 / 03,Staten Island,1,740.1,498.8,,5
2013 / 03,Staten Island,2,585.8,408.1,,5
2013 / 03,Staten Island,3,778.2,530.1,,5
2013 / 02,Bronx,1,191,79.7,,2
2013 / 02,Bronx,2,124,97,,2
2013 / 02,Bronx,3,79.1,80.4,,2
2013 / 02,Bronx,4,172.7,165.8,,2
2013 / 02,Bronx,5,165,196.7,,2
2013 / 02,Bronx,6,147.3,116.5,,2
2013 / 02,Bronx,7,207.6,224,,2
2013 / 02,Bronx,8,267.4,225.3,,2
2013 / 02,Bronx,9,155.9,198.5,,2
2013 / 02,Bronx,10,278.2,230.4,,2
2013 / 02,Bronx,11,269.9,217.5,,2
2013 / 02,Bronx,12,295.2,350.1,,2
2013 / 02,Brooklyn,1,432,321.7,,3
2013 / 02,Brooklyn,2,369.1,257.5,,3
2013 / 02,Brooklyn,3,217.8,191.5,,3
2013 / 02,Brooklyn,4,241.1,195.8,,3
2013 / 02,Brooklyn,5,213.1,235.4,,3
2013 / 02,Brooklyn,6,540.5,312.4,,3
2013 / 02,Brooklyn,7,587.1,266.5,,3
2013 / 02,Brooklyn,8,205.8,182.4,,3
2013 / 02,Brooklyn,9,205.5,130.1,,3
2013 / 02,Brooklyn,10,497.2,280.6,,3
2013 / 02,Brooklyn,11,636.8,348.5,,3
2013 / 02,Brooklyn,12,652,289.3,,3
2013 / 02,Brooklyn,13,266.1,122,,3
2013 / 02,Brooklyn,14,409.2,234.7,,3
2013 / 02,Brooklyn,15,556.3,313.7,,3
2013 / 02,Brooklyn,16,134.5,84.6,,3
2013 / 02,Brooklyn,17,253.5,264.3,,3
2013 / 02,Brooklyn,18,492.7,362.4,,3
2013 / 02,Manhattan,1,319.2,202.9,,1
2013 / 02,Manhattan,2,438.3,263.8,,1
2013 / 02,Manhattan,3,534.2,284.4,,1
2013 / 02,Manhattan,4,684,293.5,,1
2013 / 02,Manhattan,5,240,147.3,,1
2013 / 02,Manhattan,6,792.3,330.9,,1
2013 / 02,Manhattan,7,1205.1,570.6,,1
2013 / 02,Manhattan,8,1201.7,611.3,,1
2013 / 02,Manhattan,9,301.9,179.5,,1
2013 / 02,Manhattan,10,212.8,154.1,,1
2013 / 02,Manhattan,11,186.8,122.8,,1
2013 / 02,Manhattan,12,443.9,344,,1
2013 / 02,Queens,1,506.9,419.8,,4
2013 / 02,Queens,2,476.7,258.9,,4
2013 / 02,Queens,3,321.7,302.7,,4
2013 / 02,Queens,4,291,248,,4
2013 / 02,Queens,5,596.7,460.8,,4
2013 / 02,Queens,6,355.4,237.8,,4
2013 / 02,Queens,7,715,465.6,,4
2013 / 02,Queens,8,430.8,272.3,,4
2013 / 02,Queens,9,352.5,307.6,,4
2013 / 02,Queens,10,332.5,290.8,,4
2013 / 02,Queens,11,442.7,294.6,,4
2013 / 02,Queens,12,380.3,458,,4
2013 / 02,Queens,13,449.9,474.6,,4
2013 / 02,Queens,14,208.3,120.4,,4
2013 / 02,Staten Island,1,708.5,433.6,,5
2013 / 02,Staten Island,2,592.4,355.7,,5
2013 / 02,Staten Island,3,773.2,476,,5
2013 / 01,Bronx,1,231.8,102.9,,2
2013 / 01,Bronx,2,123.5,118.3,,2
2013 / 01,Bronx,3,113.1,115.7,,2
2013 / 01,Bronx,4,214.4,207,,2
2013 / 01,Bronx,5,197.9,242.3,,2
2013 / 01,Bronx,6,185.1,160.8,,2
2013 / 01,Bronx,7,262.3,285.7,,2
2013 / 01,Bronx,8,354.6,298.4,,2
2013 / 01,Bronx,9,182.7,243.6,,2
2013 / 01,Bronx,10,342.6,280.2,,2
2013 / 01,Bronx,11,328.7,266.9,,2
2013 / 01,Bronx,12,370.9,433.4,,2
2013 / 01,Brooklyn,1,537.7,407.8,,3
2013 / 01,Brooklyn,2,481.8,313.9,,3
2013 / 01,Brooklyn,3,291.6,249.4,,3
2013 / 01,Brooklyn,4,291.7,245.5,,3
2013 / 01,Brooklyn,5,273.5,309.9,,3
2013 / 01,Brooklyn,6,629.1,385.4,,3
2013 / 01,Brooklyn,7,520,347,,3
2013 / 01,Brooklyn,8,286.2,247.1,,3
2013 / 01,Brooklyn,9,249.8,171.1,,3
2013 / 01,Brooklyn,10,625.9,369.2,,3
2013 / 01,Brooklyn,11,808.2,455.8,,3
2013 / 01,Brooklyn,12,742,342.4,,3
2013 / 01,Brooklyn,13,304.4,148.2,,3
2013 / 01,Brooklyn,14,506.9,294.9,,3
2013 / 01,Brooklyn,15,694.6,394.2,,3
2013 / 01,Brooklyn,16,153.5,106,,3
2013 / 01,Brooklyn,17,339.6,350.5,,3
2013 / 01,Brooklyn,18,643.3,480.8,,3
2013 / 01,Manhattan,1,364.4,204.6,,1
2013 / 01,Manhattan,2,537.9,324.8,,1
2013 / 01,Manhattan,3,617.6,382.7,,1
2013 / 01,Manhattan,4,779,328.2,,1
2013 / 01,Manhattan,5,321.6,187.2,,1
2013 / 01,Manhattan,6,938.8,388.1,,1
2013 / 01,Manhattan,7,1399.9,704,,1
2013 / 01,Manhattan,8,1387.1,715.8,,1
2013 / 01,Manhattan,9,298,192.2,,1
2013 / 01,Manhattan,10,245.4,199.8,,1
2013 / 01,Manhattan,11,235.9,154.5,,1
2013 / 01,Manhattan,12,495.5,456.4,,1
2013 / 01,Queens,1,610.1,512.3,,4
2013 / 01,Queens,2,589.6,321.2,,4
2013 / 01,Queens,3,397.7,383.3,,4
2013 / 01,Queens,4,365,301.6,,4
2013 / 01,Queens,5,758.3,584.7,,4
2013 / 01,Queens,6,441.9,293,,4
2013 / 01,Queens,7,890.2,571.9,,4
2013 / 01,Queens,8,525.6,338,,4
2013 / 01,Queens,9,448.7,404.1,,4
2013 / 01,Queens,10,426.1,378.7,,4
2013 / 01,Queens,11,578,371.8,,4
2013 / 01,Queens,12,476.1,594.6,,4
2013 / 01,Queens,13,583.8,623.6,,4
2013 / 01,Queens,14,254.8,137,,4
2013 / 01,Staten Island,1,868.4,572.8,,5
2013 / 01,Staten Island,2,718.9,482.2,,5
2013 / 01,Staten Island,3,987.3,629.8,,5
2012 / 12,Bronx,1,225,75.9,,2
2012 / 12,Bronx,2,130.3,206.1,,2
2012 / 12,Bronx,3,79.2,69,,2
2012 / 12,Bronx,4,210.3,174.4,,2
2012 / 12,Bronx,5,201.6,208.9,,2
2012 / 12,Bronx,6,148.8,95.1,,2
2012 / 12,Bronx,7,265.2,243.7,,2
2012 / 12,Bronx,8,332.4,225.7,,2
2012 / 12,Bronx,9,213.5,225.7,,2
2012 / 12,Bronx,10,397,263,,2
2012 / 12,Bronx,11,367,241,,2
2012 / 12,Bronx,12,397.3,375.2,,2
2012 / 12,Brooklyn,1,523,338.3,,3
2012 / 12,Brooklyn,2,483.4,278.3,,3
2012 / 12,Brooklyn,3,250.2,185.2,,3
2012 / 12,Brooklyn,4,310.8,222.5,,3
2012 / 12,Brooklyn,5,270.7,250.5,,3
2012 / 12,Brooklyn,6,641.7,341.9,,3
2012 / 12,Brooklyn,7,473,300.8,,3
2012 / 12,Brooklyn,8,248,183.6,,3
2012 / 12,Brooklyn,9,250.4,146.1,,3
2012 / 12,Brooklyn,10,617.6,328.8,,3
2012 / 12,Brooklyn,11,766.8,395.6,,3
2012 / 12,Brooklyn,12,737.9,328,,3
2012 / 12,Brooklyn,13,280.5,111.3,,3
2012 / 12,Brooklyn,14,526,289.4,,3
2012 / 12,Brooklyn,15,700.2,350.8,,3
2012 / 12,Brooklyn,16,168.2,100,,3
2012 / 12,Brooklyn,17,379.8,310.5,,3
2012 / 12,Brooklyn,18,708.2,443,,3
2012 / 12,Manhattan,1,401.8,197.8,,1
2012 / 12,Manhattan,2,530.6,272.4,,1
2012 / 12,Manhattan,3,527.6,348.8,,1
2012 / 12,Manhattan,4,839.3,313.2,,1
2012 / 12,Manhattan,5,255,132.5,,1
2012 / 12,Manhattan,6,922.9,360.8,,1
2012 / 12,Manhattan,7,1375.6,633,,1
2012 / 12,Manhattan,8,1292.4,665.7,,1
2012 / 12,Manhattan,9,317.9,191.8,,1
2012 / 12,Manhattan,10,209.7,143.1,,1
2012 / 12,Manhattan,11,192.5,125.1,,1
2012 / 12,Manhattan,12,397.7,344.8,,1
2012 / 12,Queens,1,644.3,452.5,,4
2012 / 12,Queens,2,587.7,285.9,,4
2012 / 12,Queens,3,411.6,336.7,,4
2012 / 12,Queens,4,374.9,252.2,,4
2012 / 12,Queens,5,795.1,512,,4
2012 / 12,Queens,6,475.6,267,,4
2012 / 12,Queens,7,939.7,502,,4
2012 / 12,Queens,8,544.3,295.8,,4
2012 / 12,Queens,9,490.3,352.4,,4
2012 / 12,Queens,10,453.6,329.6,,4
2012 / 12,Queens,11,574.2,314,,4
2012 / 12,Queens,12,523.5,533.5,,4
2012 / 12,Queens,13,608.5,538,,4
2012 / 12,Queens,14,243.8,116.8,,4
2012 / 12,Staten Island,1,895,512.4,,5
2012 / 12,Staten Island,2,701,428.8,,5
2012 / 12,Staten Island,3,1032.6,563.6,,5
2012 / 11,Bronx,1,212.5,93.3,,2
2012 / 11,Bronx,2,127.7,233.7,,2
2012 / 11,Bronx,3,90,95.6,,2
2012 / 11,Bronx,4,180.8,187.3,,2
2012 / 11,Bronx,5,171.5,224.9,,2
2012 / 11,Bronx,6,157.6,136.2,,2
2012 / 11,Bronx,7,234.9,247.8,,2
2012 / 11,Bronx,8,347.4,270.7,,2
2012 / 11,Bronx,9,171.7,214.3,,2
2012 / 11,Bronx,10,350.4,254.4,,2
2012 / 11,Bronx,11,299.1,242.1,,2
2012 / 11,Bronx,12,372.5,398.6,,2
2012 / 11,Brooklyn,1,489.2,377.2,,3
2012 / 11,Brooklyn,2,465.9,317.8,,3
2012 / 11,Brooklyn,3,240.7,220.6,,3
2012 / 11,Brooklyn,4,273.2,226,,3
2012 / 11,Brooklyn,5,252.7,285.1,,3
2012 / 11,Brooklyn,6,614.8,388.8,,3
2012 / 11,Brooklyn,7,436.5,347.6,,3
2012 / 11,Brooklyn,8,251.5,233,,3
2012 / 11,Brooklyn,9,234.1,167.9,,3
2012 / 11,Brooklyn,10,593,359,,3
2012 / 11,Brooklyn,11,724.2,534.4,,3
2012 / 11,Brooklyn,12,684.8,331.8,,3
2012 / 11,Brooklyn,13,265.9,90.8,,3
2012 / 11,Brooklyn,14,472.6,297.8,,3
2012 / 11,Brooklyn,15,619.9,351.7,,3
2012 / 11,Brooklyn,16,143.7,101.9,,3
2012 / 11,Brooklyn,17,322,335.7,,3
2012 / 11,Brooklyn,18,612.2,434.3,,3
2012 / 11,Manhattan,1,308,194.2,,1
2012 / 11,Manhattan,2,464.8,298.5,,1
2012 / 11,Manhattan,3,497.3,380.9,,1
2012 / 11,Manhattan,4,799.4,360.4,,1
2012 / 11,Manhattan,5,276.3,180.9,,1
2012 / 11,Manhattan,6,821.6,440.7,,1
2012 / 11,Manhattan,7,1941.8,747.9,,1
2012 / 11,Manhattan,8,1546.1,766.2,,1
2012 / 11,Manhattan,9,287.4,199.5,,1
2012 / 11,Manhattan,10,240.7,163.8,,1
2012 / 11,Manhattan,11,197.2,141.6,,1
2012 / 11,Manhattan,12,464.5,424.1,,1
2012 / 11,Queens,1,596.5,481.6,,4
2012 / 11,Queens,2,561.8,308,,4
2012 / 11,Queens,3,381.7,364.6,,4
2012 / 11,Queens,4,370.2,287.7,,4
2012 / 11,Queens,5,744.6,555.5,,4
2012 / 11,Queens,6,478.1,305.8,,4
2012 / 11,Queens,7,901.7,531.1,,4
2012 / 11,Queens,8,523.4,322.9,,4
2012 / 11,Queens,9,439.6,384.3,,4
2012 / 11,Queens,10,316.5,303.2,,4
2012 / 11,Queens,11,581.6,332,,4
2012 / 11,Queens,12,456.6,530,,4
2012 / 11,Queens,13,558.4,551.4,,4
2012 / 11,Queens,14,83.2,124.9,,4
2012 / 11,Staten Island,1,747.5,524.3,,5
2012 / 11,Staten Island,2,517.1,397.7,,5
2012 / 11,Staten Island,3,783.6,523.7,,5
2012 / 10,Bronx,1,217.4,81.4,,2
2012 / 10,Bronx,2,117.7,96.9,,2
2012 / 10,Bronx,3,74.8,76.5,,2
2012 / 10,Bronx,4,187.1,162.7,,2
2012 / 10,Bronx,5,169.3,199.5,,2
2012 / 10,Bronx,6,157.5,115.1,,2
2012 / 10,Bronx,7,218,224.4,,2
2012 / 10,Bronx,8,294.8,218.5,,2
2012 / 10,Bronx,9,166.4,200.9,,2
2012 / 10,Bronx,10,302.4,230.5,,2
2012 / 10,Bronx,11,300.3,217.4,,2
2012 / 10,Bronx,12,320.8,340.3,,2
2012 / 10,Brooklyn,1,471.5,315,,3
2012 / 10,Brooklyn,2,431.7,250.7,,3
2012 / 10,Brooklyn,3,234.8,193.2,,3
2012 / 10,Brooklyn,4,267.4,201.4,,3
2012 / 10,Brooklyn,5,223.3,238.9,,3
2012 / 10,Brooklyn,6,554.2,307.3,,3
2012 / 10,Brooklyn,7,401.2,285.8,,3
2012 / 10,Brooklyn,8,247.8,179.8,,3
2012 / 10,Brooklyn,9,221,144.9,,3
2012 / 10,Brooklyn,10,506,295.3,,3
2012 / 10,Brooklyn,11,619.4,346.8,,3
2012 / 10,Brooklyn,12,616.5,332.8,,3
2012 / 10,Brooklyn,13,288.2,142.7,,3
2012 / 10,Brooklyn,14,413.2,266.2,,3
2012 / 10,Brooklyn,15,604.7,352.4,,3
2012 / 10,Brooklyn,16,143.6,86.5,,3
2012 / 10,Brooklyn,17,283.6,279.3,,3
2012 / 10,Brooklyn,18,537.6,393.2,,3
2012 / 10,Manhattan,1,357.2,184.7,,1
2012 / 10,Manhattan,2,493.1,271.7,,1
2012 / 10,Manhattan,3,512.7,291.1,,1
2012 / 10,Manhattan,4,714.8,288.3,,1
2012 / 10,Manhattan,5,267.4,141.6,,1
2012 / 10,Manhattan,6,848.3,326,,1
2012 / 10,Manhattan,7,1134.4,567.9,,1
2012 / 10,Manhattan,8,1138.1,598.6,,1
2012 / 10,Manhattan,9,245,170.3,,1
2012 / 10,Manhattan,10,197.5,151.5,,1
2012 / 10,Manhattan,11,172.2,112.1,,1
2012 / 10,Manhattan,12,381.8,332.6,,1
2012 / 10,Queens,1,547.8,427.7,,4
2012 / 10,Queens,2,545.4,261.1,,4
2012 / 10,Queens,3,350.1,312,,4
2012 / 10,Queens,4,315.8,238.3,,4
2012 / 10,Queens,5,652,476.9,,4
2012 / 10,Queens,6,395.3,239.4,,4
2012 / 10,Queens,7,785.2,452.9,,4
2012 / 10,Queens,8,471,296.1,,4
2012 / 10,Queens,9,397.1,338.1,,4
2012 / 10,Queens,10,364.1,325,,4
2012 / 10,Queens,11,511.6,296.1,,4
2012 / 10,Queens,12,425.1,506.9,,4
2012 / 10,Queens,13,500.6,497.8,,4
2012 / 10,Queens,14,260,168.9,,4
2012 / 10,Staten Island,1,707.2,460.3,,5
2012 / 10,Staten Island,2,558.5,420.3,,5
2012 / 10,Staten Island,3,754.5,524.2,,5
2012 / 09,Bronx,1,234.9,80.1,,2
2012 / 09,Bronx,2,121.6,106.7,,2
2012 / 09,Bronx,3,83.8,79.1,,2
2012 / 09,Bronx,4,200.8,167.3,,2
2012 / 09,Bronx,5,200.3,218.6,,2
2012 / 09,Bronx,6,172.7,115.7,,2
2012 / 09,Bronx,7,237.8,234.8,,2
2012 / 09,Bronx,8,313.1,223.6,,2
2012 / 09,Bronx,9,182.4,215.7,,2
2012 / 09,Bronx,10,337,233.6,,2
2012 / 09,Bronx,11,327.3,232.4,,2
2012 / 09,Bronx,12,344.3,339.7,,2
2012 / 09,Brooklyn,1,534,324.2,,3
2012 / 09,Brooklyn,2,452.4,259,,3
2012 / 09,Brooklyn,3,261,195.4,,3
2012 / 09,Brooklyn,4,285.9,220.3,,3
2012 / 09,Brooklyn,5,242.7,250.7,,3
2012 / 09,Brooklyn,6,581.1,325,,3
2012 / 09,Brooklyn,7,411.4,301.8,,3
2012 / 09,Brooklyn,8,233.3,189.1,,3
2012 / 09,Brooklyn,9,236.3,157.4,,3
2012 / 09,Brooklyn,10,542,311.6,,3
2012 / 09,Brooklyn,11,658.9,381.9,,3
2012 / 09,Brooklyn,12,699.9,339.6,,3
2012 / 09,Brooklyn,13,295.9,145,,3
2012 / 09,Brooklyn,14,459.5,293,,3
2012 / 09,Brooklyn,15,667.1,382.6,,3
2012 / 09,Brooklyn,16,164,103.9,,3
2012 / 09,Brooklyn,17,302.5,327.6,,3
2012 / 09,Brooklyn,18,581.3,461,,3
2012 / 09,Manhattan,1,376.2,181.5,,1
2012 / 09,Manhattan,2,478.3,248.3,,1
2012 / 09,Manhattan,3,556.2,311.1,,1
2012 / 09,Manhattan,4,718.8,299,,1
2012 / 09,Manhattan,5,260.8,136.9,,1
2012 / 09,Manhattan,6,850.9,327.6,,1
2012 / 09,Manhattan,7,1176.7,570.8,,1
2012 / 09,Manhattan,8,1190,594,,1
2012 / 09,Manhattan,9,300.4,181.4,,1
2012 / 09,Manhattan,10,226.3,135.6,,1
2012 / 09,Manhattan,11,211.5,118,,1
2012 / 09,Manhattan,12,421.1,345.4,,1
2012 / 09,Queens,1,575.1,370.6,,4
2012 / 09,Queens,2,551.3,279.7,,4
2012 / 09,Queens,3,371,332.4,,4
2012 / 09,Queens,4,330.4,253.1,,4
2012 / 09,Queens,5,680.6,511.4,,4
2012 / 09,Queens,6,430.7,260.4,,4
2012 / 09,Queens,7,848.5,410.7,,4
2012 / 09,Queens,8,507.1,322.6,,4
2012 / 09,Queens,9,420.1,357.8,,4
2012 / 09,Queens,10,383.9,342.3,,4
2012 / 09,Queens,11,532.2,282.8,,4
2012 / 09,Queens,12,458,550.2,,4
2012 / 09,Queens,13,557.8,548.3,,4
2012 / 09,Queens,14,295,200.9,,4
2012 / 09,Staten Island,1,736.2,503.3,,5
2012 / 09,Staten Island,2,595.8,434.4,,5
2012 / 09,Staten Island,3,784.7,571.4,,5
2012 / 08,Bronx,1,200.3,92.1,,2
2012 / 08,Bronx,2,155.9,122.4,,2
2012 / 08,Bronx,3,87,88.5,,2
2012 / 08,Bronx,4,176.1,169.5,,2
2012 / 08,Bronx,5,161.4,219.4,,2
2012 / 08,Bronx,6,144.4,125.6,,2
2012 / 08,Bronx,7,232.8,257.3,,2
2012 / 08,Bronx,8,311,229.8,,2
2012 / 08,Bronx,9,191.7,237.8,,2
2012 / 08,Bronx,10,333.2,259.1,,2
2012 / 08,Bronx,11,318.3,254.3,,2
2012 / 08,Bronx,12,371.9,372.9,,2
2012 / 08,Brooklyn,1,476,362.6,,3
2012 / 08,Brooklyn,2,430.1,280.6,,3
2012 / 08,Brooklyn,3,242,221.3,,3
2012 / 08,Brooklyn,4,299,241.9,,3
2012 / 08,Brooklyn,5,244.8,293,,3
2012 / 08,Brooklyn,6,537.4,333,,3
2012 / 08,Brooklyn,7,415,324,,3
2012 / 08,Brooklyn,8,229.3,207.1,,3
2012 / 08,Brooklyn,9,224,169.8,,3
2012 / 08,Brooklyn,10,534.1,323.2,,3
2012 / 08,Brooklyn,11,690.7,395.8,,3
2012 / 08,Brooklyn,12,567.9,300,,3
2012 / 08,Brooklyn,13,283.1,168.5,,3
2012 / 08,Brooklyn,14,424.6,275.2,,3
2012 / 08,Brooklyn,15,595.5,365.9,,3
2012 / 08,Brooklyn,16,169.5,116.6,,3
2012 / 08,Brooklyn,17,323.3,353.1,,3
2012 / 08,Brooklyn,18,602.3,494.8,,3
2012 / 08,Manhattan,1,381.3,213.2,,1
2012 / 08,Manhattan,2,415.9,250.1,,1
2012 / 08,Manhattan,3,571.4,339.8,,1
2012 / 08,Manhattan,4,720.2,334.2,,1
2012 / 08,Manhattan,5,254.6,150.7,,1
2012 / 08,Manhattan,6,837.6,363.3,,1
2012 / 08,Manhattan,7,1052.1,560,,1
2012 / 08,Manhattan,8,1048,574.6,,1
2012 / 08,Manhattan,9,280.2,188.6,,1
2012 / 08,Manhattan,10,239.4,161.4,,1
2012 / 08,Manhattan,11,201.4,133.8,,1
2012 / 08,Manhattan,12,422.7,386.3,,1
2012 / 08,Queens,1,558.9,402.4,,4
2012 / 08,Queens,2,545.3,295.6,,4
2012 / 08,Queens,3,409.7,377.5,,4
2012 / 08,Queens,4,367.9,286,,4
2012 / 08,Queens,5,696.2,546.3,,4
2012 / 08,Queens,6,448.4,279.9,,4
2012 / 08,Queens,7,862.3,445.5,,4
2012 / 08,Queens,8,531.6,338.4,,4
2012 / 08,Queens,9,431.8,381.9,,4
2012 / 08,Queens,10,408.9,379.5,,4
2012 / 08,Queens,11,522.4,283.6,,4
2012 / 08,Queens,12,497.3,624.5,,4
2012 / 08,Queens,13,579.7,608.9,,4
2012 / 08,Queens,14,304.7,232.1,,4
2012 / 08,Staten Island,1,736.3,555.5,,5
2012 / 08,Staten Island,2,597.7,485.9,,5
2012 / 08,Staten Island,3,823.6,622.8,,5
2012 / 07,Bronx,1,214.1,94,,2
2012 / 07,Bronx,2,110.8,95.6,,2
2012 / 07,Bronx,3,82.6,88.7,,2
2012 / 07,Bronx,4,180.8,187.3,,2
2012 / 07,Bronx,5,172.7,223.9,,2
2012 / 07,Bronx,6,144.5,127.7,,2
2012 / 07,Bronx,7,224.3,253.9,,2
2012 / 07,Bronx,8,304.1,248.6,,2
2012 / 07,Bronx,9,173.9,220.5,,2
2012 / 07,Bronx,10,300.3,245.6,,2
2012 / 07,Bronx,11,289.5,246.1,,2
2012 / 07,Bronx,12,344,382.2,,2
2012 / 07,Brooklyn,1,404.7,341.1,,3
2012 / 07,Brooklyn,2,359.1,262.4,,3
2012 / 07,Brooklyn,3,220,225.6,,3
2012 / 07,Brooklyn,4,283.7,231.9,,3
2012 / 07,Brooklyn,5,229.9,288.4,,3
2012 / 07,Brooklyn,6,477.8,321.1,,3
2012 / 07,Brooklyn,7,416.2,313.2,,3
2012 / 07,Brooklyn,8,230.1,215.4,,3
2012 / 07,Brooklyn,9,195.3,152.4,,3
2012 / 07,Brooklyn,10,515.2,327.2,,3
2012 / 07,Brooklyn,11,645.5,399.2,,3
2012 / 07,Brooklyn,12,512.2,285.2,,3
2012 / 07,Brooklyn,13,264.4,159.7,,3
2012 / 07,Brooklyn,14,408.2,285.8,,3
2012 / 07,Brooklyn,15,551.4,363.6,,3
2012 / 07,Brooklyn,16,152.2,101.4,,3
2012 / 07,Brooklyn,17,314.2,361.8,,3
2012 / 07,Brooklyn,18,573.2,487.8,,3
2012 / 07,Manhattan,1,297.6,171.8,,1
2012 / 07,Manhattan,2,375.4,256.1,,1
2012 / 07,Manhattan,3,477.4,294.4,,1
2012 / 07,Manhattan,4,595.9,291.9,,1
2012 / 07,Manhattan,5,215.9,143.9,,1
2012 / 07,Manhattan,6,698.6,305,,1
2012 / 07,Manhattan,7,929,547.9,,1
2012 / 07,Manhattan,8,902.9,540.4,,1
2012 / 07,Manhattan,9,220,160.2,,1
2012 / 07,Manhattan,10,199,156,,1
2012 / 07,Manhattan,11,161.7,113.3,,1
2012 / 07,Manhattan,12,366.6,350.5,,1
2012 / 07,Queens,1,553,391.7,,4
2012 / 07,Queens,2,538.6,291.6,,4
2012 / 07,Queens,3,368.7,348.9,,4
2012 / 07,Queens,4,342.6,264,,4
2012 / 07,Queens,5,630.2,527.8,,4
2012 / 07,Queens,6,392.2,264.5,,4
2012 / 07,Queens,7,808.6,421.1,,4
2012 / 07,Queens,8,475.8,323.7,,4
2012 / 07,Queens,9,427.6,379.5,,4
2012 / 07,Queens,10,400.7,384.6,,4
2012 / 07,Queens,11,506.3,296.4,,4
2012 / 07,Queens,12,459.3,607.5,,4
2012 / 07,Queens,13,539.6,595.5,,4
2012 / 07,Queens,14,276.5,218.2,,4
2012 / 07,Staten Island,1,694,549,,5
2012 / 07,Staten Island,2,548.7,482.2,,5
2012 / 07,Staten Island,3,735.3,611.3,,5
2012 / 06,Bronx,1,231.3,87.1,,2
2012 / 06,Bronx,2,138.4,119,,2
2012 / 06,Bronx,3,102.2,91.1,,2
2012 / 06,Bronx,4,240.7,206.5,,2
2012 / 06,Bronx,5,228.9,237.3,,2
2012 / 06,Bronx,6,208.2,119.9,,2
2012 / 06,Bronx,7,295.6,263.7,,2
2012 / 06,Bronx,8,330.6,246.9,,2
2012 / 06,Bronx,9,202,234.8,,2
2012 / 06,Bronx,10,352.2,273.3,,2
2012 / 06,Bronx,11,355.5,256.1,,2
2012 / 06,Bronx,12,389,393.5,,2
2012 / 06,Brooklyn,1,498.4,355.7,,3
2012 / 06,Brooklyn,2,433.3,296.4,,3
2012 / 06,Brooklyn,3,263,221.5,,3
2012 / 06,Brooklyn,4,354,248.5,,3
2012 / 06,Brooklyn,5,245.5,287.5,,3
2012 / 06,Brooklyn,6,596.8,367.2,,3
2012 / 06,Brooklyn,7,466.5,319.2,,3
2012 / 06,Brooklyn,8,241.6,198.8,,3
2012 / 06,Brooklyn,9,248.2,168.7,,3
2012 / 06,Brooklyn,10,622.1,330.9,,3
2012 / 06,Brooklyn,11,753.1,407.6,,3
2012 / 06,Brooklyn,12,688.6,340.8,,3
2012 / 06,Brooklyn,13,350.6,166.2,,3
2012 / 06,Brooklyn,14,490.6,311.6,,3
2012 / 06,Brooklyn,15,697.8,406.7,,3
2012 / 06,Brooklyn,16,177.2,112.1,,3
2012 / 06,Brooklyn,17,375.5,353.8,,3
2012 / 06,Brooklyn,18,664.1,502.8,,3
2012 / 06,Manhattan,1,347.9,202.8,,1
2012 / 06,Manhattan,2,445.8,269.5,,1
2012 / 06,Manhattan,3,568.6,317.5,,1
2012 / 06,Manhattan,4,673.8,327.3,,1
2012 / 06,Manhattan,5,232.8,150.6,,1
2012 / 06,Manhattan,6,816.4,351,,1
2012 / 06,Manhattan,7,1128.4,628.9,,1
2012 / 06,Manhattan,8,1162.3,641.6,,1
2012 / 06,Manhattan,9,311,196.5,,1
2012 / 06,Manhattan,10,249.6,169.4,,1
2012 / 06,Manhattan,11,184.1,119.9,,1
2012 / 06,Manhattan,12,461.3,370.9,,1
2012 / 06,Queens,1,674.2,430.7,,4
2012 / 06,Queens,2,637.7,309.4,,4
2012 / 06,Queens,3,424.1,368.8,,4
2012 / 06,Queens,4,378.1,276.6,,4
2012 / 06,Queens,5,804.6,564.2,,4
2012 / 06,Queens,6,461.3,282.2,,4
2012 / 06,Queens,7,942.7,510.1,,4
2012 / 06,Queens,8,603.2,348.9,,4
2012 / 06,Queens,9,501.4,393.6,,4
2012 / 06,Queens,10,477.4,399.7,,4
2012 / 06,Queens,11,589.6,336.1,,4
2012 / 06,Queens,12,537.5,642,,4
2012 / 06,Queens,13,673.2,632.4,,4
2012 / 06,Queens,14,337.9,225.7,,4
2012 / 06,Staten Island,1,846.5,550.2,,5
2012 / 06,Staten Island,2,658.7,492,,5
2012 / 06,Staten Island,3,886.6,637.7,,5
2012 / 05,Bronx,1,207.7,81,,2
2012 / 05,Bronx,2,148.5,115.5,,2
2012 / 05,Bronx,3,106.9,104.8,,2
2012 / 05,Bronx,4,202.6,174.1,,2
2012 / 05,Bronx,5,194.3,221.9,,2
2012 / 05,Bronx,6,202.4,150.4,,2
2012 / 05,Bronx,7,257.6,256.7,,2
2012 / 05,Bronx,8,330.5,254.9,,2
2012 / 05,Bronx,9,187.2,232,,2
2012 / 05,Bronx,10,346.5,267.6,,2
2012 / 05,Bronx,11,319.1,246.2,,2
2012 / 05,Bronx,12,371.7,378.1,,2
2012 / 05,Brooklyn,1,514.2,369.3,,3
2012 / 05,Brooklyn,2,395.7,289.3,,3
2012 / 05,Brooklyn,3,268,228.5,,3
2012 / 05,Brooklyn,4,305.7,235.3,,3
2012 / 05,Brooklyn,5,247.1,287.8,,3
2012 / 05,Brooklyn,6,577.2,351.2,,3
2012 / 05,Brooklyn,7,416,297.5,,3
2012 / 05,Brooklyn,8,259.4,212,,3
2012 / 05,Brooklyn,9,246.7,167.1,,3
2012 / 05,Brooklyn,10,572.9,308.1,,3
2012 / 05,Brooklyn,11,694.8,392.5,,3
2012 / 05,Brooklyn,12,683.5,324.3,,3
2012 / 05,Brooklyn,13,322.7,159.4,,3
2012 / 05,Brooklyn,14,456.9,270.4,,3
2012 / 05,Brooklyn,15,680.8,388.4,,3
2012 / 05,Brooklyn,16,159.7,109.1,,3
2012 / 05,Brooklyn,17,340.4,337,,3
2012 / 05,Brooklyn,18,632.4,475,,3
2012 / 05,Manhattan,1,323.8,202.7,,1
2012 / 05,Manhattan,2,438,285.5,,1
2012 / 05,Manhattan,3,564.8,340.8,,1
2012 / 05,Manhattan,4,680.8,316.6,,1
2012 / 05,Manhattan,5,249.6,161.2,,1
2012 / 05,Manhattan,6,831.1,353.9,,1
2012 / 05,Manhattan,7,1037.7,599.5,,1
2012 / 05,Manhattan,8,1159.1,662.9,,1
2012 / 05,Manhattan,9,275.9,187.8,,1
2012 / 05,Manhattan,10,263.7,187.9,,1
2012 / 05,Manhattan,11,191.3,137.7,,1
2012 / 05,Manhattan,12,481.7,420.5,,1
2012 / 05,Queens,1,587.9,440,,4
2012 / 05,Queens,2,597.5,295.1,,4
2012 / 05,Queens,3,394.6,365.4,,4
2012 / 05,Queens,4,363.9,279.5,,4
2012 / 05,Queens,5,722.9,545.8,,4
2012 / 05,Queens,6,439.4,274.5,,4
2012 / 05,Queens,7,881.9,508.5,,4
2012 / 05,Queens,8,549.6,346.5,,4
2012 / 05,Queens,9,448.8,378.5,,4
2012 / 05,Queens,10,434.8,368.6,,4
2012 / 05,Queens,11,564.6,332.4,,4
2012 / 05,Queens,12,499.6,595.6,,4
2012 / 05,Queens,13,614.3,603.7,,4
2012 / 05,Queens,14,322.5,216.4,,4
2012 / 05,Staten Island,1,793.8,500.1,,5
2012 / 05,Staten Island,2,646.5,458.4,,5
2012 / 05,Staten Island,3,885,611.4,,5
2012 / 04,Bronx,1,192.2,85.7,,2
2012 / 04,Bronx,2,119.8,94.5,,2
2012 / 04,Bronx,3,86.5,85.8,,2
2012 / 04,Bronx,4,183.2,170.8,,2
2012 / 04,Bronx,5,177,209.4,,2
2012 / 04,Bronx,6,161.5,116.2,,2
2012 / 04,Bronx,7,217,237.8,,2
2012 / 04,Bronx,8,291.4,229.4,,2
2012 / 04,Bronx,9,166.9,211,,2
2012 / 04,Bronx,10,289.8,246.5,,2
2012 / 04,Bronx,11,274.4,236.5,,2
2012 / 04,Bronx,12,323.4,358.8,,2
2012 / 04,Brooklyn,1,485.9,327.6,,3
2012 / 04,Brooklyn,2,396.5,260.8,,3
2012 / 04,Brooklyn,3,232.3,199.4,,3
2012 / 04,Brooklyn,4,273.9,211.8,,3
2012 / 04,Brooklyn,5,224.7,261,,3
2012 / 04,Brooklyn,6,556.1,326.1,,3
2012 / 04,Brooklyn,7,413.9,280.4,,3
2012 / 04,Brooklyn,8,237.9,220.7,,3
2012 / 04,Brooklyn,9,216.1,145.3,,3
2012 / 04,Brooklyn,10,538.5,300.6,,3
2012 / 04,Brooklyn,11,674.3,353.6,,3
2012 / 04,Brooklyn,12,749.7,372.7,,3
2012 / 04,Brooklyn,13,274.1,144.4,,3
2012 / 04,Brooklyn,14,480.6,306.3,,3
2012 / 04,Brooklyn,15,626.5,372.1,,3
2012 / 04,Brooklyn,16,130.8,92.1,,3
2012 / 04,Brooklyn,17,304.1,299,,3
2012 / 04,Brooklyn,18,583.9,426.7,,3
2012 / 04,Manhattan,1,290.3,191.1,,1
2012 / 04,Manhattan,2,389,265.2,,1
2012 / 04,Manhattan,3,457.2,283.5,,1
2012 / 04,Manhattan,4,592.1,278,,1
2012 / 04,Manhattan,5,192.1,135.1,,1
2012 / 04,Manhattan,6,701.8,314.3,,1
2012 / 04,Manhattan,7,925.5,583.9,,1
2012 / 04,Manhattan,8,990.4,606,,1
2012 / 04,Manhattan,9,222.6,169.7,,1
2012 / 04,Manhattan,10,206.1,157.4,,1
2012 / 04,Manhattan,11,151.1,111.8,,1
2012 / 04,Manhattan,12,368.5,345.6,,1
2012 / 04,Queens,1,526.3,428.3,,4
2012 / 04,Queens,2,492.6,270,,4
2012 / 04,Queens,3,331.9,325.1,,4
2012 / 04,Queens,4,301.6,245.9,,4
2012 / 04,Queens,5,625.3,496.4,,4
2012 / 04,Queens,6,384.8,261.7,,4
2012 / 04,Queens,7,753.3,486.3,,4
2012 / 04,Queens,8,469.2,315.5,,4
2012 / 04,Queens,9,398,342.3,,4
2012 / 04,Queens,10,380.3,339.2,,4
2012 / 04,Queens,11,483.1,305.6,,4
2012 / 04,Queens,12,426.3,521.2,,4
2012 / 04,Queens,13,510.2,513,,4
2012 / 04,Queens,14,257.5,190.7,,4
2012 / 04,Staten Island,1,692.6,473.7,,5
2012 / 04,Staten Island,2,561.9,430.2,,5
2012 / 04,Staten Island,3,750.3,536,,5
2012 / 03,Bronx,1,220,83.5,,2
2012 / 03,Bronx,2,143.4,127.4,,2
2012 / 03,Bronx,3,82.2,80.8,,2
2012 / 03,Bronx,4,198.6,173.8,,2
2012 / 03,Bronx,5,202.6,218.3,,2
2012 / 03,Bronx,6,165.7,115.9,,2
2012 / 03,Bronx,7,224.1,247.8,,2
2012 / 03,Bronx,8,329.6,240.4,,2
2012 / 03,Bronx,9,192,234.1,,2
2012 / 03,Bronx,10,329.6,270.7,,2
2012 / 03,Bronx,11,319.3,245.2,,2
2012 / 03,Bronx,12,349.3,370.7,,2
2012 / 03,Brooklyn,1,508.5,366.8,,3
2012 / 03,Brooklyn,2,443.3,279.2,,3
2012 / 03,Brooklyn,3,230.3,205.8,,3
2012 / 03,Brooklyn,4,279.3,226.5,,3
2012 / 03,Brooklyn,5,233,263.9,,3
2012 / 03,Brooklyn,6,582.8,348,,3
2012 / 03,Brooklyn,7,398,299.9,,3
2012 / 03,Brooklyn,8,307.2,268.2,,3
2012 / 03,Brooklyn,9,252.6,162.4,,3
2012 / 03,Brooklyn,10,544.3,318.8,,3
2012 / 03,Brooklyn,11,698.6,383.4,,3
2012 / 03,Brooklyn,12,738.4,375.2,,3
2012 / 03,Brooklyn,13,295.2,155.9,,3
2012 / 03,Brooklyn,14,469.2,298,,3
2012 / 03,Brooklyn,15,661,381.3,,3
2012 / 03,Brooklyn,16,153.5,103.6,,3
2012 / 03,Brooklyn,17,318.5,315.7,,3
2012 / 03,Brooklyn,18,587.2,449.4,,3
2012 / 03,Manhattan,1,341.6,218.4,,1
2012 / 03,Manhattan,2,388.7,266,,1
2012 / 03,Manhattan,3,519.2,322.2,,1
2012 / 03,Manhattan,4,672.6,338.7,,1
2012 / 03,Manhattan,5,209.6,152.1,,1
2012 / 03,Manhattan,6,797.2,387.2,,1
2012 / 03,Manhattan,7,999.1,635.5,,1
2012 / 03,Manhattan,8,1073.2,664.9,,1
2012 / 03,Manhattan,9,273.9,199.1,,1
2012 / 03,Manhattan,10,234.2,177.8,,1
2012 / 03,Manhattan,11,163.1,116.2,,1
2012 / 03,Manhattan,12,424.7,391,,1
2012 / 03,Queens,1,540,431.4,,4
2012 / 03,Queens,2,531.8,308,,4
2012 / 03,Queens,3,374.3,357.7,,4
2012 / 03,Queens,4,331.2,270.7,,4
2012 / 03,Queens,5,682.9,527.4,,4
2012 / 03,Queens,6,422,273.9,,4
2012 / 03,Queens,7,817.9,502.3,,4
2012 / 03,Queens,8,515.6,330.9,,4
2012 / 03,Queens,9,409.8,366,,4
2012 / 03,Queens,10,391.5,348.3,,4
2012 / 03,Queens,11,504.9,311.4,,4
2012 / 03,Queens,12,463.2,546.8,,4
2012 / 03,Queens,13,547.2,531.5,,4
2012 / 03,Queens,14,291.4,200,,4
2012 / 03,Staten Island,1,749.2,498.9,,5
2012 / 03,Staten Island,2,602.3,439.8,,5
2012 / 03,Staten Island,3,815.1,567.2,,5
2012 / 02,Bronx,1,179.9,78,,2
2012 / 02,Bronx,2,114.7,106.1,,2
2012 / 02,Bronx,3,94.8,91.9,,2
2012 / 02,Bronx,4,176.7,164.9,,2
2012 / 02,Bronx,5,179.7,202.5,,2
2012 / 02,Bronx,6,162.2,130.9,,2
2012 / 02,Bronx,7,212.5,237.8,,2
2012 / 02,Bronx,8,304.1,227.4,,2
2012 / 02,Bronx,9,171.4,204.7,,2
2012 / 02,Bronx,10,289.8,235.7,,2
2012 / 02,Bronx,11,263.3,222.9,,2
2012 / 02,Bronx,12,316.3,344.6,,2
2012 / 02,Brooklyn,1,441.9,327.2,,3
2012 / 02,Brooklyn,2,395.2,267.7,,3
2012 / 02,Brooklyn,3,224.6,189.3,,3
2012 / 02,Brooklyn,4,248.2,200.4,,3
2012 / 02,Brooklyn,5,224.1,249.2,,3
2012 / 02,Brooklyn,6,503.7,309.9,,3
2012 / 02,Brooklyn,7,373.4,279.3,,3
2012 / 02,Brooklyn,8,219.3,230.6,,3
2012 / 02,Brooklyn,9,214.1,141.5,,3
2012 / 02,Brooklyn,10,492.4,293.5,,3
2012 / 02,Brooklyn,11,567.6,341.4,,3
2012 / 02,Brooklyn,12,579.9,294.6,,3
2012 / 02,Brooklyn,13,264.8,139.5,,3
2012 / 02,Brooklyn,14,396.1,265.1,,3
2012 / 02,Brooklyn,15,566.5,328.9,,3
2012 / 02,Brooklyn,16,130.2,92.3,,3
2012 / 02,Brooklyn,17,282.3,278.2,,3
2012 / 02,Brooklyn,18,509.9,383.8,,3
2012 / 02,Manhattan,1,285.5,209.5,,1
2012 / 02,Manhattan,2,393.6,277.2,,1
2012 / 02,Manhattan,3,481.9,321.3,,1
2012 / 02,Manhattan,4,606.6,297.5,,1
2012 / 02,Manhattan,5,203,152,,1
2012 / 02,Manhattan,6,681.8,332,,1
2012 / 02,Manhattan,7,873.7,589.3,,1
2012 / 02,Manhattan,8,947.7,623.4,,1
2012 / 02,Manhattan,9,231.8,174.1,,1
2012 / 02,Manhattan,10,223.1,155.4,,1
2012 / 02,Manhattan,11,168,127.8,,1
2012 / 02,Manhattan,12,389.5,374.4,,1
2012 / 02,Queens,1,505.7,420.7,,4
2012 / 02,Queens,2,504,269.9,,4
2012 / 02,Queens,3,332,321.5,,4
2012 / 02,Queens,4,304.1,244.6,,4
2012 / 02,Queens,5,617.1,458.7,,4
2012 / 02,Queens,6,370.7,241,,4
2012 / 02,Queens,7,720,457.4,,4
2012 / 02,Queens,8,443.5,275.8,,4
2012 / 02,Queens,9,380.3,320,,4
2012 / 02,Queens,10,347.7,304.1,,4
2012 / 02,Queens,11,447.3,290.8,,4
2012 / 02,Queens,12,405.2,464.9,,4
2012 / 02,Queens,13,477.2,459.9,,4
2012 / 02,Queens,14,235.3,156.1,,4
2012 / 02,Staten Island,1,664,445.9,,5
2012 / 02,Staten Island,2,520.1,392.9,,5
2012 / 02,Staten Island,3,739.2,510.7,,5
2012 / 01,Bronx,1,222.6,103.5,,2
2012 / 01,Bronx,2,118.5,105.1,,2
2012 / 01,Bronx,3,90.5,92.4,,2
2012 / 01,Bronx,4,205.4,202.6,,2
2012 / 01,Bronx,5,196,234.9,,2
2012 / 01,Bronx,6,174,131.7,,2
2012 / 01,Bronx,7,234.7,273,,2
2012 / 01,Bronx,8,345.8,276.6,,2
2012 / 01,Bronx,9,187.6,233.5,,2
2012 / 01,Bronx,10,332.2,269.6,,2
2012 / 01,Bronx,11,304.5,260.4,,2
2012 / 01,Bronx,12,354.8,400.5,,2
2012 / 01,Brooklyn,1,479.4,372.3,,3
2012 / 01,Brooklyn,2,455.3,307.6,,3
2012 / 01,Brooklyn,3,261.7,229,,3
2012 / 01,Brooklyn,4,281.7,237,,3
2012 / 01,Brooklyn,5,253.5,295,,3
2012 / 01,Brooklyn,6,583.7,377.6,,3
2012 / 01,Brooklyn,7,436.6,343.4,,3
2012 / 01,Brooklyn,8,269.5,234.1,,3
2012 / 01,Brooklyn,9,216.6,151.6,,3
2012 / 01,Brooklyn,10,591.3,367.6,,3
2012 / 01,Brooklyn,11,693.4,434.2,,3
2012 / 01,Brooklyn,12,672.3,346.5,,3
2012 / 01,Brooklyn,13,292.6,169.6,,3
2012 / 01,Brooklyn,14,478.8,324.5,,3
2012 / 01,Brooklyn,15,645.1,408.7,,3
2012 / 01,Brooklyn,16,126,93.6,,3
2012 / 01,Brooklyn,17,325.9,344.5,,3
2012 / 01,Brooklyn,18,602.6,481.1,,3
2012 / 01,Manhattan,1,320.6,206.9,,1
2012 / 01,Manhattan,2,453,315.6,,1
2012 / 01,Manhattan,3,515.3,314.2,,1
2012 / 01,Manhattan,4,632.8,309.2,,1
2012 / 01,Manhattan,5,230.9,173.4,,1
2012 / 01,Manhattan,6,739,348.2,,1
2012 / 01,Manhattan,7,1032.3,680.9,,1
2012 / 01,Manhattan,8,1018.1,667.7,,1
2012 / 01,Manhattan,9,235.8,175.3,,1
2012 / 01,Manhattan,10,254.7,174.6,,1
2012 / 01,Manhattan,11,161.1,125.4,,1
2012 / 01,Manhattan,12,404.5,388.5,,1
2012 / 01,Queens,1,619.1,495.2,,4
2012 / 01,Queens,2,572.1,336,,4
2012 / 01,Queens,3,363.1,374.3,,4
2012 / 01,Queens,4,350.4,283.2,,4
2012 / 01,Queens,5,714,564.4,,4
2012 / 01,Queens,6,430.2,287,,4
2012 / 01,Queens,7,868.9,555.7,,4
2012 / 01,Queens,8,514.9,346.7,,4
2012 / 01,Queens,9,443.7,393.6,,4
2012 / 01,Queens,10,424.1,386.6,,4
2012 / 01,Queens,11,551.4,358.6,,4
2012 / 01,Queens,12,455.6,565.2,,4
2012 / 01,Queens,13,553,573.3,,4
2012 / 01,Queens,14,280.6,193.3,,4
2012 / 01,Staten Island,1,786.3,555.6,,5
2012 / 01,Staten Island,2,634.9,493.4,,5
2012 / 01,Staten Island,3,862.1,615.6,,5
2011 / 12,Bronx,1,232.8,90.5,,2
2011 / 12,Bronx,2,168.6,130.6,,2
2011 / 12,Bronx,3,93.2,77.5,,2
2011 / 12,Bronx,4,204.8,166.5,,2
2011 / 12,Bronx,5,215.8,218.4,,2
2011 / 12,Bronx,6,169.3,112.1,,2
2011 / 12,Bronx,7,276.6,265,,2
2011 / 12,Bronx,8,405.5,264.8,,2
2011 / 12,Bronx,9,257.2,261.8,,2
2011 / 12,Bronx,10,450.9,299,,2
2011 / 12,Bronx,11,378.1,263.4,,2
2011 / 12,Bronx,12,440.9,405.1,,2
2011 / 12,Brooklyn,1,601.9,404.8,,3
2011 / 12,Brooklyn,2,496.3,302.5,,3
2011 / 12,Brooklyn,3,269.2,215,,3
2011 / 12,Brooklyn,4,328.9,238.6,,3
2011 / 12,Brooklyn,5,285.3,284.1,,3
2011 / 12,Brooklyn,6,705,384.8,,3
2011 / 12,Brooklyn,7,467.6,312.5,,3
2011 / 12,Brooklyn,8,257.2,192.1,,3
2011 / 12,Brooklyn,9,306.1,175.6,,3
2011 / 12,Brooklyn,10,683.9,342.7,,3
2011 / 12,Brooklyn,11,804.9,418.5,,3
2011 / 12,Brooklyn,12,740.8,353.3,,3
2011 / 12,Brooklyn,13,339.5,161.3,,3
2011 / 12,Brooklyn,14,507.4,295.9,,3
2011 / 12,Brooklyn,15,766,386.2,,3
2011 / 12,Brooklyn,16,193.5,115.6,,3
2011 / 12,Brooklyn,17,422.8,355.6,,3
2011 / 12,Brooklyn,18,772,520.3,,3
2011 / 12,Manhattan,1,430.2,247.7,,1
2011 / 12,Manhattan,2,489.9,293,,1
2011 / 12,Manhattan,3,631.9,350.1,,1
2011 / 12,Manhattan,4,876.5,386.3,,1
2011 / 12,Manhattan,5,289.9,179.1,,1
2011 / 12,Manhattan,6,1035.9,447.6,,1
2011 / 12,Manhattan,7,1348.8,724.2,,1
2011 / 12,Manhattan,8,1401,762.5,,1
2011 / 12,Manhattan,9,336.6,222,,1
2011 / 12,Manhattan,10,301.1,198,,1
2011 / 12,Manhattan,11,187.3,122.4,,1
2011 / 12,Manhattan,12,564,446.5,,1
2011 / 12,Queens,1,677.7,465.5,,4
2011 / 12,Queens,2,670.5,318.3,,4
2011 / 12,Queens,3,488.1,401.9,,4
2011 / 12,Queens,4,439.7,306.3,,4
2011 / 12,Queens,5,902.4,585.1,,4
2011 / 12,Queens,6,542.9,299.1,,4
2011 / 12,Queens,7,1047.3,563.9,,4
2011 / 12,Queens,8,618.6,338.1,,4
2011 / 12,Queens,9,507.5,379.1,,4
2011 / 12,Queens,10,505.1,367.9,,4
2011 / 12,Queens,11,640.1,350.6,,4
2011 / 12,Queens,12,581.6,603.5,,4
2011 / 12,Queens,13,709.1,601.6,,4
2011 / 12,Queens,14,353.4,232.1,,4
2011 / 12,Staten Island,1,987,547.7,,5
2011 / 12,Staten Island,2,791.4,483.4,,5
2011 / 12,Staten Island,3,1185,647.9,,5
2011 / 11,Bronx,1,211.9,81.2,,2
2011 / 11,Bronx,2,108.1,80.9,,2
2011 / 11,Bronx,3,99.3,97,,2
2011 / 11,Bronx,4,201.3,177,,2
2011 / 11,Bronx,5,197.4,215.9,,2
2011 / 11,Bronx,6,182.3,137.5,,2
2011 / 11,Bronx,7,230.2,237.2,,2
2011 / 11,Bronx,8,355.6,236.1,,2
2011 / 11,Bronx,9,177.4,205.9,,2
2011 / 11,Bronx,10,335.1,249.9,,2
2011 / 11,Bronx,11,297.4,230.7,,2
2011 / 11,Bronx,12,355,356.4,,2
2011 / 11,Brooklyn,1,448.4,309.1,,3
2011 / 11,Brooklyn,2,459.2,274.6,,3
2011 / 11,Brooklyn,3,245.9,206.1,,3
2011 / 11,Brooklyn,4,260.8,204.9,,3
2011 / 11,Brooklyn,5,255.2,273.5,,3
2011 / 11,Brooklyn,6,581.1,329.6,,3
2011 / 11,Brooklyn,7,407.7,288.1,,3
2011 / 11,Brooklyn,8,262.9,207.9,,3
2011 / 11,Brooklyn,9,225.5,145.6,,3
2011 / 11,Brooklyn,10,565.9,298.7,,3
2011 / 11,Brooklyn,11,666.3,354.2,,3
2011 / 11,Brooklyn,12,622.1,292.9,,3
2011 / 11,Brooklyn,13,308.7,149.6,,3
2011 / 11,Brooklyn,14,460.1,271.3,,3
2011 / 11,Brooklyn,15,666.7,358.2,,3
2011 / 11,Brooklyn,16,133.5,92.8,,3
2011 / 11,Brooklyn,17,333.5,303.9,,3
2011 / 11,Brooklyn,18,605.2,416.2,,3
2011 / 11,Manhattan,1,315.5,170.1,,1
2011 / 11,Manhattan,2,502.6,296.3,,1
2011 / 11,Manhattan,3,522.4,299,,1
2011 / 11,Manhattan,4,703.2,279,,1
2011 / 11,Manhattan,5,257.5,165.2,,1
2011 / 11,Manhattan,6,794.8,308.8,,1
2011 / 11,Manhattan,7,1115.6,589.7,,1
2011 / 11,Manhattan,8,1141.1,634.9,,1
2011 / 11,Manhattan,9,242.2,165.6,,1
2011 / 11,Manhattan,10,217.4,152.5,,1
2011 / 11,Manhattan,11,194.4,134.4,,1
2011 / 11,Manhattan,12,398.6,353.6,,1
2011 / 11,Queens,1,590,445.7,,4
2011 / 11,Queens,2,593.2,277.9,,4
2011 / 11,Queens,3,362.3,326.4,,4
2011 / 11,Queens,4,342.1,248.1,,4
2011 / 11,Queens,5,726.3,491.6,,4
2011 / 11,Queens,6,420.9,251.3,,4
2011 / 11,Queens,7,858.3,500.6,,4
2011 / 11,Queens,8,506.8,304.2,,4
2011 / 11,Queens,9,426,342.6,,4
2011 / 11,Queens,10,409.6,335.2,,4
2011 / 11,Queens,11,561.2,316,,4
2011 / 11,Queens,12,457.3,500.7,,4
2011 / 11,Queens,13,562,510.2,,4
2011 / 11,Queens,14,275.2,170.6,,4
2011 / 11,Staten Island,1,786.2,459.2,,5
2011 / 11,Staten Island,2,625.1,426.6,,5
2011 / 11,Staten Island,3,898.6,545.6,,5
2011 / 10,Bronx,1,228,79.5,,2
2011 / 10,Bronx,2,129,111.4,,2
2011 / 10,Bronx,3,75.8,76,,2
2011 / 10,Bronx,4,195.6,170.4,,2
2011 / 10,Bronx,5,184.5,216.8,,2
2011 / 10,Bronx,6,162.8,113.2,,2
2011 / 10,Bronx,7,218.2,237.3,,2
2011 / 10,Bronx,8,339.4,230.1,,2
2011 / 10,Bronx,9,194.3,225.6,,2
2011 / 10,Bronx,10,341.1,257.9,,2
2011 / 10,Bronx,11,305,235.9,,2
2011 / 10,Bronx,12,353.4,374.3,,2
2011 / 10,Brooklyn,1,486.7,342.4,,3
2011 / 10,Brooklyn,2,471.9,279.1,,3
2011 / 10,Brooklyn,3,225.6,191.9,,3
2011 / 10,Brooklyn,4,278,220.7,,3
2011 / 10,Brooklyn,5,229.1,258.8,,3
2011 / 10,Brooklyn,6,623.4,345,,3
2011 / 10,Brooklyn,7,417.1,295.5,,3
2011 / 10,Brooklyn,8,258.5,191.1,,3
2011 / 10,Brooklyn,9,226.4,145.5,,3
2011 / 10,Brooklyn,10,560.1,316,,3
2011 / 10,Brooklyn,11,669.1,396.3,,3
2011 / 10,Brooklyn,12,653.8,354.2,,3
2011 / 10,Brooklyn,13,299.8,150.1,,3
2011 / 10,Brooklyn,14,451.5,298.2,,3
2011 / 10,Brooklyn,15,663.7,395.1,,3
2011 / 10,Brooklyn,16,149.1,94.8,,3
2011 / 10,Brooklyn,17,324.3,306.8,,3
2011 / 10,Brooklyn,18,607.5,437.9,,3
2011 / 10,Manhattan,1,375.7,198.4,,1
2011 / 10,Manhattan,2,463.7,280.4,,1
2011 / 10,Manhattan,3,524.2,316,,1
2011 / 10,Manhattan,4,713.7,299.2,,1
2011 / 10,Manhattan,5,231.4,149.6,,1
2011 / 10,Manhattan,6,827.5,341,,1
2011 / 10,Manhattan,7,1138.9,624.4,,1
2011 / 10,Manhattan,8,1060.8,652,,1
2011 / 10,Manhattan,9,268.4,180,,1
2011 / 10,Manhattan,10,229.1,153.8,,1
2011 / 10,Manhattan,11,157.7,113.1,,1
2011 / 10,Manhattan,12,392.9,347.2,,1
2011 / 10,Queens,1,623.1,442.9,,4
2011 / 10,Queens,2,577.5,289,,4
2011 / 10,Queens,3,365.2,332.7,,4
2011 / 10,Queens,4,332.8,258.9,,4
2011 / 10,Queens,5,710.1,507.4,,4
2011 / 10,Queens,6,434.7,266.3,,4
2011 / 10,Queens,7,880.9,520.7,,4
2011 / 10,Queens,8,529.3,327.6,,4
2011 / 10,Queens,9,429.8,357.7,,4
2011 / 10,Queens,10,411,349.5,,4
2011 / 10,Queens,11,562.6,320.4,,4
2011 / 10,Queens,12,470.7,532.7,,4
2011 / 10,Queens,13,563.4,527.8,,4
2011 / 10,Queens,14,284,196.7,,4
2011 / 10,Staten Island,1,813.5,486.7,,5
2011 / 10,Staten Island,2,633.4,435.1,,5
2011 / 10,Staten Island,3,872.1,543.9,,5
2011 / 09,Bronx,1,266.7,77.6,,2
2011 / 09,Bronx,2,131.2,111.9,,2
2011 / 09,Bronx,3,80.9,78.7,,2
2011 / 09,Bronx,4,192.5,170.4,,2
2011 / 09,Bronx,5,193.3,210.9,,2
2011 / 09,Bronx,6,198.1,115.9,,2
2011 / 09,Bronx,7,237.9,244.8,,2
2011 / 09,Bronx,8,381.7,240.2,,2
2011 / 09,Bronx,9,214.5,238.4,,2
2011 / 09,Bronx,10,379,274.4,,2
2011 / 09,Bronx,11,333.6,251.4,,2
2011 / 09,Bronx,12,389.3,402.8,,2
2011 / 09,Brooklyn,1,554.6,374.6,,3
2011 / 09,Brooklyn,2,503.4,291.2,,3
2011 / 09,Brooklyn,3,254,217.4,,3
2011 / 09,Brooklyn,4,311.4,229.9,,3
2011 / 09,Brooklyn,5,263,284.1,,3
2011 / 09,Brooklyn,6,652.1,379.2,,3
2011 / 09,Brooklyn,7,449.1,307.3,,3
2011 / 09,Brooklyn,8,272.7,203.5,,3
2011 / 09,Brooklyn,9,259.2,166.7,,3
2011 / 09,Brooklyn,10,608,324.2,,3
2011 / 09,Brooklyn,11,719.7,430.6,,3
2011 / 09,Brooklyn,12,767.5,327,,3
2011 / 09,Brooklyn,13,353.9,169.1,,3
2011 / 09,Brooklyn,14,476.6,280.8,,3
2011 / 09,Brooklyn,15,727.2,391.9,,3
2011 / 09,Brooklyn,16,179.4,104.9,,3
2011 / 09,Brooklyn,17,350.9,342.8,,3
2011 / 09,Brooklyn,18,653,480,,3
2011 / 09,Manhattan,1,421,325.2,,1
2011 / 09,Manhattan,2,527.2,272.3,,1
2011 / 09,Manhattan,3,638.6,325.7,,1
2011 / 09,Manhattan,4,823.6,335.7,,1
2011 / 09,Manhattan,5,278.3,152.4,,1
2011 / 09,Manhattan,6,990.3,385.6,,1
2011 / 09,Manhattan,7,1271.6,627.5,,1
2011 / 09,Manhattan,8,1225.6,643.8,,1
2011 / 09,Manhattan,9,306.9,193.5,,1
2011 / 09,Manhattan,10,268.3,177.1,,1
2011 / 09,Manhattan,11,180.6,110.7,,1
2011 / 09,Manhattan,12,459.3,383.6,,1
2011 / 09,Queens,1,606.9,439.6,,4
2011 / 09,Queens,2,589.9,300.3,,4
2011 / 09,Queens,3,415.9,380.4,,4
2011 / 09,Queens,4,377.4,287,,4
2011 / 09,Queens,5,742.2,537,,4
2011 / 09,Queens,6,463.6,276.9,,4
2011 / 09,Queens,7,929.7,542.1,,4
2011 / 09,Queens,8,580.5,339.5,,4
2011 / 09,Queens,9,448.4,367.9,,4
2011 / 09,Queens,10,448.1,372.2,,4
2011 / 09,Queens,11,577.6,328,,4
2011 / 09,Queens,12,499.3,579.3,,4
2011 / 09,Queens,13,610.5,565.6,,4
2011 / 09,Queens,14,332.9,222.4,,4
2011 / 09,Staten Island,1,901.9,530.6,,5
2011 / 09,Staten Island,2,717.1,461.9,,5
2011 / 09,Staten Island,3,933.8,604.8,,5
2011 / 08,Bronx,1,223.2,92.2,,2
2011 / 08,Bronx,2,142.7,100.4,,2
2011 / 08,Bronx,3,100.7,94.8,,2
2011 / 08,Bronx,4,200.7,191.7,,2
2011 / 08,Bronx,5,197.3,235.7,,2
2011 / 08,Bronx,6,169.4,142.8,,2
2011 / 08,Bronx,7,261.5,261.6,,2
2011 / 08,Bronx,8,349.1,243.7,,2
2011 / 08,Bronx,9,203.8,238,,2
2011 / 08,Bronx,10,359,276.2,,2
2011 / 08,Bronx,11,341.7,256.4,,2
2011 / 08,Bronx,12,407.1,419.7,,2
2011 / 08,Brooklyn,1,417.6,353.8,,3
2011 / 08,Brooklyn,2,436.1,275.1,,3
2011 / 08,Brooklyn,3,249.4,232.7,,3
2011 / 08,Brooklyn,4,294.3,235,,3
2011 / 08,Brooklyn,5,273.4,318.7,,3
2011 / 08,Brooklyn,6,554.2,343.2,,3
2011 / 08,Brooklyn,7,444.2,323.9,,3
2011 / 08,Brooklyn,8,281.8,226.2,,3
2011 / 08,Brooklyn,9,208.9,153.6,,3
2011 / 08,Brooklyn,10,572.5,329.1,,3
2011 / 08,Brooklyn,11,713.1,426.1,,3
2011 / 08,Brooklyn,12,552.9,288,,3
2011 / 08,Brooklyn,13,300,165.3,,3
2011 / 08,Brooklyn,14,449.8,290.6,,3
2011 / 08,Brooklyn,15,639.7,383.1,,3
2011 / 08,Brooklyn,16,135.9,107.3,,3
2011 / 08,Brooklyn,17,333.5,355.1,,3
2011 / 08,Brooklyn,18,645.1,492.5,,3
2011 / 08,Manhattan,1,325.3,219.5,,1
2011 / 08,Manhattan,2,439.8,272.5,,1
2011 / 08,Manhattan,3,558.3,324.1,,1
2011 / 08,Manhattan,4,668.8,289.3,,1
2011 / 08,Manhattan,5,248.1,164.7,,1
2011 / 08,Manhattan,6,781.1,311.5,,1
2011 / 08,Manhattan,7,993.9,536.4,,1
2011 / 08,Manhattan,8,967.6,573.7,,1
2011 / 08,Manhattan,9,243.7,166.7,,1
2011 / 08,Manhattan,10,232.7,182.1,,1
2011 / 08,Manhattan,11,193.7,132.4,,1
2011 / 08,Manhattan,12,417.1,370,,1
2011 / 08,Queens,1,613.1,457.2,,4
2011 / 08,Queens,2,565.6,292.4,,4
2011 / 08,Queens,3,392.2,366.4,,4
2011 / 08,Queens,4,368.5,276.6,,4
2011 / 08,Queens,5,705.6,542.4,,4
2011 / 08,Queens,6,434.4,267.8,,4
2011 / 08,Queens,7,890.4,547.5,,4
2011 / 08,Queens,8,527.1,332.8,,4
2011 / 08,Queens,9,457.9,387.2,,4
2011 / 08,Queens,10,446.2,391.8,,4
2011 / 08,Queens,11,555.1,343.5,,4
2011 / 08,Queens,12,510.6,614.3,,4
2011 / 08,Queens,13,588.2,594.7,,4
2011 / 08,Queens,14,299.1,212,,4
2011 / 08,Staten Island,1,823.8,536.5,,5
2011 / 08,Staten Island,2,660.5,465.4,,5
2011 / 08,Staten Island,3,892.6,605.9,,5
2011 / 07,Bronx,1,218.3,79.4,,2
2011 / 07,Bronx,2,123.4,104.6,,2
2011 / 07,Bronx,3,72.1,80.7,,2
2011 / 07,Bronx,4,171.5,184.9,,2
2011 / 07,Bronx,5,170.5,227.6,,2
2011 / 07,Bronx,6,137.3,115.7,,2
2011 / 07,Bronx,7,223.1,247.3,,2
2011 / 07,Bronx,8,293.5,223,,2
2011 / 07,Bronx,9,197.8,244.3,,2
2011 / 07,Bronx,10,331,281.7,,2
2011 / 07,Bronx,11,301,251.6,,2
2011 / 07,Bronx,12,357.7,409.9,,2
2011 / 07,Brooklyn,1,398,348.9,,3
2011 / 07,Brooklyn,2,393.7,271.1,,3
2011 / 07,Brooklyn,3,211.5,218.4,,3
2011 / 07,Brooklyn,4,286.8,233.1,,3
2011 / 07,Brooklyn,5,242.1,291.1,,3
2011 / 07,Brooklyn,6,521.7,353.3,,3
2011 / 07,Brooklyn,7,396.2,307.7,,3
2011 / 07,Brooklyn,8,218.5,199.6,,3
2011 / 07,Brooklyn,9,209.2,160.4,,3
2011 / 07,Brooklyn,10,515.7,317.5,,3
2011 / 07,Brooklyn,11,647.4,396.6,,3
2011 / 07,Brooklyn,12,495.6,286,,3
2011 / 07,Brooklyn,13,273.1,166.4,,3
2011 / 07,Brooklyn,14,409.2,279.9,,3
2011 / 07,Brooklyn,15,553.6,358.3,,3
2011 / 07,Brooklyn,16,160.4,112.1,,3
2011 / 07,Brooklyn,17,315.7,349.3,,3
2011 / 07,Brooklyn,18,595.9,509,,3
2011 / 07,Manhattan,1,357.2,288.6,,1
2011 / 07,Manhattan,2,362.4,239.7,,1
2011 / 07,Manhattan,3,507.5,330.8,,1
2011 / 07,Manhattan,4,678.3,332.6,,1
2011 / 07,Manhattan,5,220.1,153.2,,1
2011 / 07,Manhattan,6,788.8,337.9,,1
2011 / 07,Manhattan,7,998.9,565.4,,1
2011 / 07,Manhattan,8,927,589.7,,1
2011 / 07,Manhattan,9,255.3,187.5,,1
2011 / 07,Manhattan,10,222.5,165.9,,1
2011 / 07,Manhattan,11,151.5,117.3,,1
2011 / 07,Manhattan,12,362.9,356.1,,1
2011 / 07,Queens,1,538,428.6,,4
2011 / 07,Queens,2,513.8,294.3,,4
2011 / 07,Queens,3,393.4,357.3,,4
2011 / 07,Queens,4,345.2,273.6,,4
2011 / 07,Queens,5,671.3,532.2,,4
2011 / 07,Queens,6,408.3,262.1,,4
2011 / 07,Queens,7,847.2,538.4,,4
2011 / 07,Queens,8,481.5,321.9,,4
2011 / 07,Queens,9,424.2,372.9,,4
2011 / 07,Queens,10,412.2,371.9,,4
2011 / 07,Queens,11,504.6,324.1,,4
2011 / 07,Queens,12,475.4,604.8,,4
2011 / 07,Queens,13,576.2,600.9,,4
2011 / 07,Queens,14,299.2,229.9,,4
2011 / 07,Staten Island,1,745,532,,5
2011 / 07,Staten Island,2,555.7,462.1,,5
2011 / 07,Staten Island,3,800.3,617.9,,5
2011 / 06,Bronx,1,228.1,75.7,,2
2011 / 06,Bronx,2,128.2,111.1,,2
2011 / 06,Bronx,3,121.6,94.7,,2
2011 / 06,Bronx,4,223.6,190.2,,2
2011 / 06,Bronx,5,230.7,228.3,,2
2011 / 06,Bronx,6,216.1,140.7,,2
2011 / 06,Bronx,7,328.3,270.3,,2
2011 / 06,Bronx,8,340.2,240.8,,2
2011 / 06,Bronx,9,233.8,255.4,,2
2011 / 06,Bronx,10,369.6,290.2,,2
2011 / 06,Bronx,11,339.8,266.7,,2
2011 / 06,Bronx,12,397.5,421.5,,2
2011 / 06,Brooklyn,1,498.3,391.5,,3
2011 / 06,Brooklyn,2,511.2,299.7,,3
2011 / 06,Brooklyn,3,275.3,231.1,,3
2011 / 06,Brooklyn,4,359,241.8,,3
2011 / 06,Brooklyn,5,276.1,319.8,,3
2011 / 06,Brooklyn,6,615,369.9,,3
2011 / 06,Brooklyn,7,479.2,341.8,,3
2011 / 06,Brooklyn,8,253.2,217.8,,3
2011 / 06,Brooklyn,9,245.1,160.6,,3
2011 / 06,Brooklyn,10,580.2,340.4,,3
2011 / 06,Brooklyn,11,762.3,419,,3
2011 / 06,Brooklyn,12,700.8,360.2,,3
2011 / 06,Brooklyn,13,326.3,168.4,,3
2011 / 06,Brooklyn,14,477,310.9,,3
2011 / 06,Brooklyn,15,669.8,405.1,,3
2011 / 06,Brooklyn,16,203.1,111,,3
2011 / 06,Brooklyn,17,346.2,360.6,,3
2011 / 06,Brooklyn,18,721.2,503.1,,3
2011 / 06,Manhattan,1,375.5,203.6,,1
2011 / 06,Manhattan,2,525,297.9,,1
2011 / 06,Manhattan,3,604.8,340.3,,1
2011 / 06,Manhattan,4,744.6,317.3,,1
2011 / 06,Manhattan,5,268.2,157.5,,1
2011 / 06,Manhattan,6,875.5,363.7,,1
2011 / 06,Manhattan,7,1205.9,631.6,,1
2011 / 06,Manhattan,8,1146.2,651.2,,1
2011 / 06,Manhattan,9,284.2,188.5,,1
2011 / 06,Manhattan,10,234.7,185.2,,1
2011 / 06,Manhattan,11,214.8,135.8,,1
2011 / 06,Manhattan,12,475,414.5,,1
2011 / 06,Queens,1,675.5,469.8,,4
2011 / 06,Queens,2,630.5,305.3,,4
2011 / 06,Queens,3,434.1,383.8,,4
2011 / 06,Queens,4,406.2,290.6,,4
2011 / 06,Queens,5,813.6,555.6,,4
2011 / 06,Queens,6,467.3,285.7,,4
2011 / 06,Queens,7,984.8,574.8,,4
2011 / 06,Queens,8,602.2,342.5,,4
2011 / 06,Queens,9,485,396.3,,4
2011 / 06,Queens,10,467,396.5,,4
2011 / 06,Queens,11,607.6,364.2,,4
2011 / 06,Queens,12,540.8,613.4,,4
2011 / 06,Queens,13,674.9,610.9,,4
2011 / 06,Queens,14,329.3,220.6,,4
2011 / 06,Staten Island,1,862,583.5,,5
2011 / 06,Staten Island,2,711.1,526,,5
2011 / 06,Staten Island,3,929.5,688.6,,5
2011 / 05,Bronx,1,224.9,80.7,,2
2011 / 05,Bronx,2,130.9,96.5,,2
2011 / 05,Bronx,3,98.6,88.9,,2
2011 / 05,Bronx,4,205.5,185.6,,2
2011 / 05,Bronx,5,190.4,227.3,,2
2011 / 05,Bronx,6,178.3,134.8,,2
2011 / 05,Bronx,7,251.6,242.8,,2
2011 / 05,Bronx,8,328,235.3,,2
2011 / 05,Bronx,9,196.1,225.4,,2
2011 / 05,Bronx,10,333.9,257.9,,2
2011 / 05,Bronx,11,305.2,244.2,,2
2011 / 05,Bronx,12,357.6,366.6,,2
2011 / 05,Brooklyn,1,475.9,337.4,,3
2011 / 05,Brooklyn,2,437.7,264.9,,3
2011 / 05,Brooklyn,3,241.5,215.6,,3
2011 / 05,Brooklyn,4,288.4,214.5,,3
2011 / 05,Brooklyn,5,244.7,274.4,,3
2011 / 05,Brooklyn,6,576.9,340.5,,3
2011 / 05,Brooklyn,7,434.4,313.7,,3
2011 / 05,Brooklyn,8,258.1,205,,3
2011 / 05,Brooklyn,9,224.2,143.1,,3
2011 / 05,Brooklyn,10,550.8,320.5,,3
2011 / 05,Brooklyn,11,669.8,402.2,,3
2011 / 05,Brooklyn,12,692,339.7,,3
2011 / 05,Brooklyn,13,324.6,150.1,,3
2011 / 05,Brooklyn,14,473.4,288.3,,3
2011 / 05,Brooklyn,15,666.8,363.4,,3
2011 / 05,Brooklyn,16,157.5,94,,3
2011 / 05,Brooklyn,17,327.7,305.5,,3
2011 / 05,Brooklyn,18,658.5,438.1,,3
2011 / 05,Manhattan,1,355.2,183.4,,1
2011 / 05,Manhattan,2,488.5,288.6,,1
2011 / 05,Manhattan,3,532.7,304.9,,1
2011 / 05,Manhattan,4,707.7,289.1,,1
2011 / 05,Manhattan,5,276,163.1,,1
2011 / 05,Manhattan,6,878.2,330.5,,1
2011 / 05,Manhattan,7,1148.2,589.9,,1
2011 / 05,Manhattan,8,1139.5,634.7,,1
2011 / 05,Manhattan,9,266.8,178.8,,1
2011 / 05,Manhattan,10,218.2,150.6,,1
2011 / 05,Manhattan,11,169.1,119.2,,1
2011 / 05,Manhattan,12,410,357.9,,1
2011 / 05,Queens,1,599,426,,4
2011 / 05,Queens,2,557.5,277.7,,4
2011 / 05,Queens,3,357.4,329.7,,4
2011 / 05,Queens,4,319.7,255.5,,4
2011 / 05,Queens,5,829.3,492.7,,4
2011 / 05,Queens,6,424.3,248.9,,4
2011 / 05,Queens,7,852.5,525.8,,4
2011 / 05,Queens,8,520.9,305.1,,4
2011 / 05,Queens,9,442.5,347.6,,4
2011 / 05,Queens,10,430,347.1,,4
2011 / 05,Queens,11,567,328.7,,4
2011 / 05,Queens,12,482.2,526.5,,4
2011 / 05,Queens,13,583.7,522.5,,4
2011 / 05,Queens,14,308.3,180.3,,4
2011 / 05,Staten Island,1,795.4,508.6,,5
2011 / 05,Staten Island,2,630,467.3,,5
2011 / 05,Staten Island,3,877.8,601.4,,5
2011 / 04,Bronx,1,224.9,76.1,,2
2011 / 04,Bronx,2,135.5,113.2,,2
2011 / 04,Bronx,3,84.3,81.6,,2
2011 / 04,Bronx,4,188.7,189.1,,2
2011 / 04,Bronx,5,199,244,,2
2011 / 04,Bronx,6,151.8,119.5,,2
2011 / 04,Bronx,7,246.1,247.1,,2
2011 / 04,Bronx,8,325.7,233.7,,2
2011 / 04,Bronx,9,202.3,235.5,,2
2011 / 04,Bronx,10,356.3,270.2,,2
2011 / 04,Bronx,11,319.2,243.4,,2
2011 / 04,Bronx,12,375.8,386.3,,2
2011 / 04,Brooklyn,1,539,369.2,,3
2011 / 04,Brooklyn,2,464.4,286,,3
2011 / 04,Brooklyn,3,253.2,215.8,,3
2011 / 04,Brooklyn,4,303.2,238.2,,3
2011 / 04,Brooklyn,5,251,291.9,,3
2011 / 04,Brooklyn,6,639.2,364.7,,3
2011 / 04,Brooklyn,7,440.1,310.5,,3
2011 / 04,Brooklyn,8,238.7,199.2,,3
2011 / 04,Brooklyn,9,257.7,175.2,,3
2011 / 04,Brooklyn,10,584.5,324.6,,3
2011 / 04,Brooklyn,11,752.4,410.8,,3
2011 / 04,Brooklyn,12,848.1,438.6,,3
2011 / 04,Brooklyn,13,323.1,166.7,,3
2011 / 04,Brooklyn,14,525.2,330.6,,3
2011 / 04,Brooklyn,15,702.9,437.9,,3
2011 / 04,Brooklyn,16,165.9,111.4,,3
2011 / 04,Brooklyn,17,345.5,328.1,,3
2011 / 04,Brooklyn,18,692.1,500.7,,3
2011 / 04,Manhattan,1,414.9,220.2,,1
2011 / 04,Manhattan,2,462.3,275.8,,1
2011 / 04,Manhattan,3,510.9,314.1,,1
2011 / 04,Manhattan,4,747.6,323.2,,1
2011 / 04,Manhattan,5,264.1,146.8,,1
2011 / 04,Manhattan,6,911.9,372.1,,1
2011 / 04,Manhattan,7,1211.1,639.7,,1
2011 / 04,Manhattan,8,1238.8,682.9,,1
2011 / 04,Manhattan,9,277.2,203.6,,1
2011 / 04,Manhattan,10,215.8,153.2,,1
2011 / 04,Manhattan,11,166.4,119.7,,1
2011 / 04,Manhattan,12,406.4,371.1,,1
2011 / 04,Queens,1,577.3,437.5,,4
2011 / 04,Queens,2,541.5,317.1,,4
2011 / 04,Queens,3,385.5,373.7,,4
2011 / 04,Queens,4,340.4,273.4,,4
2011 / 04,Queens,5,760.2,571.2,,4
2011 / 04,Queens,6,435.6,283.2,,4
2011 / 04,Queens,7,871,513.8,,4
2011 / 04,Queens,8,531.3,355.7,,4
2011 / 04,Queens,9,439.7,380.3,,4
2011 / 04,Queens,10,418.9,370.8,,4
2011 / 04,Queens,11,535,327.8,,4
2011 / 04,Queens,12,498.6,561.6,,4
2011 / 04,Queens,13,586.2,557.4,,4
2011 / 04,Queens,14,323.6,214.9,,4
2011 / 04,Staten Island,1,845.3,501.1,,5
2011 / 04,Staten Island,2,656.9,445.9,,5
2011 / 04,Staten Island,3,914,578.5,,5
2011 / 03,Bronx,1,263.4,84,,2
2011 / 03,Bronx,2,150.8,112.3,,2
2011 / 03,Bronx,3,111,99.8,,2
2011 / 03,Bronx,4,229.7,199.7,,2
2011 / 03,Bronx,5,230.5,243.8,,2
2011 / 03,Bronx,6,221.6,157.2,,2
2011 / 03,Bronx,7,305.8,265.1,,2
2011 / 03,Bronx,8,349.5,250.3,,2
2011 / 03,Bronx,9,228.4,243.9,,2
2011 / 03,Bronx,10,355.8,266.2,,2
2011 / 03,Bronx,11,336.9,256.1,,2
2011 / 03,Bronx,12,409,401.4,,2
2011 / 03,Brooklyn,1,499.7,384.2,,3
2011 / 03,Brooklyn,2,486.7,296.9,,3
2011 / 03,Brooklyn,3,279.9,235,,3
2011 / 03,Brooklyn,4,313.9,231.9,,3
2011 / 03,Brooklyn,5,290.1,315.4,,3
2011 / 03,Brooklyn,6,614.6,370.7,,3
2011 / 03,Brooklyn,7,457.8,321.9,,3
2011 / 03,Brooklyn,8,266.4,227.7,,3
2011 / 03,Brooklyn,9,251.3,157.9,,3
2011 / 03,Brooklyn,10,586.5,336.7,,3
2011 / 03,Brooklyn,11,787,422.8,,3
2011 / 03,Brooklyn,12,778.5,380.9,,3
2011 / 03,Brooklyn,13,331.6,171.4,,3
2011 / 03,Brooklyn,14,503.7,307.4,,3
2011 / 03,Brooklyn,15,699.5,391.2,,3
2011 / 03,Brooklyn,16,184.4,106.4,,3
2011 / 03,Brooklyn,17,348.8,328.4,,3
2011 / 03,Brooklyn,18,680.2,465.9,,3
2011 / 03,Manhattan,1,398.7,192.2,,1
2011 / 03,Manhattan,2,538.4,315.5,,1
2011 / 03,Manhattan,3,434.3,275,,1
2011 / 03,Manhattan,4,739.2,323.9,,1
2011 / 03,Manhattan,5,300,175.9,,1
2011 / 03,Manhattan,6,1041.2,447.1,,1
2011 / 03,Manhattan,7,1243.4,639.2,,1
2011 / 03,Manhattan,8,1263.7,680.5,,1
2011 / 03,Manhattan,9,257.9,186.8,,1
2011 / 03,Manhattan,10,242.1,177.1,,1
2011 / 03,Manhattan,11,194.9,132.5,,1
2011 / 03,Manhattan,12,467.6,412,,1
2011 / 03,Queens,1,624.5,458.4,,4
2011 / 03,Queens,2,590,295.1,,4
2011 / 03,Queens,3,397.3,367.7,,4
2011 / 03,Queens,4,363.4,295.2,,4
2011 / 03,Queens,5,750.8,541.9,,4
2011 / 03,Queens,6,435.7,245.6,,4
2011 / 03,Queens,7,890.7,509.2,,4
2011 / 03,Queens,8,558.4,311.6,,4
2011 / 03,Queens,9,463.5,376,,4
2011 / 03,Queens,10,444.3,369.9,,4
2011 / 03,Queens,11,580.7,333,,4
2011 / 03,Queens,12,540.9,546.9,,4
2011 / 03,Queens,13,617.7,561.8,,4
2011 / 03,Queens,14,318.1,194.5,,4
2011 / 03,Staten Island,1,866.3,516.9,,5
2011 / 03,Staten Island,2,698.1,459.8,,5
2011 / 03,Staten Island,3,929.7,584.5,,5
2011 / 02,Bronx,1,208.1,87.3,,2
2011 / 02,Bronx,2,134.3,108.3,,2
2011 / 02,Bronx,3,80.9,83.9,,2
2011 / 02,Bronx,4,192.1,179.5,,2
2011 / 02,Bronx,5,193.5,224.4,,2
2011 / 02,Bronx,6,171.9,132.7,,2
2011 / 02,Bronx,7,258.2,263.3,,2
2011 / 02,Bronx,8,310.2,235.4,,2
2011 / 02,Bronx,9,206.9,233.9,,2
2011 / 02,Bronx,10,359,278,,2
2011 / 02,Bronx,11,307.9,263,,2
2011 / 02,Bronx,12,362.3,394.8,,2
2011 / 02,Brooklyn,1,491.7,383.6,,3
2011 / 02,Brooklyn,2,470.2,312.2,,3
2011 / 02,Brooklyn,3,247.6,223.4,,3
2011 / 02,Brooklyn,4,283.7,243.8,,3
2011 / 02,Brooklyn,5,252.5,302.6,,3
2011 / 02,Brooklyn,6,624.6,401.9,,3
2011 / 02,Brooklyn,7,420.5,330.9,,3
2011 / 02,Brooklyn,8,246.4,220.6,,3
2011 / 02,Brooklyn,9,229.3,158.7,,3
2011 / 02,Brooklyn,10,573.8,346.2,,3
2011 / 02,Brooklyn,11,734.1,421.7,,3
2011 / 02,Brooklyn,12,708.5,358.9,,3
2011 / 02,Brooklyn,13,304.1,162.6,,3
2011 / 02,Brooklyn,14,490.1,315.7,,3
2011 / 02,Brooklyn,15,656.5,395.7,,3
2011 / 02,Brooklyn,16,164.5,110.2,,3
2011 / 02,Brooklyn,17,328.6,345.5,,3
2011 / 02,Brooklyn,18,670,492.9,,3
2011 / 02,Manhattan,1,395.8,217.7,,1
2011 / 02,Manhattan,2,464.9,301.3,,1
2011 / 02,Manhattan,3,410.6,282.5,,1
2011 / 02,Manhattan,4,709.2,357.2,,1
2011 / 02,Manhattan,5,258.9,171.5,,1
2011 / 02,Manhattan,6,973.3,480.1,,1
2011 / 02,Manhattan,7,1240.1,698.2,,1
2011 / 02,Manhattan,8,1266.1,736.2,,1
2011 / 02,Manhattan,9,277.3,203.3,,1
2011 / 02,Manhattan,10,220.8,158.7,,1
2011 / 02,Manhattan,11,169.7,119.4,,1
2011 / 02,Manhattan,12,424.2,397.1,,1
2011 / 02,Queens,1,584,469,,4
2011 / 02,Queens,2,523.9,302.2,,4
2011 / 02,Queens,3,393.3,385.9,,4
2011 / 02,Queens,4,362.2,292.3,,4
2011 / 02,Queens,5,699,552.9,,4
2011 / 02,Queens,6,414.4,260,,4
2011 / 02,Queens,7,869.4,509.3,,4
2011 / 02,Queens,8,524.8,307.3,,4
2011 / 02,Queens,9,447.6,377.1,,4
2011 / 02,Queens,10,416.3,368.4,,4
2011 / 02,Queens,11,532.6,325.9,,4
2011 / 02,Queens,12,504.8,552.8,,4
2011 / 02,Queens,13,580.3,541.6,,4
2011 / 02,Queens,14,286.7,199.8,,4
2011 / 02,Staten Island,1,825.4,525.8,,5
2011 / 02,Staten Island,2,643.3,455.3,,5
2011 / 02,Staten Island,3,925.2,583,,5
2011 / 01,Bronx,1,214.9,84.4,,2
2011 / 01,Bronx,2,116.5,91.1,,2
2011 / 01,Bronx,3,83.9,82.5,,2
2011 / 01,Bronx,4,208.6,209.5,,2
2011 / 01,Bronx,5,209.4,243.3,,2
2011 / 01,Bronx,6,163.1,125.5,,2
2011 / 01,Bronx,7,257.2,250,,2
2011 / 01,Bronx,8,345,275,,2
2011 / 01,Bronx,9,197.9,230.8,,2
2011 / 01,Bronx,10,341.2,265.7,,2
2011 / 01,Bronx,11,318.2,263.4,,2
2011 / 01,Bronx,12,339.7,398.1,,2
2011 / 01,Brooklyn,1,431.3,342.4,,3
2011 / 01,Brooklyn,2,458,294.1,,3
2011 / 01,Brooklyn,3,196.8,188.3,,3
2011 / 01,Brooklyn,4,273.5,219,,3
2011 / 01,Brooklyn,5,196.6,243.7,,3
2011 / 01,Brooklyn,6,553.9,378.4,,3
2011 / 01,Brooklyn,7,421.4,338.4,,3
2011 / 01,Brooklyn,8,225.8,218.8,,3
2011 / 01,Brooklyn,9,198,148.4,,3
2011 / 01,Brooklyn,10,552.2,350.3,,3
2011 / 01,Brooklyn,11,658,426.2,,3
2011 / 01,Brooklyn,12,642.5,335.1,,3
2011 / 01,Brooklyn,13,285.4,153.2,,3
2011 / 01,Brooklyn,14,464.8,315.1,,3
2011 / 01,Brooklyn,15,637.8,407.3,,3
2011 / 01,Brooklyn,16,146.4,93.4,,3
2011 / 01,Brooklyn,17,271.2,305.3,,3
2011 / 01,Brooklyn,18,562.5,455,,3
2011 / 01,Manhattan,1,388.3,194.4,,1
2011 / 01,Manhattan,2,542.5,318,,1
2011 / 01,Manhattan,3,432.5,253.6,,1
2011 / 01,Manhattan,4,720.3,312.4,,1
2011 / 01,Manhattan,5,260,158.1,,1
2011 / 01,Manhattan,6,999.9,440.7,,1
2011 / 01,Manhattan,7,1237.9,708.4,,1
2011 / 01,Manhattan,8,1275,692.9,,1
2011 / 01,Manhattan,9,250.6,176.8,,1
2011 / 01,Manhattan,10,202.3,163.3,,1
2011 / 01,Manhattan,11,196.9,131.4,,1
2011 / 01,Manhattan,12,438.5,406.3,,1
2011 / 01,Queens,1,622.7,483.2,,4
2011 / 01,Queens,2,557.9,308.7,,4
2011 / 01,Queens,3,367.8,369.7,,4
2011 / 01,Queens,4,340.8,285.8,,4
2011 / 01,Queens,5,717.3,555.6,,4
2011 / 01,Queens,6,436,283.6,,4
2011 / 01,Queens,7,871.5,539.4,,4
2011 / 01,Queens,8,471,289,,4
2011 / 01,Queens,9,446.7,381.4,,4
2011 / 01,Queens,10,344.4,308.5,,4
2011 / 01,Queens,11,531.4,321.4,,4
2011 / 01,Queens,12,414.9,476,,4
2011 / 01,Queens,13,495.3,495.9,,4
2011 / 01,Queens,14,283.1,175.7,,4
2011 / 01,Staten Island,1,797.2,520.8,,5
2011 / 01,Staten Island,2,615.7,443.9,,5
2011 / 01,Staten Island,3,862.2,579.1,,5
2010 / 12,Bronx,1,210.3,61.3,,2
2010 / 12,Bronx,2,139.3,110,,2
2010 / 12,Bronx,3,72.9,72.5,,2
2010 / 12,Bronx,4,162.2,144.3,,2
2010 / 12,Bronx,5,157.2,176.7,,2
2010 / 12,Bronx,6,150.2,105.9,,2
2010 / 12,Bronx,7,235.9,214.2,,2
2010 / 12,Bronx,8,307.1,200.7,,2
2010 / 12,Bronx,9,193.7,204.7,,2
2010 / 12,Bronx,10,343.7,225.6,,2
2010 / 12,Bronx,11,288.9,218,,2
2010 / 12,Bronx,12,340.9,324.7,,2
2010 / 12,Brooklyn,1,458.6,340.4,,3
2010 / 12,Brooklyn,2,443.4,259,,3
2010 / 12,Brooklyn,3,223.1,184.9,,3
2010 / 12,Brooklyn,4,260.3,193.5,,3
2010 / 12,Brooklyn,5,229.7,258.9,,3
2010 / 12,Brooklyn,6,582.3,330.8,,3
2010 / 12,Brooklyn,7,379.3,275.5,,3
2010 / 12,Brooklyn,8,213.3,172.1,,3
2010 / 12,Brooklyn,9,222.7,147.4,,3
2010 / 12,Brooklyn,10,530.1,289.6,,3
2010 / 12,Brooklyn,11,636.5,348.8,,3
2010 / 12,Brooklyn,12,583.8,305.5,,3
2010 / 12,Brooklyn,13,277.4,136.4,,3
2010 / 12,Brooklyn,14,410.3,241.7,,3
2010 / 12,Brooklyn,15,607.8,320.7,,3
2010 / 12,Brooklyn,16,148.6,95.6,,3
2010 / 12,Brooklyn,17,308.9,288.4,,3
2010 / 12,Brooklyn,18,609.5,408.3,,3
2010 / 12,Manhattan,1,393.1,196.5,,1
2010 / 12,Manhattan,2,490.8,268.2,,1
2010 / 12,Manhattan,3,396.2,253.5,,1
2010 / 12,Manhattan,4,745.1,317.5,,1
2010 / 12,Manhattan,5,291.1,151.1,,1
2010 / 12,Manhattan,6,1075.2,442,,1
2010 / 12,Manhattan,7,1284.7,592.8,,1
2010 / 12,Manhattan,8,1316.2,617.3,,1
2010 / 12,Manhattan,9,251,175.2,,1
2010 / 12,Manhattan,10,217.9,147.3,,1
2010 / 12,Manhattan,11,165.8,107.4,,1
2010 / 12,Manhattan,12,438.1,375.5,,1
2010 / 12,Queens,1,544.5,372.6,,4
2010 / 12,Queens,2,513.5,264.9,,4
2010 / 12,Queens,3,376.3,331.4,,4
2010 / 12,Queens,4,338.9,252.9,,4
2010 / 12,Queens,5,701.3,465.7,,4
2010 / 12,Queens,6,422.7,244.5,,4
2010 / 12,Queens,7,821.3,442.8,,4
2010 / 12,Queens,8,494.9,273.5,,4
2010 / 12,Queens,9,396.9,306.6,,4
2010 / 12,Queens,10,381.6,298.2,,4
2010 / 12,Queens,11,524.8,275.7,,4
2010 / 12,Queens,12,453.9,468.7,,4
2010 / 12,Queens,13,546.5,462.9,,4
2010 / 12,Queens,14,291.7,175.3,,4
2010 / 12,Staten Island,1,773.9,448.9,,5
2010 / 12,Staten Island,2,641.1,384.7,,5
2010 / 12,Staten Island,3,917.5,525.2,,5
2010 / 11,Bronx,1,230.7,86.5,,2
2010 / 11,Bronx,2,113.7,84.7,,2
2010 / 11,Bronx,3,83,83,,2
2010 / 11,Bronx,4,207.1,192.4,,2
2010 / 11,Bronx,5,199.6,226.2,,2
2010 / 11,Bronx,6,182.6,137.6,,2
2010 / 11,Bronx,7,238.5,237.3,,2
2010 / 11,Bronx,8,349.7,239.2,,2
2010 / 11,Bronx,9,193.2,206.9,,2
2010 / 11,Bronx,10,341.9,243.9,,2
2010 / 11,Bronx,11,311.4,222.2,,2
2010 / 11,Bronx,12,350.3,365.5,,2
2010 / 11,Brooklyn,1,417.5,315.3,,3
2010 / 11,Brooklyn,2,447,266.3,,3
2010 / 11,Brooklyn,3,229.3,204.9,,3
2010 / 11,Brooklyn,4,279,207.5,,3
2010 / 11,Brooklyn,5,229.3,269,,3
2010 / 11,Brooklyn,6,578.7,343.8,,3
2010 / 11,Brooklyn,7,418.8,318.2,,3
2010 / 11,Brooklyn,8,256.9,205.6,,3
2010 / 11,Brooklyn,9,209.1,143,,3
2010 / 11,Brooklyn,10,560.6,332.6,,3
2010 / 11,Brooklyn,11,668.5,393.1,,3
2010 / 11,Brooklyn,12,630.6,324.2,,3
2010 / 11,Brooklyn,13,302.7,152.9,,3
2010 / 11,Brooklyn,14,475,297.6,,3
2010 / 11,Brooklyn,15,642.1,362.5,,3
2010 / 11,Brooklyn,16,136.7,86.4,,3
2010 / 11,Brooklyn,17,317.5,310.5,,3
2010 / 11,Brooklyn,18,610.9,430.1,,3
2010 / 11,Manhattan,1,377.3,178.1,,1
2010 / 11,Manhattan,2,538.4,294.6,,1
2010 / 11,Manhattan,3,368.3,233,,1
2010 / 11,Manhattan,4,756.7,276.1,,1
2010 / 11,Manhattan,5,301.6,156.6,,1
2010 / 11,Manhattan,6,1036,368.5,,1
2010 / 11,Manhattan,7,1277.4,608.5,,1
2010 / 11,Manhattan,8,1326.2,625.5,,1
2010 / 11,Manhattan,9,243.4,166.9,,1
2010 / 11,Manhattan,10,211.7,147.4,,1
2010 / 11,Manhattan,11,176,114.8,,1
2010 / 11,Manhattan,12,381.5,332.7,,1
2010 / 11,Queens,1,589.6,422.8,,4
2010 / 11,Queens,2,553.5,290.9,,4
2010 / 11,Queens,3,347.4,328.1,,4
2010 / 11,Queens,4,324.8,243.6,,4
2010 / 11,Queens,5,735.7,494,,4
2010 / 11,Queens,6,415,254.5,,4
2010 / 11,Queens,7,878.2,495.7,,4
2010 / 11,Queens,8,497.8,302,,4
2010 / 11,Queens,9,437.7,346.4,,4
2010 / 11,Queens,10,414.1,353.2,,4
2010 / 11,Queens,11,577.1,314.9,,4
2010 / 11,Queens,12,461.5,487.9,,4
2010 / 11,Queens,13,554.2,505.7,,4
2010 / 11,Queens,14,290.9,169.4,,4
2010 / 11,Staten Island,1,800,479.2,,5
2010 / 11,Staten Island,2,643.7,430.2,,5
2010 / 11,Staten Island,3,874.9,538.1,,5
2010 / 10,Bronx,1,231.5,73.9,,2
2010 / 10,Bronx,2,134.7,128.9,,2
2010 / 10,Bronx,3,75.5,79.5,,2
2010 / 10,Bronx,4,200.4,184,,2
2010 / 10,Bronx,5,200.7,229,,2
2010 / 10,Bronx,6,182.6,122.9,,2
2010 / 10,Bronx,7,225,243.8,,2
2010 / 10,Bronx,8,348.3,233.6,,2
2010 / 10,Bronx,9,211.5,234.1,,2
2010 / 10,Bronx,10,372.4,269.7,,2
2010 / 10,Bronx,11,322.8,239.4,,2
2010 / 10,Bronx,12,362.4,379.8,,2
2010 / 10,Brooklyn,1,485.8,355.1,,3
2010 / 10,Brooklyn,2,487.4,284.7,,3
2010 / 10,Brooklyn,3,259.3,219.2,,3
2010 / 10,Brooklyn,4,291.8,223.6,,3
2010 / 10,Brooklyn,5,241.3,280.3,,3
2010 / 10,Brooklyn,6,655.4,375.7,,3
2010 / 10,Brooklyn,7,435.9,328.7,,3
2010 / 10,Brooklyn,8,249,200.1,,3
2010 / 10,Brooklyn,9,250.1,166.3,,3
2010 / 10,Brooklyn,10,571.5,343.8,,3
2010 / 10,Brooklyn,11,709,435,,3
2010 / 10,Brooklyn,12,680.5,385.5,,3
2010 / 10,Brooklyn,13,315,165,,3
2010 / 10,Brooklyn,14,474.4,317.2,,3
2010 / 10,Brooklyn,15,684.6,390.7,,3
2010 / 10,Brooklyn,16,169.6,105.5,,3
2010 / 10,Brooklyn,17,325.3,315.5,,3
2010 / 10,Brooklyn,18,654.6,466.5,,3
2010 / 10,Manhattan,1,429.2,215,,1
2010 / 10,Manhattan,2,520.8,278.5,,1
2010 / 10,Manhattan,3,438.8,266.2,,1
2010 / 10,Manhattan,4,842.1,340.5,,1
2010 / 10,Manhattan,5,296.5,149.1,,1
2010 / 10,Manhattan,6,1178.5,441.1,,1
2010 / 10,Manhattan,7,1404.5,638.8,,1
2010 / 10,Manhattan,8,1498.8,668.7,,1
2010 / 10,Manhattan,9,303.5,202.9,,1
2010 / 10,Manhattan,10,228.7,154.1,,1
2010 / 10,Manhattan,11,180.6,113.6,,1
2010 / 10,Manhattan,12,425.6,374.7,,1
2010 / 10,Queens,1,605.9,440.3,,4
2010 / 10,Queens,2,573.6,307.7,,4
2010 / 10,Queens,3,395.2,358.5,,4
2010 / 10,Queens,4,360.8,277.5,,4
2010 / 10,Queens,5,746.7,536.2,,4
2010 / 10,Queens,6,447.1,271.4,,4
2010 / 10,Queens,7,946.2,537,,4
2010 / 10,Queens,8,535.9,320,,4
2010 / 10,Queens,9,445.4,358.3,,4
2010 / 10,Queens,10,434.5,357.5,,4
2010 / 10,Queens,11,590.6,318.4,,4
2010 / 10,Queens,12,517.2,539.8,,4
2010 / 10,Queens,13,610.9,536,,4
2010 / 10,Queens,14,329.3,209.1,,4
2010 / 10,Staten Island,1,870.5,509.4,,5
2010 / 10,Staten Island,2,680.3,456.7,,5
2010 / 10,Staten Island,3,953.6,598.2,,5
2010 / 09,Bronx,1,229.5,71.9,,2
2010 / 09,Bronx,2,140.6,126.2,,2
2010 / 09,Bronx,3,108.2,91.6,,2
2010 / 09,Bronx,4,200,182.2,,2
2010 / 09,Bronx,5,206.1,228.6,,2
2010 / 09,Bronx,6,198.9,142,,2
2010 / 09,Bronx,7,244.5,263,,2
2010 / 09,Bronx,8,370.5,245.7,,2
2010 / 09,Bronx,9,245.9,241.9,,2
2010 / 09,Bronx,10,364.6,270.8,,2
2010 / 09,Bronx,11,331.2,252.2,,2
2010 / 09,Bronx,12,393,413.3,,2
2010 / 09,Brooklyn,1,490.8,381.3,,3
2010 / 09,Brooklyn,2,490.8,284.7,,3
2010 / 09,Brooklyn,3,260.5,234.9,,3
2010 / 09,Brooklyn,4,320,235.3,,3
2010 / 09,Brooklyn,5,251.1,305.8,,3
2010 / 09,Brooklyn,6,625.6,373.2,,3
2010 / 09,Brooklyn,7,458.9,329.2,,3
2010 / 09,Brooklyn,8,244.9,216.4,,3
2010 / 09,Brooklyn,9,250.8,179.7,,3
2010 / 09,Brooklyn,10,569.2,344.9,,3
2010 / 09,Brooklyn,11,705.7,429.8,,3
2010 / 09,Brooklyn,12,701.5,385.8,,3
2010 / 09,Brooklyn,13,318.7,174.2,,3
2010 / 09,Brooklyn,14,469.4,307.7,,3
2010 / 09,Brooklyn,15,673.3,418.6,,3
2010 / 09,Brooklyn,16,197.7,119.2,,3
2010 / 09,Brooklyn,17,327.3,365.3,,3
2010 / 09,Brooklyn,18,675.9,513,,3
2010 / 09,Manhattan,1,432.3,193.7,,1
2010 / 09,Manhattan,2,582,288.1,,1
2010 / 09,Manhattan,3,526.5,287.9,,1
2010 / 09,Manhattan,4,818.2,328.1,,1
2010 / 09,Manhattan,5,323,158.5,,1
2010 / 09,Manhattan,6,1176.8,433.8,,1
2010 / 09,Manhattan,7,1368,616.5,,1
2010 / 09,Manhattan,8,1428.8,636.6,,1
2010 / 09,Manhattan,9,303.3,184.6,,1
2010 / 09,Manhattan,10,252.6,167,,1
2010 / 09,Manhattan,11,218.6,130.6,,1
2010 / 09,Manhattan,12,498.4,418.8,,1
2010 / 09,Queens,1,607.9,442.5,,4
2010 / 09,Queens,2,588.8,315.6,,4
2010 / 09,Queens,3,392.1,372.3,,4
2010 / 09,Queens,4,354.6,285.7,,4
2010 / 09,Queens,5,735.3,548.9,,4
2010 / 09,Queens,6,443.7,284.5,,4
2010 / 09,Queens,7,924.2,545.8,,4
2010 / 09,Queens,8,516,329.9,,4
2010 / 09,Queens,9,451,381.1,,4
2010 / 09,Queens,10,430.9,381.5,,4
2010 / 09,Queens,11,589.4,339.3,,4
2010 / 09,Queens,12,517.4,590.5,,4
2010 / 09,Queens,13,630.4,590.9,,4
2010 / 09,Queens,14,329.6,225.8,,4
2010 / 09,Staten Island,1,847.6,535.3,,5
2010 / 09,Staten Island,2,703.5,483.2,,5
2010 / 09,Staten Island,3,931.4,617.9,,5
2010 / 08,Bronx,1,205.7,80.9,,2
2010 / 08,Bronx,2,130.2,97.6,,2
2010 / 08,Bronx,3,73.1,77.9,,2
2010 / 08,Bronx,4,194.8,203.8,,2
2010 / 08,Bronx,5,184,240.6,,2
2010 / 08,Bronx,6,147.1,130.4,,2
2010 / 08,Bronx,7,240.1,261.7,,2
2010 / 08,Bronx,8,317.9,236.6,,2
2010 / 08,Bronx,9,201.1,234.1,,2
2010 / 08,Bronx,10,324.1,257.6,,2
2010 / 08,Bronx,11,312,241.2,,2
2010 / 08,Bronx,12,381.8,418.8,,2
2010 / 08,Brooklyn,1,411.7,350,,3
2010 / 08,Brooklyn,2,398.9,260.5,,3
2010 / 08,Brooklyn,3,218.3,234.3,,3
2010 / 08,Brooklyn,4,262.7,224.3,,3
2010 / 08,Brooklyn,5,244.1,309.8,,3
2010 / 08,Brooklyn,6,514.3,338,,3
2010 / 08,Brooklyn,7,406.1,325.1,,3
2010 / 08,Brooklyn,8,242.9,220.2,,3
2010 / 08,Brooklyn,9,193.5,156.7,,3
2010 / 08,Brooklyn,10,532.1,337.5,,3
2010 / 08,Brooklyn,11,663.4,420.1,,3
2010 / 08,Brooklyn,12,569.8,297.9,,3
2010 / 08,Brooklyn,13,268.5,168.6,,3
2010 / 08,Brooklyn,14,438.9,288.1,,3
2010 / 08,Brooklyn,15,605,370.6,,3
2010 / 08,Brooklyn,16,132.4,102.5,,3
2010 / 08,Brooklyn,17,324.6,354.7,,3
2010 / 08,Brooklyn,18,631,478.5,,3
2010 / 08,Manhattan,1,339.9,177.8,,1
2010 / 08,Manhattan,2,443,268.9,,1
2010 / 08,Manhattan,3,385.8,249,,1
2010 / 08,Manhattan,4,661.5,283.2,,1
2010 / 08,Manhattan,5,268.1,146.5,,1
2010 / 08,Manhattan,6,917.3,369.4,,1
2010 / 08,Manhattan,7,1053.7,549.9,,1
2010 / 08,Manhattan,8,1031.6,541.2,,1
2010 / 08,Manhattan,9,238,159.5,,1
2010 / 08,Manhattan,10,207.2,164.5,,1
2010 / 08,Manhattan,11,164.2,116.7,,1
2010 / 08,Manhattan,12,381.4,373.1,,1
2010 / 08,Queens,1,593,431.9,,4
2010 / 08,Queens,2,539.5,297.2,,4
2010 / 08,Queens,3,374,356.1,,4
2010 / 08,Queens,4,356.1,274.1,,4
2010 / 08,Queens,5,706.2,517.8,,4
2010 / 08,Queens,6,434.3,265.3,,4
2010 / 08,Queens,7,880.6,544.9,,4
2010 / 08,Queens,8,500.3,312.2,,4
2010 / 08,Queens,9,457.7,370.2,,4
2010 / 08,Queens,10,427.4,378,,4
2010 / 08,Queens,11,555.6,329.6,,4
2010 / 08,Queens,12,501.2,564.8,,4
2010 / 08,Queens,13,597,576.3,,4
2010 / 08,Queens,14,306.4,207.4,,4
2010 / 08,Staten Island,1,756.8,518.4,,5
2010 / 08,Staten Island,2,597.2,441.9,,5
2010 / 08,Staten Island,3,829.7,589.2,,5
2010 / 07,Bronx,1,220.7,80.6,,2
2010 / 07,Bronx,2,139.1,114.9,,2
2010 / 07,Bronx,3,82.1,83.2,,2
2010 / 07,Bronx,4,201.2,205.9,,2
2010 / 07,Bronx,5,186.3,251.7,,2
2010 / 07,Bronx,6,157.9,137.6,,2
2010 / 07,Bronx,7,242.9,273.4,,2
2010 / 07,Bronx,8,327,255.7,,2
2010 / 07,Bronx,9,217.8,263.1,,2
2010 / 07,Bronx,10,360,294.1,,2
2010 / 07,Bronx,11,325.3,264.8,,2
2010 / 07,Bronx,12,394.6,448.6,,2
2010 / 07,Brooklyn,1,394.6,385.9,,3
2010 / 07,Brooklyn,2,410.4,295.1,,3
2010 / 07,Brooklyn,3,227.7,257.2,,3
2010 / 07,Brooklyn,4,293,244.8,,3
2010 / 07,Brooklyn,5,254.2,331.5,,3
2010 / 07,Brooklyn,6,551.6,381.7,,3
2010 / 07,Brooklyn,7,414.9,339.9,,3
2010 / 07,Brooklyn,8,223.7,216.9,,3
2010 / 07,Brooklyn,9,224.8,182.6,,3
2010 / 07,Brooklyn,10,542.2,359,,3
2010 / 07,Brooklyn,11,688.6,462.6,,3
2010 / 07,Brooklyn,12,533.7,325.5,,3
2010 / 07,Brooklyn,13,276,184.7,,3
2010 / 07,Brooklyn,14,418.3,302.6,,3
2010 / 07,Brooklyn,15,609.3,394.8,,3
2010 / 07,Brooklyn,16,165,123.6,,3
2010 / 07,Brooklyn,17,331.1,394.6,,3
2010 / 07,Brooklyn,18,628.5,546.5,,3
2010 / 07,Manhattan,1,387.5,217.9,,1
2010 / 07,Manhattan,2,439.4,278.6,,1
2010 / 07,Manhattan,3,441.1,309.6,,1
2010 / 07,Manhattan,4,736.7,364.5,,1
2010 / 07,Manhattan,5,276.6,169.2,,1
2010 / 07,Manhattan,6,1053.4,461.7,,1
2010 / 07,Manhattan,7,1151,624.4,,1
2010 / 07,Manhattan,8,1163.3,628.1,,1
2010 / 07,Manhattan,9,270.1,203,,1
2010 / 07,Manhattan,10,228.3,201.1,,1
2010 / 07,Manhattan,11,186.1,130.9,,1
2010 / 07,Manhattan,12,438.7,434.9,,1
2010 / 07,Queens,1,577.9,440.5,,4
2010 / 07,Queens,2,535.5,311.7,,4
2010 / 07,Queens,3,429.7,401,,4
2010 / 07,Queens,4,383.7,310.1,,4
2010 / 07,Queens,5,680.6,570.9,,4
2010 / 07,Queens,6,438.6,288.1,,4
2010 / 07,Queens,7,918.2,573.4,,4
2010 / 07,Queens,8,498.6,328.8,,4
2010 / 07,Queens,9,443.3,392.7,,4
2010 / 07,Queens,10,429,402.4,,4
2010 / 07,Queens,11,553.3,335.2,,4
2010 / 07,Queens,12,523,635.8,,4
2010 / 07,Queens,13,628.6,633.4,,4
2010 / 07,Queens,14,331.4,263.1,,4
2010 / 07,Staten Island,1,806.8,590.4,,5
2010 / 07,Staten Island,2,620.1,490.7,,5
2010 / 07,Staten Island,3,883.3,699.8,,5
2010 / 06,Bronx,1,243.9,81.7,,2
2010 / 06,Bronx,2,130.5,101,,2
2010 / 06,Bronx,3,103.5,94.4,,2
2010 / 06,Bronx,4,232.6,212.6,,2
2010 / 06,Bronx,5,214.7,249.8,,2
2010 / 06,Bronx,6,211.4,144.6,,2
2010 / 06,Bronx,7,257,281.8,,2
2010 / 06,Bronx,8,372,262.7,,2
2010 / 06,Bronx,9,221.6,251.4,,2
2010 / 06,Bronx,10,354.9,284.6,,2
2010 / 06,Bronx,11,335.1,266.9,,2
2010 / 06,Bronx,12,388.3,448.3,,2
2010 / 06,Brooklyn,1,431.8,387.8,,3
2010 / 06,Brooklyn,2,462.7,312.3,,3
2010 / 06,Brooklyn,3,253.1,261,,3
2010 / 06,Brooklyn,4,316.1,251.3,,3
2010 / 06,Brooklyn,5,267,346.5,,3
2010 / 06,Brooklyn,6,585,395.8,,3
2010 / 06,Brooklyn,7,498.3,356.6,,3
2010 / 06,Brooklyn,8,258.5,236.5,,3
2010 / 06,Brooklyn,9,225.4,181.9,,3
2010 / 06,Brooklyn,10,582.3,361.3,,3
2010 / 06,Brooklyn,11,711.4,443.7,,3
2010 / 06,Brooklyn,12,630.8,362.5,,3
2010 / 06,Brooklyn,13,323.4,182.5,,3
2010 / 06,Brooklyn,14,510.9,325.6,,3
2010 / 06,Brooklyn,15,693.9,438.7,,3
2010 / 06,Brooklyn,16,156.2,117.5,,3
2010 / 06,Brooklyn,17,363.1,405.9,,3
2010 / 06,Brooklyn,18,696.2,550.6,,3
2010 / 06,Manhattan,1,367.1,186.9,,1
2010 / 06,Manhattan,2,531.8,288,,1
2010 / 06,Manhattan,3,480.5,283,,1
2010 / 06,Manhattan,4,760.6,315.1,,1
2010 / 06,Manhattan,5,262.9,154.7,,1
2010 / 06,Manhattan,6,1036.5,413,,1
2010 / 06,Manhattan,7,1207.9,633.8,,1
2010 / 06,Manhattan,8,1242.6,642.5,,1
2010 / 06,Manhattan,9,271.5,184.6,,1
2010 / 06,Manhattan,10,219.6,179.6,,1
2010 / 06,Manhattan,11,161.8,115.6,,1
2010 / 06,Manhattan,12,446.6,394.3,,1
2010 / 06,Queens,1,679.6,463.1,,4
2010 / 06,Queens,2,615.3,338.1,,4
2010 / 06,Queens,3,412.5,380.6,,4
2010 / 06,Queens,4,393.5,286.5,,4
2010 / 06,Queens,5,748.4,585.3,,4
2010 / 06,Queens,6,466.5,289.8,,4
2010 / 06,Queens,7,978.7,567.8,,4
2010 / 06,Queens,8,573.5,363.6,,4
2010 / 06,Queens,9,516.5,426.5,,4
2010 / 06,Queens,10,489.6,431.1,,4
2010 / 06,Queens,11,652.1,371.7,,4
2010 / 06,Queens,12,531,642.8,,4
2010 / 06,Queens,13,666,659.1,,4
2010 / 06,Queens,14,361.1,236.6,,4
2010 / 06,Staten Island,1,873.1,583.7,,5
2010 / 06,Staten Island,2,699.3,513.9,,5
2010 / 06,Staten Island,3,938.6,681,,5
2010 / 05,Bronx,1,213.2,72.9,,2
2010 / 05,Bronx,2,126,114.6,,2
2010 / 05,Bronx,3,98.6,89.1,,2
2010 / 05,Bronx,4,193.2,192.8,,2
2010 / 05,Bronx,5,191.8,232.2,,2
2010 / 05,Bronx,6,163.5,130.9,,2
2010 / 05,Bronx,7,224.9,251.4,,2
2010 / 05,Bronx,8,332.7,242.9,,2
2010 / 05,Bronx,9,203.8,235.8,,2
2010 / 05,Bronx,10,339.5,263.6,,2
2010 / 05,Bronx,11,311.3,237.1,,2
2010 / 05,Bronx,12,358.2,392.8,,2
2010 / 05,Brooklyn,1,436.3,355.3,,3
2010 / 05,Brooklyn,2,440,287.4,,3
2010 / 05,Brooklyn,3,238.1,236.9,,3
2010 / 05,Brooklyn,4,281.6,231.6,,3
2010 / 05,Brooklyn,5,241.9,298.9,,3
2010 / 05,Brooklyn,6,557,365,,3
2010 / 05,Brooklyn,7,430.5,317.2,,3
2010 / 05,Brooklyn,8,226.4,200,,3
2010 / 05,Brooklyn,9,203.5,164.2,,3
2010 / 05,Brooklyn,10,537.4,333.4,,3
2010 / 05,Brooklyn,11,668.2,407.4,,3
2010 / 05,Brooklyn,12,611.4,359.2,,3
2010 / 05,Brooklyn,13,287.8,158.6,,3
2010 / 05,Brooklyn,14,460.7,299.8,,3
2010 / 05,Brooklyn,15,643.9,396.8,,3
2010 / 05,Brooklyn,16,148.5,109.7,,3
2010 / 05,Brooklyn,17,313.3,335.7,,3
2010 / 05,Brooklyn,18,607.6,472.9,,3
2010 / 05,Manhattan,1,402.4,196.3,,1
2010 / 05,Manhattan,2,514.9,295.8,,1
2010 / 05,Manhattan,3,426.6,273.5,,1
2010 / 05,Manhattan,4,738,317.4,,1
2010 / 05,Manhattan,5,290.6,157.5,,1
2010 / 05,Manhattan,6,1019.9,414.4,,1
2010 / 05,Manhattan,7,1182.3,618.6,,1
2010 / 05,Manhattan,8,1254.4,655.2,,1
2010 / 05,Manhattan,9,287.3,197.3,,1
2010 / 05,Manhattan,10,221,161.5,,1
2010 / 05,Manhattan,11,162.2,129.4,,1
2010 / 05,Manhattan,12,442.5,402.1,,1
2010 / 05,Queens,1,616,418.6,,4
2010 / 05,Queens,2,556.7,306.4,,4
2010 / 05,Queens,3,368.6,354.2,,4
2010 / 05,Queens,4,337.6,267.3,,4
2010 / 05,Queens,5,732,534.1,,4
2010 / 05,Queens,6,419.2,266.9,,4
2010 / 05,Queens,7,863.3,529.2,,4
2010 / 05,Queens,8,513.6,324.1,,4
2010 / 05,Queens,9,438.7,366.1,,4
2010 / 05,Queens,10,409.1,368.4,,4
2010 / 05,Queens,11,543.1,331.3,,4
2010 / 05,Queens,12,505.5,569.9,,4
2010 / 05,Queens,13,575.8,569.1,,4
2010 / 05,Queens,14,308.8,210.6,,4
2010 / 05,Staten Island,1,820,516.6,,5
2010 / 05,Staten Island,2,640.1,459.5,,5
2010 / 05,Staten Island,3,901.8,607.2,,5
2010 / 04,Bronx,1,216.2,81.8,,2
2010 / 04,Bronx,2,144.5,121.5,,2
2010 / 04,Bronx,3,86.4,81.4,,2
2010 / 04,Bronx,4,195.4,196.4,,2
2010 / 04,Bronx,5,190.6,233.2,,2
2010 / 04,Bronx,6,167.1,146.1,,2
2010 / 04,Bronx,7,229.7,268.4,,2
2010 / 04,Bronx,8,357.4,261.8,,2
2010 / 04,Bronx,9,211.5,249.5,,2
2010 / 04,Bronx,10,354.6,278.3,,2
2010 / 04,Bronx,11,315,260.4,,2
2010 / 04,Bronx,12,373.7,409.4,,2
2010 / 04,Brooklyn,1,470.2,388.1,,3
2010 / 04,Brooklyn,2,431.5,285.2,,3
2010 / 04,Brooklyn,3,259.3,242.8,,3
2010 / 04,Brooklyn,4,298.2,240.3,,3
2010 / 04,Brooklyn,5,253.8,313.5,,3
2010 / 04,Brooklyn,6,588.1,384.7,,3
2010 / 04,Brooklyn,7,440.8,338.1,,3
2010 / 04,Brooklyn,8,232.8,208.9,,3
2010 / 04,Brooklyn,9,225.5,174,,3
2010 / 04,Brooklyn,10,561.6,352.2,,3
2010 / 04,Brooklyn,11,697.7,439.6,,3
2010 / 04,Brooklyn,12,662.5,415.3,,3
2010 / 04,Brooklyn,13,297.6,178.1,,3
2010 / 04,Brooklyn,14,453.4,313.1,,3
2010 / 04,Brooklyn,15,660.1,417.2,,3
2010 / 04,Brooklyn,16,160.2,111.5,,3
2010 / 04,Brooklyn,17,328.5,341.4,,3
2010 / 04,Brooklyn,18,649.6,486.5,,3
2010 / 04,Manhattan,1,399.7,215.3,,1
2010 / 04,Manhattan,2,509.4,296.4,,1
2010 / 04,Manhattan,3,432.3,278.8,,1
2010 / 04,Manhattan,4,765.5,351,,1
2010 / 04,Manhattan,5,300.6,164.9,,1
2010 / 04,Manhattan,6,1083.9,458.9,,1
2010 / 04,Manhattan,7,1210.2,640.5,,1
2010 / 04,Manhattan,8,1272.1,662.5,,1
2010 / 04,Manhattan,9,269.6,201.9,,1
2010 / 04,Manhattan,10,232,177.5,,1
2010 / 04,Manhattan,11,170.2,130.5,,1
2010 / 04,Manhattan,12,455,424.2,,1
2010 / 04,Queens,1,575.5,437.2,,4
2010 / 04,Queens,2,546.5,305.3,,4
2010 / 04,Queens,3,391.7,372.9,,4
2010 / 04,Queens,4,344.8,297.8,,4
2010 / 04,Queens,5,775.9,573.2,,4
2010 / 04,Queens,6,426.7,287.4,,4
2010 / 04,Queens,7,871.1,544.3,,4
2010 / 04,Queens,8,508.9,337.3,,4
2010 / 04,Queens,9,442.6,367.8,,4
2010 / 04,Queens,10,422.7,371,,4
2010 / 04,Queens,11,542.2,343.7,,4
2010 / 04,Queens,12,507.2,581.9,,4
2010 / 04,Queens,13,596.8,574.8,,4
2010 / 04,Queens,14,312.6,218.6,,4
2010 / 04,Staten Island,1,840.5,550.1,,5
2010 / 04,Staten Island,2,664.6,475.3,,5
2010 / 04,Staten Island,3,942.7,637.2,,5
2010 / 03,Bronx,1,266.1,93.4,,2
2010 / 03,Bronx,2,136.9,118.9,,2
2010 / 03,Bronx,3,97.9,94.5,,2
2010 / 03,Bronx,4,232.4,221.7,,2
2010 / 03,Bronx,5,237.5,265.3,,2
2010 / 03,Bronx,6,190.9,151.4,,2
2010 / 03,Bronx,7,278.9,283.9,,2
2010 / 03,Bronx,8,374.1,280.5,,2
2010 / 03,Bronx,9,237.8,265.5,,2
2010 / 03,Bronx,10,396.2,285.9,,2
2010 / 03,Bronx,11,364,283.5,,2
2010 / 03,Bronx,12,436.8,458.5,,2
2010 / 03,Brooklyn,1,543.4,409.6,,3
2010 / 03,Brooklyn,2,493.4,308.9,,3
2010 / 03,Brooklyn,3,291.5,260.5,,3
2010 / 03,Brooklyn,4,332,256.5,,3
2010 / 03,Brooklyn,5,298.5,353.7,,3
2010 / 03,Brooklyn,6,663.2,416.2,,3
2010 / 03,Brooklyn,7,516.7,382.1,,3
2010 / 03,Brooklyn,8,294.4,230.9,,3
2010 / 03,Brooklyn,9,269.2,192.2,,3
2010 / 03,Brooklyn,10,634.2,397.2,,3
2010 / 03,Brooklyn,11,788.5,484.9,,3
2010 / 03,Brooklyn,12,939.8,498.5,,3
2010 / 03,Brooklyn,13,359.6,185.6,,3
2010 / 03,Brooklyn,14,623,388.5,,3
2010 / 03,Brooklyn,15,814.2,469.9,,3
2010 / 03,Brooklyn,16,170.3,119.9,,3
2010 / 03,Brooklyn,17,378.2,363,,3
2010 / 03,Brooklyn,18,714.1,513.5,,3
2010 / 03,Manhattan,1,413.5,215.3,,1
2010 / 03,Manhattan,2,544.5,336.1,,1
2010 / 03,Manhattan,3,467.9,300.2,,1
2010 / 03,Manhattan,4,803.9,343.3,,1
2010 / 03,Manhattan,5,286.8,175.6,,1
2010 / 03,Manhattan,6,1117.7,459.7,,1
2010 / 03,Manhattan,7,1301.8,694.7,,1
2010 / 03,Manhattan,8,1386.4,729.6,,1
2010 / 03,Manhattan,9,296.8,207.1,,1
2010 / 03,Manhattan,10,242,183.5,,1
2010 / 03,Manhattan,11,176.2,138.3,,1
2010 / 03,Manhattan,12,464.9,439.5,,1
2010 / 03,Queens,1,677.4,497.3,,4
2010 / 03,Queens,2,638.5,331.2,,4
2010 / 03,Queens,3,415.8,395,,4
2010 / 03,Queens,4,376.4,300.5,,4
2010 / 03,Queens,5,799.3,585.3,,4
2010 / 03,Queens,6,475.9,313.7,,4
2010 / 03,Queens,7,990.4,578.7,,4
2010 / 03,Queens,8,597.3,368.6,,4
2010 / 03,Queens,9,501.3,411,,4
2010 / 03,Queens,10,475.4,404.2,,4
2010 / 03,Queens,11,639.5,391.5,,4
2010 / 03,Queens,12,570.7,617.9,,4
2010 / 03,Queens,13,651.6,621.9,,4
2010 / 03,Queens,14,368.9,228.7,,4
2010 / 03,Staten Island,1,996.9,604.4,,5
2010 / 03,Staten Island,2,775.8,521.9,,5
2010 / 03,Staten Island,3,1063,687.5,,5
2010 / 02,Bronx,1,182,65.9,,2
2010 / 02,Bronx,2,100.7,80.9,,2
2010 / 02,Bronx,3,63.4,63.5,,2
2010 / 02,Bronx,4,160.8,161.2,,2
2010 / 02,Bronx,5,158.2,187.2,,2
2010 / 02,Bronx,6,139.7,114,,2
2010 / 02,Bronx,7,192.5,219.2,,2
2010 / 02,Bronx,8,267,211.9,,2
2010 / 02,Bronx,9,163.7,195,,2
2010 / 02,Bronx,10,254.6,203,,2
2010 / 02,Bronx,11,241.8,206.6,,2
2010 / 02,Bronx,12,280.1,322.3,,2
2010 / 02,Brooklyn,1,360.3,310,,3
2010 / 02,Brooklyn,2,365.5,232.8,,3
2010 / 02,Brooklyn,3,188.9,185,,3
2010 / 02,Brooklyn,4,253.7,185.9,,3
2010 / 02,Brooklyn,5,203.8,247.4,,3
2010 / 02,Brooklyn,6,470.6,299,,3
2010 / 02,Brooklyn,7,362.5,283.4,,3
2010 / 02,Brooklyn,8,204.1,179,,3
2010 / 02,Brooklyn,9,162.5,121.7,,3
2010 / 02,Brooklyn,10,458.3,293.2,,3
2010 / 02,Brooklyn,11,564.3,356.4,,3
2010 / 02,Brooklyn,12,551.7,306.7,,3
2010 / 02,Brooklyn,13,238.4,127.5,,3
2010 / 02,Brooklyn,14,403.2,256.3,,3
2010 / 02,Brooklyn,15,552.1,319.9,,3
2010 / 02,Brooklyn,16,112.4,82,,3
2010 / 02,Brooklyn,17,262.8,269.9,,3
2010 / 02,Brooklyn,18,474.8,361,,3
2010 / 02,Manhattan,1,288.5,154.3,,1
2010 / 02,Manhattan,2,408,256.9,,1
2010 / 02,Manhattan,3,355.8,231.9,,1
2010 / 02,Manhattan,4,570.9,268.1,,1
2010 / 02,Manhattan,5,211.4,125.4,,1
2010 / 02,Manhattan,6,820.2,371.5,,1
2010 / 02,Manhattan,7,938.3,552.1,,1
2010 / 02,Manhattan,8,1008.8,562.8,,1
2010 / 02,Manhattan,9,188,149.7,,1
2010 / 02,Manhattan,10,158.8,127.3,,1
2010 / 02,Manhattan,11,115.8,86.7,,1
2010 / 02,Manhattan,12,337.4,328.1,,1
2010 / 02,Queens,1,456,370.3,,4
2010 / 02,Queens,2,422.5,239.4,,4
2010 / 02,Queens,3,269.9,273.3,,4
2010 / 02,Queens,4,252.6,218.9,,4
2010 / 02,Queens,5,531.2,432.1,,4
2010 / 02,Queens,6,320.7,225.1,,4
2010 / 02,Queens,7,662.4,425.7,,4
2010 / 02,Queens,8,373,242.5,,4
2010 / 02,Queens,9,330,293.7,,4
2010 / 02,Queens,10,310.2,283.5,,4
2010 / 02,Queens,11,412.9,255.3,,4
2010 / 02,Queens,12,348,414,,4
2010 / 02,Queens,13,396,406.8,,4
2010 / 02,Queens,14,239.6,153.2,,4
2010 / 02,Staten Island,1,598.8,400.9,,5
2010 / 02,Staten Island,2,464.4,350,,5
2010 / 02,Staten Island,3,644.8,444.8,,5
2010 / 01,Bronx,1,219.8,89,,2
2010 / 01,Bronx,2,130.7,113.1,,2
2010 / 01,Bronx,3,79.4,88.4,,2
2010 / 01,Bronx,4,200.2,212.4,,2
2010 / 01,Bronx,5,196.3,255.3,,2
2010 / 01,Bronx,6,150.7,128.5,,2
2010 / 01,Bronx,7,236.2,278.8,,2
2010 / 01,Bronx,8,339.4,267.5,,2
2010 / 01,Bronx,9,213.6,250.2,,2
2010 / 01,Bronx,10,367.1,283.8,,2
2010 / 01,Bronx,11,325.5,273.1,,2
2010 / 01,Bronx,12,385.1,442.1,,2
2010 / 01,Brooklyn,1,477.7,379.3,,3
2010 / 01,Brooklyn,2,451.7,314.5,,3
2010 / 01,Brooklyn,3,245.3,245.7,,3
2010 / 01,Brooklyn,4,293,241.4,,3
2010 / 01,Brooklyn,5,248.7,330.4,,3
2010 / 01,Brooklyn,6,646.9,411.4,,3
2010 / 01,Brooklyn,7,462.8,357.6,,3
2010 / 01,Brooklyn,8,228.2,212.4,,3
2010 / 01,Brooklyn,9,239.3,179.6,,3
2010 / 01,Brooklyn,10,617.3,372.1,,3
2010 / 01,Brooklyn,11,777.8,479.5,,3
2010 / 01,Brooklyn,12,656.3,367.5,,3
2010 / 01,Brooklyn,13,308.7,183.2,,3
2010 / 01,Brooklyn,14,482.9,335,,3
2010 / 01,Brooklyn,15,692.3,401.1,,3
2010 / 01,Brooklyn,16,157.4,115.7,,3
2010 / 01,Brooklyn,17,337.4,349.2,,3
2010 / 01,Brooklyn,18,653,493,,3
2010 / 01,Manhattan,1,410.1,230.6,,1
2010 / 01,Manhattan,2,513.8,323.6,,1
2010 / 01,Manhattan,3,436.2,298.6,,1
2010 / 01,Manhattan,4,791.9,370.5,,1
2010 / 01,Manhattan,5,329.3,195.1,,1
2010 / 01,Manhattan,6,1041.1,489.5,,1
2010 / 01,Manhattan,7,1242.3,728.5,,1
2010 / 01,Manhattan,8,1305.7,742.9,,1
2010 / 01,Manhattan,9,312.3,222.2,,1
2010 / 01,Manhattan,10,255.8,203.6,,1
2010 / 01,Manhattan,11,196.3,149.2,,1
2010 / 01,Manhattan,12,468.2,468.2,,1
2010 / 01,Queens,1,595.6,475.1,,4
2010 / 01,Queens,2,538.3,330.2,,4
2010 / 01,Queens,3,397.8,388.3,,4
2010 / 01,Queens,4,361.2,297.5,,4
2010 / 01,Queens,5,716.3,598.1,,4
2010 / 01,Queens,6,436.8,297.1,,4
2010 / 01,Queens,7,905.5,561.7,,4
2010 / 01,Queens,8,502.1,322.7,,4
2010 / 01,Queens,9,442.5,378.8,,4
2010 / 01,Queens,10,427.1,376.8,,4
2010 / 01,Queens,11,569.8,345,,4
2010 / 01,Queens,12,483.3,570.5,,4
2010 / 01,Queens,13,586,566.2,,4
2010 / 01,Queens,14,317.2,220,,4
2010 / 01,Staten Island,1,861.6,559,,5
2010 / 01,Staten Island,2,661.7,459.4,,5
2010 / 01,Staten Island,3,960.5,664.8,,5
2009 / 12,Bronx,1,233.8,88.4,,2
2009 / 12,Bronx,2,127.8,117,,2
2009 / 12,Bronx,3,84.1,84,,2
2009 / 12,Bronx,4,225.8,200.3,,2
2009 / 12,Bronx,5,213.1,244.4,,2
2009 / 12,Bronx,6,198.8,165.7,,2
2009 / 12,Bronx,7,297.2,289.6,,2
2009 / 12,Bronx,8,441.7,298.1,,2
2009 / 12,Bronx,9,248.4,260.4,,2
2009 / 12,Bronx,10,443.2,283.5,,2
2009 / 12,Bronx,11,391.1,275.3,,2
2009 / 12,Bronx,12,449.5,428,,2
2009 / 12,Brooklyn,1,515,410,,3
2009 / 12,Brooklyn,2,492.2,294.4,,3
2009 / 12,Brooklyn,3,254.2,235.3,,3
2009 / 12,Brooklyn,4,339.2,244.8,,3
2009 / 12,Brooklyn,5,303.8,346.3,,3
2009 / 12,Brooklyn,6,697.8,403.9,,3
2009 / 12,Brooklyn,7,539.2,376.3,,3
2009 / 12,Brooklyn,8,281.8,221.4,,3
2009 / 12,Brooklyn,9,255.1,171.6,,3
2009 / 12,Brooklyn,10,734.4,409.2,,3
2009 / 12,Brooklyn,11,881.8,489.3,,3
2009 / 12,Brooklyn,12,772,415.5,,3
2009 / 12,Brooklyn,13,331.3,166.2,,3
2009 / 12,Brooklyn,14,549.6,326.6,,3
2009 / 12,Brooklyn,15,828.5,415.3,,3
2009 / 12,Brooklyn,16,168.4,112.5,,3
2009 / 12,Brooklyn,17,411.5,382.7,,3
2009 / 12,Brooklyn,18,780.7,519.8,,3
2009 / 12,Manhattan,1,449.7,222.4,,1
2009 / 12,Manhattan,2,630,336.6,,1
2009 / 12,Manhattan,3,489.6,300.8,,1
2009 / 12,Manhattan,4,860.8,343.9,,1
2009 / 12,Manhattan,5,316.1,164.7,,1
2009 / 12,Manhattan,6,1304.7,519.1,,1
2009 / 12,Manhattan,7,1483.4,724.4,,1
2009 / 12,Manhattan,8,1571,753.9,,1
2009 / 12,Manhattan,9,274.6,192.6,,1
2009 / 12,Manhattan,10,224.7,164.1,,1
2009 / 12,Manhattan,11,186.2,113.1,,1
2009 / 12,Manhattan,12,532.2,465.3,,1
2009 / 12,Queens,1,681.2,483.6,,4
2009 / 12,Queens,2,660,322.2,,4
2009 / 12,Queens,3,459.5,394.2,,4
2009 / 12,Queens,4,411.2,307.8,,4
2009 / 12,Queens,5,904.5,595.8,,4
2009 / 12,Queens,6,535.4,308,,4
2009 / 12,Queens,7,1072.4,586.1,,4
2009 / 12,Queens,8,569.7,325.2,,4
2009 / 12,Queens,9,530.9,397.1,,4
2009 / 12,Queens,10,518,388.8,,4
2009 / 12,Queens,11,680.4,374.4,,4
2009 / 12,Queens,12,579.4,582.7,,4
2009 / 12,Queens,13,689.8,603,,4
2009 / 12,Queens,14,396.1,220.9,,4
2009 / 12,Staten Island,1,1038.7,597.7,,5
2009 / 12,Staten Island,2,864.1,521.8,,5
2009 / 12,Staten Island,3,1226.5,685.8,,5
2009 / 11,Bronx,1,212.4,74.9,,2
2009 / 11,Bronx,2,100.5,77.6,,2
2009 / 11,Bronx,3,72.5,73.1,,2
2009 / 11,Bronx,4,178.2,189.4,,2
2009 / 11,Bronx,5,183.9,215.6,,2
2009 / 11,Bronx,6,132,101.6,,2
2009 / 11,Bronx,7,210.4,239.2,,2
2009 / 11,Bronx,8,315.3,220.7,,2
2009 / 11,Bronx,9,189.3,211.8,,2
2009 / 11,Bronx,10,338.2,233.9,,2
2009 / 11,Bronx,11,304.4,228.6,,2
2009 / 11,Bronx,12,359.9,365.8,,2
2009 / 11,Brooklyn,1,393,297.6,,3
2009 / 11,Brooklyn,2,411.7,248.5,,3
2009 / 11,Brooklyn,3,218.4,201.6,,3
2009 / 11,Brooklyn,4,281.5,198.7,,3
2009 / 11,Brooklyn,5,233,285.9,,3
2009 / 11,Brooklyn,6,561.4,337.7,,3
2009 / 11,Brooklyn,7,415.1,308.2,,3
2009 / 11,Brooklyn,8,224.9,182.9,,3
2009 / 11,Brooklyn,9,196.9,138.2,,3
2009 / 11,Brooklyn,10,548.3,322.3,,3
2009 / 11,Brooklyn,11,659.8,385.6,,3
2009 / 11,Brooklyn,12,591.5,315.7,,3
2009 / 11,Brooklyn,13,284.6,143.6,,3
2009 / 11,Brooklyn,14,462,291.5,,3
2009 / 11,Brooklyn,15,652,348,,3
2009 / 11,Brooklyn,16,138.1,88,,3
2009 / 11,Brooklyn,17,316.4,298.1,,3
2009 / 11,Brooklyn,18,596.2,400.2,,3
2009 / 11,Manhattan,1,364,181.6,,1
2009 / 11,Manhattan,2,500.2,289.2,,1
2009 / 11,Manhattan,3,383,240.2,,1
2009 / 11,Manhattan,4,722.7,281.2,,1
2009 / 11,Manhattan,5,268.5,144.9,,1
2009 / 11,Manhattan,6,1044.1,382.7,,1
2009 / 11,Manhattan,7,1195.3,599.2,,1
2009 / 11,Manhattan,8,1321.2,620.1,,1
2009 / 11,Manhattan,9,248.4,167.2,,1
2009 / 11,Manhattan,10,179.8,144.3,,1
2009 / 11,Manhattan,11,159.1,113.8,,1
2009 / 11,Manhattan,12,371.8,348.3,,1
2009 / 11,Queens,1,578.1,406.4,,4
2009 / 11,Queens,2,538.7,266,,4
2009 / 11,Queens,3,344.7,314.1,,4
2009 / 11,Queens,4,314,238.6,,4
2009 / 11,Queens,5,721.7,468.4,,4
2009 / 11,Queens,6,408.8,244.6,,4
2009 / 11,Queens,7,854.7,490.6,,4
2009 / 11,Queens,8,467,269.7,,4
2009 / 11,Queens,9,425,319.6,,4
2009 / 11,Queens,10,407.3,323.8,,4
2009 / 11,Queens,11,553.4,294.6,,4
2009 / 11,Queens,12,450.5,465.3,,4
2009 / 11,Queens,13,549.6,468.8,,4
2009 / 11,Queens,14,285.1,167.7,,4
2009 / 11,Staten Island,1,801.2,480.5,,5
2009 / 11,Staten Island,2,617,396.1,,5
2009 / 11,Staten Island,3,889.5,540,,5
2009 / 10,Bronx,1,221.1,81.6,,2
2009 / 10,Bronx,2,131.8,158.6,,2
2009 / 10,Bronx,3,95.7,82.9,,2
2009 / 10,Bronx,4,195.8,200.3,,2
2009 / 10,Bronx,5,198,252.9,,2
2009 / 10,Bronx,6,174.3,135.4,,2
2009 / 10,Bronx,7,235.1,273.3,,2
2009 / 10,Bronx,8,378.2,264.2,,2
2009 / 10,Bronx,9,223.5,260.6,,2
2009 / 10,Bronx,10,376.7,279.4,,2
2009 / 10,Bronx,11,341,270.6,,2
2009 / 10,Bronx,12,388.3,415.9,,2
2009 / 10,Brooklyn,1,475.9,385,,3
2009 / 10,Brooklyn,2,441.2,293.3,,3
2009 / 10,Brooklyn,3,252,240.9,,3
2009 / 10,Brooklyn,4,305.8,235.8,,3
2009 / 10,Brooklyn,5,246.6,332.1,,3
2009 / 10,Brooklyn,6,644.4,393.7,,3
2009 / 10,Brooklyn,7,463.8,361.9,,3
2009 / 10,Brooklyn,8,236.1,201.6,,3
2009 / 10,Brooklyn,9,240,177.4,,3
2009 / 10,Brooklyn,10,606.1,372.2,,3
2009 / 10,Brooklyn,11,757.8,455.7,,3
2009 / 10,Brooklyn,12,690.8,410.2,,3
2009 / 10,Brooklyn,13,321.5,191.7,,3
2009 / 10,Brooklyn,14,484.1,318.2,,3
2009 / 10,Brooklyn,15,716.4,424.9,,3
2009 / 10,Brooklyn,16,156,115,,3
2009 / 10,Brooklyn,17,344.9,349.9,,3
2009 / 10,Brooklyn,18,670.8,492.8,,3
2009 / 10,Manhattan,1,448.2,236.2,,1
2009 / 10,Manhattan,2,580.7,329.9,,1
2009 / 10,Manhattan,3,484.9,311.5,,1
2009 / 10,Manhattan,4,853.6,368.8,,1
2009 / 10,Manhattan,5,358.2,198.2,,1
2009 / 10,Manhattan,6,1256.9,498.6,,1
2009 / 10,Manhattan,7,1378.7,696.2,,1
2009 / 10,Manhattan,8,1454.9,734.2,,1
2009 / 10,Manhattan,9,323.4,216.7,,1
2009 / 10,Manhattan,10,248.3,184.5,,1
2009 / 10,Manhattan,11,197.6,147.4,,1
2009 / 10,Manhattan,12,525.8,445,,1
2009 / 10,Queens,1,623.7,457.2,,4
2009 / 10,Queens,2,588.3,321.6,,4
2009 / 10,Queens,3,427.1,399.3,,4
2009 / 10,Queens,4,364.7,308.1,,4
2009 / 10,Queens,5,766.4,572.4,,4
2009 / 10,Queens,6,459.2,295.7,,4
2009 / 10,Queens,7,979.5,571.4,,4
2009 / 10,Queens,8,521.1,329.5,,4
2009 / 10,Queens,9,454.5,382.4,,4
2009 / 10,Queens,10,452,377.2,,4
2009 / 10,Queens,11,602.4,356.9,,4
2009 / 10,Queens,12,519.6,568.5,,4
2009 / 10,Queens,13,647.3,579.4,,4
2009 / 10,Queens,14,335.3,233.5,,4
2009 / 10,Staten Island,1,915.5,550.1,,5
2009 / 10,Staten Island,2,701.7,473.6,,5
2009 / 10,Staten Island,3,1005.5,646.6,,5
2009 / 09,Bronx,1,211,77.4,,2
2009 / 09,Bronx,2,123.6,105.7,,2
2009 / 09,Bronx,3,105.5,90.9,,2
2009 / 09,Bronx,4,198.9,203.8,,2
2009 / 09,Bronx,5,192.5,249.9,,2
2009 / 09,Bronx,6,173,145.3,,2
2009 / 09,Bronx,7,236,286.5,,2
2009 / 09,Bronx,8,355.4,263.1,,2
2009 / 09,Bronx,9,212.4,259.9,,2
2009 / 09,Bronx,10,347.8,278.4,,2
2009 / 09,Bronx,11,321.3,267,,2
2009 / 09,Bronx,12,386.5,432.8,,2
2009 / 09,Brooklyn,1,449.8,363.6,,3
2009 / 09,Brooklyn,2,451.2,274.8,,3
2009 / 09,Brooklyn,3,261.4,245.8,,3
2009 / 09,Brooklyn,4,302.7,234.4,,3
2009 / 09,Brooklyn,5,253,342.1,,3
2009 / 09,Brooklyn,6,601.4,367.4,,3
2009 / 09,Brooklyn,7,464,355.7,,3
2009 / 09,Brooklyn,8,251.7,219.4,,3
2009 / 09,Brooklyn,9,230.5,177.3,,3
2009 / 09,Brooklyn,10,583.2,360.4,,3
2009 / 09,Brooklyn,11,716.5,455,,3
2009 / 09,Brooklyn,12,699.7,368.3,,3
2009 / 09,Brooklyn,13,317.1,178,,3
2009 / 09,Brooklyn,14,495.4,309.1,,3
2009 / 09,Brooklyn,15,707.2,417.1,,3
2009 / 09,Brooklyn,16,142.9,121.7,,3
2009 / 09,Brooklyn,17,351,381.1,,3
2009 / 09,Brooklyn,18,673.8,505.9,,3
2009 / 09,Manhattan,1,391.3,179.1,,1
2009 / 09,Manhattan,2,509.5,272.7,,1
2009 / 09,Manhattan,3,440.3,281.1,,1
2009 / 09,Manhattan,4,779.6,312.5,,1
2009 / 09,Manhattan,5,281.3,157.9,,1
2009 / 09,Manhattan,6,1096.3,401.8,,1
2009 / 09,Manhattan,7,1213,599.3,,1
2009 / 09,Manhattan,8,1340.5,644.3,,1
2009 / 09,Manhattan,9,285.8,186.7,,1
2009 / 09,Manhattan,10,211.9,160.3,,1
2009 / 09,Manhattan,11,170.9,117.7,,1
2009 / 09,Manhattan,12,422.4,395.8,,1
2009 / 09,Queens,1,614.9,463.5,,4
2009 / 09,Queens,2,577.2,311.1,,4
2009 / 09,Queens,3,378.5,371.9,,4
2009 / 09,Queens,4,342.9,288.6,,4
2009 / 09,Queens,5,750.1,551.8,,4
2009 / 09,Queens,6,440.8,282.8,,4
2009 / 09,Queens,7,935.6,558.6,,4
2009 / 09,Queens,8,511.2,335.2,,4
2009 / 09,Queens,9,455.7,384.1,,4
2009 / 09,Queens,10,441.7,385.4,,4
2009 / 09,Queens,11,615,361.8,,4
2009 / 09,Queens,12,515.6,579.4,,4
2009 / 09,Queens,13,626.6,597.3,,4
2009 / 09,Queens,14,331,230.9,,4
2009 / 09,Staten Island,1,848.5,547.9,,5
2009 / 09,Staten Island,2,675.2,469.1,,5
2009 / 09,Staten Island,3,940.8,630.1,,5
2009 / 08,Bronx,1,197.3,86.1,,2
2009 / 08,Bronx,2,120.1,107.1,,2
2009 / 08,Bronx,3,77.4,83.1,,2
2009 / 08,Bronx,4,182.3,221,,2
2009 / 08,Bronx,5,173,259.8,,2
2009 / 08,Bronx,6,121.1,123.5,,2
2009 / 08,Bronx,7,236.7,296.9,,2
2009 / 08,Bronx,8,324.5,249.7,,2
2009 / 08,Bronx,9,215,259.1,,2
2009 / 08,Bronx,10,361.4,284.1,,2
2009 / 08,Bronx,11,335.4,281.4,,2
2009 / 08,Bronx,12,398.1,469.4,,2
2009 / 08,Brooklyn,1,392.4,366.9,,3
2009 / 08,Brooklyn,2,384.1,276,,3
2009 / 08,Brooklyn,3,220.1,260.2,,3
2009 / 08,Brooklyn,4,269,251.1,,3
2009 / 08,Brooklyn,5,256.4,365.9,,3
2009 / 08,Brooklyn,6,535.5,356.1,,3
2009 / 08,Brooklyn,7,426.3,361.6,,3
2009 / 08,Brooklyn,8,225.2,222.3,,3
2009 / 08,Brooklyn,9,203.6,169.3,,3
2009 / 08,Brooklyn,10,553.4,365.5,,3
2009 / 08,Brooklyn,11,699.4,466.1,,3
2009 / 08,Brooklyn,12,543.7,334.4,,3
2009 / 08,Brooklyn,13,272.4,169.8,,3
2009 / 08,Brooklyn,14,445.3,332.4,,3
2009 / 08,Brooklyn,15,630.2,418.7,,3
2009 / 08,Brooklyn,16,133.4,127.7,,3
2009 / 08,Brooklyn,17,337.6,407.4,,3
2009 / 08,Brooklyn,18,638.1,537.9,,3
2009 / 08,Manhattan,1,378.7,182.2,,1
2009 / 08,Manhattan,2,452.4,281.5,,1
2009 / 08,Manhattan,3,372.7,267.4,,1
2009 / 08,Manhattan,4,697.9,317.1,,1
2009 / 08,Manhattan,5,275.7,176.9,,1
2009 / 08,Manhattan,6,990.9,402.8,,1
2009 / 08,Manhattan,7,1052.7,581.6,,1
2009 / 08,Manhattan,8,1102.9,605.6,,1
2009 / 08,Manhattan,9,257.2,216.3,,1
2009 / 08,Manhattan,10,212.6,174.7,,1
2009 / 08,Manhattan,11,162,131,,1
2009 / 08,Manhattan,12,405.1,404.1,,1
2009 / 08,Queens,1,610.4,456.3,,4
2009 / 08,Queens,2,528.1,327.5,,4
2009 / 08,Queens,3,393.5,399.9,,4
2009 / 08,Queens,4,360.9,314.4,,4
2009 / 08,Queens,5,705.3,576.5,,4
2009 / 08,Queens,6,436.4,299,,4
2009 / 08,Queens,7,928.7,573.1,,4
2009 / 08,Queens,8,507.1,334.6,,4
2009 / 08,Queens,9,455.3,407.3,,4
2009 / 08,Queens,10,447.3,424.9,,4
2009 / 08,Queens,11,562.2,363.8,,4
2009 / 08,Queens,12,519.5,645.2,,4
2009 / 08,Queens,13,618.6,652.3,,4
2009 / 08,Queens,14,323.9,251.9,,4
2009 / 08,Staten Island,1,801.3,578.5,,5
2009 / 08,Staten Island,2,627.2,479.2,,5
2009 / 08,Staten Island,3,890.3,643.2,,5
2009 / 07,Bronx,1,206.5,86.6,,2
2009 / 07,Bronx,2,164.2,128.2,,2
2009 / 07,Bronx,3,87.7,87.9,,2
2009 / 07,Bronx,4,204.6,220,,2
2009 / 07,Bronx,5,191.1,274.4,,2
2009 / 07,Bronx,6,162.6,157.6,,2
2009 / 07,Bronx,7,268.8,315.4,,2
2009 / 07,Bronx,8,346.3,277.6,,2
2009 / 07,Bronx,9,234.1,274.1,,2
2009 / 07,Bronx,10,384,306.9,,2
2009 / 07,Bronx,11,344.4,292.2,,2
2009 / 07,Bronx,12,426.5,488.8,,2
2009 / 07,Brooklyn,1,387.1,412.1,,3
2009 / 07,Brooklyn,2,399.7,294.9,,3
2009 / 07,Brooklyn,3,236.2,275.6,,3
2009 / 07,Brooklyn,4,290.2,269.4,,3
2009 / 07,Brooklyn,5,265.8,388.8,,3
2009 / 07,Brooklyn,6,616.8,396.9,,3
2009 / 07,Brooklyn,7,492.2,365.2,,3
2009 / 07,Brooklyn,8,227.4,230.9,,3
2009 / 07,Brooklyn,9,232.3,195.3,,3
2009 / 07,Brooklyn,10,566.7,359.3,,3
2009 / 07,Brooklyn,11,772.6,450.6,,3
2009 / 07,Brooklyn,12,546.5,316.5,,3
2009 / 07,Brooklyn,13,312.6,193.3,,3
2009 / 07,Brooklyn,14,434.3,300.1,,3
2009 / 07,Brooklyn,15,648.1,434.4,,3
2009 / 07,Brooklyn,16,160.3,143.4,,3
2009 / 07,Brooklyn,17,352.5,433,,3
2009 / 07,Brooklyn,18,679,590.8,,3
2009 / 07,Manhattan,1,408.1,205.1,,1
2009 / 07,Manhattan,2,454.4,292.1,,1
2009 / 07,Manhattan,3,461.1,309.4,,1
2009 / 07,Manhattan,4,773.5,358.2,,1
2009 / 07,Manhattan,5,278.8,164.2,,1
2009 / 07,Manhattan,6,1107.6,456.3,,1
2009 / 07,Manhattan,7,1088.5,612.5,,1
2009 / 07,Manhattan,8,1177.1,660.1,,1
2009 / 07,Manhattan,9,266.2,199.4,,1
2009 / 07,Manhattan,10,234.2,195.5,,1
2009 / 07,Manhattan,11,179.2,140.5,,1
2009 / 07,Manhattan,12,436.9,464.3,,1
2009 / 07,Queens,1,618.7,479.8,,4
2009 / 07,Queens,2,565.6,346.1,,4
2009 / 07,Queens,3,423.5,438.5,,4
2009 / 07,Queens,4,378.3,334.2,,4
2009 / 07,Queens,5,710.9,618.9,,4
2009 / 07,Queens,6,450.3,316.2,,4
2009 / 07,Queens,7,955.6,611.2,,4
2009 / 07,Queens,8,513.4,360.7,,4
2009 / 07,Queens,9,462.5,433.2,,4
2009 / 07,Queens,10,455.5,457.4,,4
2009 / 07,Queens,11,566.3,395.7,,4
2009 / 07,Queens,12,545.8,697.6,,4
2009 / 07,Queens,13,653.6,721.6,,4
2009 / 07,Queens,14,348.5,282.6,,4
2009 / 07,Staten Island,1,859.3,586.8,,5
2009 / 07,Staten Island,2,672.2,506,,5
2009 / 07,Staten Island,3,928.5,668.1,,5
2009 / 06,Bronx,1,271.7,95.7,,2
2009 / 06,Bronx,2,122.4,105,,2
2009 / 06,Bronx,3,104.4,79.4,,2
2009 / 06,Bronx,4,224.2,228.2,,2
2009 / 06,Bronx,5,187.2,270,,2
2009 / 06,Bronx,6,172.5,125.8,,2
2009 / 06,Bronx,7,300.6,300.7,,2
2009 / 06,Bronx,8,338.3,276.7,,2
2009 / 06,Bronx,9,256,262,,2
2009 / 06,Bronx,10,394.7,284,,2
2009 / 06,Bronx,11,364.3,290.4,,2
2009 / 06,Bronx,12,460.5,487.7,,2
2009 / 06,Brooklyn,1,461.9,396.7,,3
2009 / 06,Brooklyn,2,477.4,299,,3
2009 / 06,Brooklyn,3,260.7,258,,3
2009 / 06,Brooklyn,4,328.7,261.4,,3
2009 / 06,Brooklyn,5,293.6,378,,3
2009 / 06,Brooklyn,6,633.8,401.6,,3
2009 / 06,Brooklyn,7,623.5,367.3,,3
2009 / 06,Brooklyn,8,267.1,235.7,,3
2009 / 06,Brooklyn,9,243.8,174.4,,3
2009 / 06,Brooklyn,10,645.1,385.9,,3
2009 / 06,Brooklyn,11,844.9,461.3,,3
2009 / 06,Brooklyn,12,714.5,361.8,,3
2009 / 06,Brooklyn,13,350.9,185.9,,3
2009 / 06,Brooklyn,14,530.7,326.5,,3
2009 / 06,Brooklyn,15,746.2,447.5,,3
2009 / 06,Brooklyn,16,176,117.8,,3
2009 / 06,Brooklyn,17,367.3,403.9,,3
2009 / 06,Brooklyn,18,737.8,545.3,,3
2009 / 06,Manhattan,1,409.2,190.4,,1
2009 / 06,Manhattan,2,554.6,295.4,,1
2009 / 06,Manhattan,3,452.7,322.8,,1
2009 / 06,Manhattan,4,766,310.6,,1
2009 / 06,Manhattan,5,276.9,145,,1
2009 / 06,Manhattan,6,1057.8,408.1,,1
2009 / 06,Manhattan,7,1251.4,645.7,,1
2009 / 06,Manhattan,8,1271.7,670,,1
2009 / 06,Manhattan,9,282,176,,1
2009 / 06,Manhattan,10,193.6,155,,1
2009 / 06,Manhattan,11,190,122.8,,1
2009 / 06,Manhattan,12,432.8,398.7,,1
2009 / 06,Queens,1,748.7,518.3,,4
2009 / 06,Queens,2,680.8,344.7,,4
2009 / 06,Queens,3,429.4,406.3,,4
2009 / 06,Queens,4,402.2,310.3,,4
2009 / 06,Queens,5,824.5,607.6,,4
2009 / 06,Queens,6,467.3,304.8,,4
2009 / 06,Queens,7,1023.7,611.8,,4
2009 / 06,Queens,8,610.8,357.2,,4
2009 / 06,Queens,9,532.9,424.4,,4
2009 / 06,Queens,10,519.4,449.9,,4
2009 / 06,Queens,11,671.2,413.7,,4
2009 / 06,Queens,12,598,642.4,,4
2009 / 06,Queens,13,728.5,664.3,,4
2009 / 06,Queens,14,393.1,248,,4
2009 / 06,Staten Island,1,975.9,574,,5
2009 / 06,Staten Island,2,747,491.5,,5
2009 / 06,Staten Island,3,1028.6,615.1,,5
2009 / 05,Bronx,1,222,80.5,,2
2009 / 05,Bronx,2,114.8,100.6,,2
2009 / 05,Bronx,3,90.7,87.5,,2
2009 / 05,Bronx,4,179.6,194.2,,2
2009 / 05,Bronx,5,168.9,252.4,,2
2009 / 05,Bronx,6,141.5,121.9,,2
2009 / 05,Bronx,7,235,278,,2
2009 / 05,Bronx,8,313.3,249.5,,2
2009 / 05,Bronx,9,235.6,246.7,,2
2009 / 05,Bronx,10,364.4,273.7,,2
2009 / 05,Bronx,11,323.4,271.5,,2
2009 / 05,Bronx,12,393.2,427.3,,2
2009 / 05,Brooklyn,1,446.4,365.6,,3
2009 / 05,Brooklyn,2,425.1,289,,3
2009 / 05,Brooklyn,3,239.8,250.9,,3
2009 / 05,Brooklyn,4,291.4,239.1,,3
2009 / 05,Brooklyn,5,250.6,327.7,,3
2009 / 05,Brooklyn,6,586.8,379.1,,3
2009 / 05,Brooklyn,7,525.4,332.3,,3
2009 / 05,Brooklyn,8,215.5,203.6,,3
2009 / 05,Brooklyn,9,245.1,179.3,,3
2009 / 05,Brooklyn,10,554.2,349.8,,3
2009 / 05,Brooklyn,11,708.6,428.5,,3
2009 / 05,Brooklyn,12,649.1,345.8,,3
2009 / 05,Brooklyn,13,305.2,174.1,,3
2009 / 05,Brooklyn,14,447.8,297.5,,3
2009 / 05,Brooklyn,15,659.7,406.2,,3
2009 / 05,Brooklyn,16,164.3,123,,3
2009 / 05,Brooklyn,17,328.9,345.5,,3
2009 / 05,Brooklyn,18,658.2,492.3,,3
2009 / 05,Manhattan,1,418.2,202.3,,1
2009 / 05,Manhattan,2,487,287.8,,1
2009 / 05,Manhattan,3,420.8,302.7,,1
2009 / 05,Manhattan,4,775.7,341.3,,1
2009 / 05,Manhattan,5,324,178.8,,1
2009 / 05,Manhattan,6,1085.1,438.8,,1
2009 / 05,Manhattan,7,1165,625.1,,1
2009 / 05,Manhattan,8,1265.7,699.8,,1
2009 / 05,Manhattan,9,325.6,219.6,,1
2009 / 05,Manhattan,10,212.9,182.3,,1
2009 / 05,Manhattan,11,200.3,151.5,,1
2009 / 05,Manhattan,12,448.4,433.2,,1
2009 / 05,Queens,1,608.5,464.2,,4
2009 / 05,Queens,2,560.3,328.1,,4
2009 / 05,Queens,3,428.7,393,,4
2009 / 05,Queens,4,368,306.5,,4
2009 / 05,Queens,5,729.5,579.3,,4
2009 / 05,Queens,6,454.8,286.5,,4
2009 / 05,Queens,7,976.1,567.3,,4
2009 / 05,Queens,8,524.3,319.4,,4
2009 / 05,Queens,9,452.9,371.1,,4
2009 / 05,Queens,10,454.3,383.4,,4
2009 / 05,Queens,11,598.5,357.6,,4
2009 / 05,Queens,12,516.7,578.2,,4
2009 / 05,Queens,13,642.1,603.3,,4
2009 / 05,Queens,14,338.4,228.6,,4
2009 / 05,Staten Island,1,864.9,531.6,,5
2009 / 05,Staten Island,2,661.7,445.5,,5
2009 / 05,Staten Island,3,981.4,633.6,,5
2009 / 04,Bronx,1,206.2,80.9,,2
2009 / 04,Bronx,2,113.4,122.6,,2
2009 / 04,Bronx,3,91.3,84.9,,2
2009 / 04,Bronx,4,189.2,196.3,,2
2009 / 04,Bronx,5,177,245.1,,2
2009 / 04,Bronx,6,166.4,161.5,,2
2009 / 04,Bronx,7,246.6,277.1,,2
2009 / 04,Bronx,8,348,273.8,,2
2009 / 04,Bronx,9,225,244,,2
2009 / 04,Bronx,10,355.8,267.8,,2
2009 / 04,Bronx,11,324.6,275.1,,2
2009 / 04,Bronx,12,398,434.7,,2
2009 / 04,Brooklyn,1,491,396.4,,3
2009 / 04,Brooklyn,2,436.8,293.2,,3
2009 / 04,Brooklyn,3,245.5,246.2,,3
2009 / 04,Brooklyn,4,310.8,239.8,,3
2009 / 04,Brooklyn,5,264.4,338.6,,3
2009 / 04,Brooklyn,6,588.9,378.5,,3
2009 / 04,Brooklyn,7,491.8,335.5,,3
2009 / 04,Brooklyn,8,237.3,216.9,,3
2009 / 04,Brooklyn,9,254.4,179,,3
2009 / 04,Brooklyn,10,573.3,349.5,,3
2009 / 04,Brooklyn,11,720.5,425.8,,3
2009 / 04,Brooklyn,12,809.7,445.6,,3
2009 / 04,Brooklyn,13,311.5,179.1,,3
2009 / 04,Brooklyn,14,507.2,336.1,,3
2009 / 04,Brooklyn,15,709.1,444.8,,3
2009 / 04,Brooklyn,16,159.3,116,,3
2009 / 04,Brooklyn,17,336.5,360,,3
2009 / 04,Brooklyn,18,676.3,498.2,,3
2009 / 04,Manhattan,1,377,197,,1
2009 / 04,Manhattan,2,510.5,304.4,,1
2009 / 04,Manhattan,3,415.7,298.4,,1
2009 / 04,Manhattan,4,763,323.1,,1
2009 / 04,Manhattan,5,275,154.1,,1
2009 / 04,Manhattan,6,1096.6,466,,1
2009 / 04,Manhattan,7,1169.9,641.4,,1
2009 / 04,Manhattan,8,1289.5,720,,1
2009 / 04,Manhattan,9,268.2,192.9,,1
2009 / 04,Manhattan,10,190.8,154.2,,1
2009 / 04,Manhattan,11,165.9,121,,1
2009 / 04,Manhattan,12,449.9,425.8,,1
2009 / 04,Queens,1,597.2,479.8,,4
2009 / 04,Queens,2,546.6,321.5,,4
2009 / 04,Queens,3,383.1,383.4,,4
2009 / 04,Queens,4,340.1,300.1,,4
2009 / 04,Queens,5,771.1,578.2,,4
2009 / 04,Queens,6,443.9,308.7,,4
2009 / 04,Queens,7,913,561.5,,4
2009 / 04,Queens,8,516.8,340.6,,4
2009 / 04,Queens,9,445.9,382.9,,4
2009 / 04,Queens,10,443.9,398.7,,4
2009 / 04,Queens,11,598.7,368.8,,4
2009 / 04,Queens,12,507.6,575.6,,4
2009 / 04,Queens,13,640.3,602.4,,4
2009 / 04,Queens,14,333.6,224.4,,4
2009 / 04,Staten Island,1,854.9,518,,5
2009 / 04,Staten Island,2,685.7,457,,5
2009 / 04,Staten Island,3,958.1,576.4,,5
2009 / 03,Bronx,1,221,84.7,,2
2009 / 03,Bronx,2,93.4,86.3,,2
2009 / 03,Bronx,3,64.8,67.4,,2
2009 / 03,Bronx,4,193.4,199.6,,2
2009 / 03,Bronx,5,186.8,231.3,,2
2009 / 03,Bronx,6,148.4,125,,2
2009 / 03,Bronx,7,224.8,258.1,,2
2009 / 03,Bronx,8,320.2,250.4,,2
2009 / 03,Bronx,9,207.3,224.2,,2
2009 / 03,Bronx,10,320.5,238.8,,2
2009 / 03,Bronx,11,293.8,251.1,,2
2009 / 03,Bronx,12,345.8,396,,2
2009 / 03,Brooklyn,1,420.1,361.4,,3
2009 / 03,Brooklyn,2,417.8,270.1,,3
2009 / 03,Brooklyn,3,222.5,223.3,,3
2009 / 03,Brooklyn,4,279,224.9,,3
2009 / 03,Brooklyn,5,251,319.1,,3
2009 / 03,Brooklyn,6,555,356.9,,3
2009 / 03,Brooklyn,7,426.4,307.8,,3
2009 / 03,Brooklyn,8,246.4,211.2,,3
2009 / 03,Brooklyn,9,223.6,159.9,,3
2009 / 03,Brooklyn,10,550,333,,3
2009 / 03,Brooklyn,11,680.5,403,,3
2009 / 03,Brooklyn,12,717.2,367,,3
2009 / 03,Brooklyn,13,299.3,162.7,,3
2009 / 03,Brooklyn,14,512.6,299.3,,3
2009 / 03,Brooklyn,15,660.5,401.9,,3
2009 / 03,Brooklyn,16,143.6,98.2,,3
2009 / 03,Brooklyn,17,313.6,328.7,,3
2009 / 03,Brooklyn,18,621.4,452.7,,3
2009 / 03,Manhattan,1,363.8,186.2,,1
2009 / 03,Manhattan,2,477.7,280.1,,1
2009 / 03,Manhattan,3,354.6,242.5,,1
2009 / 03,Manhattan,4,698.3,292.2,,1
2009 / 03,Manhattan,5,254.5,141,,1
2009 / 03,Manhattan,6,999,392.8,,1
2009 / 03,Manhattan,7,1149.3,591,,1
2009 / 03,Manhattan,8,1223.4,653.7,,1
2009 / 03,Manhattan,9,261.7,172.6,,1
2009 / 03,Manhattan,10,177.2,143.6,,1
2009 / 03,Manhattan,11,164.7,112.7,,1
2009 / 03,Manhattan,12,394,367.4,,1
2009 / 03,Queens,1,568.9,455.6,,4
2009 / 03,Queens,2,525,312.1,,4
2009 / 03,Queens,3,327.9,349.3,,4
2009 / 03,Queens,4,307.6,270.2,,4
2009 / 03,Queens,5,675.4,533.8,,4
2009 / 03,Queens,6,400.9,277.6,,4
2009 / 03,Queens,7,827.5,511.6,,4
2009 / 03,Queens,8,479.8,311.2,,4
2009 / 03,Queens,9,420.4,371.9,,4
2009 / 03,Queens,10,399.1,367.1,,4
2009 / 03,Queens,11,549.5,342.6,,4
2009 / 03,Queens,12,460.1,521.6,,4
2009 / 03,Queens,13,553,532.9,,4
2009 / 03,Queens,14,298.9,195.9,,4
2009 / 03,Staten Island,1,798.8,485.2,,5
2009 / 03,Staten Island,2,625.8,398.2,,5
2009 / 03,Staten Island,3,868.5,512.9,,5
2009 / 02,Bronx,1,196.1,73.7,,2
2009 / 02,Bronx,2,93.1,85.7,,2
2009 / 02,Bronx,3,68.9,67.9,,2
2009 / 02,Bronx,4,160.7,172.2,,2
2009 / 02,Bronx,5,162.1,211.1,,2
2009 / 02,Bronx,6,134.3,119.8,,2
2009 / 02,Bronx,7,202.4,237.4,,2
2009 / 02,Bronx,8,304,240.4,,2
2009 / 02,Bronx,9,190.7,210.7,,2
2009 / 02,Bronx,10,308,233.5,,2
2009 / 02,Bronx,11,274.2,231.4,,2
2009 / 02,Bronx,12,319.2,363.2,,2
2009 / 02,Brooklyn,1,418.2,328.3,,3
2009 / 02,Brooklyn,2,408.6,260.9,,3
2009 / 02,Brooklyn,3,218.4,209.8,,3
2009 / 02,Brooklyn,4,264.2,207.1,,3
2009 / 02,Brooklyn,5,233.5,289.6,,3
2009 / 02,Brooklyn,6,553,343.5,,3
2009 / 02,Brooklyn,7,405.2,291.4,,3
2009 / 02,Brooklyn,8,224.8,187.8,,3
2009 / 02,Brooklyn,9,211.8,152.4,,3
2009 / 02,Brooklyn,10,518.3,304.9,,3
2009 / 02,Brooklyn,11,623.4,372.1,,3
2009 / 02,Brooklyn,12,606.3,299.4,,3
2009 / 02,Brooklyn,13,273.4,142.5,,3
2009 / 02,Brooklyn,14,447.7,258.4,,3
2009 / 02,Brooklyn,15,589.6,350.6,,3
2009 / 02,Brooklyn,16,137.7,99,,3
2009 / 02,Brooklyn,17,290.9,298.5,,3
2009 / 02,Brooklyn,18,582,410.3,,3
2009 / 02,Manhattan,1,348,177.1,,1
2009 / 02,Manhattan,2,445.2,279.9,,1
2009 / 02,Manhattan,3,342.2,239.3,,1
2009 / 02,Manhattan,4,650.8,292.8,,1
2009 / 02,Manhattan,5,261.8,149,,1
2009 / 02,Manhattan,6,962.1,405.9,,1
2009 / 02,Manhattan,7,1059.6,577.8,,1
2009 / 02,Manhattan,8,1188.1,649.2,,1
2009 / 02,Manhattan,9,241.9,175.6,,1
2009 / 02,Manhattan,10,164.4,134.1,,1
2009 / 02,Manhattan,11,150.6,116.5,,1
2009 / 02,Manhattan,12,364.4,358.1,,1
2009 / 02,Queens,1,524,417.4,,4
2009 / 02,Queens,2,475.5,289.2,,4
2009 / 02,Queens,3,325.6,334.2,,4
2009 / 02,Queens,4,292.6,258.6,,4
2009 / 02,Queens,5,653,490,,4
2009 / 02,Queens,6,374.6,255.2,,4
2009 / 02,Queens,7,776.6,474.5,,4
2009 / 02,Queens,8,424.8,276.4,,4
2009 / 02,Queens,9,380.6,325.4,,4
2009 / 02,Queens,10,359.9,319.9,,4
2009 / 02,Queens,11,496.9,301,,4
2009 / 02,Queens,12,423.5,473.5,,4
2009 / 02,Queens,13,512.9,482.4,,4
2009 / 02,Queens,14,265,172,,4
2009 / 02,Staten Island,1,753.1,437.2,,5
2009 / 02,Staten Island,2,578.1,358.7,,5
2009 / 02,Staten Island,3,820.2,504.4,,5
2009 / 01,Bronx,1,213.4,86.7,,2
2009 / 01,Bronx,2,108.5,115,,2
2009 / 01,Bronx,3,67.9,71.3,,2
2009 / 01,Bronx,4,192,202.9,,2
2009 / 01,Bronx,5,181.3,253.3,,2
2009 / 01,Bronx,6,159.5,146.5,,2
2009 / 01,Bronx,7,241.1,296,,2
2009 / 01,Bronx,8,406,303.9,,2
2009 / 01,Bronx,9,236.9,262.8,,2
2009 / 01,Bronx,10,400.7,301.6,,2
2009 / 01,Bronx,11,347.3,293.8,,2
2009 / 01,Bronx,12,386.9,449.6,,2
2009 / 01,Brooklyn,1,507.2,428.6,,3
2009 / 01,Brooklyn,2,479.6,320.2,,3
2009 / 01,Brooklyn,3,259.7,256.7,,3
2009 / 01,Brooklyn,4,315.9,256.7,,3
2009 / 01,Brooklyn,5,263.4,352.3,,3
2009 / 01,Brooklyn,6,709.1,444.9,,3
2009 / 01,Brooklyn,7,766.9,366,,3
2009 / 01,Brooklyn,8,249.7,224.3,,3
2009 / 01,Brooklyn,9,264.6,193.3,,3
2009 / 01,Brooklyn,10,678.7,397.8,,3
2009 / 01,Brooklyn,11,851.2,478.2,,3
2009 / 01,Brooklyn,12,748.4,383.2,,3
2009 / 01,Brooklyn,13,340.1,180.6,,3
2009 / 01,Brooklyn,14,506,311.7,,3
2009 / 01,Brooklyn,15,798.9,440,,3
2009 / 01,Brooklyn,16,165.1,121.9,,3
2009 / 01,Brooklyn,17,352.9,372.9,,3
2009 / 01,Brooklyn,18,718.8,537.3,,3
2009 / 01,Manhattan,1,453.6,241.7,,1
2009 / 01,Manhattan,2,596.1,340.4,,1
2009 / 01,Manhattan,3,471.4,305.3,,1
2009 / 01,Manhattan,4,843.8,384,,1
2009 / 01,Manhattan,5,351.5,205.7,,1
2009 / 01,Manhattan,6,1302.1,530.5,,1
2009 / 01,Manhattan,7,1453.2,755.8,,1
2009 / 01,Manhattan,8,1562.5,818.5,,1
2009 / 01,Manhattan,9,315.1,211.8,,1
2009 / 01,Manhattan,10,229.7,184.1,,1
2009 / 01,Manhattan,11,208.4,152.8,,1
2009 / 01,Manhattan,12,543.8,500.2,,1
2009 / 01,Queens,1,662.5,513.4,,4
2009 / 01,Queens,2,586,349.9,,4
2009 / 01,Queens,3,438.1,436,,4
2009 / 01,Queens,4,397.4,347.4,,4
2009 / 01,Queens,5,859.9,635.4,,4
2009 / 01,Queens,6,504.7,336.1,,4
2009 / 01,Queens,7,1014.5,609.3,,4
2009 / 01,Queens,8,537.9,340.3,,4
2009 / 01,Queens,9,461.1,403.5,,4
2009 / 01,Queens,10,444.1,397.5,,4
2009 / 01,Queens,11,625,374.6,,4
2009 / 01,Queens,12,511.1,590.2,,4
2009 / 01,Queens,13,628.8,593.7,,4
2009 / 01,Queens,14,354.9,234.9,,4
2009 / 01,Staten Island,1,934.7,573.8,,5
2009 / 01,Staten Island,2,748.1,463.8,,5
2009 / 01,Staten Island,3,1097,643,,5
2008 / 12,Bronx,1,251.2,84.2,,2
2008 / 12,Bronx,2,90.7,81.2,,2
2008 / 12,Bronx,3,86.6,78.4,,2
2008 / 12,Bronx,4,220.5,221.2,,2
2008 / 12,Bronx,5,219.7,257.9,,2
2008 / 12,Bronx,6,178.6,141.3,,2
2008 / 12,Bronx,7,283.9,297.5,,2
2008 / 12,Bronx,8,420.1,289.2,,2
2008 / 12,Bronx,9,246.3,243.3,,2
2008 / 12,Bronx,10,474.7,286.5,,2
2008 / 12,Bronx,11,397.8,284.8,,2
2008 / 12,Bronx,12,461.1,444.8,,2
2008 / 12,Brooklyn,1,521.4,386.7,,3
2008 / 12,Brooklyn,2,538.1,300.3,,3
2008 / 12,Brooklyn,3,285.9,246.4,,3
2008 / 12,Brooklyn,4,351.4,251.2,,3
2008 / 12,Brooklyn,5,326,374.3,,3
2008 / 12,Brooklyn,6,768.8,408.7,,3
2008 / 12,Brooklyn,7,986.7,368.3,,3
2008 / 12,Brooklyn,8,310.3,243.5,,3
2008 / 12,Brooklyn,9,286,182,,3
2008 / 12,Brooklyn,10,759.4,398,,3
2008 / 12,Brooklyn,11,921,461.1,,3
2008 / 12,Brooklyn,12,791.7,369.6,,3
2008 / 12,Brooklyn,13,371.4,175.1,,3
2008 / 12,Brooklyn,14,601.5,332.6,,3
2008 / 12,Brooklyn,15,861.7,434,,3
2008 / 12,Brooklyn,16,183.8,115.8,,3
2008 / 12,Brooklyn,17,429.1,395.5,,3
2008 / 12,Brooklyn,18,838.8,534.5,,3
2008 / 12,Manhattan,1,423.8,190,,1
2008 / 12,Manhattan,2,625.2,317.4,,1
2008 / 12,Manhattan,3,430.7,263.4,,1
2008 / 12,Manhattan,4,903.3,321.6,,1
2008 / 12,Manhattan,5,324.4,162.8,,1
2008 / 12,Manhattan,6,1323.1,462.1,,1
2008 / 12,Manhattan,7,1519.8,686,,1
2008 / 12,Manhattan,8,1810.5,748.1,,1
2008 / 12,Manhattan,9,298.5,186,,1
2008 / 12,Manhattan,10,196.2,147.4,,1
2008 / 12,Manhattan,11,191.7,128.4,,1
2008 / 12,Manhattan,12,453,408.3,,1
2008 / 12,Queens,1,753,514.5,,4
2008 / 12,Queens,2,654.1,329,,4
2008 / 12,Queens,3,451.2,400.7,,4
2008 / 12,Queens,4,414.5,305.7,,4
2008 / 12,Queens,5,941,614.2,,4
2008 / 12,Queens,6,544.5,309.4,,4
2008 / 12,Queens,7,1115,605.3,,4
2008 / 12,Queens,8,622.3,341.8,,4
2008 / 12,Queens,9,573.8,419.9,,4
2008 / 12,Queens,10,570,428.4,,4
2008 / 12,Queens,11,760.4,393.9,,4
2008 / 12,Queens,12,604.5,599.7,,4
2008 / 12,Queens,13,756.4,630.9,,4
2008 / 12,Queens,14,396.4,223.3,,4
2008 / 12,Staten Island,1,1125.3,574.5,,5
2008 / 12,Staten Island,2,898.9,473.3,,5
2008 / 12,Staten Island,3,1320.3,642,,5
2008 / 11,Bronx,1,210.6,68.5,,2
2008 / 11,Bronx,2,75.3,72.9,,2
2008 / 11,Bronx,3,80.2,71.7,,2
2008 / 11,Bronx,4,175.9,182,,2
2008 / 11,Bronx,5,169.1,236.5,,2
2008 / 11,Bronx,6,131.9,107.6,,2
2008 / 11,Bronx,7,230.7,256.1,,2
2008 / 11,Bronx,8,333.6,233.7,,2
2008 / 11,Bronx,9,199.7,212.4,,2
2008 / 11,Bronx,10,374,249.4,,2
2008 / 11,Bronx,11,335.2,240.5,,2
2008 / 11,Bronx,12,363.5,368,,2
2008 / 11,Brooklyn,1,417.8,318.3,,3
2008 / 11,Brooklyn,2,471.8,272.9,,3
2008 / 11,Brooklyn,3,227.8,219.8,,3
2008 / 11,Brooklyn,4,286.4,216,,3
2008 / 11,Brooklyn,5,235.5,304.9,,3
2008 / 11,Brooklyn,6,643.6,350.1,,3
2008 / 11,Brooklyn,7,655.5,311.9,,3
2008 / 11,Brooklyn,8,243.5,191.2,,3
2008 / 11,Brooklyn,9,226.6,155.6,,3
2008 / 11,Brooklyn,10,584.1,321.9,,3
2008 / 11,Brooklyn,11,715.1,378.6,,3
2008 / 11,Brooklyn,12,647.1,314.8,,3
2008 / 11,Brooklyn,13,309.4,143.5,,3
2008 / 11,Brooklyn,14,481.4,298.3,,3
2008 / 11,Brooklyn,15,702.6,375,,3
2008 / 11,Brooklyn,16,147.6,101.5,,3
2008 / 11,Brooklyn,17,318.2,304.7,,3
2008 / 11,Brooklyn,18,645.1,434.9,,3
2008 / 11,Manhattan,1,378.2,164.3,,1
2008 / 11,Manhattan,2,577.2,300.5,,1
2008 / 11,Manhattan,3,372.2,254.4,,1
2008 / 11,Manhattan,4,829.9,300.8,,1
2008 / 11,Manhattan,5,331.7,160.8,,1
2008 / 11,Manhattan,6,1219.3,409.6,,1
2008 / 11,Manhattan,7,1390.3,621.4,,1
2008 / 11,Manhattan,8,1633.7,691.9,,1
2008 / 11,Manhattan,9,295.2,191.3,,1
2008 / 11,Manhattan,10,177.6,159.2,,1
2008 / 11,Manhattan,11,186.3,136.2,,1
2008 / 11,Manhattan,12,401.9,375.1,,1
2008 / 11,Queens,1,615.7,431.6,,4
2008 / 11,Queens,2,545.9,291.1,,4
2008 / 11,Queens,3,374,338.6,,4
2008 / 11,Queens,4,331.6,266,,4
2008 / 11,Queens,5,759.2,517.6,,4
2008 / 11,Queens,6,453,261.6,,4
2008 / 11,Queens,7,944.1,498.1,,4
2008 / 11,Queens,8,512.6,289.1,,4
2008 / 11,Queens,9,439,338.9,,4
2008 / 11,Queens,10,430.4,341,,4
2008 / 11,Queens,11,597.8,316.5,,4
2008 / 11,Queens,12,462.8,481,,4
2008 / 11,Queens,13,593.9,499.1,,4
2008 / 11,Queens,14,323.1,187.8,,4
2008 / 11,Staten Island,1,923.3,464.3,,5
2008 / 11,Staten Island,2,722.6,390.6,,5
2008 / 11,Staten Island,3,1056.7,537.1,,5
2008 / 10,Bronx,1,228.6,75.5,,2
2008 / 10,Bronx,2,111.8,106.5,,2
2008 / 10,Bronx,3,92,75.7,,2
2008 / 10,Bronx,4,191,190.1,,2
2008 / 10,Bronx,5,161,248.8,,2
2008 / 10,Bronx,6,159.5,143.1,,2
2008 / 10,Bronx,7,274.6,297.9,,2
2008 / 10,Bronx,8,390,272.9,,2
2008 / 10,Bronx,9,220.3,246.1,,2
2008 / 10,Bronx,10,399.5,281.4,,2
2008 / 10,Bronx,11,365.1,279.1,,2
2008 / 10,Bronx,12,397.9,407.3,,2
2008 / 10,Brooklyn,1,460.5,404.8,,3
2008 / 10,Brooklyn,2,494.4,292.1,,3
2008 / 10,Brooklyn,3,246.5,249.6,,3
2008 / 10,Brooklyn,4,320.2,242,,3
2008 / 10,Brooklyn,5,259.1,329.2,,3
2008 / 10,Brooklyn,6,706.7,390,,3
2008 / 10,Brooklyn,7,820.2,337.7,,3
2008 / 10,Brooklyn,8,261.8,213.1,,3
2008 / 10,Brooklyn,9,253.5,182.9,,3
2008 / 10,Brooklyn,10,642,356.6,,3
2008 / 10,Brooklyn,11,790.3,451.3,,3
2008 / 10,Brooklyn,12,663.1,400.1,,3
2008 / 10,Brooklyn,13,346.6,177.7,,3
2008 / 10,Brooklyn,14,494.8,313.2,,3
2008 / 10,Brooklyn,15,743.9,435.3,,3
2008 / 10,Brooklyn,16,180.3,116.6,,3
2008 / 10,Brooklyn,17,349.4,348.6,,3
2008 / 10,Brooklyn,18,708.9,507.6,,3
2008 / 10,Manhattan,1,428,199.3,,1
2008 / 10,Manhattan,2,628,315.6,,1
2008 / 10,Manhattan,3,473.7,289.4,,1
2008 / 10,Manhattan,4,922.6,353.1,,1
2008 / 10,Manhattan,5,347.3,168.5,,1
2008 / 10,Manhattan,6,1368.3,496.1,,1
2008 / 10,Manhattan,7,1480.8,675.6,,1
2008 / 10,Manhattan,8,1652.5,746.7,,1
2008 / 10,Manhattan,9,323,203.9,,1
2008 / 10,Manhattan,10,219.5,168.9,,1
2008 / 10,Manhattan,11,198.9,137.2,,1
2008 / 10,Manhattan,12,482.4,414.1,,1
2008 / 10,Queens,1,675.2,468.5,,4
2008 / 10,Queens,2,619.1,313.5,,4
2008 / 10,Queens,3,426.3,389.1,,4
2008 / 10,Queens,4,386.4,291.7,,4
2008 / 10,Queens,5,814.4,599.3,,4
2008 / 10,Queens,6,506.1,273.2,,4
2008 / 10,Queens,7,1053.8,541.3,,4
2008 / 10,Queens,8,552.2,320.7,,4
2008 / 10,Queens,9,473.9,380.8,,4
2008 / 10,Queens,10,473.1,392.8,,4
2008 / 10,Queens,11,675.8,367.9,,4
2008 / 10,Queens,12,534.9,562.5,,4
2008 / 10,Queens,13,668.6,571.2,,4
2008 / 10,Queens,14,339.1,225.5,,4
2008 / 10,Staten Island,1,976.9,529.6,,5
2008 / 10,Staten Island,2,784.1,454,,5
2008 / 10,Staten Island,3,1113.3,605,,5
2008 / 09,Bronx,1,252.7,76.8,,2
2008 / 09,Bronx,2,86.5,85.1,,2
2008 / 09,Bronx,3,97.2,67.5,,2
2008 / 09,Bronx,4,202.4,191,,2
2008 / 09,Bronx,5,177.4,235.5,,2
2008 / 09,Bronx,6,162.6,114.5,,2
2008 / 09,Bronx,7,293,276,,2
2008 / 09,Bronx,8,371.4,253.7,,2
2008 / 09,Bronx,9,221.3,237,,2
2008 / 09,Bronx,10,394.6,269.6,,2
2008 / 09,Bronx,11,377.9,275.3,,2
2008 / 09,Bronx,12,402.3,423.4,,2
2008 / 09,Brooklyn,1,484.1,372.1,,3
2008 / 09,Brooklyn,2,489.5,270.8,,3
2008 / 09,Brooklyn,3,254.6,244.2,,3
2008 / 09,Brooklyn,4,324.8,235.6,,3
2008 / 09,Brooklyn,5,269.2,338.5,,3
2008 / 09,Brooklyn,6,698.9,369.9,,3
2008 / 09,Brooklyn,7,794.7,339.2,,3
2008 / 09,Brooklyn,8,272.1,220.5,,3
2008 / 09,Brooklyn,9,242.6,167.7,,3
2008 / 09,Brooklyn,10,648.8,368,,3
2008 / 09,Brooklyn,11,811.1,453.3,,3
2008 / 09,Brooklyn,12,780.2,362.7,,3
2008 / 09,Brooklyn,13,358.7,172.1,,3
2008 / 09,Brooklyn,14,569.7,318.9,,3
2008 / 09,Brooklyn,15,761,419.6,,3
2008 / 09,Brooklyn,16,174.8,107.4,,3
2008 / 09,Brooklyn,17,360,385.5,,3
2008 / 09,Brooklyn,18,737.5,520.5,,3
2008 / 09,Manhattan,1,401.8,170,,1
2008 / 09,Manhattan,2,591.1,267,,1
2008 / 09,Manhattan,3,420.1,238.4,,1
2008 / 09,Manhattan,4,860.6,282.2,,1
2008 / 09,Manhattan,5,312.4,142.9,,1
2008 / 09,Manhattan,6,1213.7,389.5,,1
2008 / 09,Manhattan,7,1445.9,595.9,,1
2008 / 09,Manhattan,8,1550.5,629.5,,1
2008 / 09,Manhattan,9,305.9,168.9,,1
2008 / 09,Manhattan,10,183.3,133.5,,1
2008 / 09,Manhattan,11,185.6,111.3,,1
2008 / 09,Manhattan,12,417.6,343.4,,1
2008 / 09,Queens,1,700.7,459.9,,4
2008 / 09,Queens,2,648.9,298.2,,4
2008 / 09,Queens,3,419.9,366.3,,4
2008 / 09,Queens,4,382.4,275,,4
2008 / 09,Queens,5,816.3,584.5,,4
2008 / 09,Queens,6,519.8,268.2,,4
2008 / 09,Queens,7,1058.9,556.9,,4
2008 / 09,Queens,8,568.2,320.3,,4
2008 / 09,Queens,9,507.7,391.1,,4
2008 / 09,Queens,10,491.2,401.2,,4
2008 / 09,Queens,11,702.3,365,,4
2008 / 09,Queens,12,546.2,579,,4
2008 / 09,Queens,13,684.8,601.9,,4
2008 / 09,Queens,14,358.2,220.7,,4
2008 / 09,Staten Island,1,998.9,539,,5
2008 / 09,Staten Island,2,783.7,457,,5
2008 / 09,Staten Island,3,1089.2,609.7,,5
2008 / 08,Bronx,1,207.9,71.7,,2
2008 / 08,Bronx,2,105,92.5,,2
2008 / 08,Bronx,3,81.1,72.3,,2
2008 / 08,Bronx,4,179.6,187.1,,2
2008 / 08,Bronx,5,168,247.2,,2
2008 / 08,Bronx,6,128.7,113.1,,2
2008 / 08,Bronx,7,249.3,262.1,,2
2008 / 08,Bronx,8,354.1,240.8,,2
2008 / 08,Bronx,9,225.3,251.2,,2
2008 / 08,Bronx,10,409.3,287.5,,2
2008 / 08,Bronx,11,368.9,275,,2
2008 / 08,Bronx,12,413.4,440,,2
2008 / 08,Brooklyn,1,387,338.9,,3
2008 / 08,Brooklyn,2,421.8,261.1,,3
2008 / 08,Brooklyn,3,236.7,250.6,,3
2008 / 08,Brooklyn,4,273.2,241.4,,3
2008 / 08,Brooklyn,5,262.7,344.5,,3
2008 / 08,Brooklyn,6,604.9,348.2,,3
2008 / 08,Brooklyn,7,430,331.8,,3
2008 / 08,Brooklyn,8,229.3,205.1,,3
2008 / 08,Brooklyn,9,227.5,174.4,,3
2008 / 08,Brooklyn,10,574.1,344.5,,3
2008 / 08,Brooklyn,11,728.3,436.5,,3
2008 / 08,Brooklyn,12,560,307,,3
2008 / 08,Brooklyn,13,312,169.4,,3
2008 / 08,Brooklyn,14,453.5,304.4,,3
2008 / 08,Brooklyn,15,657,382.5,,3
2008 / 08,Brooklyn,16,151.5,119.5,,3
2008 / 08,Brooklyn,17,348.5,373.3,,3
2008 / 08,Brooklyn,18,673.3,514.2,,3
2008 / 08,Manhattan,1,385.9,195.1,,1
2008 / 08,Manhattan,2,480.3,249.3,,1
2008 / 08,Manhattan,3,396.2,245,,1
2008 / 08,Manhattan,4,777.7,308.4,,1
2008 / 08,Manhattan,5,327.4,155,,1
2008 / 08,Manhattan,6,1106.3,395.6,,1
2008 / 08,Manhattan,7,1119.8,551.5,,1
2008 / 08,Manhattan,8,1275.3,577.8,,1
2008 / 08,Manhattan,9,303.5,179,,1
2008 / 08,Manhattan,10,209.2,171.9,,1
2008 / 08,Manhattan,11,195.9,134,,1
2008 / 08,Manhattan,12,424.7,383,,1
2008 / 08,Queens,1,675.2,433.1,,4
2008 / 08,Queens,2,564.3,287.6,,4
2008 / 08,Queens,3,438.9,377.2,,4
2008 / 08,Queens,4,386.8,286.3,,4
2008 / 08,Queens,5,874.4,569.5,,4
2008 / 08,Queens,6,494.4,254.1,,4
2008 / 08,Queens,7,1054.6,546.2,,4
2008 / 08,Queens,8,544.2,299.8,,4
2008 / 08,Queens,9,476.3,375.2,,4
2008 / 08,Queens,10,470.4,391.1,,4
2008 / 08,Queens,11,653.5,341.7,,4
2008 / 08,Queens,12,542.1,594.6,,4
2008 / 08,Queens,13,686.1,593.7,,4
2008 / 08,Queens,14,358.8,238.9,,4
2008 / 08,Staten Island,1,904.5,530.1,,5
2008 / 08,Staten Island,2,707.3,439.8,,5
2008 / 08,Staten Island,3,1042,624.9,,5
2008 / 07,Bronx,1,221,79.7,,2
2008 / 07,Bronx,2,109,92.8,,2
2008 / 07,Bronx,3,93.2,80,,2
2008 / 07,Bronx,4,193.4,198.5,,2
2008 / 07,Bronx,5,178.7,250.5,,2
2008 / 07,Bronx,6,158.7,150.1,,2
2008 / 07,Bronx,7,280.7,297.6,,2
2008 / 07,Bronx,8,389.8,271.9,,2
2008 / 07,Bronx,9,250.4,275,,2
2008 / 07,Bronx,10,406,295.7,,2
2008 / 07,Bronx,11,368.2,303.4,,2
2008 / 07,Bronx,12,435.5,480.5,,2
2008 / 07,Brooklyn,1,413,406.1,,3
2008 / 07,Brooklyn,2,436.6,284.5,,3
2008 / 07,Brooklyn,3,238.2,265.3,,3
2008 / 07,Brooklyn,4,311,256.2,,3
2008 / 07,Brooklyn,5,283.6,379.5,,3
2008 / 07,Brooklyn,6,614.5,373.6,,3
2008 / 07,Brooklyn,7,482.7,365.3,,3
2008 / 07,Brooklyn,8,270.4,231.6,,3
2008 / 07,Brooklyn,9,232,180.7,,3
2008 / 07,Brooklyn,10,626.8,385.5,,3
2008 / 07,Brooklyn,11,789.6,476.3,,3
2008 / 07,Brooklyn,12,587.2,343,,3
2008 / 07,Brooklyn,13,332.1,176.6,,3
2008 / 07,Brooklyn,14,474,315.7,,3
2008 / 07,Brooklyn,15,681.7,411,,3
2008 / 07,Brooklyn,16,152.1,123,,3
2008 / 07,Brooklyn,17,373.7,428.4,,3
2008 / 07,Brooklyn,18,712.7,571.3,,3
2008 / 07,Manhattan,1,375,165.7,,1
2008 / 07,Manhattan,2,497.5,269,,1
2008 / 07,Manhattan,3,433.4,267.4,,1
2008 / 07,Manhattan,4,797.9,309.8,,1
2008 / 07,Manhattan,5,275.7,147.7,,1
2008 / 07,Manhattan,6,1180.9,434.1,,1
2008 / 07,Manhattan,7,1188.4,583.2,,1
2008 / 07,Manhattan,8,1352.2,614.8,,1
2008 / 07,Manhattan,9,261.8,168.2,,1
2008 / 07,Manhattan,10,182.5,146.5,,1
2008 / 07,Manhattan,11,172.6,112,,1
2008 / 07,Manhattan,12,421.7,386.9,,1
2008 / 07,Queens,1,664.5,470.2,,4
2008 / 07,Queens,2,602.1,309.4,,4
2008 / 07,Queens,3,418.1,393.9,,4
2008 / 07,Queens,4,398.9,305.9,,4
2008 / 07,Queens,5,812.2,617.8,,4
2008 / 07,Queens,6,496.4,295.3,,4
2008 / 07,Queens,7,1037.1,585.4,,4
2008 / 07,Queens,8,551.2,334.1,,4
2008 / 07,Queens,9,512.7,425.2,,4
2008 / 07,Queens,10,503,443.3,,4
2008 / 07,Queens,11,668,386.9,,4
2008 / 07,Queens,12,566,654.4,,4
2008 / 07,Queens,13,712.7,673.4,,4
2008 / 07,Queens,14,352.9,249.8,,4
2008 / 07,Staten Island,1,954,598.9,,5
2008 / 07,Staten Island,2,778.8,513,,5
2008 / 07,Staten Island,3,1064,680.7,,5
2008 / 06,Bronx,1,231.3,81.5,,2
2008 / 06,Bronx,2,120.1,99.9,,2
2008 / 06,Bronx,3,68.8,69.3,,2
2008 / 06,Bronx,4,222,201.3,,2
2008 / 06,Bronx,5,180.7,249.1,,2
2008 / 06,Bronx,6,187.5,128.4,,2
2008 / 06,Bronx,7,309.2,283.5,,2
2008 / 06,Bronx,8,363.5,258.9,,2
2008 / 06,Bronx,9,235.1,246.3,,2
2008 / 06,Bronx,10,396.2,284.7,,2
2008 / 06,Bronx,11,376.8,285.6,,2
2008 / 06,Bronx,12,416.6,449.1,,2
2008 / 06,Brooklyn,1,435.8,368.4,,3
2008 / 06,Brooklyn,2,465.9,299.2,,3
2008 / 06,Brooklyn,3,259,240.7,,3
2008 / 06,Brooklyn,4,331.5,244.9,,3
2008 / 06,Brooklyn,5,295.4,356.7,,3
2008 / 06,Brooklyn,6,661.6,376.4,,3
2008 / 06,Brooklyn,7,472.6,347.3,,3
2008 / 06,Brooklyn,8,260.4,215.6,,3
2008 / 06,Brooklyn,9,223.6,156.4,,3
2008 / 06,Brooklyn,10,670.8,373.4,,3
2008 / 06,Brooklyn,11,777.2,470.9,,3
2008 / 06,Brooklyn,12,672.7,385.7,,3
2008 / 06,Brooklyn,13,348.2,169.5,,3
2008 / 06,Brooklyn,14,535.8,348.2,,3
2008 / 06,Brooklyn,15,753.6,421.1,,3
2008 / 06,Brooklyn,16,159.4,106,,3
2008 / 06,Brooklyn,17,383.9,386.6,,3
2008 / 06,Brooklyn,18,718.3,533.1,,3
2008 / 06,Manhattan,1,395.7,160.8,,1
2008 / 06,Manhattan,2,612.7,287,,1
2008 / 06,Manhattan,3,448.1,245,,1
2008 / 06,Manhattan,4,806.3,291.9,,1
2008 / 06,Manhattan,5,285.5,143.6,,1
2008 / 06,Manhattan,6,1182.1,392.7,,1
2008 / 06,Manhattan,7,1365.1,602.6,,1
2008 / 06,Manhattan,8,1447,646.9,,1
2008 / 06,Manhattan,9,293.1,168.2,,1
2008 / 06,Manhattan,10,197.7,150.6,,1
2008 / 06,Manhattan,11,168.7,116.6,,1
2008 / 06,Manhattan,12,435.2,341.6,,1
2008 / 06,Queens,1,725.5,475.9,,4
2008 / 06,Queens,2,625.8,293.2,,4
2008 / 06,Queens,3,420,379.3,,4
2008 / 06,Queens,4,391.5,303,,4
2008 / 06,Queens,5,812,592,,4
2008 / 06,Queens,6,489.9,286,,4
2008 / 06,Queens,7,1051.1,585.5,,4
2008 / 06,Queens,8,592.7,338.9,,4
2008 / 06,Queens,9,526.1,397,,4
2008 / 06,Queens,10,511.7,428.5,,4
2008 / 06,Queens,11,686.4,378.7,,4
2008 / 06,Queens,12,562.5,611.1,,4
2008 / 06,Queens,13,703.7,619.9,,4
2008 / 06,Queens,14,356.2,236,,4
2008 / 06,Staten Island,1,1010.2,585.9,,5
2008 / 06,Staten Island,2,792.5,503.5,,5
2008 / 06,Staten Island,3,1090.2,663.6,,5
2008 / 05,Bronx,1,232.2,74.7,,2
2008 / 05,Bronx,2,123.2,132.9,,2
2008 / 05,Bronx,3,69,69.8,,2
2008 / 05,Bronx,4,196.6,183.6,,2
2008 / 05,Bronx,5,184,242.1,,2
2008 / 05,Bronx,6,179,140.3,,2
2008 / 05,Bronx,7,268.2,270.1,,2
2008 / 05,Bronx,8,386.8,259.1,,2
2008 / 05,Bronx,9,244.2,252.3,,2
2008 / 05,Bronx,10,423.1,288.8,,2
2008 / 05,Bronx,11,366.9,283.4,,2
2008 / 05,Bronx,12,414.8,408.3,,2
2008 / 05,Brooklyn,1,481.2,356.9,,3
2008 / 05,Brooklyn,2,462.3,280.9,,3
2008 / 05,Brooklyn,3,248.2,240.3,,3
2008 / 05,Brooklyn,4,330.4,231.5,,3
2008 / 05,Brooklyn,5,268.4,323.1,,3
2008 / 05,Brooklyn,6,705.9,382.1,,3
2008 / 05,Brooklyn,7,473.3,330.9,,3
2008 / 05,Brooklyn,8,240.5,193.4,,3
2008 / 05,Brooklyn,9,257.2,169.7,,3
2008 / 05,Brooklyn,10,658.8,355.2,,3
2008 / 05,Brooklyn,11,784.4,458.9,,3
2008 / 05,Brooklyn,12,717.3,386.8,,3
2008 / 05,Brooklyn,13,360,172.7,,3
2008 / 05,Brooklyn,14,512.9,308.3,,3
2008 / 05,Brooklyn,15,765.2,409.6,,3
2008 / 05,Brooklyn,16,171.5,113,,3
2008 / 05,Brooklyn,17,375.8,342.5,,3
2008 / 05,Brooklyn,18,739.3,507.8,,3
2008 / 05,Manhattan,1,435.3,187.4,,1
2008 / 05,Manhattan,2,590.2,296.2,,1
2008 / 05,Manhattan,3,454,271.9,,1
2008 / 05,Manhattan,4,913.1,337.4,,1
2008 / 05,Manhattan,5,390.2,181.9,,1
2008 / 05,Manhattan,6,1419.3,470.6,,1
2008 / 05,Manhattan,7,1477.3,635.1,,1
2008 / 05,Manhattan,8,1682.7,724.7,,1
2008 / 05,Manhattan,9,346.4,208.5,,1
2008 / 05,Manhattan,10,233.1,164.9,,1
2008 / 05,Manhattan,11,204.1,134.6,,1
2008 / 05,Manhattan,12,494.1,396.1,,1
2008 / 05,Queens,1,709.1,441.4,,4
2008 / 05,Queens,2,631,299,,4
2008 / 05,Queens,3,470,388.1,,4
2008 / 05,Queens,4,399.2,290.9,,4
2008 / 05,Queens,5,844.3,573.8,,4
2008 / 05,Queens,6,524.9,292.1,,4
2008 / 05,Queens,7,1106.9,561,,4
2008 / 05,Queens,8,581.4,328.7,,4
2008 / 05,Queens,9,486.8,362.9,,4
2008 / 05,Queens,10,495.1,388.8,,4
2008 / 05,Queens,11,681,367.2,,4
2008 / 05,Queens,12,562.9,573.3,,4
2008 / 05,Queens,13,718,586.5,,4
2008 / 05,Queens,14,393.8,238.9,,4
2008 / 05,Staten Island,1,1040.8,566.2,,5
2008 / 05,Staten Island,2,815.9,491.1,,5
2008 / 05,Staten Island,3,1202.9,679.9,,5
2008 / 04,Bronx,1,238.6,80.1,,2
2008 / 04,Bronx,2,83,110.9,,2
2008 / 04,Bronx,3,77.6,75.8,,2
2008 / 04,Bronx,4,197.5,177.7,,2
2008 / 04,Bronx,5,189.2,242.8,,2
2008 / 04,Bronx,6,172.6,135.3,,2
2008 / 04,Bronx,7,256.1,263.2,,2
2008 / 04,Bronx,8,359.3,247.6,,2
2008 / 04,Bronx,9,210.6,217.7,,2
2008 / 04,Bronx,10,404.9,261.5,,2
2008 / 04,Bronx,11,350.9,274,,2
2008 / 04,Bronx,12,413.4,412.4,,2
2008 / 04,Brooklyn,1,460.5,340.5,,3
2008 / 04,Brooklyn,2,465.3,279.6,,3
2008 / 04,Brooklyn,3,247.7,240.6,,3
2008 / 04,Brooklyn,4,309.5,229,,3
2008 / 04,Brooklyn,5,282.7,334.2,,3
2008 / 04,Brooklyn,6,672.3,365.1,,3
2008 / 04,Brooklyn,7,510.2,349,,3
2008 / 04,Brooklyn,8,281.2,207.8,,3
2008 / 04,Brooklyn,9,247.9,164.5,,3
2008 / 04,Brooklyn,10,661,365.3,,3
2008 / 04,Brooklyn,11,764.9,436.8,,3
2008 / 04,Brooklyn,12,836.6,471.5,,3
2008 / 04,Brooklyn,13,359,169.1,,3
2008 / 04,Brooklyn,14,571.1,349.3,,3
2008 / 04,Brooklyn,15,786.2,438.8,,3
2008 / 04,Brooklyn,16,152.5,102.7,,3
2008 / 04,Brooklyn,17,374,343,,3
2008 / 04,Brooklyn,18,732.2,495.7,,3
2008 / 04,Manhattan,1,406.5,170.6,,1
2008 / 04,Manhattan,2,590.4,286.8,,1
2008 / 04,Manhattan,3,411.6,255.4,,1
2008 / 04,Manhattan,4,866.5,306.9,,1
2008 / 04,Manhattan,5,318.9,153,,1
2008 / 04,Manhattan,6,1333.2,411.8,,1
2008 / 04,Manhattan,7,1392.2,609.3,,1
2008 / 04,Manhattan,8,1692.1,698.3,,1
2008 / 04,Manhattan,9,273.3,176.4,,1
2008 / 04,Manhattan,10,191.3,140.3,,1
2008 / 04,Manhattan,11,170.6,111.4,,1
2008 / 04,Manhattan,12,418.3,352.7,,1
2008 / 04,Queens,1,807.2,466.3,,4
2008 / 04,Queens,2,640.4,282.3,,4
2008 / 04,Queens,3,425.3,365.7,,4
2008 / 04,Queens,4,380.8,279.1,,4
2008 / 04,Queens,5,825,561.2,,4
2008 / 04,Queens,6,523.5,306.6,,4
2008 / 04,Queens,7,1074.7,552.3,,4
2008 / 04,Queens,8,605.4,338.1,,4
2008 / 04,Queens,9,539.9,384,,4
2008 / 04,Queens,10,501.6,391.1,,4
2008 / 04,Queens,11,718.6,378.8,,4
2008 / 04,Queens,12,575.7,555.6,,4
2008 / 04,Queens,13,701.7,585,,4
2008 / 04,Queens,14,347.7,216.3,,4
2008 / 04,Staten Island,1,954.4,545.5,,5
2008 / 04,Staten Island,2,785.6,470.4,,5
2008 / 04,Staten Island,3,1094.1,619,,5
2008 / 03,Bronx,1,250.8,81.4,,2
2008 / 03,Bronx,2,85.5,101,,2
2008 / 03,Bronx,3,76.2,70.1,,2
2008 / 03,Bronx,4,201.7,180,,2
2008 / 03,Bronx,5,212.1,240.8,,2
2008 / 03,Bronx,6,155.4,116.3,,2
2008 / 03,Bronx,7,244.7,261,,2
2008 / 03,Bronx,8,358.9,246.1,,2
2008 / 03,Bronx,9,215.7,210.1,,2
2008 / 03,Bronx,10,415.5,262.9,,2
2008 / 03,Bronx,11,364.9,276.4,,2
2008 / 03,Bronx,12,406.8,397.4,,2
2008 / 03,Brooklyn,1,450.7,331.1,,3
2008 / 03,Brooklyn,2,453.5,263.2,,3
2008 / 03,Brooklyn,3,251.6,219.9,,3
2008 / 03,Brooklyn,4,309.6,225.3,,3
2008 / 03,Brooklyn,5,274.7,313.6,,3
2008 / 03,Brooklyn,6,672.1,364.8,,3
2008 / 03,Brooklyn,7,460.1,367.1,,3
2008 / 03,Brooklyn,8,260.9,195.6,,3
2008 / 03,Brooklyn,9,233,146,,3
2008 / 03,Brooklyn,10,657.3,384.6,,3
2008 / 03,Brooklyn,11,768.2,474.1,,3
2008 / 03,Brooklyn,12,757.4,419.8,,3
2008 / 03,Brooklyn,13,352.2,147.8,,3
2008 / 03,Brooklyn,14,566,364.2,,3
2008 / 03,Brooklyn,15,777.9,407.2,,3
2008 / 03,Brooklyn,16,155.9,97.6,,3
2008 / 03,Brooklyn,17,367.1,325.3,,3
2008 / 03,Brooklyn,18,731,468.2,,3
2008 / 03,Manhattan,1,406.1,180.5,,1
2008 / 03,Manhattan,2,610.9,301.9,,1
2008 / 03,Manhattan,3,413,250.4,,1
2008 / 03,Manhattan,4,841,303.6,,1
2008 / 03,Manhattan,5,332,157.5,,1
2008 / 03,Manhattan,6,1279.3,416.7,,1
2008 / 03,Manhattan,7,1360.3,618.4,,1
2008 / 03,Manhattan,8,1587.1,664.1,,1
2008 / 03,Manhattan,9,276.1,182.8,,1
2008 / 03,Manhattan,10,198,145.2,,1
2008 / 03,Manhattan,11,173.3,119.1,,1
2008 / 03,Manhattan,12,427.2,369.6,,1
2008 / 03,Queens,1,655,464.1,,4
2008 / 03,Queens,2,582.6,291.4,,4
2008 / 03,Queens,3,397.7,363.9,,4
2008 / 03,Queens,4,358.5,281,,4
2008 / 03,Queens,5,784.1,549,,4
2008 / 03,Queens,6,484.5,282.4,,4
2008 / 03,Queens,7,1009.8,550.5,,4
2008 / 03,Queens,8,548.1,305.6,,4
2008 / 03,Queens,9,487.1,368.6,,4
2008 / 03,Queens,10,466.9,371.3,,4
2008 / 03,Queens,11,659.9,345.5,,4
2008 / 03,Queens,12,534.9,531.6,,4
2008 / 03,Queens,13,653.9,543.5,,4
2008 / 03,Queens,14,342.1,197.4,,4
2008 / 03,Staten Island,1,978,575.7,,5
2008 / 03,Staten Island,2,764,471.3,,5
2008 / 03,Staten Island,3,1079.6,634.8,,5
2008 / 02,Bronx,1,241.2,75.5,,2
2008 / 02,Bronx,2,86.7,94.8,,2
2008 / 02,Bronx,3,64.5,61.1,,2
2008 / 02,Bronx,4,188.3,169.2,,2
2008 / 02,Bronx,5,187.3,227.9,,2
2008 / 02,Bronx,6,151.2,111.9,,2
2008 / 02,Bronx,7,235.6,251.4,,2
2008 / 02,Bronx,8,350.1,228.2,,2
2008 / 02,Bronx,9,193.4,194.8,,2
2008 / 02,Bronx,10,397.8,236.1,,2
2008 / 02,Bronx,11,339.8,247.3,,2
2008 / 02,Bronx,12,369.8,377.6,,2
2008 / 02,Brooklyn,1,448.5,315.7,,3
2008 / 02,Brooklyn,2,430.8,255.4,,3
2008 / 02,Brooklyn,3,232.2,211.8,,3
2008 / 02,Brooklyn,4,295,211.1,,3
2008 / 02,Brooklyn,5,259.3,293,,3
2008 / 02,Brooklyn,6,668.4,365.9,,3
2008 / 02,Brooklyn,7,460,354.4,,3
2008 / 02,Brooklyn,8,256.6,180.5,,3
2008 / 02,Brooklyn,9,237.4,144.4,,3
2008 / 02,Brooklyn,10,661.5,365.3,,3
2008 / 02,Brooklyn,11,785.6,446.8,,3
2008 / 02,Brooklyn,12,706.1,379.8,,3
2008 / 02,Brooklyn,13,337.4,156.3,,3
2008 / 02,Brooklyn,14,513.9,318.8,,3
2008 / 02,Brooklyn,15,775.6,374.8,,3
2008 / 02,Brooklyn,16,160.4,90.1,,3
2008 / 02,Brooklyn,17,337,302,,3
2008 / 02,Brooklyn,18,694.1,453.3,,3
2008 / 02,Manhattan,1,393.3,178.7,,1
2008 / 02,Manhattan,2,532.9,296.4,,1
2008 / 02,Manhattan,3,393.4,251.2,,1
2008 / 02,Manhattan,4,811.6,319.9,,1
2008 / 02,Manhattan,5,319,162.1,,1
2008 / 02,Manhattan,6,1212.1,439.6,,1
2008 / 02,Manhattan,7,1298,617.5,,1
2008 / 02,Manhattan,8,1533.8,662.6,,1
2008 / 02,Manhattan,9,279,186,,1
2008 / 02,Manhattan,10,194,139.7,,1
2008 / 02,Manhattan,11,178.3,120.6,,1
2008 / 02,Manhattan,12,401.4,358.8,,1
2008 / 02,Queens,1,624,439.7,,4
2008 / 02,Queens,2,561.4,276.1,,4
2008 / 02,Queens,3,390.6,363.6,,4
2008 / 02,Queens,4,348.6,269.7,,4
2008 / 02,Queens,5,763.2,526.1,,4
2008 / 02,Queens,6,464.1,270.8,,4
2008 / 02,Queens,7,964.1,520,,4
2008 / 02,Queens,8,508.6,286.6,,4
2008 / 02,Queens,9,459.9,339.4,,4
2008 / 02,Queens,10,442.1,343.2,,4
2008 / 02,Queens,11,626.9,311.9,,4
2008 / 02,Queens,12,497.5,490.7,,4
2008 / 02,Queens,13,618.6,491,,4
2008 / 02,Queens,14,319.5,188.3,,4
2008 / 02,Staten Island,1,933.5,529.1,,5
2008 / 02,Staten Island,2,709.4,441.3,,5
2008 / 02,Staten Island,3,1038.8,594.1,,5
2008 / 01,Bronx,1,253.8,89.3,,2
2008 / 01,Bronx,2,91,98.6,,2
2008 / 01,Bronx,3,80.5,75.4,,2
2008 / 01,Bronx,4,209.2,191.8,,2
2008 / 01,Bronx,5,199.6,259,,2
2008 / 01,Bronx,6,180.1,147,,2
2008 / 01,Bronx,7,275.5,313,,2
2008 / 01,Bronx,8,424.1,292.2,,2
2008 / 01,Bronx,9,218.4,234.5,,2
2008 / 01,Bronx,10,463.2,296.2,,2
2008 / 01,Bronx,11,384.5,295.7,,2
2008 / 01,Bronx,12,440.4,448.7,,2
2008 / 01,Brooklyn,1,503.4,381.5,,3
2008 / 01,Brooklyn,2,530.9,290.4,,3
2008 / 01,Brooklyn,3,270,240.2,,3
2008 / 01,Brooklyn,4,321.9,240.7,,3
2008 / 01,Brooklyn,5,302.5,351.6,,3
2008 / 01,Brooklyn,6,765.6,423.7,,3
2008 / 01,Brooklyn,7,548,414,,3
2008 / 01,Brooklyn,8,309,233.5,,3
2008 / 01,Brooklyn,9,257.3,166.8,,3
2008 / 01,Brooklyn,10,787.2,421.2,,3
2008 / 01,Brooklyn,11,885.8,553.5,,3
2008 / 01,Brooklyn,12,752.7,407.1,,3
2008 / 01,Brooklyn,13,378.7,179.2,,3
2008 / 01,Brooklyn,14,583,338.7,,3
2008 / 01,Brooklyn,15,870.1,442.5,,3
2008 / 01,Brooklyn,16,157.9,104.4,,3
2008 / 01,Brooklyn,17,403.5,377.1,,3
2008 / 01,Brooklyn,18,804.1,532.1,,3
2008 / 01,Manhattan,1,401.9,169.2,,1
2008 / 01,Manhattan,2,633.3,312.6,,1
2008 / 01,Manhattan,3,468.6,289.8,,1
2008 / 01,Manhattan,4,922.1,330.1,,1
2008 / 01,Manhattan,5,324.7,167.3,,1
2008 / 01,Manhattan,6,1365.9,488.4,,1
2008 / 01,Manhattan,7,1502,688.7,,1
2008 / 01,Manhattan,8,1761.4,749.8,,1
2008 / 01,Manhattan,9,298.2,182.9,,1
2008 / 01,Manhattan,10,217.9,151.4,,1
2008 / 01,Manhattan,11,184.9,112.9,,1
2008 / 01,Manhattan,12,520.2,410,,1
2008 / 01,Queens,1,750.3,532.6,,4
2008 / 01,Queens,2,652.5,313.6,,4
2008 / 01,Queens,3,446.3,410.8,,4
2008 / 01,Queens,4,404,316,,4
2008 / 01,Queens,5,913.7,634,,4
2008 / 01,Queens,6,548.9,313.4,,4
2008 / 01,Queens,7,1171.2,617.1,,4
2008 / 01,Queens,8,615.9,337.1,,4
2008 / 01,Queens,9,548.3,417.6,,4
2008 / 01,Queens,10,528.7,415.7,,4
2008 / 01,Queens,11,764.4,415.8,,4
2008 / 01,Queens,12,581.1,577.8,,4
2008 / 01,Queens,13,742.9,605.8,,4
2008 / 01,Queens,14,363.4,216.7,,4
2008 / 01,Staten Island,1,1043.9,590.9,,5
2008 / 01,Staten Island,2,855.6,499.3,,5
2008 / 01,Staten Island,3,1235.6,681.5,,5
2007 / 12,Bronx,1,252.1,71.8,,2
2007 / 12,Bronx,2,85.2,84.9,,2
2007 / 12,Bronx,3,79,61.2,,2
2007 / 12,Bronx,4,194.7,166.8,,2
2007 / 12,Bronx,5,214.8,231.5,,2
2007 / 12,Bronx,6,150.5,102.5,,2
2007 / 12,Bronx,7,274.8,251.6,,2
2007 / 12,Bronx,8,411,239.6,,2
2007 / 12,Bronx,9,232.8,203,,2
2007 / 12,Bronx,10,502.5,254.7,,2
2007 / 12,Bronx,11,423.6,263.9,,2
2007 / 12,Bronx,12,447.2,381.9,,2
2007 / 12,Brooklyn,1,477.3,336.7,,3
2007 / 12,Brooklyn,2,517,259.5,,3
2007 / 12,Brooklyn,3,272.5,213.4,,3
2007 / 12,Brooklyn,4,328.7,226.1,,3
2007 / 12,Brooklyn,5,308.8,308.3,,3
2007 / 12,Brooklyn,6,791.4,368.4,,3
2007 / 12,Brooklyn,7,545.5,337.4,,3
2007 / 12,Brooklyn,8,266.8,186.1,,3
2007 / 12,Brooklyn,9,253.5,141.8,,3
2007 / 12,Brooklyn,10,776.9,353.2,,3
2007 / 12,Brooklyn,11,890.6,442,,3
2007 / 12,Brooklyn,12,788.9,370.2,,3
2007 / 12,Brooklyn,13,340.3,133.3,,3
2007 / 12,Brooklyn,14,600.8,327.3,,3
2007 / 12,Brooklyn,15,847.4,395.6,,3
2007 / 12,Brooklyn,16,173.3,96.8,,3
2007 / 12,Brooklyn,17,434.5,340.1,,3
2007 / 12,Brooklyn,18,837.4,494.3,,3
2007 / 12,Manhattan,1,442.6,167.7,,1
2007 / 12,Manhattan,2,700.2,304.7,,1
2007 / 12,Manhattan,3,420.3,232.3,,1
2007 / 12,Manhattan,4,926.8,295.4,,1
2007 / 12,Manhattan,5,380.9,173.9,,1
2007 / 12,Manhattan,6,1437.9,430.9,,1
2007 / 12,Manhattan,7,1581.7,630.3,,1
2007 / 12,Manhattan,8,1867.7,691.6,,1
2007 / 12,Manhattan,9,318.1,184.1,,1
2007 / 12,Manhattan,10,215.8,131.4,,1
2007 / 12,Manhattan,11,192.2,116,,1
2007 / 12,Manhattan,12,497.9,364.3,,1
2007 / 12,Queens,1,748.7,462.7,,4
2007 / 12,Queens,2,638.4,281.4,,4
2007 / 12,Queens,3,472.9,373.9,,4
2007 / 12,Queens,4,418.3,280.9,,4
2007 / 12,Queens,5,924,552.7,,4
2007 / 12,Queens,6,576.5,281.9,,4
2007 / 12,Queens,7,1149.7,541.1,,4
2007 / 12,Queens,8,602.7,297,,4
2007 / 12,Queens,9,562.7,364.1,,4
2007 / 12,Queens,10,548.9,369.9,,4
2007 / 12,Queens,11,721.2,348.6,,4
2007 / 12,Queens,12,593.4,529.7,,4
2007 / 12,Queens,13,737.6,538.7,,4
2007 / 12,Queens,14,389.6,192.9,,4
2007 / 12,Staten Island,1,1157.9,532.8,,5
2007 / 12,Staten Island,2,913.8,466.8,,5
2007 / 12,Staten Island,3,1382.8,620.2,,5
2007 / 11,Bronx,1,259.3,83.6,,2
2007 / 11,Bronx,2,95.1,98.4,,2
2007 / 11,Bronx,3,70,60.4,,2
2007 / 11,Bronx,4,178.9,164.9,,2
2007 / 11,Bronx,5,202.4,233.4,,2
2007 / 11,Bronx,6,155.7,118.7,,2
2007 / 11,Bronx,7,256.7,272.4,,2
2007 / 11,Bronx,8,448,262.9,,2
2007 / 11,Bronx,9,221,216.9,,2
2007 / 11,Bronx,10,477,275.3,,2
2007 / 11,Bronx,11,405.8,275.8,,2
2007 / 11,Bronx,12,454,411.4,,2
2007 / 11,Brooklyn,1,475.3,344.6,,3
2007 / 11,Brooklyn,2,477.9,270.2,,3
2007 / 11,Brooklyn,3,258.5,218.3,,3
2007 / 11,Brooklyn,4,323.5,220.7,,3
2007 / 11,Brooklyn,5,283.6,321,,3
2007 / 11,Brooklyn,6,766.9,386.5,,3
2007 / 11,Brooklyn,7,500.4,354.2,,3
2007 / 11,Brooklyn,8,269.6,189,,3
2007 / 11,Brooklyn,9,251.2,152.6,,3
2007 / 11,Brooklyn,10,746.1,367.7,,3
2007 / 11,Brooklyn,11,844.7,455.8,,3
2007 / 11,Brooklyn,12,728.5,368.3,,3
2007 / 11,Brooklyn,13,353.7,162.3,,3
2007 / 11,Brooklyn,14,541.5,303.9,,3
2007 / 11,Brooklyn,15,822.3,405.3,,3
2007 / 11,Brooklyn,16,166.4,100.5,,3
2007 / 11,Brooklyn,17,403.3,345,,3
2007 / 11,Brooklyn,18,799.2,502.2,,3
2007 / 11,Manhattan,1,463.1,188,,1
2007 / 11,Manhattan,2,688.4,298,,1
2007 / 11,Manhattan,3,445.2,257.6,,1
2007 / 11,Manhattan,4,1031.4,314.3,,1
2007 / 11,Manhattan,5,401.2,177.8,,1
2007 / 11,Manhattan,6,1550.6,465.4,,1
2007 / 11,Manhattan,7,1672.2,650.7,,1
2007 / 11,Manhattan,8,1958,692.6,,1
2007 / 11,Manhattan,9,312.6,186.9,,1
2007 / 11,Manhattan,10,219.1,153.9,,1
2007 / 11,Manhattan,11,200.9,121.4,,1
2007 / 11,Manhattan,12,490.7,384.9,,1
2007 / 11,Queens,1,700.5,466.6,,4
2007 / 11,Queens,2,650.2,290.1,,4
2007 / 11,Queens,3,461.3,380.3,,4
2007 / 11,Queens,4,399.6,288.9,,4
2007 / 11,Queens,5,895,574.2,,4
2007 / 11,Queens,6,566.7,287.8,,4
2007 / 11,Queens,7,1157.6,562.2,,4
2007 / 11,Queens,8,613.9,307.3,,4
2007 / 11,Queens,9,526.6,367.6,,4
2007 / 11,Queens,10,525.3,378.8,,4
2007 / 11,Queens,11,741.8,364.3,,4
2007 / 11,Queens,12,580.2,541.8,,4
2007 / 11,Queens,13,768.6,567.5,,4
2007 / 11,Queens,14,358.8,204.7,,4
2007 / 11,Staten Island,1,1106,557.8,,5
2007 / 11,Staten Island,2,901.3,455.6,,5
2007 / 11,Staten Island,3,1304.3,642.6,,5
2007 / 10,Bronx,1,247.1,80,,2
2007 / 10,Bronx,2,75.9,69.2,,2
2007 / 10,Bronx,3,85.8,67.9,,2
2007 / 10,Bronx,4,192.2,183.6,,2
2007 / 10,Bronx,5,212.2,251.7,,2
2007 / 10,Bronx,6,143.4,122.1,,2
2007 / 10,Bronx,7,259,286.3,,2
2007 / 10,Bronx,8,402.3,261.2,,2
2007 / 10,Bronx,9,199.1,209.2,,2
2007 / 10,Bronx,10,432.5,271.6,,2
2007 / 10,Bronx,11,411.7,286.3,,2
2007 / 10,Bronx,12,449.6,423,,2
2007 / 10,Brooklyn,1,444.5,345.1,,3
2007 / 10,Brooklyn,2,506.2,264.7,,3
2007 / 10,Brooklyn,3,238.3,219.3,,3
2007 / 10,Brooklyn,4,333.9,225.5,,3
2007 / 10,Brooklyn,5,287.7,337.9,,3
2007 / 10,Brooklyn,6,758.7,373,,3
2007 / 10,Brooklyn,7,546.2,370.9,,3
2007 / 10,Brooklyn,8,297.8,240.9,,3
2007 / 10,Brooklyn,9,233.9,150.4,,3
2007 / 10,Brooklyn,10,745,378,,3
2007 / 10,Brooklyn,11,844.7,520.6,,3
2007 / 10,Brooklyn,12,738.2,418.8,,3
2007 / 10,Brooklyn,13,368.4,172,,3
2007 / 10,Brooklyn,14,574.2,339.4,,3
2007 / 10,Brooklyn,15,840.7,441.4,,3
2007 / 10,Brooklyn,16,160.4,99.8,,3
2007 / 10,Brooklyn,17,397.7,352,,3
2007 / 10,Brooklyn,18,804.5,490.3,,3
2007 / 10,Manhattan,1,419.1,164.9,,1
2007 / 10,Manhattan,2,676.2,286.8,,1
2007 / 10,Manhattan,3,441.3,251.4,,1
2007 / 10,Manhattan,4,954.2,278.7,,1
2007 / 10,Manhattan,5,322.6,145.7,,1
2007 / 10,Manhattan,6,1420.4,407.8,,1
2007 / 10,Manhattan,7,1556.4,603.9,,1
2007 / 10,Manhattan,8,1829.7,675.5,,1
2007 / 10,Manhattan,9,306,168.5,,1
2007 / 10,Manhattan,10,201.4,136.5,,1
2007 / 10,Manhattan,11,177.4,106.4,,1
2007 / 10,Manhattan,12,455.8,344.3,,1
2007 / 10,Queens,1,757.1,494.3,,4
2007 / 10,Queens,2,670,300.6,,4
2007 / 10,Queens,3,430,365.6,,4
2007 / 10,Queens,4,399.4,284.1,,4
2007 / 10,Queens,5,897.4,581.7,,4
2007 / 10,Queens,6,576.7,289.2,,4
2007 / 10,Queens,7,1181.7,566.1,,4
2007 / 10,Queens,8,615.5,323.7,,4
2007 / 10,Queens,9,538.5,382.8,,4
2007 / 10,Queens,10,538.4,399,,4
2007 / 10,Queens,11,763.6,383.1,,4
2007 / 10,Queens,12,577.2,550.8,,4
2007 / 10,Queens,13,751.9,578.4,,4
2007 / 10,Queens,14,376.1,199.5,,4
2007 / 10,Staten Island,1,1072.3,557.5,,5
2007 / 10,Staten Island,2,864,462.7,,5
2007 / 10,Staten Island,3,1211.9,623,,5
2007 / 09,Bronx,1,233,69.7,,2
2007 / 09,Bronx,2,71.8,65.3,,2
2007 / 09,Bronx,3,76.3,64.7,,2
2007 / 09,Bronx,4,164.1,166.8,,2
2007 / 09,Bronx,5,189.8,239.4,,2
2007 / 09,Bronx,6,126.7,109.7,,2
2007 / 09,Bronx,7,224.2,264.5,,2
2007 / 09,Bronx,8,363.4,245.2,,2
2007 / 09,Bronx,9,192.9,215.4,,2
2007 / 09,Bronx,10,401.6,261,,2
2007 / 09,Bronx,11,375.1,265.7,,2
2007 / 09,Bronx,12,414.6,408.6,,2
2007 / 09,Brooklyn,1,405.8,330,,3
2007 / 09,Brooklyn,2,449.2,240.4,,3
2007 / 09,Brooklyn,3,224.9,215.8,,3
2007 / 09,Brooklyn,4,296.4,218.5,,3
2007 / 09,Brooklyn,5,262.2,329.6,,3
2007 / 09,Brooklyn,6,694.7,347.7,,3
2007 / 09,Brooklyn,7,490.4,351.1,,3
2007 / 09,Brooklyn,8,247.4,189.7,,3
2007 / 09,Brooklyn,9,224.3,153.1,,3
2007 / 09,Brooklyn,10,667.6,349,,3
2007 / 09,Brooklyn,11,758.3,448.8,,3
2007 / 09,Brooklyn,12,704.4,380.9,,3
2007 / 09,Brooklyn,13,320.4,158.9,,3
2007 / 09,Brooklyn,14,524.7,326.4,,3
2007 / 09,Brooklyn,15,773,424.5,,3
2007 / 09,Brooklyn,16,153.2,100.2,,3
2007 / 09,Brooklyn,17,365.2,358.9,,3
2007 / 09,Brooklyn,18,731.8,506.6,,3
2007 / 09,Manhattan,1,408.3,157.9,,1
2007 / 09,Manhattan,2,575.9,262.9,,1
2007 / 09,Manhattan,3,397.3,228.4,,1
2007 / 09,Manhattan,4,856.4,277.1,,1
2007 / 09,Manhattan,5,335.5,139.6,,1
2007 / 09,Manhattan,6,1302.8,386.5,,1
2007 / 09,Manhattan,7,1425.6,551.4,,1
2007 / 09,Manhattan,8,1656,627.4,,1
2007 / 09,Manhattan,9,306.6,171.3,,1
2007 / 09,Manhattan,10,201.1,142.9,,1
2007 / 09,Manhattan,11,181.5,116.9,,1
2007 / 09,Manhattan,12,427.1,347.7,,1
2007 / 09,Queens,1,662.9,451.4,,4
2007 / 09,Queens,2,600,281.7,,4
2007 / 09,Queens,3,436.8,369,,4
2007 / 09,Queens,4,390.5,287.5,,4
2007 / 09,Queens,5,815.2,553.4,,4
2007 / 09,Queens,6,530.7,277,,4
2007 / 09,Queens,7,1100.7,544.3,,4
2007 / 09,Queens,8,550.3,306.9,,4
2007 / 09,Queens,9,494.1,366.7,,4
2007 / 09,Queens,10,484.6,385.6,,4
2007 / 09,Queens,11,684,356.7,,4
2007 / 09,Queens,12,541.9,560.2,,4
2007 / 09,Queens,13,708.3,591.9,,4
2007 / 09,Queens,14,360.9,221.2,,4
2007 / 09,Staten Island,1,957.2,538.1,,5
2007 / 09,Staten Island,2,759.3,441.4,,5
2007 / 09,Staten Island,3,1105.2,615.3,,5
2007 / 08,Bronx,1,215.8,81.3,,2
2007 / 08,Bronx,2,105.5,85.3,,2
2007 / 08,Bronx,3,100.5,72.6,,2
2007 / 08,Bronx,4,181.3,185.8,,2
2007 / 08,Bronx,5,193.2,261.2,,2
2007 / 08,Bronx,6,132.8,138.7,,2
2007 / 08,Bronx,7,268.5,298.1,,2
2007 / 08,Bronx,8,408,265.9,,2
2007 / 08,Bronx,9,217.9,243.3,,2
2007 / 08,Bronx,10,449.7,296.6,,2
2007 / 08,Bronx,11,377,290.1,,2
2007 / 08,Bronx,12,462.5,465,,2
2007 / 08,Brooklyn,1,434.5,363.3,,3
2007 / 08,Brooklyn,2,453.2,257.6,,3
2007 / 08,Brooklyn,3,233.2,252.6,,3
2007 / 08,Brooklyn,4,300.5,236.8,,3
2007 / 08,Brooklyn,5,288.2,372,,3
2007 / 08,Brooklyn,6,697.4,373.3,,3
2007 / 08,Brooklyn,7,515.4,400.7,,3
2007 / 08,Brooklyn,8,262.7,219.3,,3
2007 / 08,Brooklyn,9,239.6,168,,3
2007 / 08,Brooklyn,10,658,391.5,,3
2007 / 08,Brooklyn,11,817,520.8,,3
2007 / 08,Brooklyn,12,644.6,383.6,,3
2007 / 08,Brooklyn,13,354.8,186.8,,3
2007 / 08,Brooklyn,14,496.9,338.5,,3
2007 / 08,Brooklyn,15,746.3,428.6,,3
2007 / 08,Brooklyn,16,162.9,121.3,,3
2007 / 08,Brooklyn,17,387.2,406.8,,3
2007 / 08,Brooklyn,18,798.6,558.6,,3
2007 / 08,Manhattan,1,392.4,179.5,,1
2007 / 08,Manhattan,2,537.3,283.1,,1
2007 / 08,Manhattan,3,429,273.4,,1
2007 / 08,Manhattan,4,900,314.8,,1
2007 / 08,Manhattan,5,311.4,154,,1
2007 / 08,Manhattan,6,1336.4,450.8,,1
2007 / 08,Manhattan,7,1328.5,580.6,,1
2007 / 08,Manhattan,8,1551.3,605.9,,1
2007 / 08,Manhattan,9,298.2,177.1,,1
2007 / 08,Manhattan,10,224.4,162.6,,1
2007 / 08,Manhattan,11,180.6,122.7,,1
2007 / 08,Manhattan,12,441.4,392.3,,1
2007 / 08,Queens,1,759.2,477.3,,4
2007 / 08,Queens,2,661.9,301.6,,4
2007 / 08,Queens,3,488.4,419.2,,4
2007 / 08,Queens,4,459.2,324,,4
2007 / 08,Queens,5,950.4,631.2,,4
2007 / 08,Queens,6,614.5,314.1,,4
2007 / 08,Queens,7,1210.7,625.1,,4
2007 / 08,Queens,8,628,339,,4
2007 / 08,Queens,9,570.2,412,,4
2007 / 08,Queens,10,544.7,456.8,,4
2007 / 08,Queens,11,745.2,384.6,,4
2007 / 08,Queens,12,608.4,659.3,,4
2007 / 08,Queens,13,802.5,676.9,,4
2007 / 08,Queens,14,395.4,250.1,,4
2007 / 08,Staten Island,1,1018.6,655.2,,5
2007 / 08,Staten Island,2,817.7,554.5,,5
2007 / 08,Staten Island,3,1181.8,724.2,,5
2007 / 07,Bronx,1,229.2,90.7,,2
2007 / 07,Bronx,2,94.9,85.4,,2
2007 / 07,Bronx,3,81.3,65.1,,2
2007 / 07,Bronx,4,186.7,196.9,,2
2007 / 07,Bronx,5,204.2,269.8,,2
2007 / 07,Bronx,6,119.4,123.1,,2
2007 / 07,Bronx,7,274.8,301.2,,2
2007 / 07,Bronx,8,385.6,268.4,,2
2007 / 07,Bronx,9,215.6,231.3,,2
2007 / 07,Bronx,10,454.1,290.9,,2
2007 / 07,Bronx,11,379.9,285,,2
2007 / 07,Bronx,12,463.4,472.6,,2
2007 / 07,Brooklyn,1,364.5,344.9,,3
2007 / 07,Brooklyn,2,405.4,249.5,,3
2007 / 07,Brooklyn,3,219.2,236.3,,3
2007 / 07,Brooklyn,4,285.4,240.5,,3
2007 / 07,Brooklyn,5,295.5,368.8,,3
2007 / 07,Brooklyn,6,656.5,365.7,,3
2007 / 07,Brooklyn,7,504.3,411.3,,3
2007 / 07,Brooklyn,8,262.9,233.9,,3
2007 / 07,Brooklyn,9,209.4,159.2,,3
2007 / 07,Brooklyn,10,665.1,420,,3
2007 / 07,Brooklyn,11,818.7,537.9,,3
2007 / 07,Brooklyn,12,598.9,388.8,,3
2007 / 07,Brooklyn,13,350.3,179,,3
2007 / 07,Brooklyn,14,514.5,364.6,,3
2007 / 07,Brooklyn,15,745.2,421,,3
2007 / 07,Brooklyn,16,154.6,101.5,,3
2007 / 07,Brooklyn,17,388.9,404.6,,3
2007 / 07,Brooklyn,18,786.7,552.7,,3
2007 / 07,Manhattan,1,309.9,156.5,,1
2007 / 07,Manhattan,2,437.5,252.6,,1
2007 / 07,Manhattan,3,376.5,230.9,,1
2007 / 07,Manhattan,4,761,270.4,,1
2007 / 07,Manhattan,5,232.1,140.2,,1
2007 / 07,Manhattan,6,1028,380.9,,1
2007 / 07,Manhattan,7,1027.3,565.4,,1
2007 / 07,Manhattan,8,1051.1,564.2,,1
2007 / 07,Manhattan,9,239.9,159,,1
2007 / 07,Manhattan,10,194,141.7,,1
2007 / 07,Manhattan,11,146,111.7,,1
2007 / 07,Manhattan,12,440,341.4,,1
2007 / 07,Queens,1,705.7,481.1,,4
2007 / 07,Queens,2,606,295.4,,4
2007 / 07,Queens,3,431.7,387.2,,4
2007 / 07,Queens,4,414.4,297.6,,4
2007 / 07,Queens,5,990.8,595.5,,4
2007 / 07,Queens,6,515.5,293.7,,4
2007 / 07,Queens,7,1158.3,589,,4
2007 / 07,Queens,8,606.5,330.6,,4
2007 / 07,Queens,9,555.2,406,,4
2007 / 07,Queens,10,547.7,447.1,,4
2007 / 07,Queens,11,732.8,400.8,,4
2007 / 07,Queens,12,608.7,655.1,,4
2007 / 07,Queens,13,773.6,685.5,,4
2007 / 07,Queens,14,356.1,233.3,,4
2007 / 07,Staten Island,1,1010.9,683.1,,5
2007 / 07,Staten Island,2,801,563.1,,5
2007 / 07,Staten Island,3,1118.3,746.9,,5
2007 / 06,Bronx,1,259.2,88.4,,2
2007 / 06,Bronx,2,96.7,82.5,,2
2007 / 06,Bronx,3,83.4,70.7,,2
2007 / 06,Bronx,4,188.7,198.4,,2
2007 / 06,Bronx,5,212.9,285.1,,2
2007 / 06,Bronx,6,137,115.9,,2
2007 / 06,Bronx,7,274.5,308.9,,2
2007 / 06,Bronx,8,394.8,284.8,,2
2007 / 06,Bronx,9,225.3,249.9,,2
2007 / 06,Bronx,10,464.3,309,,2
2007 / 06,Bronx,11,424.6,305.1,,2
2007 / 06,Bronx,12,469.4,488.8,,2
2007 / 06,Brooklyn,1,428,341.3,,3
2007 / 06,Brooklyn,2,427,275.7,,3
2007 / 06,Brooklyn,3,245.8,247.3,,3
2007 / 06,Brooklyn,4,311.9,238.2,,3
2007 / 06,Brooklyn,5,313.7,365,,3
2007 / 06,Brooklyn,6,739,390.8,,3
2007 / 06,Brooklyn,7,533.7,401.8,,3
2007 / 06,Brooklyn,8,260.3,218.5,,3
2007 / 06,Brooklyn,9,254,166.5,,3
2007 / 06,Brooklyn,10,733,415.3,,3
2007 / 06,Brooklyn,11,901.6,532.7,,3
2007 / 06,Brooklyn,12,752.2,421.7,,3
2007 / 06,Brooklyn,13,389.2,182.4,,3
2007 / 06,Brooklyn,14,595.1,385.9,,3
2007 / 06,Brooklyn,15,855.2,441.2,,3
2007 / 06,Brooklyn,16,171.4,106.9,,3
2007 / 06,Brooklyn,17,415.3,385.1,,3
2007 / 06,Brooklyn,18,849.1,561.8,,3
2007 / 06,Manhattan,1,366.7,198.2,,1
2007 / 06,Manhattan,2,496.6,295.2,,1
2007 / 06,Manhattan,3,405.4,248.8,,1
2007 / 06,Manhattan,4,839.6,317.9,,1
2007 / 06,Manhattan,5,258,158.7,,1
2007 / 06,Manhattan,6,1035.7,420.2,,1
2007 / 06,Manhattan,7,1043.9,630.1,,1
2007 / 06,Manhattan,8,1009.1,661.6,,1
2007 / 06,Manhattan,9,305.6,199.7,,1
2007 / 06,Manhattan,10,215,157.1,,1
2007 / 06,Manhattan,11,196.5,142,,1
2007 / 06,Manhattan,12,475.9,409.5,,1
2007 / 06,Queens,1,776.4,506.2,,4
2007 / 06,Queens,2,660.7,303.5,,4
2007 / 06,Queens,3,484.4,390.5,,4
2007 / 06,Queens,4,436.9,308.7,,4
2007 / 06,Queens,5,896.4,603.6,,4
2007 / 06,Queens,6,549.4,288.4,,4
2007 / 06,Queens,7,1216.6,609.5,,4
2007 / 06,Queens,8,660.5,335.8,,4
2007 / 06,Queens,9,583.1,406.9,,4
2007 / 06,Queens,10,563.5,446,,4
2007 / 06,Queens,11,760.6,408,,4
2007 / 06,Queens,12,635.8,644.8,,4
2007 / 06,Queens,13,816.9,699.2,,4
2007 / 06,Queens,14,411,236.7,,4
2007 / 06,Staten Island,1,1151,664.3,,5
2007 / 06,Staten Island,2,893.8,560.3,,5
2007 / 06,Staten Island,3,1280.5,785.4,,5
2007 / 05,Bronx,1,243.4,81,,2
2007 / 05,Bronx,2,89.3,77.8,,2
2007 / 05,Bronx,3,94.9,74.8,,2
2007 / 05,Bronx,4,182.9,181.1,,2
2007 / 05,Bronx,5,204.7,264,,2
2007 / 05,Bronx,6,153,143.6,,2
2007 / 05,Bronx,7,264.9,294.3,,2
2007 / 05,Bronx,8,408.7,278.1,,2
2007 / 05,Bronx,9,210,236.4,,2
2007 / 05,Bronx,10,437.4,276.5,,2
2007 / 05,Bronx,11,405.1,287.4,,2
2007 / 05,Bronx,12,458.7,458.2,,2
2007 / 05,Brooklyn,1,428.9,355.1,,3
2007 / 05,Brooklyn,2,411.4,254.2,,3
2007 / 05,Brooklyn,3,253,232.7,,3
2007 / 05,Brooklyn,4,322.5,225,,3
2007 / 05,Brooklyn,5,285.6,342.6,,3
2007 / 05,Brooklyn,6,716.8,371.1,,3
2007 / 05,Brooklyn,7,474.4,367.8,,3
2007 / 05,Brooklyn,8,270,236.1,,3
2007 / 05,Brooklyn,9,252.7,162.6,,3
2007 / 05,Brooklyn,10,681.7,384.3,,3
2007 / 05,Brooklyn,11,831.9,494.9,,3
2007 / 05,Brooklyn,12,710.6,399.7,,3
2007 / 05,Brooklyn,13,369.5,179.3,,3
2007 / 05,Brooklyn,14,521.3,317.2,,3
2007 / 05,Brooklyn,15,801.3,423.8,,3
2007 / 05,Brooklyn,16,169.4,103.3,,3
2007 / 05,Brooklyn,17,398.2,355,,3
2007 / 05,Brooklyn,18,813.1,514.8,,3
2007 / 05,Manhattan,1,333.3,161.5,,1
2007 / 05,Manhattan,2,484.2,281.8,,1
2007 / 05,Manhattan,3,424.6,257.5,,1
2007 / 05,Manhattan,4,864.5,322,,1
2007 / 05,Manhattan,5,254.6,144.5,,1
2007 / 05,Manhattan,6,1133,446.3,,1
2007 / 05,Manhattan,7,1000.8,611.9,,1
2007 / 05,Manhattan,8,1060.5,679.6,,1
2007 / 05,Manhattan,9,297.2,187.1,,1
2007 / 05,Manhattan,10,192.1,137.5,,1
2007 / 05,Manhattan,11,164.9,120,,1
2007 / 05,Manhattan,12,484.7,409.3,,1
2007 / 05,Queens,1,712.6,464.2,,4
2007 / 05,Queens,2,651.4,292.9,,4
2007 / 05,Queens,3,442.1,366.5,,4
2007 / 05,Queens,4,413.2,296.8,,4
2007 / 05,Queens,5,926.9,587.1,,4
2007 / 05,Queens,6,540.2,275.2,,4
2007 / 05,Queens,7,1157.1,560.9,,4
2007 / 05,Queens,8,614.1,324.5,,4
2007 / 05,Queens,9,524.9,382.1,,4
2007 / 05,Queens,10,522.2,415.4,,4
2007 / 05,Queens,11,746.6,396.1,,4
2007 / 05,Queens,12,605.5,593.2,,4
2007 / 05,Queens,13,783.5,654,,4
2007 / 05,Queens,14,372.5,220.8,,4
2007 / 05,Staten Island,1,1082,621.6,,5
2007 / 05,Staten Island,2,874.3,530.2,,5
2007 / 05,Staten Island,3,1249.3,736.5,,5
2007 / 04,Bronx,1,237,82.9,,2
2007 / 04,Bronx,2,82.5,69.5,,2
2007 / 04,Bronx,3,79.9,63.6,,2
2007 / 04,Bronx,4,179,174.1,,2
2007 / 04,Bronx,5,197,252.3,,2
2007 / 04,Bronx,6,123.9,115.9,,2
2007 / 04,Bronx,7,257.3,280.6,,2
2007 / 04,Bronx,8,367.4,248.5,,2
2007 / 04,Bronx,9,193.7,205,,2
2007 / 04,Bronx,10,420.5,256.9,,2
2007 / 04,Bronx,11,394.7,268.4,,2
2007 / 04,Bronx,12,447.2,419.4,,2
2007 / 04,Brooklyn,1,444.6,322.2,,3
2007 / 04,Brooklyn,2,410.1,233.7,,3
2007 / 04,Brooklyn,3,239.8,205.7,,3
2007 / 04,Brooklyn,4,298.3,207,,3
2007 / 04,Brooklyn,5,292.9,325.2,,3
2007 / 04,Brooklyn,6,700,351.7,,3
2007 / 04,Brooklyn,7,488.3,345.1,,3
2007 / 04,Brooklyn,8,261.6,191.2,,3
2007 / 04,Brooklyn,9,237.9,146.3,,3
2007 / 04,Brooklyn,10,661.5,362.4,,3
2007 / 04,Brooklyn,11,793.8,453,,3
2007 / 04,Brooklyn,12,773.5,437.8,,3
2007 / 04,Brooklyn,13,343.7,162.2,,3
2007 / 04,Brooklyn,14,543.9,351.2,,3
2007 / 04,Brooklyn,15,792.8,425.7,,3
2007 / 04,Brooklyn,16,149.1,86.3,,3
2007 / 04,Brooklyn,17,371.7,316.1,,3
2007 / 04,Brooklyn,18,785.7,479.8,,3
2007 / 04,Manhattan,1,329.8,151.9,,1
2007 / 04,Manhattan,2,507,277.6,,1
2007 / 04,Manhattan,3,376.8,224.6,,1
2007 / 04,Manhattan,4,803.8,280,,1
2007 / 04,Manhattan,5,239.7,129.8,,1
2007 / 04,Manhattan,6,1029,391.7,,1
2007 / 04,Manhattan,7,952.8,592.7,,1
2007 / 04,Manhattan,8,1009.1,615.5,,1
2007 / 04,Manhattan,9,250.6,173.3,,1
2007 / 04,Manhattan,10,176.5,122.1,,1
2007 / 04,Manhattan,11,156.2,118.1,,1
2007 / 04,Manhattan,12,404,358.5,,1
2007 / 04,Queens,1,705.9,453.5,,4
2007 / 04,Queens,2,621.6,284.2,,4
2007 / 04,Queens,3,420.9,339.6,,4
2007 / 04,Queens,4,391.4,269.1,,4
2007 / 04,Queens,5,840.5,542.6,,4
2007 / 04,Queens,6,516.9,276.5,,4
2007 / 04,Queens,7,1097,530.6,,4
2007 / 04,Queens,8,591.7,309,,4
2007 / 04,Queens,9,520,354,,4
2007 / 04,Queens,10,512.1,386.4,,4
2007 / 04,Queens,11,717.3,363.7,,4
2007 / 04,Queens,12,575.3,537.2,,4
2007 / 04,Queens,13,724.9,577.6,,4
2007 / 04,Queens,14,347.2,201.2,,4
2007 / 04,Staten Island,1,1054.1,561,,5
2007 / 04,Staten Island,2,808.6,463.4,,5
2007 / 04,Staten Island,3,1146.5,613.2,,5
2007 / 03,Bronx,1,264.8,82.8,,2
2007 / 03,Bronx,2,105.2,112.9,,2
2007 / 03,Bronx,3,72,59.5,,2
2007 / 03,Bronx,4,191.5,174,,2
2007 / 03,Bronx,5,200.7,262.3,,2
2007 / 03,Bronx,6,145.7,123.4,,2
2007 / 03,Bronx,7,256.8,291.8,,2
2007 / 03,Bronx,8,409.7,267.7,,2
2007 / 03,Bronx,9,228.8,220.6,,2
2007 / 03,Bronx,10,464,270.3,,2
2007 / 03,Bronx,11,396.7,281.8,,2
2007 / 03,Bronx,12,451.3,441.3,,2
2007 / 03,Brooklyn,1,501.8,352.8,,3
2007 / 03,Brooklyn,2,417.4,260.1,,3
2007 / 03,Brooklyn,3,244.6,217.9,,3
2007 / 03,Brooklyn,4,332.2,224.2,,3
2007 / 03,Brooklyn,5,288.4,324.5,,3
2007 / 03,Brooklyn,6,754.5,372.5,,3
2007 / 03,Brooklyn,7,485.4,365.7,,3
2007 / 03,Brooklyn,8,278.7,200.6,,3
2007 / 03,Brooklyn,9,283,163.9,,3
2007 / 03,Brooklyn,10,685.4,371.5,,3
2007 / 03,Brooklyn,11,817.9,464.9,,3
2007 / 03,Brooklyn,12,887.4,470,,3
2007 / 03,Brooklyn,13,360.4,164,,3
2007 / 03,Brooklyn,14,581.3,348,,3
2007 / 03,Brooklyn,15,847.9,431.1,,3
2007 / 03,Brooklyn,16,181.2,96.4,,3
2007 / 03,Brooklyn,17,385.2,322.9,,3
2007 / 03,Brooklyn,18,825.6,498.7,,3
2007 / 03,Manhattan,1,404.8,185.9,,1
2007 / 03,Manhattan,2,528.6,311,,1
2007 / 03,Manhattan,3,420.4,256.6,,1
2007 / 03,Manhattan,4,891.6,334.9,,1
2007 / 03,Manhattan,5,302.6,171.3,,1
2007 / 03,Manhattan,6,1136.5,463.9,,1
2007 / 03,Manhattan,7,1076.7,648.8,,1
2007 / 03,Manhattan,8,1125.4,690.6,,1
2007 / 03,Manhattan,9,304.2,202.8,,1
2007 / 03,Manhattan,10,211.2,157.3,,1
2007 / 03,Manhattan,11,185,130.9,,1
2007 / 03,Manhattan,12,463.9,424,,1
2007 / 03,Queens,1,780.6,462.3,,4
2007 / 03,Queens,2,696.2,296.1,,4
2007 / 03,Queens,3,507.1,364.7,,4
2007 / 03,Queens,4,442,296.4,,4
2007 / 03,Queens,5,971,586.4,,4
2007 / 03,Queens,6,598.2,289.4,,4
2007 / 03,Queens,7,1200.4,543.4,,4
2007 / 03,Queens,8,677.1,313.7,,4
2007 / 03,Queens,9,555.7,368.2,,4
2007 / 03,Queens,10,547.6,379.1,,4
2007 / 03,Queens,11,748.6,357.7,,4
2007 / 03,Queens,12,629.2,553.1,,4
2007 / 03,Queens,13,782.5,566.2,,4
2007 / 03,Queens,14,411.1,222.9,,4
2007 / 03,Staten Island,1,1094.1,581.5,,5
2007 / 03,Staten Island,2,854,476,,5
2007 / 03,Staten Island,3,1246.9,663.7,,5
2007 / 02,Bronx,1,206,67.6,,2
2007 / 02,Bronx,2,68.6,75.1,,2
2007 / 02,Bronx,3,57.7,53.2,,2
2007 / 02,Bronx,4,142.7,149,,2
2007 / 02,Bronx,5,153.9,228.2,,2
2007 / 02,Bronx,6,113.5,102.1,,2
2007 / 02,Bronx,7,214,261.3,,2
2007 / 02,Bronx,8,319.3,224.6,,2
2007 / 02,Bronx,9,167.3,174.7,,2
2007 / 02,Bronx,10,355.6,228.2,,2
2007 / 02,Bronx,11,313.7,237.4,,2
2007 / 02,Bronx,12,328.2,367.2,,2
2007 / 02,Brooklyn,1,371.6,309.7,,3
2007 / 02,Brooklyn,2,356.9,236.4,,3
2007 / 02,Brooklyn,3,187.1,190.3,,3
2007 / 02,Brooklyn,4,257.9,198,,3
2007 / 02,Brooklyn,5,222.1,285.3,,3
2007 / 02,Brooklyn,6,600.3,334.9,,3
2007 / 02,Brooklyn,7,413.5,318.7,,3
2007 / 02,Brooklyn,8,216.2,188.9,,3
2007 / 02,Brooklyn,9,204.6,139.5,,3
2007 / 02,Brooklyn,10,588.5,332.5,,3
2007 / 02,Brooklyn,11,714,403.6,,3
2007 / 02,Brooklyn,12,651.9,344.5,,3
2007 / 02,Brooklyn,13,303.7,140,,3
2007 / 02,Brooklyn,14,472.3,277.4,,3
2007 / 02,Brooklyn,15,682.2,372.6,,3
2007 / 02,Brooklyn,16,131.4,83.6,,3
2007 / 02,Brooklyn,17,302.9,283.9,,3
2007 / 02,Brooklyn,18,658.5,441.7,,3
2007 / 02,Manhattan,1,327.7,151.6,,1
2007 / 02,Manhattan,2,458.8,259.4,,1
2007 / 02,Manhattan,3,353.4,221.5,,1
2007 / 02,Manhattan,4,735.3,286.6,,1
2007 / 02,Manhattan,5,246.5,135.2,,1
2007 / 02,Manhattan,6,956.4,390.3,,1
2007 / 02,Manhattan,7,893.5,559.1,,1
2007 / 02,Manhattan,8,979.2,611,,1
2007 / 02,Manhattan,9,233,167.5,,1
2007 / 02,Manhattan,10,154.8,126.9,,1
2007 / 02,Manhattan,11,133.5,102.7,,1
2007 / 02,Manhattan,12,363.2,359.3,,1
2007 / 02,Queens,1,588.2,417.8,,4
2007 / 02,Queens,2,511.7,251.5,,4
2007 / 02,Queens,3,342.3,315.8,,4
2007 / 02,Queens,4,327.1,254.3,,4
2007 / 02,Queens,5,729.6,518.4,,4
2007 / 02,Queens,6,462.9,261.6,,4
2007 / 02,Queens,7,892.8,464.9,,4
2007 / 02,Queens,8,457.5,267.9,,4
2007 / 02,Queens,9,414.2,337.2,,4
2007 / 02,Queens,10,389.8,343.4,,4
2007 / 02,Queens,11,564.6,294.7,,4
2007 / 02,Queens,12,435.5,482.2,,4
2007 / 02,Queens,13,557.7,493.8,,4
2007 / 02,Queens,14,274.4,172.4,,4
2007 / 02,Staten Island,1,865.7,481.3,,5
2007 / 02,Staten Island,2,680.6,400.7,,5
2007 / 02,Staten Island,3,975.9,547.6,,5
2007 / 01,Bronx,1,259.5,93.4,,2
2007 / 01,Bronx,2,93,73.2,,2
2007 / 01,Bronx,3,66,62.9,,2
2007 / 01,Bronx,4,197.1,193.5,,2
2007 / 01,Bronx,5,200.1,283.7,,2
2007 / 01,Bronx,6,143.5,128,,2
2007 / 01,Bronx,7,286.6,329.7,,2
2007 / 01,Bronx,8,394,279.5,,2
2007 / 01,Bronx,9,210.5,214.2,,2
2007 / 01,Bronx,10,438.5,268.6,,2
2007 / 01,Bronx,11,403.1,295.2,,2
2007 / 01,Bronx,12,448.3,460.4,,2
2007 / 01,Brooklyn,1,462.7,352.8,,3
2007 / 01,Brooklyn,2,486.6,278.2,,3
2007 / 01,Brooklyn,3,245,214.9,,3
2007 / 01,Brooklyn,4,327.7,224.4,,3
2007 / 01,Brooklyn,5,312.4,348.8,,3
2007 / 01,Brooklyn,6,775.8,390.2,,3
2007 / 01,Brooklyn,7,582.2,391.8,,3
2007 / 01,Brooklyn,8,316.7,227.1,,3
2007 / 01,Brooklyn,9,256.3,155.6,,3
2007 / 01,Brooklyn,10,776.8,413.8,,3
2007 / 01,Brooklyn,11,891,491.5,,3
2007 / 01,Brooklyn,12,774.7,401.8,,3
2007 / 01,Brooklyn,13,374.1,176.1,,3
2007 / 01,Brooklyn,14,596,346.6,,3
2007 / 01,Brooklyn,15,853.4,424,,3
2007 / 01,Brooklyn,16,155.4,90.8,,3
2007 / 01,Brooklyn,17,414,357.8,,3
2007 / 01,Brooklyn,18,848.3,518.3,,3
2007 / 01,Manhattan,1,343.9,159.5,,1
2007 / 01,Manhattan,2,557.6,308.5,,1
2007 / 01,Manhattan,3,390.1,244.5,,1
2007 / 01,Manhattan,4,870,299.9,,1
2007 / 01,Manhattan,5,249.4,136.7,,1
2007 / 01,Manhattan,6,1099.8,451.6,,1
2007 / 01,Manhattan,7,1119.9,656.5,,1
2007 / 01,Manhattan,8,1161.6,705,,1
2007 / 01,Manhattan,9,266,183.2,,1
2007 / 01,Manhattan,10,170.7,144,,1
2007 / 01,Manhattan,11,169.3,115.6,,1
2007 / 01,Manhattan,12,444.5,405.8,,1
2007 / 01,Queens,1,773.8,520.4,,4
2007 / 01,Queens,2,664,294.8,,4
2007 / 01,Queens,3,411.4,358.5,,4
2007 / 01,Queens,4,407.8,298.6,,4
2007 / 01,Queens,5,918.5,588.7,,4
2007 / 01,Queens,6,545.9,296.1,,4
2007 / 01,Queens,7,1147.4,565.2,,4
2007 / 01,Queens,8,602.4,308.2,,4
2007 / 01,Queens,9,570.9,394.2,,4
2007 / 01,Queens,10,550,411.6,,4
2007 / 01,Queens,11,754.8,385,,4
2007 / 01,Queens,12,578.2,550.3,,4
2007 / 01,Queens,13,748.6,585.3,,4
2007 / 01,Queens,14,357,193.2,,4
2007 / 01,Staten Island,1,1076.7,597.3,,5
2007 / 01,Staten Island,2,884.4,514.3,,5
2007 / 01,Staten Island,3,1257.7,668.8,,5
2006 / 12,Bronx,1,246,82,,2
2006 / 12,Bronx,2,125,80.3,,2
2006 / 12,Bronx,3,72.2,58.1,,2
2006 / 12,Bronx,4,184.2,161.1,,2
2006 / 12,Bronx,5,223.5,272.1,,2
2006 / 12,Bronx,6,151.3,112.8,,2
2006 / 12,Bronx,7,281.3,284.4,,2
2006 / 12,Bronx,8,414.1,239.6,,2
2006 / 12,Bronx,9,249.3,212.4,,2
2006 / 12,Bronx,10,512.7,261.5,,2
2006 / 12,Bronx,11,444.4,267.4,,2
2006 / 12,Bronx,12,479.4,411,,2
2006 / 12,Brooklyn,1,478.1,310.2,,3
2006 / 12,Brooklyn,2,470.6,244.3,,3
2006 / 12,Brooklyn,3,252.6,209.5,,3
2006 / 12,Brooklyn,4,343.9,220.2,,3
2006 / 12,Brooklyn,5,307.7,317.1,,3
2006 / 12,Brooklyn,6,802.7,354.7,,3
2006 / 12,Brooklyn,7,525.5,356.7,,3
2006 / 12,Brooklyn,8,268.7,190.7,,3
2006 / 12,Brooklyn,9,302.6,170,,3
2006 / 12,Brooklyn,10,767.6,372.6,,3
2006 / 12,Brooklyn,11,898.2,457.9,,3
2006 / 12,Brooklyn,12,734.4,387,,3
2006 / 12,Brooklyn,13,380.9,170.4,,3
2006 / 12,Brooklyn,14,546,319.7,,3
2006 / 12,Brooklyn,15,822.6,387.2,,3
2006 / 12,Brooklyn,16,185.7,99.2,,3
2006 / 12,Brooklyn,17,440.6,327,,3
2006 / 12,Brooklyn,18,892.5,498.4,,3
2006 / 12,Manhattan,1,434,197.4,,1
2006 / 12,Manhattan,2,567.4,286,,1
2006 / 12,Manhattan,3,434.6,246.1,,1
2006 / 12,Manhattan,4,946.2,323.8,,1
2006 / 12,Manhattan,5,338.3,167.1,,1
2006 / 12,Manhattan,6,1241,454,,1
2006 / 12,Manhattan,7,1230.2,629.7,,1
2006 / 12,Manhattan,8,1336.5,707.5,,1
2006 / 12,Manhattan,9,337.4,207.5,,1
2006 / 12,Manhattan,10,223.3,163.1,,1
2006 / 12,Manhattan,11,204.1,140.7,,1
2006 / 12,Manhattan,12,508.6,434.8,,1
2006 / 12,Queens,1,756.1,444.8,,4
2006 / 12,Queens,2,682.4,278.6,,4
2006 / 12,Queens,3,529.1,363.9,,4
2006 / 12,Queens,4,454.6,288.5,,4
2006 / 12,Queens,5,1000.6,553.7,,4
2006 / 12,Queens,6,611.3,268.8,,4
2006 / 12,Queens,7,1239.3,522.3,,4
2006 / 12,Queens,8,638.7,302.9,,4
2006 / 12,Queens,9,569.3,344.6,,4
2006 / 12,Queens,10,568.5,370,,4
2006 / 12,Queens,11,758,339.2,,4
2006 / 12,Queens,12,647.3,521.5,,4
2006 / 12,Queens,13,831.4,547.9,,4
2006 / 12,Queens,14,404.7,215,,4
2006 / 12,Staten Island,1,1207.3,577.5,,5
2006 / 12,Staten Island,2,946.5,455.4,,5
2006 / 12,Staten Island,3,1459,667.9,,5
2006 / 11,Bronx,1,263,81.9,,2
2006 / 11,Bronx,2,111.8,85,,2
2006 / 11,Bronx,3,70.7,67.3,,2
2006 / 11,Bronx,4,185.1,171.1,,2
2006 / 11,Bronx,5,204.7,271.1,,2
2006 / 11,Bronx,6,171.5,138.9,,2
2006 / 11,Bronx,7,285.5,300.8,,2
2006 / 11,Bronx,8,457.1,270,,2
2006 / 11,Bronx,9,237,216.5,,2
2006 / 11,Bronx,10,504.8,266.3,,2
2006 / 11,Bronx,11,439.4,284.9,,2
2006 / 11,Bronx,12,494.1,435,,2
2006 / 11,Brooklyn,1,471.3,341.7,,3
2006 / 11,Brooklyn,2,478,255.8,,3
2006 / 11,Brooklyn,3,244.4,211.7,,3
2006 / 11,Brooklyn,4,350.1,223,,3
2006 / 11,Brooklyn,5,295.8,335.3,,3
2006 / 11,Brooklyn,6,784.7,362.7,,3
2006 / 11,Brooklyn,7,527.1,367.1,,3
2006 / 11,Brooklyn,8,280,205.7,,3
2006 / 11,Brooklyn,9,290.4,160.7,,3
2006 / 11,Brooklyn,10,772.6,384,,3
2006 / 11,Brooklyn,11,889,449.3,,3
2006 / 11,Brooklyn,12,791.8,398.5,,3
2006 / 11,Brooklyn,13,391.3,162.8,,3
2006 / 11,Brooklyn,14,548.1,309.7,,3
2006 / 11,Brooklyn,15,869,411.2,,3
2006 / 11,Brooklyn,16,172.4,95.3,,3
2006 / 11,Brooklyn,17,432.9,338.8,,3
2006 / 11,Brooklyn,18,877,499.4,,3
2006 / 11,Manhattan,1,356.4,152,,1
2006 / 11,Manhattan,2,616,300.1,,1
2006 / 11,Manhattan,3,458.2,249.6,,1
2006 / 11,Manhattan,4,966.6,304,,1
2006 / 11,Manhattan,5,301.6,137,,1
2006 / 11,Manhattan,6,1265.4,464.8,,1
2006 / 11,Manhattan,7,1259,627.4,,1
2006 / 11,Manhattan,8,1339,708.2,,1
2006 / 11,Manhattan,9,296.6,185.3,,1
2006 / 11,Manhattan,10,196,145,,1
2006 / 11,Manhattan,11,182.1,113.3,,1
2006 / 11,Manhattan,12,506,426.6,,1
2006 / 11,Queens,1,808,467.5,,4
2006 / 11,Queens,2,725.8,287.9,,4
2006 / 11,Queens,3,475.3,356,,4
2006 / 11,Queens,4,456.6,290.9,,4
2006 / 11,Queens,5,1010.1,555.8,,4
2006 / 11,Queens,6,639.5,287.4,,4
2006 / 11,Queens,7,1276.9,539.1,,4
2006 / 11,Queens,8,661.4,299.7,,4
2006 / 11,Queens,9,589.5,359.2,,4
2006 / 11,Queens,10,575.5,380.6,,4
2006 / 11,Queens,11,806.4,362.1,,4
2006 / 11,Queens,12,637.1,543.1,,4
2006 / 11,Queens,13,814.9,573.5,,4
2006 / 11,Queens,14,417.6,199,,4
2006 / 11,Staten Island,1,1205.6,584.3,,5
2006 / 11,Staten Island,2,993.5,485.7,,5
2006 / 11,Staten Island,3,1424.8,649.3,,5
2006 / 10,Bronx,1,260.1,85.7,,2
2006 / 10,Bronx,2,142.8,74.7,,2
2006 / 10,Bronx,3,56.2,51.5,,2
2006 / 10,Bronx,4,173.2,186,,2
2006 / 10,Bronx,5,192.7,279.9,,2
2006 / 10,Bronx,6,158.7,117.4,,2
2006 / 10,Bronx,7,257.8,297.7,,2
2006 / 10,Bronx,8,395.6,266.8,,2
2006 / 10,Bronx,9,225.8,217,,2
2006 / 10,Bronx,10,472.4,267.3,,2
2006 / 10,Bronx,11,404.4,277.2,,2
2006 / 10,Bronx,12,456,433.6,,2
2006 / 10,Brooklyn,1,434.2,334.1,,3
2006 / 10,Brooklyn,2,466.8,249.7,,3
2006 / 10,Brooklyn,3,238.5,210.9,,3
2006 / 10,Brooklyn,4,327.6,226.4,,3
2006 / 10,Brooklyn,5,291.1,326.5,,3
2006 / 10,Brooklyn,6,746.5,345,,3
2006 / 10,Brooklyn,7,538,367.8,,3
2006 / 10,Brooklyn,8,285.2,216.6,,3
2006 / 10,Brooklyn,9,255,160.1,,3
2006 / 10,Brooklyn,10,706.3,384.8,,3
2006 / 10,Brooklyn,11,825,481.8,,3
2006 / 10,Brooklyn,12,719.3,424.4,,3
2006 / 10,Brooklyn,13,371.9,171.3,,3
2006 / 10,Brooklyn,14,519.1,330.8,,3
2006 / 10,Brooklyn,15,792.9,418.3,,3
2006 / 10,Brooklyn,16,157.3,84.9,,3
2006 / 10,Brooklyn,17,389.9,332.4,,3
2006 / 10,Brooklyn,18,811.6,484.7,,3
2006 / 10,Manhattan,1,363.8,151.8,,1
2006 / 10,Manhattan,2,579.2,276.6,,1
2006 / 10,Manhattan,3,428.4,227.1,,1
2006 / 10,Manhattan,4,929,293.7,,1
2006 / 10,Manhattan,5,294.9,130.4,,1
2006 / 10,Manhattan,6,1203.8,395.8,,1
2006 / 10,Manhattan,7,1260.4,592.6,,1
2006 / 10,Manhattan,8,1269.2,643.1,,1
2006 / 10,Manhattan,9,286.2,176.6,,1
2006 / 10,Manhattan,10,192.1,135.7,,1
2006 / 10,Manhattan,11,176.9,113.1,,1
2006 / 10,Manhattan,12,493.1,366.5,,1
2006 / 10,Queens,1,766.8,464.4,,4
2006 / 10,Queens,2,684,289,,4
2006 / 10,Queens,3,439.1,352,,4
2006 / 10,Queens,4,424.8,281.5,,4
2006 / 10,Queens,5,907.3,555.4,,4
2006 / 10,Queens,6,575.5,276.2,,4
2006 / 10,Queens,7,1221.1,547,,4
2006 / 10,Queens,8,598.1,301.7,,4
2006 / 10,Queens,9,541.4,354.7,,4
2006 / 10,Queens,10,531.1,389.2,,4
2006 / 10,Queens,11,786.4,369.1,,4
2006 / 10,Queens,12,592.7,540.5,,4
2006 / 10,Queens,13,788.1,572.2,,4
2006 / 10,Queens,14,367.6,196.7,,4
2006 / 10,Staten Island,1,1102.9,577.5,,5
2006 / 10,Staten Island,2,883.9,472.6,,5
2006 / 10,Staten Island,3,1253.4,635.9,,5
2006 / 09,Bronx,1,274.6,77.3,,2
2006 / 09,Bronx,2,143.2,101.6,,2
2006 / 09,Bronx,3,62.4,61.7,,2
2006 / 09,Bronx,4,170.5,187.5,,2
2006 / 09,Bronx,5,190,294.1,,2
2006 / 09,Bronx,6,207,121,,2
2006 / 09,Bronx,7,266.4,311.6,,2
2006 / 09,Bronx,8,407.5,272.9,,2
2006 / 09,Bronx,9,236.4,229,,2
2006 / 09,Bronx,10,498.3,280.4,,2
2006 / 09,Bronx,11,426.2,287.2,,2
2006 / 09,Bronx,12,477,452.6,,2
2006 / 09,Brooklyn,1,475.7,339.7,,3
2006 / 09,Brooklyn,2,488.8,266.4,,3
2006 / 09,Brooklyn,3,254.5,240.5,,3
2006 / 09,Brooklyn,4,326.6,237.1,,3
2006 / 09,Brooklyn,5,289.8,349.9,,3
2006 / 09,Brooklyn,6,783.8,358.5,,3
2006 / 09,Brooklyn,7,529.3,393,,3
2006 / 09,Brooklyn,8,259.9,215.8,,3
2006 / 09,Brooklyn,9,278.4,193.4,,3
2006 / 09,Brooklyn,10,695.1,382.6,,3
2006 / 09,Brooklyn,11,841.4,497.2,,3
2006 / 09,Brooklyn,12,788.6,438.5,,3
2006 / 09,Brooklyn,13,375.8,185.4,,3
2006 / 09,Brooklyn,14,529.7,355.7,,3
2006 / 09,Brooklyn,15,826,426.9,,3
2006 / 09,Brooklyn,16,181.9,105.2,,3
2006 / 09,Brooklyn,17,386.9,356.6,,3
2006 / 09,Brooklyn,18,828.9,531.5,,3
2006 / 09,Manhattan,1,414.4,174.6,,1
2006 / 09,Manhattan,2,575,287.2,,1
2006 / 09,Manhattan,3,438.5,254.9,,1
2006 / 09,Manhattan,4,937,326.6,,1
2006 / 09,Manhattan,5,337.7,157,,1
2006 / 09,Manhattan,6,1228.2,434.5,,1
2006 / 09,Manhattan,7,1272.6,603.3,,1
2006 / 09,Manhattan,8,1363.6,668.5,,1
2006 / 09,Manhattan,9,332.2,211.7,,1
2006 / 09,Manhattan,10,209.5,176.9,,1
2006 / 09,Manhattan,11,198.1,144.2,,1
2006 / 09,Manhattan,12,468.1,425.4,,1
2006 / 09,Queens,1,750,480.9,,4
2006 / 09,Queens,2,669.1,300.3,,4
2006 / 09,Queens,3,486,383,,4
2006 / 09,Queens,4,445.7,311.3,,4
2006 / 09,Queens,5,934.5,586.3,,4
2006 / 09,Queens,6,622,294,,4
2006 / 09,Queens,7,1376.7,575.9,,4
2006 / 09,Queens,8,626,310.6,,4
2006 / 09,Queens,9,543.8,368.3,,4
2006 / 09,Queens,10,545.3,407.7,,4
2006 / 09,Queens,11,822.2,370.2,,4
2006 / 09,Queens,12,609.8,588,,4
2006 / 09,Queens,13,872.2,631.6,,4
2006 / 09,Queens,14,406.9,224.4,,4
2006 / 09,Staten Island,1,1111.3,604.6,,5
2006 / 09,Staten Island,2,854.9,480.3,,5
2006 / 09,Staten Island,3,1284.4,692.8,,5
2006 / 08,Bronx,1,212,86.3,,2
2006 / 08,Bronx,2,93,88.5,,2
2006 / 08,Bronx,3,60.5,71,,2
2006 / 08,Bronx,4,167.1,201.5,,2
2006 / 08,Bronx,5,179.2,303.4,,2
2006 / 08,Bronx,6,162.9,146.1,,2
2006 / 08,Bronx,7,259,342.4,,2
2006 / 08,Bronx,8,413.7,294.8,,2
2006 / 08,Bronx,9,212,253.3,,2
2006 / 08,Bronx,10,454.8,289.2,,2
2006 / 08,Bronx,11,386.3,317.8,,2
2006 / 08,Bronx,12,448,506.9,,2
2006 / 08,Brooklyn,1,377.5,365.7,,3
2006 / 08,Brooklyn,2,410.1,254.1,,3
2006 / 08,Brooklyn,3,234.5,270,,3
2006 / 08,Brooklyn,4,305.9,268.6,,3
2006 / 08,Brooklyn,5,297,417.5,,3
2006 / 08,Brooklyn,6,630.4,348.5,,3
2006 / 08,Brooklyn,7,471.1,432.6,,3
2006 / 08,Brooklyn,8,251.5,251,,3
2006 / 08,Brooklyn,9,228.3,195.7,,3
2006 / 08,Brooklyn,10,638.6,411.6,,3
2006 / 08,Brooklyn,11,796.2,533.8,,3
2006 / 08,Brooklyn,12,616.5,408.7,,3
2006 / 08,Brooklyn,13,338.6,200.2,,3
2006 / 08,Brooklyn,14,462.9,359.5,,3
2006 / 08,Brooklyn,15,740.9,434.4,,3
2006 / 08,Brooklyn,16,151.6,114,,3
2006 / 08,Brooklyn,17,372.6,411.2,,3
2006 / 08,Brooklyn,18,787.4,587.1,,3
2006 / 08,Manhattan,1,292.1,148.8,,1
2006 / 08,Manhattan,2,458.5,269.1,,1
2006 / 08,Manhattan,3,407.9,267.9,,1
2006 / 08,Manhattan,4,825.4,313,,1
2006 / 08,Manhattan,5,246.1,130.5,,1
2006 / 08,Manhattan,6,1089.5,461.5,,1
2006 / 08,Manhattan,7,1013.9,584.4,,1
2006 / 08,Manhattan,8,1103.6,623.5,,1
2006 / 08,Manhattan,9,251.5,188.5,,1
2006 / 08,Manhattan,10,184.8,165.9,,1
2006 / 08,Manhattan,11,160.6,126.2,,1
2006 / 08,Manhattan,12,405.1,432.7,,1
2006 / 08,Queens,1,779.5,499.4,,4
2006 / 08,Queens,2,644.5,296.4,,4
2006 / 08,Queens,3,446.8,397.9,,4
2006 / 08,Queens,4,432.8,334.1,,4
2006 / 08,Queens,5,903.6,620.7,,4
2006 / 08,Queens,6,561.4,302.1,,4
2006 / 08,Queens,7,1285.9,601.7,,4
2006 / 08,Queens,8,624.5,344.7,,4
2006 / 08,Queens,9,553.8,409.5,,4
2006 / 08,Queens,10,544.5,468.4,,4
2006 / 08,Queens,11,799,397,,4
2006 / 08,Queens,12,608.6,664.2,,4
2006 / 08,Queens,13,824,704.1,,4
2006 / 08,Queens,14,377.3,242.9,,4
2006 / 08,Staten Island,1,996.6,662.8,,5
2006 / 08,Staten Island,2,812.6,523.9,,5
2006 / 08,Staten Island,3,1201.2,729.8,,5
2006 / 07,Bronx,1,217.3,83,,2
2006 / 07,Bronx,2,84.1,78.1,,2
2006 / 07,Bronx,3,60.9,66.8,,2
2006 / 07,Bronx,4,164.2,204.4,,2
2006 / 07,Bronx,5,186.6,309.4,,2
2006 / 07,Bronx,6,178.5,122.2,,2
2006 / 07,Bronx,7,253.5,327.4,,2
2006 / 07,Bronx,8,376.1,271.5,,2
2006 / 07,Bronx,9,220.2,254.9,,2
2006 / 07,Bronx,10,432.7,291.5,,2
2006 / 07,Bronx,11,385,314.1,,2
2006 / 07,Bronx,12,435.4,489.7,,2
2006 / 07,Brooklyn,1,357.9,350.9,,3
2006 / 07,Brooklyn,2,408.5,260.6,,3
2006 / 07,Brooklyn,3,234.8,275.3,,3
2006 / 07,Brooklyn,4,327.7,263.6,,3
2006 / 07,Brooklyn,5,307.6,406.9,,3
2006 / 07,Brooklyn,6,649.5,359.3,,3
2006 / 07,Brooklyn,7,497.9,425.2,,3
2006 / 07,Brooklyn,8,241.6,232.8,,3
2006 / 07,Brooklyn,9,225.1,180,,3
2006 / 07,Brooklyn,10,636.1,410.2,,3
2006 / 07,Brooklyn,11,798,523.8,,3
2006 / 07,Brooklyn,12,617.8,398.2,,3
2006 / 07,Brooklyn,13,336,176.2,,3
2006 / 07,Brooklyn,14,459.6,357.3,,3
2006 / 07,Brooklyn,15,731.4,441.4,,3
2006 / 07,Brooklyn,16,167.2,109.7,,3
2006 / 07,Brooklyn,17,378.5,406.1,,3
2006 / 07,Brooklyn,18,784.4,600.6,,3
2006 / 07,Manhattan,1,361.6,155.5,,1
2006 / 07,Manhattan,2,468.2,275.3,,1
2006 / 07,Manhattan,3,379.7,248.3,,1
2006 / 07,Manhattan,4,795.2,285.8,,1
2006 / 07,Manhattan,5,256.8,136.5,,1
2006 / 07,Manhattan,6,1074.3,404.2,,1
2006 / 07,Manhattan,7,1029.2,571.4,,1
2006 / 07,Manhattan,8,1115.8,614.4,,1
2006 / 07,Manhattan,9,257.1,188.6,,1
2006 / 07,Manhattan,10,189.5,164.2,,1
2006 / 07,Manhattan,11,169.3,132,,1
2006 / 07,Manhattan,12,428.1,415.6,,1
2006 / 07,Queens,1,697.9,513.6,,4
2006 / 07,Queens,2,577.9,298.4,,4
2006 / 07,Queens,3,423.7,399.2,,4
2006 / 07,Queens,4,424.4,320.6,,4
2006 / 07,Queens,5,828.1,623.9,,4
2006 / 07,Queens,6,522.4,295.4,,4
2006 / 07,Queens,7,1127.4,607.6,,4
2006 / 07,Queens,8,599.5,346.2,,4
2006 / 07,Queens,9,550.1,424.8,,4
2006 / 07,Queens,10,539.2,486.8,,4
2006 / 07,Queens,11,716.2,395.9,,4
2006 / 07,Queens,12,619.4,673.1,,4
2006 / 07,Queens,13,749.1,714.5,,4
2006 / 07,Queens,14,404.4,258.6,,4
2006 / 07,Staten Island,1,1034.5,645.9,,5
2006 / 07,Staten Island,2,799.3,518.2,,5
2006 / 07,Staten Island,3,1194.5,717,,5
2006 / 06,Bronx,1,276.4,94.5,,2
2006 / 06,Bronx,2,129.2,103.9,,2
2006 / 06,Bronx,3,61.1,58.4,,2
2006 / 06,Bronx,4,203.3,209,,2
2006 / 06,Bronx,5,223.5,314.3,,2
2006 / 06,Bronx,6,230.1,137.6,,2
2006 / 06,Bronx,7,302.2,343.3,,2
2006 / 06,Bronx,8,451.6,304.7,,2
2006 / 06,Bronx,9,236.9,254.3,,2
2006 / 06,Bronx,10,527.6,302.5,,2
2006 / 06,Bronx,11,461.6,322.8,,2
2006 / 06,Bronx,12,499.6,503.6,,2
2006 / 06,Brooklyn,1,479.6,389.3,,3
2006 / 06,Brooklyn,2,508.7,282,,3
2006 / 06,Brooklyn,3,274,264,,3
2006 / 06,Brooklyn,4,358.6,260.7,,3
2006 / 06,Brooklyn,5,331.5,390.2,,3
2006 / 06,Brooklyn,6,770,389.3,,3
2006 / 06,Brooklyn,7,579,433.9,,3
2006 / 06,Brooklyn,8,269.8,229,,3
2006 / 06,Brooklyn,9,270.6,194.5,,3
2006 / 06,Brooklyn,10,744.4,434.6,,3
2006 / 06,Brooklyn,11,912.9,546.8,,3
2006 / 06,Brooklyn,12,773.8,462.9,,3
2006 / 06,Brooklyn,13,392.2,204.4,,3
2006 / 06,Brooklyn,14,557.9,368.8,,3
2006 / 06,Brooklyn,15,872.2,469.5,,3
2006 / 06,Brooklyn,16,186.7,107.9,,3
2006 / 06,Brooklyn,17,421.1,409,,3
2006 / 06,Brooklyn,18,899.9,616.7,,3
2006 / 06,Manhattan,1,333.9,121.5,,1
2006 / 06,Manhattan,2,636.5,310.7,,1
2006 / 06,Manhattan,3,459.2,268.7,,1
2006 / 06,Manhattan,4,988.2,330.4,,1
2006 / 06,Manhattan,5,319.8,148.2,,1
2006 / 06,Manhattan,6,1331.9,469.6,,1
2006 / 06,Manhattan,7,1426.3,650.9,,1
2006 / 06,Manhattan,8,1449.6,682.3,,1
2006 / 06,Manhattan,9,350.5,219.8,,1
2006 / 06,Manhattan,10,249.1,174,,1
2006 / 06,Manhattan,11,207.3,141.3,,1
2006 / 06,Manhattan,12,565.6,461.6,,1
2006 / 06,Queens,1,832.5,521,,4
2006 / 06,Queens,2,701.4,309.4,,4
2006 / 06,Queens,3,506.7,415.4,,4
2006 / 06,Queens,4,479.3,334.2,,4
2006 / 06,Queens,5,984.5,646.9,,4
2006 / 06,Queens,6,607.4,321.7,,4
2006 / 06,Queens,7,1302,616.9,,4
2006 / 06,Queens,8,688.5,372.2,,4
2006 / 06,Queens,9,602.2,423.3,,4
2006 / 06,Queens,10,607.5,490.8,,4
2006 / 06,Queens,11,831.7,418.9,,4
2006 / 06,Queens,12,670.4,676.7,,4
2006 / 06,Queens,13,880.7,724.1,,4
2006 / 06,Queens,14,398.2,256,,4
2006 / 06,Staten Island,1,1210.7,672.9,,5
2006 / 06,Staten Island,2,948.1,555.8,,5
2006 / 06,Staten Island,3,1361.1,757.9,,5
2006 / 05,Bronx,1,259.3,93.5,,2
2006 / 05,Bronx,2,107.6,79.2,,2
2006 / 05,Bronx,3,68.5,70.1,,2
2006 / 05,Bronx,4,183.9,201.7,,2
2006 / 05,Bronx,5,189.9,290.9,,2
2006 / 05,Bronx,6,234.1,140.5,,2
2006 / 05,Bronx,7,263.5,310.2,,2
2006 / 05,Bronx,8,400,279.7,,2
2006 / 05,Bronx,9,209,232.6,,2
2006 / 05,Bronx,10,456,269.3,,2
2006 / 05,Bronx,11,411.7,289.2,,2
2006 / 05,Bronx,12,441,449,,2
2006 / 05,Brooklyn,1,422.7,342.4,,3
2006 / 05,Brooklyn,2,466.2,253.9,,3
2006 / 05,Brooklyn,3,261.1,240.3,,3
2006 / 05,Brooklyn,4,327.6,244.9,,3
2006 / 05,Brooklyn,5,292.6,371.2,,3
2006 / 05,Brooklyn,6,725.9,344.4,,3
2006 / 05,Brooklyn,7,546.4,396.4,,3
2006 / 05,Brooklyn,8,260.3,213.9,,3
2006 / 05,Brooklyn,9,245.4,175.5,,3
2006 / 05,Brooklyn,10,669.1,400.5,,3
2006 / 05,Brooklyn,11,801.1,501.5,,3
2006 / 05,Brooklyn,12,704.4,410.6,,3
2006 / 05,Brooklyn,13,349.4,180.9,,3
2006 / 05,Brooklyn,14,517,346.6,,3
2006 / 05,Brooklyn,15,815.8,440.1,,3
2006 / 05,Brooklyn,16,159.3,106,,3
2006 / 05,Brooklyn,17,395.9,372.7,,3
2006 / 05,Brooklyn,18,818.3,536.5,,3
2006 / 05,Manhattan,1,349.7,134.3,,1
2006 / 05,Manhattan,2,595.4,280.6,,1
2006 / 05,Manhattan,3,437.8,254.6,,1
2006 / 05,Manhattan,4,951.8,303.5,,1
2006 / 05,Manhattan,5,281.3,131.9,,1
2006 / 05,Manhattan,6,1292.4,421.7,,1
2006 / 05,Manhattan,7,1349.4,597.8,,1
2006 / 05,Manhattan,8,1496.4,659.6,,1
2006 / 05,Manhattan,9,316.3,193.2,,1
2006 / 05,Manhattan,10,182.5,154.3,,1
2006 / 05,Manhattan,11,162.4,124,,1
2006 / 05,Manhattan,12,489,399.4,,1
2006 / 05,Queens,1,732.6,483.6,,4
2006 / 05,Queens,2,664.4,291.4,,4
2006 / 05,Queens,3,425.9,366.7,,4
2006 / 05,Queens,4,417.9,299.1,,4
2006 / 05,Queens,5,895.5,596.3,,4
2006 / 05,Queens,6,573.4,296.7,,4
2006 / 05,Queens,7,1134.4,560,,4
2006 / 05,Queens,8,625,341.2,,4
2006 / 05,Queens,9,529.1,409.3,,4
2006 / 05,Queens,10,540.2,452.1,,4
2006 / 05,Queens,11,763.4,386.4,,4
2006 / 05,Queens,12,601.6,603.2,,4
2006 / 05,Queens,13,794.8,661.5,,4
2006 / 05,Queens,14,383.7,217.4,,4
2006 / 05,Staten Island,1,1095,606.6,,5
2006 / 05,Staten Island,2,871.6,505.7,,5
2006 / 05,Staten Island,3,1265.9,701.4,,5
2006 / 04,Bronx,1,221.8,84.3,,2
2006 / 04,Bronx,2,97.3,75.9,,2
2006 / 04,Bronx,3,60.7,65.3,,2
2006 / 04,Bronx,4,165.4,188.1,,2
2006 / 04,Bronx,5,173,279.9,,2
2006 / 04,Bronx,6,231.6,128.8,,2
2006 / 04,Bronx,7,241.3,298.1,,2
2006 / 04,Bronx,8,381.2,274.7,,2
2006 / 04,Bronx,9,201.6,223.3,,2
2006 / 04,Bronx,10,425.9,266.8,,2
2006 / 04,Bronx,11,380.8,280.5,,2
2006 / 04,Bronx,12,417.1,429,,2
2006 / 04,Brooklyn,1,458.3,339.5,,3
2006 / 04,Brooklyn,2,421,239,,3
2006 / 04,Brooklyn,3,240.9,225.8,,3
2006 / 04,Brooklyn,4,304.1,235.3,,3
2006 / 04,Brooklyn,5,278.6,354.9,,3
2006 / 04,Brooklyn,6,671.3,327.4,,3
2006 / 04,Brooklyn,7,500.4,383,,3
2006 / 04,Brooklyn,8,232.1,207.4,,3
2006 / 04,Brooklyn,9,239.6,181.6,,3
2006 / 04,Brooklyn,10,631.2,375.3,,3
2006 / 04,Brooklyn,11,746,477,,3
2006 / 04,Brooklyn,12,780.9,516.9,,3
2006 / 04,Brooklyn,13,313.3,165.3,,3
2006 / 04,Brooklyn,14,508.2,379,,3
2006 / 04,Brooklyn,15,761,456,,3
2006 / 04,Brooklyn,16,147.3,98.6,,3
2006 / 04,Brooklyn,17,359.7,337.1,,3
2006 / 04,Brooklyn,18,774,534.8,,3
2006 / 04,Manhattan,1,405.4,159.8,,1
2006 / 04,Manhattan,2,553,279.5,,1
2006 / 04,Manhattan,3,387.7,237.7,,1
2006 / 04,Manhattan,4,843.4,297.1,,1
2006 / 04,Manhattan,5,295.6,139.4,,1
2006 / 04,Manhattan,6,1216.4,417.3,,1
2006 / 04,Manhattan,7,1281.8,595,,1
2006 / 04,Manhattan,8,1418.4,657.5,,1
2006 / 04,Manhattan,9,268.1,199.2,,1
2006 / 04,Manhattan,10,177.8,148,,1
2006 / 04,Manhattan,11,157.1,135.4,,1
2006 / 04,Manhattan,12,408.4,408.9,,1
2006 / 04,Queens,1,731.8,468.1,,4
2006 / 04,Queens,2,613.5,281.1,,4
2006 / 04,Queens,3,460,361.4,,4
2006 / 04,Queens,4,445.4,306.5,,4
2006 / 04,Queens,5,905.6,577.6,,4
2006 / 04,Queens,6,588.9,319.4,,4
2006 / 04,Queens,7,1145.7,555.9,,4
2006 / 04,Queens,8,622.3,346.2,,4
2006 / 04,Queens,9,522.1,395,,4
2006 / 04,Queens,10,522.9,427.9,,4
2006 / 04,Queens,11,725.1,364.5,,4
2006 / 04,Queens,12,595.1,584.9,,4
2006 / 04,Queens,13,773.5,630.1,,4
2006 / 04,Queens,14,382.6,222,,4
2006 / 04,Staten Island,1,1010,586,,5
2006 / 04,Staten Island,2,802.5,489.1,,5
2006 / 04,Staten Island,3,1170.5,669.9,,5
2006 / 03,Bronx,1,265,93.7,,2
2006 / 03,Bronx,2,101.4,94,,2
2006 / 03,Bronx,3,67.3,71.6,,2
2006 / 03,Bronx,4,185.8,211.7,,2
2006 / 03,Bronx,5,190.1,300.2,,2
2006 / 03,Bronx,6,225.4,159.8,,2
2006 / 03,Bronx,7,257,342.3,,2
2006 / 03,Bronx,8,427.6,282.9,,2
2006 / 03,Bronx,9,219.2,228.1,,2
2006 / 03,Bronx,10,422.9,257.6,,2
2006 / 03,Bronx,11,376.9,294.4,,2
2006 / 03,Bronx,12,423.4,445.3,,2
2006 / 03,Brooklyn,1,439.8,355.2,,3
2006 / 03,Brooklyn,2,445,261.3,,3
2006 / 03,Brooklyn,3,252.5,242.6,,3
2006 / 03,Brooklyn,4,338.4,243.8,,3
2006 / 03,Brooklyn,5,304.2,358.6,,3
2006 / 03,Brooklyn,6,726.4,348,,3
2006 / 03,Brooklyn,7,498.5,407.9,,3
2006 / 03,Brooklyn,8,243.9,217.9,,3
2006 / 03,Brooklyn,9,257.3,187.3,,3
2006 / 03,Brooklyn,10,656.6,395.7,,3
2006 / 03,Brooklyn,11,773.4,501.2,,3
2006 / 03,Brooklyn,12,755.8,457.6,,3
2006 / 03,Brooklyn,13,339.2,176.2,,3
2006 / 03,Brooklyn,14,533,344.6,,3
2006 / 03,Brooklyn,15,801.2,442.2,,3
2006 / 03,Brooklyn,16,179.2,104.3,,3
2006 / 03,Brooklyn,17,381.8,349.8,,3
2006 / 03,Brooklyn,18,822.5,524.4,,3
2006 / 03,Manhattan,1,354.2,126,,1
2006 / 03,Manhattan,2,614.5,311.3,,1
2006 / 03,Manhattan,3,447.5,269,,1
2006 / 03,Manhattan,4,947,347.4,,1
2006 / 03,Manhattan,5,321.2,151.4,,1
2006 / 03,Manhattan,6,1352.2,480.8,,1
2006 / 03,Manhattan,7,1384.3,637.9,,1
2006 / 03,Manhattan,8,1554.1,700.9,,1
2006 / 03,Manhattan,9,282.5,221.9,,1
2006 / 03,Manhattan,10,197.7,176.7,,1
2006 / 03,Manhattan,11,174.4,144.9,,1
2006 / 03,Manhattan,12,440.7,464.5,,1
2006 / 03,Queens,1,732.5,489.1,,4
2006 / 03,Queens,2,653.6,286.1,,4
2006 / 03,Queens,3,429.2,389.6,,4
2006 / 03,Queens,4,402,322.9,,4
2006 / 03,Queens,5,996,602.9,,4
2006 / 03,Queens,6,557.1,312.6,,4
2006 / 03,Queens,7,1107.9,547.1,,4
2006 / 03,Queens,8,626.7,325.3,,4
2006 / 03,Queens,9,523,378,,4
2006 / 03,Queens,10,533.5,404.3,,4
2006 / 03,Queens,11,756.4,354,,4
2006 / 03,Queens,12,602.9,577.9,,4
2006 / 03,Queens,13,791.1,587,,4
2006 / 03,Queens,14,372.5,218.7,,4
2006 / 03,Staten Island,1,1044.1,585.7,,5
2006 / 03,Staten Island,2,826.1,481.4,,5
2006 / 03,Staten Island,3,1191.2,667,,5
2006 / 02,Bronx,1,219.3,69.6,,2
2006 / 02,Bronx,2,68.3,69.2,,2
2006 / 02,Bronx,3,51.1,50.8,,2
2006 / 02,Bronx,4,146.3,163.2,,2
2006 / 02,Bronx,5,168.1,247,,2
2006 / 02,Bronx,6,179.6,112.5,,2
2006 / 02,Bronx,7,208.7,285.1,,2
2006 / 02,Bronx,8,336.3,234.6,,2
2006 / 02,Bronx,9,174,181.1,,2
2006 / 02,Bronx,10,352,212.9,,2
2006 / 02,Bronx,11,315.2,241.3,,2
2006 / 02,Bronx,12,339,357.1,,2
2006 / 02,Brooklyn,1,381.4,292.4,,3
2006 / 02,Brooklyn,2,386.5,219.1,,3
2006 / 02,Brooklyn,3,208.7,195,,3
2006 / 02,Brooklyn,4,265.5,200.8,,3
2006 / 02,Brooklyn,5,248.8,297.6,,3
2006 / 02,Brooklyn,6,618.1,306.1,,3
2006 / 02,Brooklyn,7,427.7,340.7,,3
2006 / 02,Brooklyn,8,214.8,188.3,,3
2006 / 02,Brooklyn,9,207.7,146,,3
2006 / 02,Brooklyn,10,590,324,,3
2006 / 02,Brooklyn,11,715.7,404.4,,3
2006 / 02,Brooklyn,12,605.6,333.7,,3
2006 / 02,Brooklyn,13,297.3,136.6,,3
2006 / 02,Brooklyn,14,429.2,282.7,,3
2006 / 02,Brooklyn,15,715.3,361.9,,3
2006 / 02,Brooklyn,16,127.8,78.6,,3
2006 / 02,Brooklyn,17,310.9,280.9,,3
2006 / 02,Brooklyn,18,665.8,433.6,,3
2006 / 02,Manhattan,1,329.1,128,,1
2006 / 02,Manhattan,2,518.4,268.4,,1
2006 / 02,Manhattan,3,345.7,220.4,,1
2006 / 02,Manhattan,4,791.9,277.8,,1
2006 / 02,Manhattan,5,268.6,126.5,,1
2006 / 02,Manhattan,6,1128.1,402.7,,1
2006 / 02,Manhattan,7,1197.9,555,,1
2006 / 02,Manhattan,8,1367.2,612.6,,1
2006 / 02,Manhattan,9,236,175.8,,1
2006 / 02,Manhattan,10,149.1,135.1,,1
2006 / 02,Manhattan,11,139,115.3,,1
2006 / 02,Manhattan,12,350,385.4,,1
2006 / 02,Queens,1,601.8,413.6,,4
2006 / 02,Queens,2,520.6,248.6,,4
2006 / 02,Queens,3,350.4,317.5,,4
2006 / 02,Queens,4,342,262.6,,4
2006 / 02,Queens,5,735.5,499.3,,4
2006 / 02,Queens,6,468.1,260.6,,4
2006 / 02,Queens,7,921.6,463.9,,4
2006 / 02,Queens,8,484,264.3,,4
2006 / 02,Queens,9,420.2,316.3,,4
2006 / 02,Queens,10,411.9,329.5,,4
2006 / 02,Queens,11,592,295,,4
2006 / 02,Queens,12,473.3,464.1,,4
2006 / 02,Queens,13,592.6,470.2,,4
2006 / 02,Queens,14,294.6,176.5,,4
2006 / 02,Staten Island,1,883.5,466.4,,5
2006 / 02,Staten Island,2,687.9,387.6,,5
2006 / 02,Staten Island,3,999.9,530,,5
2006 / 01,Bronx,1,255.8,91,,2
2006 / 01,Bronx,2,76.8,80.1,,2
2006 / 01,Bronx,3,58.1,57.8,,2
2006 / 01,Bronx,4,189.9,223.3,,2
2006 / 01,Bronx,5,201,304.4,,2
2006 / 01,Bronx,6,228.4,123.2,,2
2006 / 01,Bronx,7,278.9,356.5,,2
2006 / 01,Bronx,8,409.4,292.1,,2
2006 / 01,Bronx,9,205.4,224.7,,2
2006 / 01,Bronx,10,461.8,262.2,,2
2006 / 01,Bronx,11,427.1,306.4,,2
2006 / 01,Bronx,12,451.8,458.3,,2
2006 / 01,Brooklyn,1,433,355.2,,3
2006 / 01,Brooklyn,2,482.4,269.3,,3
2006 / 01,Brooklyn,3,250.8,241.8,,3
2006 / 01,Brooklyn,4,325.5,237.6,,3
2006 / 01,Brooklyn,5,321.6,378.7,,3
2006 / 01,Brooklyn,6,745,379.7,,3
2006 / 01,Brooklyn,7,569.1,430.4,,3
2006 / 01,Brooklyn,8,287.2,231.6,,3
2006 / 01,Brooklyn,9,233.8,175.8,,3
2006 / 01,Brooklyn,10,755,413,,3
2006 / 01,Brooklyn,11,890.8,515.1,,3
2006 / 01,Brooklyn,12,778.8,415.6,,3
2006 / 01,Brooklyn,13,348.9,187.4,,3
2006 / 01,Brooklyn,14,567.4,352.7,,3
2006 / 01,Brooklyn,15,836.5,442.6,,3
2006 / 01,Brooklyn,16,146.8,94.4,,3
2006 / 01,Brooklyn,17,405.4,375.6,,3
2006 / 01,Brooklyn,18,870.2,552.6,,3
2006 / 01,Manhattan,1,348.1,130.1,,1
2006 / 01,Manhattan,2,678.3,311.2,,1
2006 / 01,Manhattan,3,415.5,237.5,,1
2006 / 01,Manhattan,4,888.9,291.8,,1
2006 / 01,Manhattan,5,293.2,136.4,,1
2006 / 01,Manhattan,6,1260.1,427,,1
2006 / 01,Manhattan,7,1434.1,659.4,,1
2006 / 01,Manhattan,8,1563.3,678.8,,1
2006 / 01,Manhattan,9,256.9,183.2,,1
2006 / 01,Manhattan,10,176.6,140.9,,1
2006 / 01,Manhattan,11,157.4,116.1,,1
2006 / 01,Manhattan,12,444.8,424.6,,1
2006 / 01,Queens,1,801.7,518.6,,4
2006 / 01,Queens,2,670.7,312.4,,4
2006 / 01,Queens,3,417.5,381,,4
2006 / 01,Queens,4,443.3,320.7,,4
2006 / 01,Queens,5,987.8,620.5,,4
2006 / 01,Queens,6,569.1,314.8,,4
2006 / 01,Queens,7,1203.8,584.6,,4
2006 / 01,Queens,8,645.1,328.5,,4
2006 / 01,Queens,9,586.7,411.9,,4
2006 / 01,Queens,10,585.2,434.6,,4
2006 / 01,Queens,11,816.6,375.5,,4
2006 / 01,Queens,12,623.8,592.1,,4
2006 / 01,Queens,13,794.7,612.7,,4
2006 / 01,Queens,14,383.1,200.6,,4
2006 / 01,Staten Island,1,1130.1,579.5,,5
2006 / 01,Staten Island,2,924.4,481.4,,5
2006 / 01,Staten Island,3,1311.2,638.4,,5
2005 / 12,Bronx,1,281.3,83.6,,2
2005 / 12,Bronx,2,116.1,107.3,,2
2005 / 12,Bronx,3,65.3,62.1,,2
2005 / 12,Bronx,4,193,198.7,,2
2005 / 12,Bronx,5,230.4,304.7,,2
2005 / 12,Bronx,6,286.7,139.5,,2
2005 / 12,Bronx,7,288.9,333.3,,2
2005 / 12,Bronx,8,522.5,297.8,,2
2005 / 12,Bronx,9,276.5,248.5,,2
2005 / 12,Bronx,10,572,285.9,,2
2005 / 12,Bronx,11,478.5,301.7,,2
2005 / 12,Bronx,12,520.8,453.1,,2
2005 / 12,Brooklyn,1,537,376.5,,3
2005 / 12,Brooklyn,2,514.8,268.1,,3
2005 / 12,Brooklyn,3,300.5,251.7,,3
2005 / 12,Brooklyn,4,386.5,251.5,,3
2005 / 12,Brooklyn,5,360.1,369.9,,3
2005 / 12,Brooklyn,6,859,385.4,,3
2005 / 12,Brooklyn,7,588.7,432,,3
2005 / 12,Brooklyn,8,283.2,222.5,,3
2005 / 12,Brooklyn,9,323.2,218.5,,3
2005 / 12,Brooklyn,10,833.2,394.7,,3
2005 / 12,Brooklyn,11,974.8,488.4,,3
2005 / 12,Brooklyn,12,816.7,416.3,,3
2005 / 12,Brooklyn,13,386.1,173.6,,3
2005 / 12,Brooklyn,14,570,335,,3
2005 / 12,Brooklyn,15,942.6,431,,3
2005 / 12,Brooklyn,16,209.7,110.3,,3
2005 / 12,Brooklyn,17,482.8,392.1,,3
2005 / 12,Brooklyn,18,999.2,583.8,,3
2005 / 12,Manhattan,1,414.4,151.7,,1
2005 / 12,Manhattan,2,713.1,313.7,,1
2005 / 12,Manhattan,3,501.2,273.5,,1
2005 / 12,Manhattan,4,1137.2,343.5,,1
2005 / 12,Manhattan,5,423.5,167,,1
2005 / 12,Manhattan,6,1637.4,525.4,,1
2005 / 12,Manhattan,7,1725.9,682,,1
2005 / 12,Manhattan,8,1949.1,738.8,,1
2005 / 12,Manhattan,9,340.3,226.2,,1
2005 / 12,Manhattan,10,235.5,173.1,,1
2005 / 12,Manhattan,11,209.3,144.5,,1
2005 / 12,Manhattan,12,577.4,544.8,,1
2005 / 12,Queens,1,831.3,476.7,,4
2005 / 12,Queens,2,751.9,321.9,,4
2005 / 12,Queens,3,584.6,427.6,,4
2005 / 12,Queens,4,529.6,353.2,,4
2005 / 12,Queens,5,1132,645.7,,4
2005 / 12,Queens,6,688.4,326.7,,4
2005 / 12,Queens,7,1375.6,573.2,,4
2005 / 12,Queens,8,701.6,332.3,,4
2005 / 12,Queens,9,607.8,404.2,,4
2005 / 12,Queens,10,629.9,418.8,,4
2005 / 12,Queens,11,869.4,358.2,,4
2005 / 12,Queens,12,723.3,610.2,,4
2005 / 12,Queens,13,958.7,630.4,,4
2005 / 12,Queens,14,460.2,251.2,,4
2005 / 12,Staten Island,1,1281.9,568.4,,5
2005 / 12,Staten Island,2,1012,450.2,,5
2005 / 12,Staten Island,3,1559.3,666.5,,5
2005 / 11,Bronx,1,255.6,71.2,,2
2005 / 11,Bronx,2,64.7,63.3,,2
2005 / 11,Bronx,3,74.2,71.5,,2
2005 / 11,Bronx,4,175.3,206.6,,2
2005 / 11,Bronx,5,182.6,304,,2
2005 / 11,Bronx,6,239.6,119.5,,2
2005 / 11,Bronx,7,261.7,324.9,,2
2005 / 11,Bronx,8,403,259.5,,2
2005 / 11,Bronx,9,211.9,214.8,,2
2005 / 11,Bronx,10,441.4,243,,2
2005 / 11,Bronx,11,408.5,272.5,,2
2005 / 11,Bronx,12,444,438.6,,2
2005 / 11,Brooklyn,1,420.9,321.5,,3
2005 / 11,Brooklyn,2,479.6,239.7,,3
2005 / 11,Brooklyn,3,258.4,245.9,,3
2005 / 11,Brooklyn,4,342,229.8,,3
2005 / 11,Brooklyn,5,320.2,363.2,,3
2005 / 11,Brooklyn,6,740.9,343.2,,3
2005 / 11,Brooklyn,7,549.9,407.4,,3
2005 / 11,Brooklyn,8,285.6,219.7,,3
2005 / 11,Brooklyn,9,248.1,183.6,,3
2005 / 11,Brooklyn,10,752,391.3,,3
2005 / 11,Brooklyn,11,847.2,477,,3
2005 / 11,Brooklyn,12,716.6,406.3,,3
2005 / 11,Brooklyn,13,360.4,169.1,,3
2005 / 11,Brooklyn,14,543.9,344.9,,3
2005 / 11,Brooklyn,15,883.3,442.4,,3
2005 / 11,Brooklyn,16,159.9,96.7,,3
2005 / 11,Brooklyn,17,422.3,353.4,,3
2005 / 11,Brooklyn,18,856.7,512.1,,3
2005 / 11,Manhattan,1,357.5,125.6,,1
2005 / 11,Manhattan,2,657.9,278.1,,1
2005 / 11,Manhattan,3,406.9,234,,1
2005 / 11,Manhattan,4,1022.7,274.1,,1
2005 / 11,Manhattan,5,303.4,120.8,,1
2005 / 11,Manhattan,6,1394,400.6,,1
2005 / 11,Manhattan,7,1483.3,591.6,,1
2005 / 11,Manhattan,8,1790.1,650.7,,1
2005 / 11,Manhattan,9,280,180,,1
2005 / 11,Manhattan,10,169.4,131.2,,1
2005 / 11,Manhattan,11,158.1,120.5,,1
2005 / 11,Manhattan,12,400.7,407.6,,1
2005 / 11,Queens,1,766.4,463.5,,4
2005 / 11,Queens,2,668.1,297.3,,4
2005 / 11,Queens,3,414.3,367.8,,4
2005 / 11,Queens,4,410.4,299.1,,4
2005 / 11,Queens,5,958.4,566.1,,4
2005 / 11,Queens,6,563.1,297.2,,4
2005 / 11,Queens,7,1168.3,543.8,,4
2005 / 11,Queens,8,629.8,307.1,,4
2005 / 11,Queens,9,542.7,375.6,,4
2005 / 11,Queens,10,545.3,403.6,,4
2005 / 11,Queens,11,809.1,365.2,,4
2005 / 11,Queens,12,608.7,542.8,,4
2005 / 11,Queens,13,788.5,579.2,,4
2005 / 11,Queens,14,404.6,201.1,,4
2005 / 11,Staten Island,1,1097.8,546.6,,5
2005 / 11,Staten Island,2,903.9,466.9,,5
2005 / 11,Staten Island,3,1298.3,626.2,,5
2005 / 10,Bronx,1,278.7,82.1,,2
2005 / 10,Bronx,2,79.8,76.1,,2
2005 / 10,Bronx,3,79.8,68.8,,2
2005 / 10,Bronx,4,182.4,208.7,,2
2005 / 10,Bronx,5,198.9,321.2,,2
2005 / 10,Bronx,6,282.4,116.3,,2
2005 / 10,Bronx,7,263.7,337.1,,2
2005 / 10,Bronx,8,435.5,277.3,,2
2005 / 10,Bronx,9,233,237.5,,2
2005 / 10,Bronx,10,515.3,270.2,,2
2005 / 10,Bronx,11,432.9,291.3,,2
2005 / 10,Bronx,12,458.1,430.8,,2
2005 / 10,Brooklyn,1,469.8,359.3,,3
2005 / 10,Brooklyn,2,522.9,255.3,,3
2005 / 10,Brooklyn,3,269,248,,3
2005 / 10,Brooklyn,4,358.6,256,,3
2005 / 10,Brooklyn,5,348.7,367.1,,3
2005 / 10,Brooklyn,6,797.8,354.4,,3
2005 / 10,Brooklyn,7,572.2,446.8,,3
2005 / 10,Brooklyn,8,277.4,221.9,,3
2005 / 10,Brooklyn,9,249,182.3,,3
2005 / 10,Brooklyn,10,753.6,409.4,,3
2005 / 10,Brooklyn,11,886,527.3,,3
2005 / 10,Brooklyn,12,760,476.1,,3
2005 / 10,Brooklyn,13,362.2,176.7,,3
2005 / 10,Brooklyn,14,558.1,384.8,,3
2005 / 10,Brooklyn,15,902.7,481,,3
2005 / 10,Brooklyn,16,166.4,100.1,,3
2005 / 10,Brooklyn,17,401.1,343,,3
2005 / 10,Brooklyn,18,879.9,528.4,,3
2005 / 10,Manhattan,1,490.2,163.6,,1
2005 / 10,Manhattan,2,748.9,308.7,,1
2005 / 10,Manhattan,3,479.5,244.1,,1
2005 / 10,Manhattan,4,1099.1,294,,1
2005 / 10,Manhattan,5,363,138.4,,1
2005 / 10,Manhattan,6,1562.9,434.2,,1
2005 / 10,Manhattan,7,1643.5,643.5,,1
2005 / 10,Manhattan,8,1931.1,682,,1
2005 / 10,Manhattan,9,338.2,201.8,,1
2005 / 10,Manhattan,10,207.4,153.1,,1
2005 / 10,Manhattan,11,183.1,129,,1
2005 / 10,Manhattan,12,506.3,445.9,,1
2005 / 10,Queens,1,833.8,492.3,,4
2005 / 10,Queens,2,708.3,321.9,,4
2005 / 10,Queens,3,493.9,411.3,,4
2005 / 10,Queens,4,467.8,336.7,,4
2005 / 10,Queens,5,1016.6,591.8,,4
2005 / 10,Queens,6,611.8,313.2,,4
2005 / 10,Queens,7,1261.2,583.9,,4
2005 / 10,Queens,8,667.5,317.5,,4
2005 / 10,Queens,9,587.1,389.3,,4
2005 / 10,Queens,10,599.6,428,,4
2005 / 10,Queens,11,840.2,369.9,,4
2005 / 10,Queens,12,669.9,573.1,,4
2005 / 10,Queens,13,860.5,607.9,,4
2005 / 10,Queens,14,433.5,222,,4
2005 / 10,Staten Island,1,1178.9,557.4,,5
2005 / 10,Staten Island,2,922.2,475.3,,5
2005 / 10,Staten Island,3,1358.2,661.4,,5
2005 / 09,Bronx,1,268.7,84.4,,2
2005 / 09,Bronx,2,88,95.9,,2
2005 / 09,Bronx,3,65.6,71.9,,2
2005 / 09,Bronx,4,149.3,213.7,,2
2005 / 09,Bronx,5,184.7,322.4,,2
2005 / 09,Bronx,6,247.4,138.2,,2
2005 / 09,Bronx,7,238.8,359.6,,2
2005 / 09,Bronx,8,440.2,291.6,,2
2005 / 09,Bronx,9,206.5,252.1,,2
2005 / 09,Bronx,10,458.1,283.5,,2
2005 / 09,Bronx,11,389.2,307.5,,2
2005 / 09,Bronx,12,430.7,489,,2
2005 / 09,Brooklyn,1,467.1,375.8,,3
2005 / 09,Brooklyn,2,468.8,248.1,,3
2005 / 09,Brooklyn,3,243.5,270.2,,3
2005 / 09,Brooklyn,4,331.2,261.2,,3
2005 / 09,Brooklyn,5,305.7,392.8,,3
2005 / 09,Brooklyn,6,726.5,356.4,,3
2005 / 09,Brooklyn,7,523.1,455,,3
2005 / 09,Brooklyn,8,241.4,244.1,,3
2005 / 09,Brooklyn,9,246.4,208.8,,3
2005 / 09,Brooklyn,10,684.6,411.4,,3
2005 / 09,Brooklyn,11,810.7,528.3,,3
2005 / 09,Brooklyn,12,742.1,459,,3
2005 / 09,Brooklyn,13,352.9,204.4,,3
2005 / 09,Brooklyn,14,500.5,361.6,,3
2005 / 09,Brooklyn,15,823,477.7,,3
2005 / 09,Brooklyn,16,183.1,107.1,,3
2005 / 09,Brooklyn,17,376.2,397,,3
2005 / 09,Brooklyn,18,826.5,567.3,,3
2005 / 09,Manhattan,1,339.3,116.6,,1
2005 / 09,Manhattan,2,639.6,288.8,,1
2005 / 09,Manhattan,3,452.1,277.5,,1
2005 / 09,Manhattan,4,1037.1,319.3,,1
2005 / 09,Manhattan,5,352,144.4,,1
2005 / 09,Manhattan,6,1494.3,462.6,,1
2005 / 09,Manhattan,7,1494.4,616.7,,1
2005 / 09,Manhattan,8,1751,642.1,,1
2005 / 09,Manhattan,9,321.3,224.8,,1
2005 / 09,Manhattan,10,196.8,181.2,,1
2005 / 09,Manhattan,11,182.9,148.7,,1
2005 / 09,Manhattan,12,452.4,488,,1
2005 / 09,Queens,1,727.8,477.6,,4
2005 / 09,Queens,2,684.9,310.6,,4
2005 / 09,Queens,3,488.9,441.3,,4
2005 / 09,Queens,4,466.4,343.5,,4
2005 / 09,Queens,5,930.9,616.5,,4
2005 / 09,Queens,6,592.1,320.7,,4
2005 / 09,Queens,7,1199,583.4,,4
2005 / 09,Queens,8,646,331.4,,4
2005 / 09,Queens,9,548,400.4,,4
2005 / 09,Queens,10,545,441.7,,4
2005 / 09,Queens,11,782.9,378,,4
2005 / 09,Queens,12,644.2,625.8,,4
2005 / 09,Queens,13,848.7,665.7,,4
2005 / 09,Queens,14,405.1,255.1,,4
2005 / 09,Staten Island,1,1064.8,592.2,,5
2005 / 09,Staten Island,2,853.1,487,,5
2005 / 09,Staten Island,3,1231.9,701.2,,5
2005 / 08,Bronx,1,215.7,85.9,,2
2005 / 08,Bronx,2,79.9,76.4,,2
2005 / 08,Bronx,3,59.4,82.3,,2
2005 / 08,Bronx,4,163.1,231.8,,2
2005 / 08,Bronx,5,180.5,342.7,,2
2005 / 08,Bronx,6,202.6,144.6,,2
2005 / 08,Bronx,7,273,377.1,,2
2005 / 08,Bronx,8,398.3,296.3,,2
2005 / 08,Bronx,9,202.1,274.8,,2
2005 / 08,Bronx,10,422,279.9,,2
2005 / 08,Bronx,11,400.7,325.9,,2
2005 / 08,Bronx,12,446.7,547.5,,2
2005 / 08,Brooklyn,1,373.6,367,,3
2005 / 08,Brooklyn,2,437.1,263.2,,3
2005 / 08,Brooklyn,3,227.4,286.1,,3
2005 / 08,Brooklyn,4,290.7,273,,3
2005 / 08,Brooklyn,5,310,439.3,,3
2005 / 08,Brooklyn,6,621,347.6,,3
2005 / 08,Brooklyn,7,496.1,475.5,,3
2005 / 08,Brooklyn,8,257.8,251,,3
2005 / 08,Brooklyn,9,218.8,202.3,,3
2005 / 08,Brooklyn,10,643.4,427.8,,3
2005 / 08,Brooklyn,11,782.5,561.3,,3
2005 / 08,Brooklyn,12,567.2,402.7,,3
2005 / 08,Brooklyn,13,329,197.9,,3
2005 / 08,Brooklyn,14,476.5,400,,3
2005 / 08,Brooklyn,15,743.1,491.4,,3
2005 / 08,Brooklyn,16,154.7,110.8,,3
2005 / 08,Brooklyn,17,374.6,446.1,,3
2005 / 08,Brooklyn,18,761.8,601.7,,3
2005 / 08,Manhattan,1,313.4,123.3,,1
2005 / 08,Manhattan,2,548.8,268.2,,1
2005 / 08,Manhattan,3,415.1,260.2,,1
2005 / 08,Manhattan,4,901.2,292.5,,1
2005 / 08,Manhattan,5,264.7,126,,1
2005 / 08,Manhattan,6,1257.5,405.5,,1
2005 / 08,Manhattan,7,1225,591,,1
2005 / 08,Manhattan,8,1435.9,624.4,,1
2005 / 08,Manhattan,9,260.9,195.9,,1
2005 / 08,Manhattan,10,166.8,173,,1
2005 / 08,Manhattan,11,143.4,126.2,,1
2005 / 08,Manhattan,12,370.6,451.1,,1
2005 / 08,Queens,1,855.2,520.6,,4
2005 / 08,Queens,2,683.6,313.4,,4
2005 / 08,Queens,3,466.1,440.3,,4
2005 / 08,Queens,4,471.7,354.8,,4
2005 / 08,Queens,5,957.3,630.1,,4
2005 / 08,Queens,6,589.6,330.4,,4
2005 / 08,Queens,7,1150.8,622.8,,4
2005 / 08,Queens,8,633.4,354.1,,4
2005 / 08,Queens,9,579.8,435.3,,4
2005 / 08,Queens,10,562.6,485.5,,4
2005 / 08,Queens,11,774.2,397.9,,4
2005 / 08,Queens,12,625.7,686.5,,4
2005 / 08,Queens,13,802.9,728.5,,4
2005 / 08,Queens,14,355.9,242.3,,4
2005 / 08,Staten Island,1,956.6,612.4,,5
2005 / 08,Staten Island,2,803.6,509.5,,5
2005 / 08,Staten Island,3,1147.5,708.5,,5
2005 / 07,Bronx,1,212.1,81.1,,2
2005 / 07,Bronx,2,90.1,84.5,,2
2005 / 07,Bronx,3,60.4,74.4,,2
2005 / 07,Bronx,4,144.6,197.6,,2
2005 / 07,Bronx,5,185.3,323.5,,2
2005 / 07,Bronx,6,203,131.4,,2
2005 / 07,Bronx,7,247.8,348.8,,2
2005 / 07,Bronx,8,394.8,281.9,,2
2005 / 07,Bronx,9,214.5,276.7,,2
2005 / 07,Bronx,10,417.5,295,,2
2005 / 07,Bronx,11,381.6,325.7,,2
2005 / 07,Bronx,12,436.4,535.1,,2
2005 / 07,Brooklyn,1,373.9,365.9,,3
2005 / 07,Brooklyn,2,429.2,256.9,,3
2005 / 07,Brooklyn,3,227.8,283.5,,3
2005 / 07,Brooklyn,4,305.2,269.9,,3
2005 / 07,Brooklyn,5,308.5,424.8,,3
2005 / 07,Brooklyn,6,684.7,359.8,,3
2005 / 07,Brooklyn,7,495.2,471.9,,3
2005 / 07,Brooklyn,8,231.4,235.6,,3
2005 / 07,Brooklyn,9,241.5,221.7,,3
2005 / 07,Brooklyn,10,643.8,412.8,,3
2005 / 07,Brooklyn,11,805.8,544.7,,3
2005 / 07,Brooklyn,12,610.6,411.3,,3
2005 / 07,Brooklyn,13,352.1,204.6,,3
2005 / 07,Brooklyn,14,469.6,378,,3
2005 / 07,Brooklyn,15,761.4,479.6,,3
2005 / 07,Brooklyn,16,173.9,114.9,,3
2005 / 07,Brooklyn,17,381.5,436.6,,3
2005 / 07,Brooklyn,18,788.9,640.6,,3
2005 / 07,Manhattan,1,384.4,152.6,,1
2005 / 07,Manhattan,2,548.6,286.8,,1
2005 / 07,Manhattan,3,408.4,271.6,,1
2005 / 07,Manhattan,4,930,319.9,,1
2005 / 07,Manhattan,5,314.1,149.9,,1
2005 / 07,Manhattan,6,1295.9,446.8,,1
2005 / 07,Manhattan,7,1260.9,595.9,,1
2005 / 07,Manhattan,8,1431.4,643.5,,1
2005 / 07,Manhattan,9,282.4,217.3,,1
2005 / 07,Manhattan,10,194.7,183.9,,1
2005 / 07,Manhattan,11,179.8,157,,1
2005 / 07,Manhattan,12,427,482,,1
2005 / 07,Queens,1,704.3,494.1,,4
2005 / 07,Queens,2,620.6,324.2,,4
2005 / 07,Queens,3,462.1,462.5,,4
2005 / 07,Queens,4,437.6,373.6,,4
2005 / 07,Queens,5,836.8,631.2,,4
2005 / 07,Queens,6,521.2,331.8,,4
2005 / 07,Queens,7,1109.6,618.6,,4
2005 / 07,Queens,8,586.7,363.6,,4
2005 / 07,Queens,9,534.2,430.9,,4
2005 / 07,Queens,10,540.3,492.1,,4
2005 / 07,Queens,11,713.5,387.9,,4
2005 / 07,Queens,12,628,702.2,,4
2005 / 07,Queens,13,805.6,766.5,,4
2005 / 07,Queens,14,390,269.3,,4
2005 / 07,Staten Island,1,1027.4,623.3,,5
2005 / 07,Staten Island,2,810,495.1,,5
2005 / 07,Staten Island,3,1209.3,758.8,,5
2005 / 06,Bronx,1,272,88.3,,2
2005 / 06,Bronx,2,92.8,87.3,,2
2005 / 06,Bronx,3,67.6,82.7,,2
2005 / 06,Bronx,4,195.5,221.5,,2
2005 / 06,Bronx,5,243.3,332,,2
2005 / 06,Bronx,6,287.2,166.3,,2
2005 / 06,Bronx,7,295.9,376.1,,2
2005 / 06,Bronx,8,451.7,325,,2
2005 / 06,Bronx,9,240.4,287.8,,2
2005 / 06,Bronx,10,453.4,300.9,,2
2005 / 06,Bronx,11,420.2,339.1,,2
2005 / 06,Bronx,12,487.7,549.7,,2
2005 / 06,Brooklyn,1,472.9,409,,3
2005 / 06,Brooklyn,2,514.3,271.2,,3
2005 / 06,Brooklyn,3,268.1,278.6,,3
2005 / 06,Brooklyn,4,382,283.6,,3
2005 / 06,Brooklyn,5,338.8,429.8,,3
2005 / 06,Brooklyn,6,745.1,381.2,,3
2005 / 06,Brooklyn,7,551.4,483.9,,3
2005 / 06,Brooklyn,8,268.4,236.9,,3
2005 / 06,Brooklyn,9,253.4,207.6,,3
2005 / 06,Brooklyn,10,758,438.6,,3
2005 / 06,Brooklyn,11,882.9,572.1,,3
2005 / 06,Brooklyn,12,762.2,487.8,,3
2005 / 06,Brooklyn,13,394.9,203.9,,3
2005 / 06,Brooklyn,14,554.1,392.1,,3
2005 / 06,Brooklyn,15,873.1,516.9,,3
2005 / 06,Brooklyn,16,189.7,111,,3
2005 / 06,Brooklyn,17,435.1,437.3,,3
2005 / 06,Brooklyn,18,895.2,652.9,,3
2005 / 06,Manhattan,1,356.1,126.9,,1
2005 / 06,Manhattan,2,724.2,313.6,,1
2005 / 06,Manhattan,3,522.3,278.7,,1
2005 / 06,Manhattan,4,1018.4,310.9,,1
2005 / 06,Manhattan,5,312.8,138.8,,1
2005 / 06,Manhattan,6,1505.9,468.8,,1
2005 / 06,Manhattan,7,1566.2,654.6,,1
2005 / 06,Manhattan,8,1738.2,688.6,,1
2005 / 06,Manhattan,9,320,206.5,,1
2005 / 06,Manhattan,10,185.6,154,,1
2005 / 06,Manhattan,11,192.3,130.6,,1
2005 / 06,Manhattan,12,521.4,489.1,,1
2005 / 06,Queens,1,824.2,522.6,,4
2005 / 06,Queens,2,726.3,360.3,,4
2005 / 06,Queens,3,488.1,462,,4
2005 / 06,Queens,4,464.6,369,,4
2005 / 06,Queens,5,976.5,652.2,,4
2005 / 06,Queens,6,599.6,342.3,,4
2005 / 06,Queens,7,1224.7,659.3,,4
2005 / 06,Queens,8,671.5,359.6,,4
2005 / 06,Queens,9,603.2,453.4,,4
2005 / 06,Queens,10,589.4,503.5,,4
2005 / 06,Queens,11,855.9,439.4,,4
2005 / 06,Queens,12,684.2,724.8,,4
2005 / 06,Queens,13,892.6,790.9,,4
2005 / 06,Queens,14,412.9,259.9,,4
2005 / 06,Staten Island,1,1139.3,664.7,,5
2005 / 06,Staten Island,2,917.3,556.4,,5
2005 / 06,Staten Island,3,1303.6,772,,5
2005 / 05,Bronx,1,244.5,79,,2
2005 / 05,Bronx,2,76.3,71,,2
2005 / 05,Bronx,3,54.1,66.2,,2
2005 / 05,Bronx,4,167,192.8,,2
2005 / 05,Bronx,5,205.1,293.2,,2
2005 / 05,Bronx,6,252.6,134.8,,2
2005 / 05,Bronx,7,260,330.3,,2
2005 / 05,Bronx,8,380.6,270.7,,2
2005 / 05,Bronx,9,212.6,247.8,,2
2005 / 05,Bronx,10,421.3,270.1,,2
2005 / 05,Bronx,11,366.2,295.4,,2
2005 / 05,Bronx,12,419.8,455.5,,2
2005 / 05,Brooklyn,1,413.1,339,,3
2005 / 05,Brooklyn,2,464.8,235,,3
2005 / 05,Brooklyn,3,253.8,240.9,,3
2005 / 05,Brooklyn,4,332.3,254.7,,3
2005 / 05,Brooklyn,5,303.8,376.5,,3
2005 / 05,Brooklyn,6,673.1,335.2,,3
2005 / 05,Brooklyn,7,474.8,413.7,,3
2005 / 05,Brooklyn,8,265.1,221.5,,3
2005 / 05,Brooklyn,9,235.2,183.2,,3
2005 / 05,Brooklyn,10,688.3,387.8,,3
2005 / 05,Brooklyn,11,787.8,486.8,,3
2005 / 05,Brooklyn,12,704.5,432.2,,3
2005 / 05,Brooklyn,13,364.1,185.8,,3
2005 / 05,Brooklyn,14,514,349.7,,3
2005 / 05,Brooklyn,15,790.6,447,,3
2005 / 05,Brooklyn,16,163.2,93.7,,3
2005 / 05,Brooklyn,17,394.7,372.8,,3
2005 / 05,Brooklyn,18,818,573.2,,3
2005 / 05,Manhattan,1,342.5,129.8,,1
2005 / 05,Manhattan,2,607.7,276.4,,1
2005 / 05,Manhattan,3,398.4,239.6,,1
2005 / 05,Manhattan,4,969.8,279.5,,1
2005 / 05,Manhattan,5,300.5,123.5,,1
2005 / 05,Manhattan,6,1394.3,412.1,,1
2005 / 05,Manhattan,7,1405.8,595.1,,1
2005 / 05,Manhattan,8,1625.8,650,,1
2005 / 05,Manhattan,9,274.6,182.1,,1
2005 / 05,Manhattan,10,152.1,139.3,,1
2005 / 05,Manhattan,11,164.3,120.2,,1
2005 / 05,Manhattan,12,392.1,404.7,,1
2005 / 05,Queens,1,716.9,459.5,,4
2005 / 05,Queens,2,664.6,303.7,,4
2005 / 05,Queens,3,425.1,404.1,,4
2005 / 05,Queens,4,401,313.7,,4
2005 / 05,Queens,5,863.4,595.8,,4
2005 / 05,Queens,6,545.2,303,,4
2005 / 05,Queens,7,1098.4,584.9,,4
2005 / 05,Queens,8,604.7,352.2,,4
2005 / 05,Queens,9,531.5,407.6,,4
2005 / 05,Queens,10,520.9,438.4,,4
2005 / 05,Queens,11,824.2,438.9,,4
2005 / 05,Queens,12,614.7,626.6,,4
2005 / 05,Queens,13,791.5,698.9,,4
2005 / 05,Queens,14,370.6,226.9,,4
2005 / 05,Staten Island,1,1021,547.1,,5
2005 / 05,Staten Island,2,829.8,452.9,,5
2005 / 05,Staten Island,3,1202.4,657.2,,5
2005 / 04,Bronx,1,247.8,87.4,,2
2005 / 04,Bronx,2,93.2,84.8,,2
2005 / 04,Bronx,3,64.2,70.4,,2
2005 / 04,Bronx,4,169.9,211.1,,2
2005 / 04,Bronx,5,214.2,303.7,,2
2005 / 04,Bronx,6,261.5,137.1,,2
2005 / 04,Bronx,7,268.5,347,,2
2005 / 04,Bronx,8,401.7,282.9,,2
2005 / 04,Bronx,9,235.3,262,,2
2005 / 04,Bronx,10,460.8,311.1,,2
2005 / 04,Bronx,11,396.3,322.7,,2
2005 / 04,Bronx,12,449.3,487.3,,2
2005 / 04,Brooklyn,1,471.4,387.7,,3
2005 / 04,Brooklyn,2,485.8,254.4,,3
2005 / 04,Brooklyn,3,279.4,266.8,,3
2005 / 04,Brooklyn,4,344.6,275.1,,3
2005 / 04,Brooklyn,5,333.5,402.6,,3
2005 / 04,Brooklyn,6,751.3,352.7,,3
2005 / 04,Brooklyn,7,496.3,428.7,,3
2005 / 04,Brooklyn,8,264.4,223.5,,3
2005 / 04,Brooklyn,9,283.1,225.4,,3
2005 / 04,Brooklyn,10,718.1,397.9,,3
2005 / 04,Brooklyn,11,840,522.7,,3
2005 / 04,Brooklyn,12,865.6,541.9,,3
2005 / 04,Brooklyn,13,380,213.3,,3
2005 / 04,Brooklyn,14,555.1,412.7,,3
2005 / 04,Brooklyn,15,867.8,513.6,,3
2005 / 04,Brooklyn,16,189.4,114.4,,3
2005 / 04,Brooklyn,17,412.2,407.1,,3
2005 / 04,Brooklyn,18,874.6,639.5,,3
2005 / 04,Manhattan,1,412.8,153.1,,1
2005 / 04,Manhattan,2,652.1,291.7,,1
2005 / 04,Manhattan,3,415.6,267.9,,1
2005 / 04,Manhattan,4,1039.2,306.9,,1
2005 / 04,Manhattan,5,365.8,146.8,,1
2005 / 04,Manhattan,6,1517.8,440.1,,1
2005 / 04,Manhattan,7,1522.6,654.9,,1
2005 / 04,Manhattan,8,1802.7,686.1,,1
2005 / 04,Manhattan,9,302.9,215.1,,1
2005 / 04,Manhattan,10,192.9,171.4,,1
2005 / 04,Manhattan,11,197.7,150.5,,1
2005 / 04,Manhattan,12,452.3,465.1,,1
2005 / 04,Queens,1,777.2,519.5,,4
2005 / 04,Queens,2,712.8,338.7,,4
2005 / 04,Queens,3,504,445.2,,4
2005 / 04,Queens,4,442.3,343.8,,4
2005 / 04,Queens,5,959.8,676.6,,4
2005 / 04,Queens,6,601.4,346.8,,4
2005 / 04,Queens,7,1217.2,624.7,,4
2005 / 04,Queens,8,661.4,405.3,,4
2005 / 04,Queens,9,561.2,462.3,,4
2005 / 04,Queens,10,567.4,496.4,,4
2005 / 04,Queens,11,879.7,434.9,,4
2005 / 04,Queens,12,691.6,698.7,,4
2005 / 04,Queens,13,865.3,742.8,,4
2005 / 04,Queens,14,428.3,293.1,,4
2005 / 04,Staten Island,1,1098.7,571,,5
2005 / 04,Staten Island,2,849.5,480.1,,5
2005 / 04,Staten Island,3,1259.8,692.4,,5
2005 / 03,Bronx,1,271.8,93.6,,2
2005 / 03,Bronx,2,80.9,86.1,,2
2005 / 03,Bronx,3,64.8,70.9,,2
2005 / 03,Bronx,4,192.3,207.4,,2
2005 / 03,Bronx,5,201.7,296.6,,2
2005 / 03,Bronx,6,253.1,156.2,,2
2005 / 03,Bronx,7,287.7,363,,2
2005 / 03,Bronx,8,432.9,292.7,,2
2005 / 03,Bronx,9,246.3,248.2,,2
2005 / 03,Bronx,10,480.4,268.2,,2
2005 / 03,Bronx,11,397.8,303.4,,2
2005 / 03,Bronx,12,462.1,468.4,,2
2005 / 03,Brooklyn,1,467.5,360.3,,3
2005 / 03,Brooklyn,2,524.8,240.2,,3
2005 / 03,Brooklyn,3,283.4,240.3,,3
2005 / 03,Brooklyn,4,371.5,250,,3
2005 / 03,Brooklyn,5,325.6,371.4,,3
2005 / 03,Brooklyn,6,787.7,342.9,,3
2005 / 03,Brooklyn,7,541.8,425,,3
2005 / 03,Brooklyn,8,284.8,215.9,,3
2005 / 03,Brooklyn,9,264.9,191.7,,3
2005 / 03,Brooklyn,10,782.4,383.8,,3
2005 / 03,Brooklyn,11,922.9,513.5,,3
2005 / 03,Brooklyn,12,846.8,452.9,,3
2005 / 03,Brooklyn,13,419.5,177.1,,3
2005 / 03,Brooklyn,14,600.2,345.7,,3
2005 / 03,Brooklyn,15,925.4,454.8,,3
2005 / 03,Brooklyn,16,190.7,104.2,,3
2005 / 03,Brooklyn,17,441,358.9,,3
2005 / 03,Brooklyn,18,957.8,536.9,,3
2005 / 03,Manhattan,1,334.5,117.8,,1
2005 / 03,Manhattan,2,676,290.7,,1
2005 / 03,Manhattan,3,435.2,251.2,,1
2005 / 03,Manhattan,4,1050.8,300.2,,1
2005 / 03,Manhattan,5,320.6,126.8,,1
2005 / 03,Manhattan,6,1560,472.8,,1
2005 / 03,Manhattan,7,1546.2,648.7,,1
2005 / 03,Manhattan,8,1813.8,699.7,,1
2005 / 03,Manhattan,9,276,190.5,,1
2005 / 03,Manhattan,10,174.6,154.9,,1
2005 / 03,Manhattan,11,176.7,124.2,,1
2005 / 03,Manhattan,12,464.6,450.7,,1
2005 / 03,Queens,1,804.7,473.1,,4
2005 / 03,Queens,2,730.6,322.3,,4
2005 / 03,Queens,3,480.1,394.9,,4
2005 / 03,Queens,4,454.1,325.4,,4
2005 / 03,Queens,5,1070,590.7,,4
2005 / 03,Queens,6,616.4,304.4,,4
2005 / 03,Queens,7,1209.7,563.8,,4
2005 / 03,Queens,8,667.8,325.6,,4
2005 / 03,Queens,9,580,402.9,,4
2005 / 03,Queens,10,570.1,416.3,,4
2005 / 03,Queens,11,906.5,393.5,,4
2005 / 03,Queens,12,662,578.3,,4
2005 / 03,Queens,13,867.1,614.6,,4
2005 / 03,Queens,14,400,213.8,,4
2005 / 03,Staten Island,1,1111.9,543.5,,5
2005 / 03,Staten Island,2,915.8,457.6,,5
2005 / 03,Staten Island,3,1295.4,614.7,,5
2005 / 02,Bronx,1,236.8,81.3,,2
2005 / 02,Bronx,2,70.6,76.9,,2
2005 / 02,Bronx,3,59,65.6,,2
2005 / 02,Bronx,4,159.2,190.1,,2
2005 / 02,Bronx,5,173.4,282.2,,2
2005 / 02,Bronx,6,240.5,126.6,,2
2005 / 02,Bronx,7,244.9,322,,2
2005 / 02,Bronx,8,363.8,253.1,,2
2005 / 02,Bronx,9,197.6,214.6,,2
2005 / 02,Bronx,10,404.7,235.4,,2
2005 / 02,Bronx,11,341.4,265.4,,2
2005 / 02,Bronx,12,393,412.7,,2
2005 / 02,Brooklyn,1,442.2,333.2,,3
2005 / 02,Brooklyn,2,453.9,232.5,,3
2005 / 02,Brooklyn,3,240,208.6,,3
2005 / 02,Brooklyn,4,308.7,227.3,,3
2005 / 02,Brooklyn,5,288.6,340.6,,3
2005 / 02,Brooklyn,6,693.9,315.9,,3
2005 / 02,Brooklyn,7,520.6,382.9,,3
2005 / 02,Brooklyn,8,267.4,211.8,,3
2005 / 02,Brooklyn,9,232,177.8,,3
2005 / 02,Brooklyn,10,679,355.5,,3
2005 / 02,Brooklyn,11,782.9,468.6,,3
2005 / 02,Brooklyn,12,712.9,382.2,,3
2005 / 02,Brooklyn,13,341.5,165.6,,3
2005 / 02,Brooklyn,14,518.2,312.4,,3
2005 / 02,Brooklyn,15,838.2,397.7,,3
2005 / 02,Brooklyn,16,156.8,90.2,,3
2005 / 02,Brooklyn,17,368.6,320.9,,3
2005 / 02,Brooklyn,18,777.3,471,,3
2005 / 02,Manhattan,1,319.9,127.3,,1
2005 / 02,Manhattan,2,595.2,272.3,,1
2005 / 02,Manhattan,3,399.3,235.2,,1
2005 / 02,Manhattan,4,912.2,277.8,,1
2005 / 02,Manhattan,5,297.9,115.4,,1
2005 / 02,Manhattan,6,1318.9,422.5,,1
2005 / 02,Manhattan,7,1402.7,632.4,,1
2005 / 02,Manhattan,8,1563.1,647.2,,1
2005 / 02,Manhattan,9,243.4,193.2,,1
2005 / 02,Manhattan,10,149.9,134.7,,1
2005 / 02,Manhattan,11,150.2,124.7,,1
2005 / 02,Manhattan,12,393.6,432.2,,1
2005 / 02,Queens,1,795.9,462.5,,4
2005 / 02,Queens,2,658.7,285,,4
2005 / 02,Queens,3,458.3,370.8,,4
2005 / 02,Queens,4,430.4,294.6,,4
2005 / 02,Queens,5,891.7,533.5,,4
2005 / 02,Queens,6,575.5,285.8,,4
2005 / 02,Queens,7,1170.8,512.9,,4
2005 / 02,Queens,8,606.9,276.6,,4
2005 / 02,Queens,9,556.9,368.4,,4
2005 / 02,Queens,10,523.8,361,,4
2005 / 02,Queens,11,802.9,345.5,,4
2005 / 02,Queens,12,613.8,519.1,,4
2005 / 02,Queens,13,780.5,539,,4
2005 / 02,Queens,14,379.9,186.8,,4
2005 / 02,Staten Island,1,981.5,467.5,,5
2005 / 02,Staten Island,2,800.6,405.9,,5
2005 / 02,Staten Island,3,1155.6,536.1,,5
2005 / 01,Bronx,1,242.4,73.5,,2
2005 / 01,Bronx,2,74.4,68.3,,2
2005 / 01,Bronx,3,54.3,55,,2
2005 / 01,Bronx,4,160.9,189.6,,2
2005 / 01,Bronx,5,190.2,275.8,,2
2005 / 01,Bronx,6,207.5,99.1,,2
2005 / 01,Bronx,7,246.6,306.5,,2
2005 / 01,Bronx,8,385.2,269.2,,2
2005 / 01,Bronx,9,209.6,219.8,,2
2005 / 01,Bronx,10,457.9,266,,2
2005 / 01,Bronx,11,376.6,275,,2
2005 / 01,Bronx,12,398.6,405.2,,2
2005 / 01,Brooklyn,1,422.3,305.5,,3
2005 / 01,Brooklyn,2,454.2,235.8,,3
2005 / 01,Brooklyn,3,222.6,214.3,,3
2005 / 01,Brooklyn,4,295.1,230,,3
2005 / 01,Brooklyn,5,264.3,313.1,,3
2005 / 01,Brooklyn,6,683.1,332,,3
2005 / 01,Brooklyn,7,468.4,378.9,,3
2005 / 01,Brooklyn,8,217.5,188.6,,3
2005 / 01,Brooklyn,9,217.9,178.8,,3
2005 / 01,Brooklyn,10,649.8,344,,3
2005 / 01,Brooklyn,11,758.3,438.3,,3
2005 / 01,Brooklyn,12,654.1,371.8,,3
2005 / 01,Brooklyn,13,309.5,151.3,,3
2005 / 01,Brooklyn,14,482.1,340.2,,3
2005 / 01,Brooklyn,15,735.6,394.3,,3
2005 / 01,Brooklyn,16,165.2,87.4,,3
2005 / 01,Brooklyn,17,336.3,326.1,,3
2005 / 01,Brooklyn,18,737.3,484.7,,3
2005 / 01,Manhattan,1,440.9,168.3,,1
2005 / 01,Manhattan,2,656.3,298.1,,1
2005 / 01,Manhattan,3,386,206.7,,1
2005 / 01,Manhattan,4,924.8,288.6,,1
2005 / 01,Manhattan,5,344.3,139.6,,1
2005 / 01,Manhattan,6,1387.6,423.5,,1
2005 / 01,Manhattan,7,1404,619.3,,1
2005 / 01,Manhattan,8,1614.7,659.7,,1
2005 / 01,Manhattan,9,289.8,183.7,,1
2005 / 01,Manhattan,10,154.6,125.5,,1
2005 / 01,Manhattan,11,179.7,135.5,,1
2005 / 01,Manhattan,12,446.8,437.3,,1
2005 / 01,Queens,1,754.2,449.1,,4
2005 / 01,Queens,2,629.6,289.2,,4
2005 / 01,Queens,3,461,390.8,,4
2005 / 01,Queens,4,418.3,295.3,,4
2005 / 01,Queens,5,866.5,553.4,,4
2005 / 01,Queens,6,547.9,292.7,,4
2005 / 01,Queens,7,1118.3,538.1,,4
2005 / 01,Queens,8,576.3,302.8,,4
2005 / 01,Queens,9,511.4,361.6,,4
2005 / 01,Queens,10,490.9,369.8,,4
2005 / 01,Queens,11,790.9,368.8,,4
2005 / 01,Queens,12,550.6,501.8,,4
2005 / 01,Queens,13,720.1,522.8,,4
2005 / 01,Queens,14,342.1,193.4,,4
2005 / 01,Staten Island,1,1005,481.3,,5
2005 / 01,Staten Island,2,772.1,390.7,,5
2005 / 01,Staten Island,3,1210.9,573.6,,5
2004 / 12,Bronx,1,287.5,97.6,,2
2004 / 12,Bronx,2,104.6,108.3,,2
2004 / 12,Bronx,3,69.8,72.3,,2
2004 / 12,Bronx,4,197.4,215.7,,2
2004 / 12,Bronx,5,233.2,317.2,,2
2004 / 12,Bronx,6,321.7,161.9,,2
2004 / 12,Bronx,7,325.9,371.9,,2
2004 / 12,Bronx,8,540.9,305,,2
2004 / 12,Bronx,9,278.2,259.3,,2
2004 / 12,Bronx,10,591.5,290.6,,2
2004 / 12,Bronx,11,474.4,320,,2
2004 / 12,Bronx,12,546,483.4,,2
2004 / 12,Brooklyn,1,535.1,385.5,,3
2004 / 12,Brooklyn,2,576.2,263.5,,3
2004 / 12,Brooklyn,3,304.7,252.8,,3
2004 / 12,Brooklyn,4,399,260.5,,3
2004 / 12,Brooklyn,5,372,381.8,,3
2004 / 12,Brooklyn,6,855.8,364,,3
2004 / 12,Brooklyn,7,618.9,440.6,,3
2004 / 12,Brooklyn,8,318.8,240.1,,3
2004 / 12,Brooklyn,9,316.2,232.9,,3
2004 / 12,Brooklyn,10,865.7,404.1,,3
2004 / 12,Brooklyn,11,986,496.3,,3
2004 / 12,Brooklyn,12,818.2,443.5,,3
2004 / 12,Brooklyn,13,407.7,201.6,,3
2004 / 12,Brooklyn,14,585.7,356.6,,3
2004 / 12,Brooklyn,15,962.5,454.3,,3
2004 / 12,Brooklyn,16,217.3,108.1,,3
2004 / 12,Brooklyn,17,511.9,409.7,,3
2004 / 12,Brooklyn,18,1037.6,588,,3
2004 / 12,Manhattan,1,304.6,109.1,,1
2004 / 12,Manhattan,2,784.2,311.9,,1
2004 / 12,Manhattan,3,497.6,260.4,,1
2004 / 12,Manhattan,4,1202.5,332.1,,1
2004 / 12,Manhattan,5,384.3,138,,1
2004 / 12,Manhattan,6,1817.7,508.1,,1
2004 / 12,Manhattan,7,1848.9,704.3,,1
2004 / 12,Manhattan,8,2129.7,727.9,,1
2004 / 12,Manhattan,9,319.4,208.3,,1
2004 / 12,Manhattan,10,201.9,162.4,,1
2004 / 12,Manhattan,11,212,138.3,,1
2004 / 12,Manhattan,12,551.7,543.7,,1
2004 / 12,Queens,1,893.6,500.3,,4
2004 / 12,Queens,2,780.6,324.7,,4
2004 / 12,Queens,3,581.4,442.1,,4
2004 / 12,Queens,4,531.8,343.5,,4
2004 / 12,Queens,5,1152.5,628.8,,4
2004 / 12,Queens,6,696.2,335.6,,4
2004 / 12,Queens,7,1398.3,582.6,,4
2004 / 12,Queens,8,711.4,329.9,,4
2004 / 12,Queens,9,642,407.5,,4
2004 / 12,Queens,10,648.3,426.1,,4
2004 / 12,Queens,11,988,408.5,,4
2004 / 12,Queens,12,750.8,603.3,,4
2004 / 12,Queens,13,982.7,619.9,,4
2004 / 12,Queens,14,457.8,238.2,,4
2004 / 12,Staten Island,1,1321.9,577.1,,5
2004 / 12,Staten Island,2,1106.7,476.8,,5
2004 / 12,Staten Island,3,1597.7,650.3,,5
2004 / 11,Bronx,1,272.7,87.9,,2
2004 / 11,Bronx,2,66.4,58.1,,2
2004 / 11,Bronx,3,59.7,64.8,,2
2004 / 11,Bronx,4,170.4,217.9,,2
2004 / 11,Bronx,5,190,302.2,,2
2004 / 11,Bronx,6,278.5,109.6,,2
2004 / 11,Bronx,7,262.1,338.3,,2
2004 / 11,Bronx,8,418.8,264.4,,2
2004 / 11,Bronx,9,223.1,235.9,,2
2004 / 11,Bronx,10,484,265.6,,2
2004 / 11,Bronx,11,394.8,278.1,,2
2004 / 11,Bronx,12,440.7,424.8,,2
2004 / 11,Brooklyn,1,420.1,301.4,,3
2004 / 11,Brooklyn,2,523.5,214.4,,3
2004 / 11,Brooklyn,3,273.5,224.9,,3
2004 / 11,Brooklyn,4,348,240,,3
2004 / 11,Brooklyn,5,329.5,352.3,,3
2004 / 11,Brooklyn,6,781.2,317.5,,3
2004 / 11,Brooklyn,7,539.4,393.3,,3
2004 / 11,Brooklyn,8,301.9,214,,3
2004 / 11,Brooklyn,9,249.8,175.2,,3
2004 / 11,Brooklyn,10,785.1,382.5,,3
2004 / 11,Brooklyn,11,881.4,473.6,,3
2004 / 11,Brooklyn,12,754,404.7,,3
2004 / 11,Brooklyn,13,363.1,183.7,,3
2004 / 11,Brooklyn,14,578.3,355.1,,3
2004 / 11,Brooklyn,15,878.9,431.4,,3
2004 / 11,Brooklyn,16,157.2,86.5,,3
2004 / 11,Brooklyn,17,435.1,351.7,,3
2004 / 11,Brooklyn,18,885.1,500.5,,3
2004 / 11,Manhattan,1,347.1,137,,1
2004 / 11,Manhattan,2,710.8,264,,1
2004 / 11,Manhattan,3,410.4,202.2,,1
2004 / 11,Manhattan,4,1094.8,236.2,,1
2004 / 11,Manhattan,5,326.1,116.7,,1
2004 / 11,Manhattan,6,1579.6,365.6,,1
2004 / 11,Manhattan,7,1688.9,621.1,,1
2004 / 11,Manhattan,8,1916.3,624,,1
2004 / 11,Manhattan,9,281.1,169.9,,1
2004 / 11,Manhattan,10,148.9,121.8,,1
2004 / 11,Manhattan,11,173.6,120.6,,1
2004 / 11,Manhattan,12,410.2,407.1,,1
2004 / 11,Queens,1,803.9,479.5,,4
2004 / 11,Queens,2,711,297.5,,4
2004 / 11,Queens,3,446.5,367.7,,4
2004 / 11,Queens,4,420.3,292.3,,4
2004 / 11,Queens,5,968.5,546.5,,4
2004 / 11,Queens,6,597.1,280.5,,4
2004 / 11,Queens,7,1193.1,553.3,,4
2004 / 11,Queens,8,646.2,301.5,,4
2004 / 11,Queens,9,585.6,375.3,,4
2004 / 11,Queens,10,562.9,399.3,,4
2004 / 11,Queens,11,884.9,378.6,,4
2004 / 11,Queens,12,626,533.5,,4
2004 / 11,Queens,13,818.8,579.2,,4
2004 / 11,Queens,14,399,208.1,,4
2004 / 11,Staten Island,1,1136.8,513.7,,5
2004 / 11,Staten Island,2,904.2,422,,5
2004 / 11,Staten Island,3,1317.9,588,,5
2004 / 10,Bronx,1,272.6,83.9,,2
2004 / 10,Bronx,2,85.6,91.6,,2
2004 / 10,Bronx,3,72.7,78.4,,2
2004 / 10,Bronx,4,169,226.4,,2
2004 / 10,Bronx,5,188.6,321.9,,2
2004 / 10,Bronx,6,304.7,133.6,,2
2004 / 10,Bronx,7,249.3,350.9,,2
2004 / 10,Bronx,8,420.5,278.1,,2
2004 / 10,Bronx,9,241.1,260.2,,2
2004 / 10,Bronx,10,475.9,276.4,,2
2004 / 10,Bronx,11,404,303.9,,2
2004 / 10,Bronx,12,448.2,447.1,,2
2004 / 10,Brooklyn,1,459.7,347.3,,3
2004 / 10,Brooklyn,2,524,242.4,,3
2004 / 10,Brooklyn,3,273.6,255.9,,3
2004 / 10,Brooklyn,4,340.3,261.8,,3
2004 / 10,Brooklyn,5,311.1,369.9,,3
2004 / 10,Brooklyn,6,795.2,339.3,,3
2004 / 10,Brooklyn,7,537.4,423,,3
2004 / 10,Brooklyn,8,267.2,215.3,,3
2004 / 10,Brooklyn,9,263.8,210.6,,3
2004 / 10,Brooklyn,10,749.1,393.8,,3
2004 / 10,Brooklyn,11,858,500.1,,3
2004 / 10,Brooklyn,12,702.5,452.3,,3
2004 / 10,Brooklyn,13,372.5,196.4,,3
2004 / 10,Brooklyn,14,526.7,381,,3
2004 / 10,Brooklyn,15,880.6,478.5,,3
2004 / 10,Brooklyn,16,186.3,106.9,,3
2004 / 10,Brooklyn,17,417.1,365.3,,3
2004 / 10,Brooklyn,18,875.9,526.1,,3
2004 / 10,Manhattan,1,423.1,161.7,,1
2004 / 10,Manhattan,2,727,292.8,,1
2004 / 10,Manhattan,3,483.8,260.5,,1
2004 / 10,Manhattan,4,1115.8,290.4,,1
2004 / 10,Manhattan,5,391.3,142,,1
2004 / 10,Manhattan,6,1646.8,457.2,,1
2004 / 10,Manhattan,7,1629.4,625.9,,1
2004 / 10,Manhattan,8,1961.4,676.4,,1
2004 / 10,Manhattan,9,339.4,213.1,,1
2004 / 10,Manhattan,10,197.3,155.4,,1
2004 / 10,Manhattan,11,213.3,163.2,,1
2004 / 10,Manhattan,12,565.4,511.1,,1
2004 / 10,Queens,1,799.9,482.3,,4
2004 / 10,Queens,2,743.2,332.2,,4
2004 / 10,Queens,3,494.8,429.2,,4
2004 / 10,Queens,4,448.4,328.9,,4
2004 / 10,Queens,5,976.4,593.4,,4
2004 / 10,Queens,6,605.3,298.7,,4
2004 / 10,Queens,7,1270.3,617.8,,4
2004 / 10,Queens,8,640.2,324,,4
2004 / 10,Queens,9,568.4,380.2,,4
2004 / 10,Queens,10,562.3,407.9,,4
2004 / 10,Queens,11,888.4,403.8,,4
2004 / 10,Queens,12,650.9,571.1,,4
2004 / 10,Queens,13,881.6,591.9,,4
2004 / 10,Queens,14,408.9,231.5,,4
2004 / 10,Staten Island,1,1145.8,550.3,,5
2004 / 10,Staten Island,2,894.7,436.6,,5
2004 / 10,Staten Island,3,1325.6,646.2,,5
2004 / 09,Bronx,1,282.7,88.1,,2
2004 / 09,Bronx,2,92.5,95.4,,2
2004 / 09,Bronx,3,87.2,86.7,,2
2004 / 09,Bronx,4,182.8,223.7,,2
2004 / 09,Bronx,5,205.5,362.4,,2
2004 / 09,Bronx,6,300.1,180.3,,2
2004 / 09,Bronx,7,281.8,387.4,,2
2004 / 09,Bronx,8,468.5,320.2,,2
2004 / 09,Bronx,9,239.9,275.2,,2
2004 / 09,Bronx,10,487.3,282.7,,2
2004 / 09,Bronx,11,415.3,330.7,,2
2004 / 09,Bronx,12,471.6,501.1,,2
2004 / 09,Brooklyn,1,510.1,394.6,,3
2004 / 09,Brooklyn,2,536.6,241.3,,3
2004 / 09,Brooklyn,3,267.7,268.3,,3
2004 / 09,Brooklyn,4,400.1,290.9,,3
2004 / 09,Brooklyn,5,320.2,415.3,,3
2004 / 09,Brooklyn,6,786,345.7,,3
2004 / 09,Brooklyn,7,534.9,458.5,,3
2004 / 09,Brooklyn,8,274.6,243.8,,3
2004 / 09,Brooklyn,9,271.1,217.9,,3
2004 / 09,Brooklyn,10,744.4,404.8,,3
2004 / 09,Brooklyn,11,866.5,526.4,,3
2004 / 09,Brooklyn,12,793.5,479.9,,3
2004 / 09,Brooklyn,13,383.7,202.2,,3
2004 / 09,Brooklyn,14,563.6,400.1,,3
2004 / 09,Brooklyn,15,920.1,485.1,,3
2004 / 09,Brooklyn,16,195,114.6,,3
2004 / 09,Brooklyn,17,416.3,423.4,,3
2004 / 09,Brooklyn,18,893.8,583.7,,3
2004 / 09,Manhattan,1,357.3,135,,1
2004 / 09,Manhattan,2,688.4,277.9,,1
2004 / 09,Manhattan,3,490.4,263.6,,1
2004 / 09,Manhattan,4,1072.9,287.6,,1
2004 / 09,Manhattan,5,324.6,120.6,,1
2004 / 09,Manhattan,6,1612.7,437.8,,1
2004 / 09,Manhattan,7,1626.2,617,,1
2004 / 09,Manhattan,8,1889.3,645,,1
2004 / 09,Manhattan,9,309.7,193.2,,1
2004 / 09,Manhattan,10,170.7,150.2,,1
2004 / 09,Manhattan,11,188.8,143.7,,1
2004 / 09,Manhattan,12,493.7,533.8,,1
2004 / 09,Queens,1,869.2,508.9,,4
2004 / 09,Queens,2,831.8,326.4,,4
2004 / 09,Queens,3,514.4,443.6,,4
2004 / 09,Queens,4,498.8,360.9,,4
2004 / 09,Queens,5,1048.8,605.4,,4
2004 / 09,Queens,6,686.1,327.9,,4
2004 / 09,Queens,7,1316.7,632.5,,4
2004 / 09,Queens,8,696.9,340.8,,4
2004 / 09,Queens,9,616.8,421.3,,4
2004 / 09,Queens,10,624.6,452.6,,4
2004 / 09,Queens,11,949.4,434.3,,4
2004 / 09,Queens,12,677.5,628.2,,4
2004 / 09,Queens,13,909.6,695.4,,4
2004 / 09,Queens,14,432.7,259.5,,4
2004 / 09,Staten Island,1,1149.3,586.3,,5
2004 / 09,Staten Island,2,935.9,493.7,,5
2004 / 09,Staten Island,3,1309.9,680.3,,5
2004 / 08,Bronx,1,231.6,94.6,,2
2004 / 08,Bronx,2,82.5,85.2,,2
2004 / 08,Bronx,3,48,69.1,,2
2004 / 08,Bronx,4,150.4,232.4,,2
2004 / 08,Bronx,5,176.2,350.1,,2
2004 / 08,Bronx,6,244.7,142.4,,2
2004 / 08,Bronx,7,248.8,364.2,,2
2004 / 08,Bronx,8,383.3,295.4,,2
2004 / 08,Bronx,9,204.8,274.7,,2
2004 / 08,Bronx,10,432.2,275.9,,2
2004 / 08,Bronx,11,378.1,317.8,,2
2004 / 08,Bronx,12,432.2,512.3,,2
2004 / 08,Brooklyn,1,387.4,355.3,,3
2004 / 08,Brooklyn,2,453.3,224.5,,3
2004 / 08,Brooklyn,3,224.2,260.3,,3
2004 / 08,Brooklyn,4,301.9,286.2,,3
2004 / 08,Brooklyn,5,306,428.2,,3
2004 / 08,Brooklyn,6,644.9,327.4,,3
2004 / 08,Brooklyn,7,496.6,443.7,,3
2004 / 08,Brooklyn,8,262.8,268.8,,3
2004 / 08,Brooklyn,9,221.8,206,,3
2004 / 08,Brooklyn,10,687.9,402.5,,3
2004 / 08,Brooklyn,11,801.3,514.4,,3
2004 / 08,Brooklyn,12,625.4,394.7,,3
2004 / 08,Brooklyn,13,343.6,200.2,,3
2004 / 08,Brooklyn,14,508.4,397.1,,3
2004 / 08,Brooklyn,15,808.3,458.8,,3
2004 / 08,Brooklyn,16,155,110.1,,3
2004 / 08,Brooklyn,17,399.5,435.6,,3
2004 / 08,Brooklyn,18,827.1,583.2,,3
2004 / 08,Manhattan,1,292.6,131.4,,1
2004 / 08,Manhattan,2,551.6,252.1,,1
2004 / 08,Manhattan,3,378,247.4,,1
2004 / 08,Manhattan,4,929.7,251.6,,1
2004 / 08,Manhattan,5,271.1,110.4,,1
2004 / 08,Manhattan,6,1294,376.4,,1
2004 / 08,Manhattan,7,1306.9,597.1,,1
2004 / 08,Manhattan,8,1424.7,577.9,,1
2004 / 08,Manhattan,9,244.9,170.1,,1
2004 / 08,Manhattan,10,165.3,150.6,,1
2004 / 08,Manhattan,11,155.9,135.9,,1
2004 / 08,Manhattan,12,383.9,473.1,,1
2004 / 08,Queens,1,807.1,498.9,,4
2004 / 08,Queens,2,676.8,339.8,,4
2004 / 08,Queens,3,449.6,432.7,,4
2004 / 08,Queens,4,462.2,350.1,,4
2004 / 08,Queens,5,908.8,599.3,,4
2004 / 08,Queens,6,569.7,309.5,,4
2004 / 08,Queens,7,1231.9,645.7,,4
2004 / 08,Queens,8,644.2,341.7,,4
2004 / 08,Queens,9,583.7,441.1,,4
2004 / 08,Queens,10,577.7,481.9,,4
2004 / 08,Queens,11,853.6,434.7,,4
2004 / 08,Queens,12,663.6,667.4,,4
2004 / 08,Queens,13,887.2,725.6,,4
2004 / 08,Queens,14,407.5,249.1,,4
2004 / 08,Staten Island,1,1037.7,565.7,,5
2004 / 08,Staten Island,2,846.7,490.9,,5
2004 / 08,Staten Island,3,1194.6,656.8,,5
2004 / 07,Bronx,1,253.2,101.5,,2
2004 / 07,Bronx,2,106.4,100,,2
2004 / 07,Bronx,3,56.7,80.8,,2
2004 / 07,Bronx,4,159.3,238.5,,2
2004 / 07,Bronx,5,203.9,356.3,,2
2004 / 07,Bronx,6,263.3,153.1,,2
2004 / 07,Bronx,7,259.9,379.8,,2
2004 / 07,Bronx,8,433.8,300.9,,2
2004 / 07,Bronx,9,241.9,296.2,,2
2004 / 07,Bronx,10,485,332.1,,2
2004 / 07,Bronx,11,411.7,355.4,,2
2004 / 07,Bronx,12,475.3,557.5,,2
2004 / 07,Brooklyn,1,410.1,381.2,,3
2004 / 07,Brooklyn,2,473.8,252.3,,3
2004 / 07,Brooklyn,3,244.9,293.9,,3
2004 / 07,Brooklyn,4,338,321.2,,3
2004 / 07,Brooklyn,5,326.3,464,,3
2004 / 07,Brooklyn,6,736.4,365.4,,3
2004 / 07,Brooklyn,7,529.5,472.1,,3
2004 / 07,Brooklyn,8,259,258.9,,3
2004 / 07,Brooklyn,9,258.4,234.2,,3
2004 / 07,Brooklyn,10,732,417.2,,3
2004 / 07,Brooklyn,11,872.5,577.4,,3
2004 / 07,Brooklyn,12,657.3,435.9,,3
2004 / 07,Brooklyn,13,375.4,220.4,,3
2004 / 07,Brooklyn,14,498.9,406.8,,3
2004 / 07,Brooklyn,15,834.5,502.3,,3
2004 / 07,Brooklyn,16,185.3,127.9,,3
2004 / 07,Brooklyn,17,414.9,475.7,,3
2004 / 07,Brooklyn,18,886.4,675.1,,3
2004 / 07,Manhattan,1,355,156.1,,1
2004 / 07,Manhattan,2,599.1,288.5,,1
2004 / 07,Manhattan,3,456.6,284.9,,1
2004 / 07,Manhattan,4,1001.6,307.2,,1
2004 / 07,Manhattan,5,319.6,138.7,,1
2004 / 07,Manhattan,6,1478.1,464.5,,1
2004 / 07,Manhattan,7,1422.7,652.2,,1
2004 / 07,Manhattan,8,1589.7,645.9,,1
2004 / 07,Manhattan,9,291.1,202.3,,1
2004 / 07,Manhattan,10,196.6,180.4,,1
2004 / 07,Manhattan,11,182.9,171,,1
2004 / 07,Manhattan,12,498.8,602.6,,1
2004 / 07,Queens,1,767.6,528.6,,4
2004 / 07,Queens,2,709.6,362.7,,4
2004 / 07,Queens,3,520.3,492.3,,4
2004 / 07,Queens,4,480.4,389.6,,4
2004 / 07,Queens,5,973,667.4,,4
2004 / 07,Queens,6,609.6,354.2,,4
2004 / 07,Queens,7,1256.9,680.4,,4
2004 / 07,Queens,8,640.7,383.9,,4
2004 / 07,Queens,9,577,484.2,,4
2004 / 07,Queens,10,590.8,518.8,,4
2004 / 07,Queens,11,870.4,472.1,,4
2004 / 07,Queens,12,674.2,731.5,,4
2004 / 07,Queens,13,922.7,797.8,,4
2004 / 07,Queens,14,424.7,310.2,,4
2004 / 07,Staten Island,1,1154.8,638.1,,5
2004 / 07,Staten Island,2,929.2,533.7,,5
2004 / 07,Staten Island,3,1348,766.8,,5
2004 / 06,Bronx,1,288.4,88.3,,2
2004 / 06,Bronx,2,79,90.1,,2
2004 / 06,Bronx,3,100.8,91.2,,2
2004 / 06,Bronx,4,196.1,243.8,,2
2004 / 06,Bronx,5,230,306.1,,2
2004 / 06,Bronx,6,304.3,149.9,,2
2004 / 06,Bronx,7,279.7,374.9,,2
2004 / 06,Bronx,8,424.8,300.3,,2
2004 / 06,Bronx,9,251,298.2,,2
2004 / 06,Bronx,10,464.4,316.5,,2
2004 / 06,Bronx,11,412.4,331.7,,2
2004 / 06,Bronx,12,482.6,541.4,,2
2004 / 06,Brooklyn,1,443.1,363.6,,3
2004 / 06,Brooklyn,2,503.5,246.6,,3
2004 / 06,Brooklyn,3,270.9,256.6,,3
2004 / 06,Brooklyn,4,350.3,308.1,,3
2004 / 06,Brooklyn,5,354.9,459.5,,3
2004 / 06,Brooklyn,6,726.9,339.8,,3
2004 / 06,Brooklyn,7,520,459.8,,3
2004 / 06,Brooklyn,8,283.4,256.2,,3
2004 / 06,Brooklyn,9,251.2,217.2,,3
2004 / 06,Brooklyn,10,747,428.1,,3
2004 / 06,Brooklyn,11,874.3,559.5,,3
2004 / 06,Brooklyn,12,728.3,466.6,,3
2004 / 06,Brooklyn,13,415.9,208.7,,3
2004 / 06,Brooklyn,14,571.2,417.1,,3
2004 / 06,Brooklyn,15,891.3,513,,3
2004 / 06,Brooklyn,16,190.9,112.7,,3
2004 / 06,Brooklyn,17,427.6,424.3,,3
2004 / 06,Brooklyn,18,905.6,648.3,,3
2004 / 06,Manhattan,1,332.7,136.8,,1
2004 / 06,Manhattan,2,687.5,272.7,,1
2004 / 06,Manhattan,3,454.4,240.9,,1
2004 / 06,Manhattan,4,1030.5,258,,1
2004 / 06,Manhattan,5,282.3,116.4,,1
2004 / 06,Manhattan,6,1505.2,408.9,,1
2004 / 06,Manhattan,7,1487.3,648.4,,1
2004 / 06,Manhattan,8,1768.6,643.8,,1
2004 / 06,Manhattan,9,295.6,187.7,,1
2004 / 06,Manhattan,10,216.1,149.7,,1
2004 / 06,Manhattan,11,160.7,131.7,,1
2004 / 06,Manhattan,12,520.1,513.5,,1
2004 / 06,Queens,1,785,529.1,,4
2004 / 06,Queens,2,774.6,339.2,,4
2004 / 06,Queens,3,456.2,440.7,,4
2004 / 06,Queens,4,456.7,360,,4
2004 / 06,Queens,5,1040.3,654.9,,4
2004 / 06,Queens,6,599.3,331.3,,4
2004 / 06,Queens,7,1250.5,675.1,,4
2004 / 06,Queens,8,672.4,382.2,,4
2004 / 06,Queens,9,610.8,488.7,,4
2004 / 06,Queens,10,610.1,509.9,,4
2004 / 06,Queens,11,937.4,485.4,,4
2004 / 06,Queens,12,674,687.8,,4
2004 / 06,Queens,13,907.4,753,,4
2004 / 06,Queens,14,408,264.9,,4
2004 / 06,Staten Island,1,1135.6,599.9,,5
2004 / 06,Staten Island,2,922.4,531.3,,5
2004 / 06,Staten Island,3,1292.7,718.3,,5
2004 / 05,Bronx,1,265,89,,2
2004 / 05,Bronx,2,73,91.3,,2
2004 / 05,Bronx,3,78.1,82.6,,2
2004 / 05,Bronx,4,177.1,238.7,,2
2004 / 05,Bronx,5,207.3,281,,2
2004 / 05,Bronx,6,263.6,144.2,,2
2004 / 05,Bronx,7,237.2,342.6,,2
2004 / 05,Bronx,8,405.8,266.6,,2
2004 / 05,Bronx,9,242.8,282.8,,2
2004 / 05,Bronx,10,456.9,314.4,,2
2004 / 05,Bronx,11,391.3,322.3,,2
2004 / 05,Bronx,12,433.9,498.9,,2
2004 / 05,Brooklyn,1,436.3,339.7,,3
2004 / 05,Brooklyn,2,458.2,255.2,,3
2004 / 05,Brooklyn,3,251.4,230.8,,3
2004 / 05,Brooklyn,4,334.2,264.3,,3
2004 / 05,Brooklyn,5,317.8,378.8,,3
2004 / 05,Brooklyn,6,732.8,302.9,,3
2004 / 05,Brooklyn,7,547.3,411.2,,3
2004 / 05,Brooklyn,8,255.7,216.1,,3
2004 / 05,Brooklyn,9,237.4,199.5,,3
2004 / 05,Brooklyn,10,703.5,379.5,,3
2004 / 05,Brooklyn,11,853.3,512.3,,3
2004 / 05,Brooklyn,12,720.8,429.7,,3
2004 / 05,Brooklyn,13,367.8,180.3,,3
2004 / 05,Brooklyn,14,535.4,379,,3
2004 / 05,Brooklyn,15,841.1,469.3,,3
2004 / 05,Brooklyn,16,180.3,102.9,,3
2004 / 05,Brooklyn,17,394.3,375.4,,3
2004 / 05,Brooklyn,18,864.2,600.6,,3
2004 / 05,Manhattan,1,405.2,169.9,,1
2004 / 05,Manhattan,2,668.9,267,,1
2004 / 05,Manhattan,3,443,240.6,,1
2004 / 05,Manhattan,4,928.9,250.3,,1
2004 / 05,Manhattan,5,315.7,115.8,,1
2004 / 05,Manhattan,6,1492.6,394.3,,1
2004 / 05,Manhattan,7,1520.6,622.8,,1
2004 / 05,Manhattan,8,1757.3,638.3,,1
2004 / 05,Manhattan,9,298.9,195.5,,1
2004 / 05,Manhattan,10,177.3,156.9,,1
2004 / 05,Manhattan,11,160.5,148,,1
2004 / 05,Manhattan,12,468.8,532.3,,1
2004 / 05,Queens,1,742.2,487.5,,4
2004 / 05,Queens,2,712.8,329.8,,4
2004 / 05,Queens,3,461.9,414.6,,4
2004 / 05,Queens,4,426.6,326.5,,4
2004 / 05,Queens,5,934.5,613.3,,4
2004 / 05,Queens,6,585.3,308.1,,4
2004 / 05,Queens,7,1222.7,617.2,,4
2004 / 05,Queens,8,624.1,340.1,,4
2004 / 05,Queens,9,562.5,443.9,,4
2004 / 05,Queens,10,564.7,458,,4
2004 / 05,Queens,11,882.4,424.4,,4
2004 / 05,Queens,12,640.7,636.9,,4
2004 / 05,Queens,13,872.5,694.1,,4
2004 / 05,Queens,14,403.4,248.2,,4
2004 / 05,Staten Island,1,1074.1,548.5,,5
2004 / 05,Staten Island,2,862.1,465.4,,5
2004 / 05,Staten Island,3,1258.8,658.7,,5
2004 / 04,Bronx,1,261.5,97.4,,2
2004 / 04,Bronx,2,83.5,101.6,,2
2004 / 04,Bronx,3,67.6,69.7,,2
2004 / 04,Bronx,4,159.2,220,,2
2004 / 04,Bronx,5,177.8,265.3,,2
2004 / 04,Bronx,6,265,138.7,,2
2004 / 04,Bronx,7,248.4,341.2,,2
2004 / 04,Bronx,8,443.5,263,,2
2004 / 04,Bronx,9,233.5,257.7,,2
2004 / 04,Bronx,10,510,323.7,,2
2004 / 04,Bronx,11,399.5,309.5,,2
2004 / 04,Bronx,12,471.7,467.7,,2
2004 / 04,Brooklyn,1,508.4,337.1,,3
2004 / 04,Brooklyn,2,293.6,201.3,,3
2004 / 04,Brooklyn,3,252.7,207.7,,3
2004 / 04,Brooklyn,4,341.5,239,,3
2004 / 04,Brooklyn,5,326.2,334.4,,3
2004 / 04,Brooklyn,6,569.7,289.6,,3
2004 / 04,Brooklyn,7,364.6,403.1,,3
2004 / 04,Brooklyn,8,292,209.5,,3
2004 / 04,Brooklyn,9,279.4,195.2,,3
2004 / 04,Brooklyn,10,445.4,365.7,,3
2004 / 04,Brooklyn,11,644.8,506.7,,3
2004 / 04,Brooklyn,12,562,445.2,,3
2004 / 04,Brooklyn,13,331.2,197,,3
2004 / 04,Brooklyn,14,566.5,383,,3
2004 / 04,Brooklyn,15,948.3,468.1,,3
2004 / 04,Brooklyn,16,191.2,96.3,,3
2004 / 04,Brooklyn,17,410.2,333,,3
2004 / 04,Brooklyn,18,948.7,567.1,,3
2004 / 04,Manhattan,1,189.4,117.5,,1
2004 / 04,Manhattan,2,377.8,234.3,,1
2004 / 04,Manhattan,3,301.3,232.2,,1
2004 / 04,Manhattan,4,607.9,262.2,,1
2004 / 04,Manhattan,5,176,108.7,,1
2004 / 04,Manhattan,6,943.1,399.4,,1
2004 / 04,Manhattan,7,942.6,596.3,,1
2004 / 04,Manhattan,8,1093.3,595.8,,1
2004 / 04,Manhattan,9,173.3,192.6,,1
2004 / 04,Manhattan,10,129.4,162.4,,1
2004 / 04,Manhattan,11,100.5,131,,1
2004 / 04,Manhattan,12,280.1,530.3,,1
2004 / 04,Queens,1,788.7,452.8,,4
2004 / 04,Queens,2,756.3,317.6,,4
2004 / 04,Queens,3,528.2,415.1,,4
2004 / 04,Queens,4,488.5,337.3,,4
2004 / 04,Queens,5,1067.5,621,,4
2004 / 04,Queens,6,723,342.2,,4
2004 / 04,Queens,7,1310.3,575.2,,4
2004 / 04,Queens,8,705.8,336.6,,4
2004 / 04,Queens,9,604.6,421.3,,4
2004 / 04,Queens,10,613,441.7,,4
2004 / 04,Queens,11,970.6,411.9,,4
2004 / 04,Queens,12,711.3,629.3,,4
2004 / 04,Queens,13,966.3,664,,4
2004 / 04,Queens,14,438.6,236.5,,4
2004 / 04,Staten Island,1,676.6,550.4,,5
2004 / 04,Staten Island,2,554.4,470.3,,5
2004 / 04,Staten Island,3,787,652.7,,5
2004 / 03,Bronx,1,262.1,,,2
2004 / 03,Bronx,2,53.8,3,,2
2004 / 03,Bronx,3,54.8,,,2
2004 / 03,Bronx,4,158.7,0.9,,2
2004 / 03,Bronx,5,174.3,,,2
2004 / 03,Bronx,6,254.4,,,2
2004 / 03,Bronx,7,218,,,2
2004 / 03,Bronx,8,379.9,,,2
2004 / 03,Bronx,9,187.6,,,2
2004 / 03,Bronx,10,375.8,12.9,,2
2004 / 03,Bronx,11,361.4,2.7,,2
2004 / 03,Bronx,12,361.8,,,2
2004 / 03,Brooklyn,1,360.6,,,3
2004 / 03,Brooklyn,2,11.8,,,3
2004 / 03,Brooklyn,3,225.1,,,3
2004 / 03,Brooklyn,4,319.8,,,3
2004 / 03,Brooklyn,5,277,4.1,,3
2004 / 03,Brooklyn,6,141,,,3
2004 / 03,Brooklyn,7,12.6,6,,3
2004 / 03,Brooklyn,8,219.4,10.7,,3
2004 / 03,Brooklyn,9,223.7,,,3
2004 / 03,Brooklyn,10,38.4,1.6,,3
2004 / 03,Brooklyn,11,160.7,12.8,,3
2004 / 03,Brooklyn,12,30.2,1.4,,3
2004 / 03,Brooklyn,13,167,,,3
2004 / 03,Brooklyn,14,557.2,,,3
2004 / 03,Brooklyn,15,853.1,,,3
2004 / 03,Brooklyn,16,155,,,3
2004 / 03,Brooklyn,17,337.8,,,3
2004 / 03,Brooklyn,18,777.4,,,3
2004 / 03,Manhattan,1,,57.6,,1
2004 / 03,Manhattan,2,29,,,1
2004 / 03,Manhattan,3,188.2,,,1
2004 / 03,Manhattan,4,,,,1
2004 / 03,Manhattan,5,,,,1
2004 / 03,Manhattan,6,,8.5,,1
2004 / 03,Manhattan,7,22.5,,,1
2004 / 03,Manhattan,8,,,,1
2004 / 03,Manhattan,9,23.5,,,1
2004 / 03,Manhattan,10,34.3,,,1
2004 / 03,Manhattan,11,,4.8,,1
2004 / 03,Manhattan,12,24.4,0.7,,1
2004 / 03,Queens,1,731.5,1.7,,4
2004 / 03,Queens,2,672.7,21.5,,4
2004 / 03,Queens,3,362.9,,,4
2004 / 03,Queens,4,346.8,,,4
2004 / 03,Queens,5,922.8,,,4
2004 / 03,Queens,6,507.9,3.1,,4
2004 / 03,Queens,7,1067.1,5.8,,4
2004 / 03,Queens,8,593.7,4.8,,4
2004 / 03,Queens,9,543.2,,,4
2004 / 03,Queens,10,503.2,,,4
2004 / 03,Queens,11,809.2,39.3,,4
2004 / 03,Queens,12,534,11.5,,4
2004 / 03,Queens,13,720.2,3.6,,4
2004 / 03,Queens,14,330.2,14.9,,4
2004 / 03,Staten Island,1,,,,5
2004 / 03,Staten Island,2,12,22,,5
2004 / 03,Staten Island,3,,,,5
2004 / 02,Bronx,1,207.2,,,2
2004 / 02,Bronx,2,64.3,,,2
2004 / 02,Bronx,3,37.2,,,2
2004 / 02,Bronx,4,138.4,,,2
2004 / 02,Bronx,5,149.6,,,2
2004 / 02,Bronx,6,203.8,,,2
2004 / 02,Bronx,7,194.4,,,2
2004 / 02,Bronx,8,368.8,,,2
2004 / 02,Bronx,9,182.5,,,2
2004 / 02,Bronx,10,396.5,5.7,,2
2004 / 02,Bronx,11,317.1,5.8,,2
2004 / 02,Bronx,12,347.1,,,2
2004 / 02,Brooklyn,1,394.4,,,3
2004 / 02,Brooklyn,2,207.6,5.5,,3
2004 / 02,Brooklyn,3,201.2,,,3
2004 / 02,Brooklyn,4,287.2,2.5,,3
2004 / 02,Brooklyn,5,249.5,,,3
2004 / 02,Brooklyn,6,198.9,,,3
2004 / 02,Brooklyn,7,113.8,,,3
2004 / 02,Brooklyn,8,204.6,5.8,,3
2004 / 02,Brooklyn,9,226.6,,,3
2004 / 02,Brooklyn,10,189.6,,,3
2004 / 02,Brooklyn,11,434.5,9.1,,3
2004 / 02,Brooklyn,12,308.1,,,3
2004 / 02,Brooklyn,13,154.7,,,3
2004 / 02,Brooklyn,14,473,,,3
2004 / 02,Brooklyn,15,706.1,,,3
2004 / 02,Brooklyn,16,146.1,,,3
2004 / 02,Brooklyn,17,308.3,,,3
2004 / 02,Brooklyn,18,712.2,,,3
2004 / 02,Manhattan,1,,16.1,,1
2004 / 02,Manhattan,2,22.7,,,1
2004 / 02,Manhattan,3,155.7,,,1
2004 / 02,Manhattan,4,,,,1
2004 / 02,Manhattan,5,,,,1
2004 / 02,Manhattan,6,,,,1
2004 / 02,Manhattan,7,21.1,,,1
2004 / 02,Manhattan,8,,,,1
2004 / 02,Manhattan,9,12.2,,,1
2004 / 02,Manhattan,10,36.3,,,1
2004 / 02,Manhattan,11,,,,1
2004 / 02,Manhattan,12,14.3,,,1
2004 / 02,Queens,1,687.5,,,4
2004 / 02,Queens,2,621.2,23.3,,4
2004 / 02,Queens,3,415.5,,,4
2004 / 02,Queens,4,370,,,4
2004 / 02,Queens,5,838.8,,,4
2004 / 02,Queens,6,483.3,7.7,,4
2004 / 02,Queens,7,933.8,,,4
2004 / 02,Queens,8,508.2,13.4,,4
2004 / 02,Queens,9,484.3,,,4
2004 / 02,Queens,10,457.3,,,4
2004 / 02,Queens,11,727,30.4,,4
2004 / 02,Queens,12,509.7,,,4
2004 / 02,Queens,13,678.8,4.1,,4
2004 / 02,Queens,14,330.6,10.5,,4
2004 / 02,Staten Island,1,,2.7,,5
2004 / 02,Staten Island,2,7.4,6.5,,5
2004 / 02,Staten Island,3,,,,5
2004 / 01,Bronx,1,219.6,,,2
2004 / 01,Bronx,2,56.9,,,2
2004 / 01,Bronx,3,37.4,,,2
2004 / 01,Bronx,4,123.8,,,2
2004 / 01,Bronx,5,137.3,,,2
2004 / 01,Bronx,6,219.6,,,2
2004 / 01,Bronx,7,190.3,,,2
2004 / 01,Bronx,8,370.9,,,2
2004 / 01,Bronx,9,163.4,,,2
2004 / 01,Bronx,10,362,4.1,,2
2004 / 01,Bronx,11,317.1,,,2
2004 / 01,Bronx,12,300.3,,,2
2004 / 01,Brooklyn,1,343.6,,,3
2004 / 01,Brooklyn,2,57.6,6.4,,3
2004 / 01,Brooklyn,3,180.6,,,3
2004 / 01,Brooklyn,4,269.9,,,3
2004 / 01,Brooklyn,5,223.4,,,3
2004 / 01,Brooklyn,6,94.5,,,3
2004 / 01,Brooklyn,7,9.7,,,3
2004 / 01,Brooklyn,8,200.8,11.4,,3
2004 / 01,Brooklyn,9,187.9,,,3
2004 / 01,Brooklyn,10,26.1,,,3
2004 / 01,Brooklyn,11,132.7,1.4,,3
2004 / 01,Brooklyn,12,8.7,,,3
2004 / 01,Brooklyn,13,18.6,,,3
2004 / 01,Brooklyn,14,424.8,,,3
2004 / 01,Brooklyn,15,653.3,,,3
2004 / 01,Brooklyn,16,121.7,,,3
2004 / 01,Brooklyn,17,267.1,,,3
2004 / 01,Brooklyn,18,667.1,,,3
2004 / 01,Manhattan,1,,16,,1
2004 / 01,Manhattan,2,29.6,,,1
2004 / 01,Manhattan,3,44.9,,,1
2004 / 01,Manhattan,4,,6.1,,1
2004 / 01,Manhattan,5,,,,1
2004 / 01,Manhattan,6,,,,1
2004 / 01,Manhattan,7,19.2,,,1
2004 / 01,Manhattan,8,,,,1
2004 / 01,Manhattan,9,17,,,1
2004 / 01,Manhattan,10,51.5,5.1,,1
2004 / 01,Manhattan,11,,,,1
2004 / 01,Manhattan,12,20.5,,,1
2004 / 01,Queens,1,665.7,,,4
2004 / 01,Queens,2,578.9,20,,4
2004 / 01,Queens,3,369.7,,,4
2004 / 01,Queens,4,367.3,,,4
2004 / 01,Queens,5,863.2,,,4
2004 / 01,Queens,6,447.1,,,4
2004 / 01,Queens,7,998.4,6.9,,4
2004 / 01,Queens,8,503.8,6.3,,4
2004 / 01,Queens,9,465.4,,,4
2004 / 01,Queens,10,475.5,,,4
2004 / 01,Queens,11,643.6,25.5,,4
2004 / 01,Queens,12,448.3,,,4
2004 / 01,Queens,13,677.8,0.2,,4
2004 / 01,Queens,14,303.6,12.2,,4
2004 / 01,Staten Island,1,,,,5
2004 / 01,Staten Island,2,5.8,,,5
2004 / 01,Staten Island,3,,,,5
2003 / 12,Bronx,1,279.7,,,2
2003 / 12,Bronx,2,42.6,,,2
2003 / 12,Bronx,3,41,,,2
2003 / 12,Bronx,4,136.7,,,2
2003 / 12,Bronx,5,151.6,,,2
2003 / 12,Bronx,6,250.4,2.1,,2
2003 / 12,Bronx,7,219.4,,,2
2003 / 12,Bronx,8,383.2,,,2
2003 / 12,Bronx,9,194,,,2
2003 / 12,Bronx,10,502.1,3.7,,2
2003 / 12,Bronx,11,347.4,,,2
2003 / 12,Bronx,12,415.6,,,2
2003 / 12,Brooklyn,1,398,,,3
2003 / 12,Brooklyn,2,14.6,,,3
2003 / 12,Brooklyn,3,207.2,0,,3
2003 / 12,Brooklyn,4,296.2,3.3,,3
2003 / 12,Brooklyn,5,278.1,,,3
2003 / 12,Brooklyn,6,79.3,,,3
2003 / 12,Brooklyn,7,,,,3
2003 / 12,Brooklyn,8,283.3,1.5,,3
2003 / 12,Brooklyn,9,212.5,,,3
2003 / 12,Brooklyn,10,2.8,,,3
2003 / 12,Brooklyn,11,98.4,,,3
2003 / 12,Brooklyn,12,6.5,,,3
2003 / 12,Brooklyn,13,25.8,,,3
2003 / 12,Brooklyn,14,539.9,,,3
2003 / 12,Brooklyn,15,869.4,,,3
2003 / 12,Brooklyn,16,180.5,,,3
2003 / 12,Brooklyn,17,364.4,,,3
2003 / 12,Brooklyn,18,880,,,3
2003 / 12,Manhattan,1,,6.7,,1
2003 / 12,Manhattan,2,25.5,,,1
2003 / 12,Manhattan,3,21,,,1
2003 / 12,Manhattan,4,,,,1
2003 / 12,Manhattan,5,,,,1
2003 / 12,Manhattan,6,,2.3,,1
2003 / 12,Manhattan,7,30.5,,,1
2003 / 12,Manhattan,8,,,,1
2003 / 12,Manhattan,9,17.9,,,1
2003 / 12,Manhattan,10,17.1,,,1
2003 / 12,Manhattan,11,,,,1
2003 / 12,Manhattan,12,24.7,,,1
2003 / 12,Queens,1,733.3,,,4
2003 / 12,Queens,2,747.1,15.7,,4
2003 / 12,Queens,3,444.9,,,4
2003 / 12,Queens,4,452.3,,,4
2003 / 12,Queens,5,1048.6,,,4
2003 / 12,Queens,6,652.8,4.5,,4
2003 / 12,Queens,7,1134.2,3.5,,4
2003 / 12,Queens,8,587.8,11.2,,4
2003 / 12,Queens,9,570.9,,,4
2003 / 12,Queens,10,555.6,,,4
2003 / 12,Queens,11,806.2,,,4
2003 / 12,Queens,12,595.8,8.5,,4
2003 / 12,Queens,13,775.4,,,4
2003 / 12,Queens,14,413.2,11,,4
2003 / 12,Staten Island,1,,,,5
2003 / 12,Staten Island,2,8.9,0.8,,5
2003 / 12,Staten Island,3,,,,5
2003 / 11,Bronx,1,238.6,,,2
2003 / 11,Bronx,2,48.6,,,2
2003 / 11,Bronx,3,47.5,,,2
2003 / 11,Bronx,4,136.3,,,2
2003 / 11,Bronx,5,153,,,2
2003 / 11,Bronx,6,249,,,2
2003 / 11,Bronx,7,196.1,,,2
2003 / 11,Bronx,8,365.4,,,2
2003 / 11,Bronx,9,184.5,,,2
2003 / 11,Bronx,10,431.5,8.8,,2
2003 / 11,Bronx,11,347.6,,,2
2003 / 11,Bronx,12,373.5,,,2
2003 / 11,Brooklyn,1,349.3,,,3
2003 / 11,Brooklyn,2,20.1,5.3,,3
2003 / 11,Brooklyn,3,207.9,,,3
2003 / 11,Brooklyn,4,284.6,1.1,,3
2003 / 11,Brooklyn,5,254.5,,,3
2003 / 11,Brooklyn,6,120.3,,,3
2003 / 11,Brooklyn,7,,,,3
2003 / 11,Brooklyn,8,209,,,3
2003 / 11,Brooklyn,9,193.6,,,3
2003 / 11,Brooklyn,10,27.7,,,3
2003 / 11,Brooklyn,11,115.4,,,3
2003 / 11,Brooklyn,12,48.7,,,3
2003 / 11,Brooklyn,13,32.2,,,3
2003 / 11,Brooklyn,14,504,,,3
2003 / 11,Brooklyn,15,817,,,3
2003 / 11,Brooklyn,16,157.6,,,3
2003 / 11,Brooklyn,17,339.7,,,3
2003 / 11,Brooklyn,18,813.3,,,3
2003 / 11,Manhattan,1,,17.5,,1
2003 / 11,Manhattan,2,23.9,,,1
2003 / 11,Manhattan,3,22.5,,,1
2003 / 11,Manhattan,4,,,,1
2003 / 11,Manhattan,5,,,,1
2003 / 11,Manhattan,6,,6,,1
2003 / 11,Manhattan,7,32.5,,,1
2003 / 11,Manhattan,8,,,,1
2003 / 11,Manhattan,9,20,,,1
2003 / 11,Manhattan,10,12.9,3.7,,1
2003 / 11,Manhattan,11,,,,1
2003 / 11,Manhattan,12,24.2,,,1
2003 / 11,Queens,1,686.1,,,4
2003 / 11,Queens,2,663.7,17.5,,4
2003 / 11,Queens,3,422.7,,,4
2003 / 11,Queens,4,376.7,,,4
2003 / 11,Queens,5,917.1,,,4
2003 / 11,Queens,6,576.7,1.5,,4
2003 / 11,Queens,7,1055.3,7.1,,4
2003 / 11,Queens,8,564.7,2.5,,4
2003 / 11,Queens,9,511.3,,,4
2003 / 11,Queens,10,502.1,,,4
2003 / 11,Queens,11,705.8,,,4
2003 / 11,Queens,12,529.6,,,4
2003 / 11,Queens,13,714.1,4.7,,4
2003 / 11,Queens,14,377.4,23.9,,4
2003 / 11,Staten Island,1,,,,5
2003 / 11,Staten Island,2,8.1,,,5
2003 / 11,Staten Island,3,,,,5
2003 / 10,Bronx,1,251.5,,,2
2003 / 10,Bronx,2,41.8,,,2
2003 / 10,Bronx,3,70.7,,,2
2003 / 10,Bronx,4,127.7,,,2
2003 / 10,Bronx,5,141.1,,,2
2003 / 10,Bronx,6,282.6,2.4,,2
2003 / 10,Bronx,7,180.9,,,2
2003 / 10,Bronx,8,413,,,2
2003 / 10,Bronx,9,198.7,,,2
2003 / 10,Bronx,10,447.2,13.7,,2
2003 / 10,Bronx,11,384.4,,,2
2003 / 10,Bronx,12,383.6,,,2
2003 / 10,Brooklyn,1,406.8,,,3
2003 / 10,Brooklyn,2,423,8.6,,3
2003 / 10,Brooklyn,3,229.4,,,3
2003 / 10,Brooklyn,4,343.3,,,3
2003 / 10,Brooklyn,5,264.5,,,3
2003 / 10,Brooklyn,6,30.3,,,3
2003 / 10,Brooklyn,7,,,,3
2003 / 10,Brooklyn,8,242.5,2,,3
2003 / 10,Brooklyn,9,264.3,,,3
2003 / 10,Brooklyn,10,747.5,,,3
2003 / 10,Brooklyn,11,813.5,,,3
2003 / 10,Brooklyn,12,659.5,,,3
2003 / 10,Brooklyn,13,377.4,,,3
2003 / 10,Brooklyn,14,488,,,3
2003 / 10,Brooklyn,15,864.3,,,3
2003 / 10,Brooklyn,16,165.7,,,3
2003 / 10,Brooklyn,17,357.2,,,3
2003 / 10,Brooklyn,18,830,,,3
2003 / 10,Manhattan,1,,23.1,,1
2003 / 10,Manhattan,2,29.8,,,1
2003 / 10,Manhattan,3,28.1,,,1
2003 / 10,Manhattan,4,,,,1
2003 / 10,Manhattan,5,,,,1
2003 / 10,Manhattan,6,,20.3,,1
2003 / 10,Manhattan,7,33.5,,,1
2003 / 10,Manhattan,8,,1.4,,1
2003 / 10,Manhattan,9,25.5,,,1
2003 / 10,Manhattan,10,17,7.5,,1
2003 / 10,Manhattan,11,,7.2,,1
2003 / 10,Manhattan,12,27.7,,,1
2003 / 10,Queens,1,717.4,,,4
2003 / 10,Queens,2,708.1,7.3,,4
2003 / 10,Queens,3,442.1,,,4
2003 / 10,Queens,4,383.7,,,4
2003 / 10,Queens,5,982.1,,,4
2003 / 10,Queens,6,605,7,,4
2003 / 10,Queens,7,1099.9,4.6,,4
2003 / 10,Queens,8,607.4,14.8,,4
2003 / 10,Queens,9,536.5,,,4
2003 / 10,Queens,10,526.6,,,4
2003 / 10,Queens,11,773.4,,,4
2003 / 10,Queens,12,554.9,,,4
2003 / 10,Queens,13,775,4.3,,4
2003 / 10,Queens,14,378.8,24.6,,4
2003 / 10,Staten Island,1,,,,5
2003 / 10,Staten Island,2,9.5,,,5
2003 / 10,Staten Island,3,,,,5
2003 / 09,Bronx,1,254.9,,,2
2003 / 09,Bronx,2,49.1,,,2
2003 / 09,Bronx,3,59.3,,,2
2003 / 09,Bronx,4,157.5,,,2
2003 / 09,Bronx,5,189.1,,,2
2003 / 09,Bronx,6,289.6,5.7,,2
2003 / 09,Bronx,7,236,,,2
2003 / 09,Bronx,8,409.1,,,2
2003 / 09,Bronx,9,186.1,,,2
2003 / 09,Bronx,10,400.4,12.2,,2
2003 / 09,Bronx,11,402.6,2.9,,2
2003 / 09,Bronx,12,373.7,,,2
2003 / 09,Brooklyn,1,377.5,,,3
2003 / 09,Brooklyn,2,459,,,3
2003 / 09,Brooklyn,3,230.1,,,3
2003 / 09,Brooklyn,4,327.4,,,3
2003 / 09,Brooklyn,5,301.5,,,3
2003 / 09,Brooklyn,6,71.4,,,3
2003 / 09,Brooklyn,7,,,,3
2003 / 09,Brooklyn,8,203.4,,,3
2003 / 09,Brooklyn,9,219.4,,,3
2003 / 09,Brooklyn,10,742.3,,,3
2003 / 09,Brooklyn,11,760.1,,,3
2003 / 09,Brooklyn,12,740.7,,,3
2003 / 09,Brooklyn,13,357.9,,,3
2003 / 09,Brooklyn,14,554.8,,,3
2003 / 09,Brooklyn,15,806.6,,,3
2003 / 09,Brooklyn,16,174.3,,,3
2003 / 09,Brooklyn,17,358.2,,,3
2003 / 09,Brooklyn,18,823.2,4.3,,3
2003 / 09,Manhattan,1,,20.3,,1
2003 / 09,Manhattan,2,28.4,,,1
2003 / 09,Manhattan,3,31.7,1,,1
2003 / 09,Manhattan,4,,,,1
2003 / 09,Manhattan,5,,,,1
2003 / 09,Manhattan,6,,,,1
2003 / 09,Manhattan,7,31.9,,,1
2003 / 09,Manhattan,8,,,,1
2003 / 09,Manhattan,9,26.9,,,1
2003 / 09,Manhattan,10,20.8,18.3,,1
2003 / 09,Manhattan,11,6.1,,,1
2003 / 09,Manhattan,12,30.1,,,1
2003 / 09,Queens,1,796.1,,,4
2003 / 09,Queens,2,730.4,16.8,,4
2003 / 09,Queens,3,420.4,,,4
2003 / 09,Queens,4,414.7,,,4
2003 / 09,Queens,5,977.8,,,4
2003 / 09,Queens,6,540.6,5.2,,4
2003 / 09,Queens,7,1113.2,9.9,,4
2003 / 09,Queens,8,644.6,11.3,,4
2003 / 09,Queens,9,578.8,,,4
2003 / 09,Queens,10,550.9,,,4
2003 / 09,Queens,11,751.8,,,4
2003 / 09,Queens,12,536.4,6.6,,4
2003 / 09,Queens,13,781.2,,,4
2003 / 09,Queens,14,368.2,9.8,,4
2003 / 09,Staten Island,1,0.2,1.4,,5
2003 / 09,Staten Island,2,8.1,,,5
2003 / 09,Staten Island,3,,1.9,,5
2003 / 08,Bronx,1,194.6,,,2
2003 / 08,Bronx,2,27.1,,,2
2003 / 08,Bronx,3,40.4,,,2
2003 / 08,Bronx,4,106.7,,,2
2003 / 08,Bronx,5,153,,,2
2003 / 08,Bronx,6,214.9,,,2
2003 / 08,Bronx,7,210.8,,,2
2003 / 08,Bronx,8,359.4,,,2
2003 / 08,Bronx,9,168.6,,,2
2003 / 08,Bronx,10,364.5,5.2,,2
2003 / 08,Bronx,11,314.2,,,2
2003 / 08,Bronx,12,371.4,,,2
2003 / 08,Brooklyn,1,347,,,3
2003 / 08,Brooklyn,2,378.5,,,3
2003 / 08,Brooklyn,3,163.8,,,3
2003 / 08,Brooklyn,4,263.5,4.8,,3
2003 / 08,Brooklyn,5,244.7,,,3
2003 / 08,Brooklyn,6,82.6,,,3
2003 / 08,Brooklyn,7,8,,,3
2003 / 08,Brooklyn,8,198.1,,,3
2003 / 08,Brooklyn,9,203.7,,,3
2003 / 08,Brooklyn,10,616.8,,,3
2003 / 08,Brooklyn,11,700.7,,,3
2003 / 08,Brooklyn,12,525.2,,,3
2003 / 08,Brooklyn,13,298.5,,,3
2003 / 08,Brooklyn,14,420.5,,,3
2003 / 08,Brooklyn,15,691.9,,,3
2003 / 08,Brooklyn,16,145.1,,,3
2003 / 08,Brooklyn,17,305.5,,,3
2003 / 08,Brooklyn,18,724.6,,,3
2003 / 08,Manhattan,1,,5.8,,1
2003 / 08,Manhattan,2,,,,1
2003 / 08,Manhattan,3,26.9,0.4,,1
2003 / 08,Manhattan,4,,,,1
2003 / 08,Manhattan,5,,,,1
2003 / 08,Manhattan,6,,17.9,,1
2003 / 08,Manhattan,7,,,,1
2003 / 08,Manhattan,8,,,,1
2003 / 08,Manhattan,9,16.6,,,1
2003 / 08,Manhattan,10,15.3,8,,1
2003 / 08,Manhattan,11,1.3,,,1
2003 / 08,Manhattan,12,,,,1
2003 / 08,Queens,1,676.1,,,4
2003 / 08,Queens,2,594.5,20.1,,4
2003 / 08,Queens,3,399.7,,,4
2003 / 08,Queens,4,369.8,,,4
2003 / 08,Queens,5,792.2,,,4
2003 / 08,Queens,6,484.6,1.1,,4
2003 / 08,Queens,7,1052.1,3.2,,4
2003 / 08,Queens,8,556.5,10.3,,4
2003 / 08,Queens,9,483.4,,,4
2003 / 08,Queens,10,487.9,,,4
2003 / 08,Queens,11,668.1,,,4
2003 / 08,Queens,12,517.8,9,,4
2003 / 08,Queens,13,732.9,1.4,,4
2003 / 08,Queens,14,340.8,19.2,,4
2003 / 08,Staten Island,1,,,,5
2003 / 08,Staten Island,2,3.2,,,5
2003 / 08,Staten Island,3,,,,5
2003 / 07,Bronx,1,224.8,,,2
2003 / 07,Bronx,2,57.8,,,2
2003 / 07,Bronx,3,45.4,,,2
2003 / 07,Bronx,4,117.5,,,2
2003 / 07,Bronx,5,146.8,,,2
2003 / 07,Bronx,6,248.4,,,2
2003 / 07,Bronx,7,189.4,,,2
2003 / 07,Bronx,8,314.6,,,2
2003 / 07,Bronx,9,172.6,,,2
2003 / 07,Bronx,10,385.9,11.6,,2
2003 / 07,Bronx,11,298.7,,,2
2003 / 07,Bronx,12,358.3,,,2
2003 / 07,Brooklyn,1,335.5,,,3
2003 / 07,Brooklyn,2,375.1,,,3
2003 / 07,Brooklyn,3,167.2,2.8,,3
2003 / 07,Brooklyn,4,259.7,,,3
2003 / 07,Brooklyn,5,242.7,,,3
2003 / 07,Brooklyn,6,141.8,,,3
2003 / 07,Brooklyn,7,4.4,,,3
2003 / 07,Brooklyn,8,201.7,,,3
2003 / 07,Brooklyn,9,184.6,,,3
2003 / 07,Brooklyn,10,605.2,,,3
2003 / 07,Brooklyn,11,698.4,1,,3
2003 / 07,Brooklyn,12,509.1,,,3
2003 / 07,Brooklyn,13,311.8,,,3
2003 / 07,Brooklyn,14,403.8,,,3
2003 / 07,Brooklyn,15,698.8,,,3
2003 / 07,Brooklyn,16,173,,,3
2003 / 07,Brooklyn,17,304.8,,,3
2003 / 07,Brooklyn,18,741.2,,,3
2003 / 07,Manhattan,1,,30.5,,1
2003 / 07,Manhattan,2,,,,1
2003 / 07,Manhattan,3,30.4,,,1
2003 / 07,Manhattan,4,,,,1
2003 / 07,Manhattan,5,,,,1
2003 / 07,Manhattan,6,,11.3,,1
2003 / 07,Manhattan,7,,,,1
2003 / 07,Manhattan,8,,,,1
2003 / 07,Manhattan,9,15.4,,,1
2003 / 07,Manhattan,10,4.2,5.7,,1
2003 / 07,Manhattan,11,4.6,,,1
2003 / 07,Manhattan,12,,,,1
2003 / 07,Queens,1,606.4,1.3,,4
2003 / 07,Queens,2,609.7,16.2,,4
2003 / 07,Queens,3,384.4,,,4
2003 / 07,Queens,4,383.8,,,4
2003 / 07,Queens,5,789.1,,,4
2003 / 07,Queens,6,489.3,6.9,,4
2003 / 07,Queens,7,953,9.4,,4
2003 / 07,Queens,8,543.6,19.4,,4
2003 / 07,Queens,9,480.4,,,4
2003 / 07,Queens,10,484.9,,,4
2003 / 07,Queens,11,647.6,,,4
2003 / 07,Queens,12,525.2,6.1,,4
2003 / 07,Queens,13,700.5,5.3,,4
2003 / 07,Queens,14,367.1,20,,4
2003 / 07,Staten Island,1,,5.2,,5
2003 / 07,Staten Island,2,3.7,,,5
2003 / 07,Staten Island,3,,,,5
2003 / 06,Bronx,1,276.7,40.2,,2
2003 / 06,Bronx,2,52,37.2,,2
2003 / 06,Bronx,3,47,38.5,,2
2003 / 06,Bronx,4,181.4,124.7,,2
2003 / 06,Bronx,5,175.8,132.2,,2
2003 / 06,Bronx,6,289.1,53.7,,2
2003 / 06,Bronx,7,224.3,145,,2
2003 / 06,Bronx,8,407.5,91.9,,2
2003 / 06,Bronx,9,207.9,108,,2
2003 / 06,Bronx,10,446.7,120.5,,2
2003 / 06,Bronx,11,375.2,113,,2
2003 / 06,Bronx,12,394.1,148.1,,2
2003 / 06,Brooklyn,1,389.4,103,,3
2003 / 06,Brooklyn,2,472.2,57.8,,3
2003 / 06,Brooklyn,3,212.8,116,,3
2003 / 06,Brooklyn,4,296.6,106.4,,3
2003 / 06,Brooklyn,5,276.3,149.2,,3
2003 / 06,Brooklyn,6,111.6,79.1,,3
2003 / 06,Brooklyn,7,35.4,150.5,,3
2003 / 06,Brooklyn,8,218.2,89.6,,3
2003 / 06,Brooklyn,9,210,89.3,,3
2003 / 06,Brooklyn,10,718.5,149.7,,3
2003 / 06,Brooklyn,11,803.7,205.6,,3
2003 / 06,Brooklyn,12,709.6,156.6,,3
2003 / 06,Brooklyn,13,351.2,72.2,,3
2003 / 06,Brooklyn,14,523.5,166.8,,3
2003 / 06,Brooklyn,15,854.6,189.8,,3
2003 / 06,Brooklyn,16,180.9,40.9,,3
2003 / 06,Brooklyn,17,332.1,108.4,,3
2003 / 06,Brooklyn,18,833.8,228.1,,3
2003 / 06,Manhattan,1,,52.1,,1
2003 / 06,Manhattan,2,34.2,46.3,,1
2003 / 06,Manhattan,3,35.7,72.4,,1
2003 / 06,Manhattan,4,23.2,68.4,,1
2003 / 06,Manhattan,5,,28.6,,1
2003 / 06,Manhattan,6,,77.8,,1
2003 / 06,Manhattan,7,,158.5,,1
2003 / 06,Manhattan,8,7,121.1,,1
2003 / 06,Manhattan,9,32.6,78.3,,1
2003 / 06,Manhattan,10,,72.4,,1
2003 / 06,Manhattan,11,10.4,50.5,,1
2003 / 06,Manhattan,12,29.3,202.3,,1
2003 / 06,Queens,1,735.4,163.2,,4
2003 / 06,Queens,2,676.3,146.3,,4
2003 / 06,Queens,3,410,118.2,,4
2003 / 06,Queens,4,425.2,121.6,,4
2003 / 06,Queens,5,944.6,250.4,,4
2003 / 06,Queens,6,539.9,117.3,,4
2003 / 06,Queens,7,1098.7,207.7,,4
2003 / 06,Queens,8,645,127.3,,4
2003 / 06,Queens,9,552.1,187.8,,4
2003 / 06,Queens,10,552.2,177.1,,4
2003 / 06,Queens,11,767.2,141.1,,4
2003 / 06,Queens,12,545.5,226.8,,4
2003 / 06,Queens,13,779.7,262.1,,4
2003 / 06,Queens,14,391.8,118.3,,4
2003 / 06,Staten Island,1,,200.8,,5
2003 / 06,Staten Island,2,9.5,185.5,,5
2003 / 06,Staten Island,3,,238.8,,5
2003 / 05,Bronx,1,250.2,42.7,,2
2003 / 05,Bronx,2,60,53.1,,2
2003 / 05,Bronx,3,46.8,40.1,,2
2003 / 05,Bronx,4,164.5,122.5,,2
2003 / 05,Bronx,5,154.2,135.5,,2
2003 / 05,Bronx,6,265,60,,2
2003 / 05,Bronx,7,193.7,150.5,,2
2003 / 05,Bronx,8,394.9,98.9,,2
2003 / 05,Bronx,9,198.7,117,,2
2003 / 05,Bronx,10,431,128.9,,2
2003 / 05,Bronx,11,341.5,121,,2
2003 / 05,Bronx,12,353.6,161.7,,2
2003 / 05,Brooklyn,1,395.3,120.2,,3
2003 / 05,Brooklyn,2,556.9,67.6,,3
2003 / 05,Brooklyn,3,208.6,106.3,,3
2003 / 05,Brooklyn,4,289.9,111.7,,3
2003 / 05,Brooklyn,5,244,149.6,,3
2003 / 05,Brooklyn,6,139.1,77.4,,3
2003 / 05,Brooklyn,7,,151.4,,3
2003 / 05,Brooklyn,8,189.4,81.9,,3
2003 / 05,Brooklyn,9,227.6,99.6,,3
2003 / 05,Brooklyn,10,666.3,151.2,,3
2003 / 05,Brooklyn,11,706.4,196.8,,3
2003 / 05,Brooklyn,12,682.3,154.8,,3
2003 / 05,Brooklyn,13,328.2,72.8,,3
2003 / 05,Brooklyn,14,461,146.7,,3
2003 / 05,Brooklyn,15,784.9,188.6,,3
2003 / 05,Brooklyn,16,178.3,49.1,,3
2003 / 05,Brooklyn,17,315.1,122.6,,3
2003 / 05,Brooklyn,18,779.1,216,,3
2003 / 05,Manhattan,1,,46.6,,1
2003 / 05,Manhattan,2,19.3,51,,1
2003 / 05,Manhattan,3,19.9,85.6,,1
2003 / 05,Manhattan,4,18.9,86.7,,1
2003 / 05,Manhattan,5,,36.2,,1
2003 / 05,Manhattan,6,,104.2,,1
2003 / 05,Manhattan,7,,147.4,,1
2003 / 05,Manhattan,8,66.6,129.4,,1
2003 / 05,Manhattan,9,17,95.7,,1
2003 / 05,Manhattan,10,8.6,77.3,,1
2003 / 05,Manhattan,11,12.2,52.6,,1
2003 / 05,Manhattan,12,43.8,225.7,,1
2003 / 05,Queens,1,613,155.4,,4
2003 / 05,Queens,2,646.3,136,,4
2003 / 05,Queens,3,451.1,141.9,,4
2003 / 05,Queens,4,406,146.5,,4
2003 / 05,Queens,5,868,248.7,,4
2003 / 05,Queens,6,531.2,115.9,,4
2003 / 05,Queens,7,1049.3,201.3,,4
2003 / 05,Queens,8,573.5,122.4,,4
2003 / 05,Queens,9,473.3,189.6,,4
2003 / 05,Queens,10,476.1,172.1,,4
2003 / 05,Queens,11,688.6,134,,4
2003 / 05,Queens,12,503.8,241.7,,4
2003 / 05,Queens,13,722.3,276.3,,4
2003 / 05,Queens,14,379.7,125.4,,4
2003 / 05,Staten Island,1,,217.6,,5
2003 / 05,Staten Island,2,9.9,184.5,,5
2003 / 05,Staten Island,3,,259.2,,5
2003 / 04,Bronx,1,229.6,45.8,,2
2003 / 04,Bronx,2,49.1,49.2,,2
2003 / 04,Bronx,3,53,44.9,,2
2003 / 04,Bronx,4,149.4,142.3,,2
2003 / 04,Bronx,5,150.7,127.7,,2
2003 / 04,Bronx,6,252.9,54.2,,2
2003 / 04,Bronx,7,198,152.6,,2
2003 / 04,Bronx,8,357.8,95.9,,2
2003 / 04,Bronx,9,177.5,96.5,,2
2003 / 04,Bronx,10,403.5,122.1,,2
2003 / 04,Bronx,11,323.8,111.5,,2
2003 / 04,Bronx,12,355.4,144.8,,2
2003 / 04,Brooklyn,1,407.2,111,,3
2003 / 04,Brooklyn,2,483.9,64,,3
2003 / 04,Brooklyn,3,190.3,102.7,,3
2003 / 04,Brooklyn,4,267.5,101.2,,3
2003 / 04,Brooklyn,5,249.1,155.3,,3
2003 / 04,Brooklyn,6,21.8,75.7,,3
2003 / 04,Brooklyn,7,0.2,141.4,,3
2003 / 04,Brooklyn,8,200.9,84.1,,3
2003 / 04,Brooklyn,9,218.4,95.8,,3
2003 / 04,Brooklyn,10,634.5,154.1,,3
2003 / 04,Brooklyn,11,668.2,193.7,,3
2003 / 04,Brooklyn,12,739.9,180.5,,3
2003 / 04,Brooklyn,13,334.8,71.7,,3
2003 / 04,Brooklyn,14,512.7,166.8,,3
2003 / 04,Brooklyn,15,799.6,187.4,,3
2003 / 04,Brooklyn,16,155.9,41.4,,3
2003 / 04,Brooklyn,17,316.5,118.2,,3
2003 / 04,Brooklyn,18,771.5,209.8,,3
2003 / 04,Manhattan,1,,47.8,,1
2003 / 04,Manhattan,2,15.6,48.3,,1
2003 / 04,Manhattan,3,14.5,75,,1
2003 / 04,Manhattan,4,15,71.4,,1
2003 / 04,Manhattan,5,,23.7,,1
2003 / 04,Manhattan,6,,85.4,,1
2003 / 04,Manhattan,7,,146.9,,1
2003 / 04,Manhattan,8,,123.5,,1
2003 / 04,Manhattan,9,12.5,78.4,,1
2003 / 04,Manhattan,10,,85.7,,1
2003 / 04,Manhattan,11,20.9,57.5,,1
2003 / 04,Manhattan,12,16.5,192.9,,1
2003 / 04,Queens,1,625.1,152.3,,4
2003 / 04,Queens,2,624.1,124.4,,4
2003 / 04,Queens,3,372,118.3,,4
2003 / 04,Queens,4,376.5,116.7,,4
2003 / 04,Queens,5,872,239.9,,4
2003 / 04,Queens,6,513.4,115.4,,4
2003 / 04,Queens,7,1004.5,185.4,,4
2003 / 04,Queens,8,563.3,118.4,,4
2003 / 04,Queens,9,488.5,165.6,,4
2003 / 04,Queens,10,479.4,165.5,,4
2003 / 04,Queens,11,709.9,132.8,,4
2003 / 04,Queens,12,502.3,229.5,,4
2003 / 04,Queens,13,708.6,239.8,,4
2003 / 04,Queens,14,361.6,104.9,,4
2003 / 04,Staten Island,1,,201.8,,5
2003 / 04,Staten Island,2,7.5,176.9,,5
2003 / 04,Staten Island,3,,233.5,,5
2003 / 03,Bronx,1,299.2,42.7,,2
2003 / 03,Bronx,2,50.9,44.1,,2
2003 / 03,Bronx,3,56.8,40,,2
2003 / 03,Bronx,4,169.5,134.8,,2
2003 / 03,Bronx,5,148.9,136.8,,2
2003 / 03,Bronx,6,270,63.1,,2
2003 / 03,Bronx,7,221.3,158.1,,2
2003 / 03,Bronx,8,362.6,95.4,,2
2003 / 03,Bronx,9,176.6,87.9,,2
2003 / 03,Bronx,10,430.4,120.1,,2
2003 / 03,Bronx,11,349.2,113.1,,2
2003 / 03,Bronx,12,365.9,138.4,,2
2003 / 03,Brooklyn,1,414.3,115.3,,3
2003 / 03,Brooklyn,2,432.9,70.9,,3
2003 / 03,Brooklyn,3,194.6,97.2,,3
2003 / 03,Brooklyn,4,294.9,110.2,,3
2003 / 03,Brooklyn,5,273,149.7,,3
2003 / 03,Brooklyn,6,25.6,80.2,,3
2003 / 03,Brooklyn,7,40.2,134.8,,3
2003 / 03,Brooklyn,8,202.9,82.4,,3
2003 / 03,Brooklyn,9,220.2,86.2,,3
2003 / 03,Brooklyn,10,624,153.2,,3
2003 / 03,Brooklyn,11,691.7,189,,3
2003 / 03,Brooklyn,12,713,152.8,,3
2003 / 03,Brooklyn,13,293.1,72.6,,3
2003 / 03,Brooklyn,14,526.7,159.4,,3
2003 / 03,Brooklyn,15,791.5,171.9,,3
2003 / 03,Brooklyn,16,185.9,43,,3
2003 / 03,Brooklyn,17,315.5,105.3,,3
2003 / 03,Brooklyn,18,762.7,182.9,,3
2003 / 03,Manhattan,1,,62.7,,1
2003 / 03,Manhattan,2,20.4,50.8,,1
2003 / 03,Manhattan,3,21.7,78.6,,1
2003 / 03,Manhattan,4,19.9,68.4,,1
2003 / 03,Manhattan,5,,33.6,,1
2003 / 03,Manhattan,6,,96.3,,1
2003 / 03,Manhattan,7,,152.5,,1
2003 / 03,Manhattan,8,,122.9,,1
2003 / 03,Manhattan,9,17.3,81.9,,1
2003 / 03,Manhattan,10,,72.8,,1
2003 / 03,Manhattan,11,7.3,68,,1
2003 / 03,Manhattan,12,20.9,211,,1
2003 / 03,Queens,1,645.8,146.5,,4
2003 / 03,Queens,2,650.2,118.7,,4
2003 / 03,Queens,3,398.8,132.1,,4
2003 / 03,Queens,4,382.2,106.5,,4
2003 / 03,Queens,5,819.9,227.5,,4
2003 / 03,Queens,6,508.4,122.3,,4
2003 / 03,Queens,7,1050.2,184.1,,4
2003 / 03,Queens,8,597.6,107.6,,4
2003 / 03,Queens,9,486.7,149.5,,4
2003 / 03,Queens,10,485.2,137.7,,4
2003 / 03,Queens,11,693.8,112.1,,4
2003 / 03,Queens,12,537.5,218.3,,4
2003 / 03,Queens,13,723.7,209.4,,4
2003 / 03,Queens,14,377.1,88.7,,4
2003 / 03,Staten Island,1,,197.9,,5
2003 / 03,Staten Island,2,9.9,179.8,,5
2003 / 03,Staten Island,3,,233.4,,5
2003 / 02,Bronx,1,196.9,29.9,,2
2003 / 02,Bronx,2,34.5,27,,2
2003 / 02,Bronx,3,31.5,17.2,,2
2003 / 02,Bronx,4,103.9,81.3,,2
2003 / 02,Bronx,5,92.5,78.7,,2
2003 / 02,Bronx,6,187.2,31.8,,2
2003 / 02,Bronx,7,178.8,95.5,,2
2003 / 02,Bronx,8,269.7,55.3,,2
2003 / 02,Bronx,9,107.4,50.4,,2
2003 / 02,Bronx,10,277.9,62.4,,2
2003 / 02,Bronx,11,245.5,67,,2
2003 / 02,Bronx,12,228.4,78.8,,2
2003 / 02,Brooklyn,1,263.1,56.7,,3
2003 / 02,Brooklyn,2,322.8,39.9,,3
2003 / 02,Brooklyn,3,116.1,53.4,,3
2003 / 02,Brooklyn,4,188,57.4,,3
2003 / 02,Brooklyn,5,161.5,72.5,,3
2003 / 02,Brooklyn,6,11.8,53.3,,3
2003 / 02,Brooklyn,7,4.6,77.8,,3
2003 / 02,Brooklyn,8,110.7,46.6,,3
2003 / 02,Brooklyn,9,116.4,53.9,,3
2003 / 02,Brooklyn,10,368.5,96.9,,3
2003 / 02,Brooklyn,11,457.3,102.5,,3
2003 / 02,Brooklyn,12,405.7,82.8,,3
2003 / 02,Brooklyn,13,189.8,36,,3
2003 / 02,Brooklyn,14,309.6,88.9,,3
2003 / 02,Brooklyn,15,557.4,96.6,,3
2003 / 02,Brooklyn,16,107.7,22.1,,3
2003 / 02,Brooklyn,17,191.4,62.2,,3
2003 / 02,Brooklyn,18,523.7,109.4,,3
2003 / 02,Manhattan,1,9.1,22.8,,1
2003 / 02,Manhattan,2,26.6,33.7,,1
2003 / 02,Manhattan,3,19.3,44,,1
2003 / 02,Manhattan,4,57.6,42,,1
2003 / 02,Manhattan,5,,26.1,,1
2003 / 02,Manhattan,6,7.1,54.2,,1
2003 / 02,Manhattan,7,,97.7,,1
2003 / 02,Manhattan,8,,82.1,,1
2003 / 02,Manhattan,9,17.2,55.5,,1
2003 / 02,Manhattan,10,,42.3,,1
2003 / 02,Manhattan,11,7.2,33.2,,1
2003 / 02,Manhattan,12,15.3,126.2,,1
2003 / 02,Queens,1,411.2,99.6,,4
2003 / 02,Queens,2,422.7,77.5,,4
2003 / 02,Queens,3,262.4,73.5,,4
2003 / 02,Queens,4,236.6,71,,4
2003 / 02,Queens,5,522.7,136.3,,4
2003 / 02,Queens,6,342.9,66,,4
2003 / 02,Queens,7,739.2,111.8,,4
2003 / 02,Queens,8,399.4,61.7,,4
2003 / 02,Queens,9,293.9,90.5,,4
2003 / 02,Queens,10,315.3,75,,4
2003 / 02,Queens,11,511.3,66.4,,4
2003 / 02,Queens,12,309.9,111,,4
2003 / 02,Queens,13,483.3,117.6,,4
2003 / 02,Queens,14,259.6,48.2,,4
2003 / 02,Staten Island,1,,129.9,,5
2003 / 02,Staten Island,2,5.8,118.1,,5
2003 / 02,Staten Island,3,,155.4,,5
2003 / 01,Bronx,1,249.9,47.7,,2
2003 / 01,Bronx,2,57.8,44.9,,2
2003 / 01,Bronx,3,56.5,36,,2
2003 / 01,Bronx,4,154.1,128.5,,2
2003 / 01,Bronx,5,130.2,113,,2
2003 / 01,Bronx,6,272.4,52.2,,2
2003 / 01,Bronx,7,231.5,153.5,,2
2003 / 01,Bronx,8,362.6,86.4,,2
2003 / 01,Bronx,9,166.3,74.2,,2
2003 / 01,Bronx,10,418.4,106.1,,2
2003 / 01,Bronx,11,368.9,98.8,,2
2003 / 01,Bronx,12,378.3,126.3,,2
2003 / 01,Brooklyn,1,394.9,104.2,,3
2003 / 01,Brooklyn,2,484,69.8,,3
2003 / 01,Brooklyn,3,206.1,89.5,,3
2003 / 01,Brooklyn,4,284.5,104.5,,3
2003 / 01,Brooklyn,5,252,122.1,,3
2003 / 01,Brooklyn,6,26.1,82.1,,3
2003 / 01,Brooklyn,7,,126.8,,3
2003 / 01,Brooklyn,8,202.7,79.9,,3
2003 / 01,Brooklyn,9,156.2,97.4,,3
2003 / 01,Brooklyn,10,420.6,155.3,,3
2003 / 01,Brooklyn,11,448.1,182.6,,3
2003 / 01,Brooklyn,12,475.8,148,,3
2003 / 01,Brooklyn,13,235.8,61.3,,3
2003 / 01,Brooklyn,14,389.1,134.5,,3
2003 / 01,Brooklyn,15,601.6,167.1,,3
2003 / 01,Brooklyn,16,184.5,41.8,,3
2003 / 01,Brooklyn,17,307.5,113,,3
2003 / 01,Brooklyn,18,708.7,176.2,,3
2003 / 01,Manhattan,1,,45.5,,1
2003 / 01,Manhattan,2,35.3,45.8,,1
2003 / 01,Manhattan,3,19.7,70.2,,1
2003 / 01,Manhattan,4,22.5,72.9,,1
2003 / 01,Manhattan,5,,28.1,,1
2003 / 01,Manhattan,6,,70.7,,1
2003 / 01,Manhattan,7,4.7,155.2,,1
2003 / 01,Manhattan,8,,111.8,,1
2003 / 01,Manhattan,9,20.2,83.8,,1
2003 / 01,Manhattan,10,,58.2,,1
2003 / 01,Manhattan,11,8,51.5,,1
2003 / 01,Manhattan,12,31.3,217.8,,1
2003 / 01,Queens,1,696.7,152.5,,4
2003 / 01,Queens,2,661.6,117.4,,4
2003 / 01,Queens,3,444.5,118,,4
2003 / 01,Queens,4,381.5,107.8,,4
2003 / 01,Queens,5,946.3,232.6,,4
2003 / 01,Queens,6,597.8,124.9,,4
2003 / 01,Queens,7,1112,181.9,,4
2003 / 01,Queens,8,551,130.7,,4
2003 / 01,Queens,9,509.3,149.8,,4
2003 / 01,Queens,10,517.1,134.1,,4
2003 / 01,Queens,11,760.7,117.2,,4
2003 / 01,Queens,12,519.3,199.1,,4
2003 / 01,Queens,13,764.1,214.6,,4
2003 / 01,Queens,14,381.2,99.3,,4
2003 / 01,Staten Island,1,,175,,5
2003 / 01,Staten Island,2,6.2,169,,5
2003 / 01,Staten Island,3,,220.4,,5
2002 / 12,Bronx,1,248.1,39.5,,2
2002 / 12,Bronx,2,53.8,37.4,,2
2002 / 12,Bronx,3,36.6,23,,2
2002 / 12,Bronx,4,155.8,108,,2
2002 / 12,Bronx,5,149.8,111.6,,2
2002 / 12,Bronx,6,261,39.8,,2
2002 / 12,Bronx,7,231.3,132.7,,2
2002 / 12,Bronx,8,362.4,82.3,,2
2002 / 12,Bronx,9,178.4,73.7,,2
2002 / 12,Bronx,10,470.9,96.4,,2
2002 / 12,Bronx,11,385.6,89.7,,2
2002 / 12,Bronx,12,377.3,113.4,,2
2002 / 12,Brooklyn,1,400.4,95.7,,3
2002 / 12,Brooklyn,2,454.7,59.8,,3
2002 / 12,Brooklyn,3,218.4,80.5,,3
2002 / 12,Brooklyn,4,301.6,92.3,,3
2002 / 12,Brooklyn,5,277.8,119.2,,3
2002 / 12,Brooklyn,6,12.2,75.7,,3
2002 / 12,Brooklyn,7,24,120.4,,3
2002 / 12,Brooklyn,8,223.8,79.2,,3
2002 / 12,Brooklyn,9,221.6,76.7,,3
2002 / 12,Brooklyn,10,560.3,137.3,,3
2002 / 12,Brooklyn,11,819.6,168,,3
2002 / 12,Brooklyn,12,659.8,126.5,,3
2002 / 12,Brooklyn,13,292.7,54.9,,3
2002 / 12,Brooklyn,14,551,126.6,,3
2002 / 12,Brooklyn,15,841.5,138.2,,3
2002 / 12,Brooklyn,16,172.4,33.4,,3
2002 / 12,Brooklyn,17,364.6,114.3,,3
2002 / 12,Brooklyn,18,850.4,161.2,,3
2002 / 12,Manhattan,1,,24.2,,1
2002 / 12,Manhattan,2,15.8,37.6,,1
2002 / 12,Manhattan,3,14.2,53,,1
2002 / 12,Manhattan,4,13.8,44.5,,1
2002 / 12,Manhattan,5,,23.5,,1
2002 / 12,Manhattan,6,,59.6,,1
2002 / 12,Manhattan,7,,129,,1
2002 / 12,Manhattan,8,,97.9,,1
2002 / 12,Manhattan,9,23.6,65.4,,1
2002 / 12,Manhattan,10,5.6,56.6,,1
2002 / 12,Manhattan,11,5.1,44.1,,1
2002 / 12,Manhattan,12,23.5,176,,1
2002 / 12,Queens,1,737.9,123.6,,4
2002 / 12,Queens,2,686.6,94.5,,4
2002 / 12,Queens,3,443,107.6,,4
2002 / 12,Queens,4,408.7,86.9,,4
2002 / 12,Queens,5,1073.6,198.5,,4
2002 / 12,Queens,6,551.8,84.9,,4
2002 / 12,Queens,7,1193.8,163.6,,4
2002 / 12,Queens,8,626.1,103.9,,4
2002 / 12,Queens,9,597,135.2,,4
2002 / 12,Queens,10,545.7,115.4,,4
2002 / 12,Queens,11,821.5,103.6,,4
2002 / 12,Queens,12,495.3,166.8,,4
2002 / 12,Queens,13,822.9,170.5,,4
2002 / 12,Queens,14,380.7,75.8,,4
2002 / 12,Staten Island,1,,158.2,,5
2002 / 12,Staten Island,2,7.8,143.7,,5
2002 / 12,Staten Island,3,,198.9,,5
2002 / 11,Bronx,1,274.8,38.6,,2
2002 / 11,Bronx,2,48.2,37,,2
2002 / 11,Bronx,3,56,34.2,,2
2002 / 11,Bronx,4,151.2,121,,2
2002 / 11,Bronx,5,162.1,122.4,,2
2002 / 11,Bronx,6,281.4,41.9,,2
2002 / 11,Bronx,7,213,141.7,,2
2002 / 11,Bronx,8,379.1,83.6,,2
2002 / 11,Bronx,9,170.5,79.3,,2
2002 / 11,Bronx,10,439.6,112.1,,2
2002 / 11,Bronx,11,371.9,94.8,,2
2002 / 11,Bronx,12,373.1,119.3,,2
2002 / 11,Brooklyn,1,401.7,101.9,,3
2002 / 11,Brooklyn,2,474.7,62.8,,3
2002 / 11,Brooklyn,3,211.3,96.7,,3
2002 / 11,Brooklyn,4,282.5,95.6,,3
2002 / 11,Brooklyn,5,252.5,123.1,,3
2002 / 11,Brooklyn,6,86.4,83.8,,3
2002 / 11,Brooklyn,7,,128.7,,3
2002 / 11,Brooklyn,8,216.2,83.5,,3
2002 / 11,Brooklyn,9,227.6,93.2,,3
2002 / 11,Brooklyn,10,736.9,141.1,,3
2002 / 11,Brooklyn,11,766.5,186.3,,3
2002 / 11,Brooklyn,12,712.1,143.9,,3
2002 / 11,Brooklyn,13,334.2,72.9,,3
2002 / 11,Brooklyn,14,494.5,153.2,,3
2002 / 11,Brooklyn,15,840.6,170.2,,3
2002 / 11,Brooklyn,16,167.9,38.4,,3
2002 / 11,Brooklyn,17,313.9,117.1,,3
2002 / 11,Brooklyn,18,827.4,186,,3
2002 / 11,Manhattan,1,,36.8,,1
2002 / 11,Manhattan,2,21.5,54.2,,1
2002 / 11,Manhattan,3,16.8,65.5,,1
2002 / 11,Manhattan,4,15.4,64.1,,1
2002 / 11,Manhattan,5,,27.2,,1
2002 / 11,Manhattan,6,,78.8,,1
2002 / 11,Manhattan,7,,146.1,,1
2002 / 11,Manhattan,8,,122.6,,1
2002 / 11,Manhattan,9,13.7,84.2,,1
2002 / 11,Manhattan,10,,64.6,,1
2002 / 11,Manhattan,11,7.4,55.8,,1
2002 / 11,Manhattan,12,15.4,203.1,,1
2002 / 11,Queens,1,694.1,135.9,,4
2002 / 11,Queens,2,700,113.3,,4
2002 / 11,Queens,3,425.5,122.4,,4
2002 / 11,Queens,4,373.6,106.2,,4
2002 / 11,Queens,5,898.4,220.5,,4
2002 / 11,Queens,6,567.9,110.5,,4
2002 / 11,Queens,7,1042.6,185.5,,4
2002 / 11,Queens,8,541.3,120.3,,4
2002 / 11,Queens,9,507.5,143,,4
2002 / 11,Queens,10,476.5,134,,4
2002 / 11,Queens,11,716.3,113.3,,4
2002 / 11,Queens,12,458.9,191,,4
2002 / 11,Queens,13,720.7,197.7,,4
2002 / 11,Queens,14,374.1,106.2,,4
2002 / 11,Staten Island,1,,170,,5
2002 / 11,Staten Island,2,6.5,156.2,,5
2002 / 11,Staten Island,3,,220.6,,5
2002 / 10,Bronx,1,304.6,49.7,,2
2002 / 10,Bronx,2,61.1,45.9,,2
2002 / 10,Bronx,3,54.1,34.8,,2
2002 / 10,Bronx,4,158.5,133.4,,2
2002 / 10,Bronx,5,189.2,140.6,,2
2002 / 10,Bronx,6,300.1,59.7,,2
2002 / 10,Bronx,7,213.4,155,,2
2002 / 10,Bronx,8,404,104.2,,2
2002 / 10,Bronx,9,181.4,93.4,,2
2002 / 10,Bronx,10,466,129,,2
2002 / 10,Bronx,11,391.5,109.5,,2
2002 / 10,Bronx,12,400.6,146.9,,2
2002 / 10,Brooklyn,1,378.7,120.9,,3
2002 / 10,Brooklyn,2,455.4,78.6,,3
2002 / 10,Brooklyn,3,211.5,103.3,,3
2002 / 10,Brooklyn,4,307.6,108.2,,3
2002 / 10,Brooklyn,5,241.1,148.9,,3
2002 / 10,Brooklyn,6,16.2,86.4,,3
2002 / 10,Brooklyn,7,,146.3,,3
2002 / 10,Brooklyn,8,221.8,95.2,,3
2002 / 10,Brooklyn,9,208.1,101.2,,3
2002 / 10,Brooklyn,10,685.5,173.5,,3
2002 / 10,Brooklyn,11,745.2,200.1,,3
2002 / 10,Brooklyn,12,695.6,163.3,,3
2002 / 10,Brooklyn,13,353.6,84.7,,3
2002 / 10,Brooklyn,14,485.3,164,,3
2002 / 10,Brooklyn,15,804.4,194.7,,3
2002 / 10,Brooklyn,16,167.7,44.2,,3
2002 / 10,Brooklyn,17,300.2,143.4,,3
2002 / 10,Brooklyn,18,769.4,204.2,,3
2002 / 10,Manhattan,1,,50.5,,1
2002 / 10,Manhattan,2,34.1,60.4,,1
2002 / 10,Manhattan,3,29.9,74.7,,1
2002 / 10,Manhattan,4,25,66.2,,1
2002 / 10,Manhattan,5,,26.4,,1
2002 / 10,Manhattan,6,,94.4,,1
2002 / 10,Manhattan,7,,162.3,,1
2002 / 10,Manhattan,8,,143.4,,1
2002 / 10,Manhattan,9,17.2,90.1,,1
2002 / 10,Manhattan,10,,83.7,,1
2002 / 10,Manhattan,11,8.4,57.4,,1
2002 / 10,Manhattan,12,21.5,210.4,,1
2002 / 10,Queens,1,704,170.4,,4
2002 / 10,Queens,2,766.1,124.6,,4
2002 / 10,Queens,3,418.7,146.2,,4
2002 / 10,Queens,4,409.3,126.1,,4
2002 / 10,Queens,5,992.2,247,,4
2002 / 10,Queens,6,584.4,130.6,,4
2002 / 10,Queens,7,1140.6,209.3,,4
2002 / 10,Queens,8,543.4,124,,4
2002 / 10,Queens,9,508,172.5,,4
2002 / 10,Queens,10,463.3,156.4,,4
2002 / 10,Queens,11,785.9,135.7,,4
2002 / 10,Queens,12,427.5,235.8,,4
2002 / 10,Queens,13,823.4,244.2,,4
2002 / 10,Queens,14,412.7,108.6,,4
2002 / 10,Staten Island,1,149.8,192.7,,5
2002 / 10,Staten Island,2,9.4,178.5,,5
2002 / 10,Staten Island,3,,240.1,,5
2002 / 09,Bronx,1,270.2,46.9,,2
2002 / 09,Bronx,2,47.5,40.7,,2
2002 / 09,Bronx,3,46.9,35.3,,2
2002 / 09,Bronx,4,145,123.6,,2
2002 / 09,Bronx,5,185.2,140.2,,2
2002 / 09,Bronx,6,291.9,44.8,,2
2002 / 09,Bronx,7,194.7,141.1,,2
2002 / 09,Bronx,8,357.4,88.8,,2
2002 / 09,Bronx,9,163.3,95,,2
2002 / 09,Bronx,10,407.7,124,,2
2002 / 09,Bronx,11,356,108.7,,2
2002 / 09,Bronx,12,348.8,139.7,,2
2002 / 09,Brooklyn,1,329.7,100.9,,3
2002 / 09,Brooklyn,2,395.7,58,,3
2002 / 09,Brooklyn,3,184.2,98,,3
2002 / 09,Brooklyn,4,258.7,98.4,,3
2002 / 09,Brooklyn,5,211.1,139.5,,3
2002 / 09,Brooklyn,6,46.9,78.9,,3
2002 / 09,Brooklyn,7,0.2,131.7,,3
2002 / 09,Brooklyn,8,180.8,84.6,,3
2002 / 09,Brooklyn,9,174.8,87.2,,3
2002 / 09,Brooklyn,10,543.9,157.5,,3
2002 / 09,Brooklyn,11,623.6,182.7,,3
2002 / 09,Brooklyn,12,622.1,153.2,,3
2002 / 09,Brooklyn,13,246.5,76,,3
2002 / 09,Brooklyn,14,385.7,151.2,,3
2002 / 09,Brooklyn,15,646,175.3,,3
2002 / 09,Brooklyn,16,151,39.3,,3
2002 / 09,Brooklyn,17,261.5,130.1,,3
2002 / 09,Brooklyn,18,668.9,201.8,,3
2002 / 09,Manhattan,1,,62.3,,1
2002 / 09,Manhattan,2,29.1,55.3,,1
2002 / 09,Manhattan,3,22.7,63.4,,1
2002 / 09,Manhattan,4,20,67.8,,1
2002 / 09,Manhattan,5,,25.6,,1
2002 / 09,Manhattan,6,,80.1,,1
2002 / 09,Manhattan,7,,149.1,,1
2002 / 09,Manhattan,8,,120.5,,1
2002 / 09,Manhattan,9,15.6,74.9,,1
2002 / 09,Manhattan,10,,70.3,,1
2002 / 09,Manhattan,11,7.8,54.4,,1
2002 / 09,Manhattan,12,20.2,198.6,,1
2002 / 09,Queens,1,668.6,155.7,,4
2002 / 09,Queens,2,719.3,123.3,,4
2002 / 09,Queens,3,394.3,129,,4
2002 / 09,Queens,4,401.9,128.2,,4
2002 / 09,Queens,5,855.7,221,,4
2002 / 09,Queens,6,536.1,112.4,,4
2002 / 09,Queens,7,1107.9,195.3,,4
2002 / 09,Queens,8,496.8,117.8,,4
2002 / 09,Queens,9,419.7,172.8,,4
2002 / 09,Queens,10,419.3,148.9,,4
2002 / 09,Queens,11,746.5,118.9,,4
2002 / 09,Queens,12,369.7,217,,4
2002 / 09,Queens,13,752.5,240.5,,4
2002 / 09,Queens,14,374.3,105.1,,4
2002 / 09,Staten Island,1,126.6,183.7,,5
2002 / 09,Staten Island,2,8.5,155.8,,5
2002 / 09,Staten Island,3,,211,,5
2002 / 08,Bronx,1,233,55.9,,2
2002 / 08,Bronx,2,56.7,50.9,,2
2002 / 08,Bronx,3,45.3,36.5,,2
2002 / 08,Bronx,4,130,139.1,,2
2002 / 08,Bronx,5,158.5,153.2,,2
2002 / 08,Bronx,6,244.1,48.7,,2
2002 / 08,Bronx,7,199.9,149.8,,2
2002 / 08,Bronx,8,362.8,97.4,,2
2002 / 08,Bronx,9,184.5,98.5,,2
2002 / 08,Bronx,10,428.8,127,,2
2002 / 08,Bronx,11,356,116.7,,2
2002 / 08,Bronx,12,380.6,152.5,,2
2002 / 08,Brooklyn,1,359.3,114.7,,3
2002 / 08,Brooklyn,2,364.8,65,,3
2002 / 08,Brooklyn,3,181,115.9,,3
2002 / 08,Brooklyn,4,267.1,125.7,,3
2002 / 08,Brooklyn,5,226.1,165.3,,3
2002 / 08,Brooklyn,6,6.1,86.8,,3
2002 / 08,Brooklyn,7,,140.5,,3
2002 / 08,Brooklyn,8,175.8,93.7,,3
2002 / 08,Brooklyn,9,200.3,115.3,,3
2002 / 08,Brooklyn,10,593.8,158.8,,3
2002 / 08,Brooklyn,11,659,189.7,,3
2002 / 08,Brooklyn,12,609.2,151.3,,3
2002 / 08,Brooklyn,13,176.1,78.8,,3
2002 / 08,Brooklyn,14,415.1,160.5,,3
2002 / 08,Brooklyn,15,668,177.9,,3
2002 / 08,Brooklyn,16,154.9,47.9,,3
2002 / 08,Brooklyn,17,287.1,163,,3
2002 / 08,Brooklyn,18,705,228.9,,3
2002 / 08,Manhattan,1,,55.1,,1
2002 / 08,Manhattan,2,,54,,1
2002 / 08,Manhattan,3,32.2,84.7,,1
2002 / 08,Manhattan,4,16.2,88.4,,1
2002 / 08,Manhattan,5,,26.7,,1
2002 / 08,Manhattan,6,,108.2,,1
2002 / 08,Manhattan,7,,169.8,,1
2002 / 08,Manhattan,8,,136.1,,1
2002 / 08,Manhattan,9,11.3,97,,1
2002 / 08,Manhattan,10,,80.8,,1
2002 / 08,Manhattan,11,7.6,53.5,,1
2002 / 08,Manhattan,12,,227.3,,1
2002 / 08,Queens,1,615.1,167.4,,4
2002 / 08,Queens,2,633.4,116.7,,4
2002 / 08,Queens,3,435.1,160.4,,4
2002 / 08,Queens,4,418.1,151.5,,4
2002 / 08,Queens,5,820.7,240.8,,4
2002 / 08,Queens,6,573.2,126.3,,4
2002 / 08,Queens,7,1078.8,216,,4
2002 / 08,Queens,8,499.6,128.4,,4
2002 / 08,Queens,9,459.9,188.3,,4
2002 / 08,Queens,10,439.8,166.3,,4
2002 / 08,Queens,11,697.6,130.6,,4
2002 / 08,Queens,12,424.3,268,,4
2002 / 08,Queens,13,795.5,269.7,,4
2002 / 08,Queens,14,389.4,117,,4
2002 / 08,Staten Island,1,,200.3,,5
2002 / 08,Staten Island,2,4.1,171.4,,5
2002 / 08,Staten Island,3,,237.1,,5
2002 / 07,Bronx,1,238,46.3,,2
2002 / 07,Bronx,2,54,39.7,,2
2002 / 07,Bronx,3,52.7,29,,2
2002 / 07,Bronx,4,123.8,122.3,,2
2002 / 07,Bronx,5,169.1,141.5,,2
2002 / 07,Bronx,6,258.4,47.1,,2
2002 / 07,Bronx,7,222.4,134.6,,2
2002 / 07,Bronx,8,343.3,91.5,,2
2002 / 07,Bronx,9,176.1,91.1,,2
2002 / 07,Bronx,10,390.5,118.4,,2
2002 / 07,Bronx,11,341.1,104.8,,2
2002 / 07,Bronx,12,380.7,134.3,,2
2002 / 07,Brooklyn,1,291.2,98.6,,3
2002 / 07,Brooklyn,2,379.2,66.7,,3
2002 / 07,Brooklyn,3,186.8,108.4,,3
2002 / 07,Brooklyn,4,270.8,108,,3
2002 / 07,Brooklyn,5,231.9,170.1,,3
2002 / 07,Brooklyn,6,,72,,3
2002 / 07,Brooklyn,7,,123.7,,3
2002 / 07,Brooklyn,8,199.1,93.4,,3
2002 / 07,Brooklyn,9,187.8,99.2,,3
2002 / 07,Brooklyn,10,597.5,140.6,,3
2002 / 07,Brooklyn,11,648.3,176.7,,3
2002 / 07,Brooklyn,12,527.1,133.1,,3
2002 / 07,Brooklyn,13,61.5,65.3,,3
2002 / 07,Brooklyn,14,426.6,143.2,,3
2002 / 07,Brooklyn,15,666.4,164.5,,3
2002 / 07,Brooklyn,16,164.9,40.1,,3
2002 / 07,Brooklyn,17,284.9,146.3,,3
2002 / 07,Brooklyn,18,694.9,206.2,,3
2002 / 07,Manhattan,1,0.4,32.2,,1
2002 / 07,Manhattan,2,0.4,52.5,,1
2002 / 07,Manhattan,3,56.9,67.4,,1
2002 / 07,Manhattan,4,14.9,61.1,,1
2002 / 07,Manhattan,5,,20.9,,1
2002 / 07,Manhattan,6,,73.5,,1
2002 / 07,Manhattan,7,1.1,145.2,,1
2002 / 07,Manhattan,8,,112.8,,1
2002 / 07,Manhattan,9,10.4,84,,1
2002 / 07,Manhattan,10,0.4,61.6,,1
2002 / 07,Manhattan,11,7.5,51.9,,1
2002 / 07,Manhattan,12,,180.8,,1
2002 / 07,Queens,1,634,129.9,,4
2002 / 07,Queens,2,637.2,119,,4
2002 / 07,Queens,3,387.4,128.9,,4
2002 / 07,Queens,4,385.7,123,,4
2002 / 07,Queens,5,808.1,211.6,,4
2002 / 07,Queens,6,518.6,117.4,,4
2002 / 07,Queens,7,997.2,192.8,,4
2002 / 07,Queens,8,497.5,123.2,,4
2002 / 07,Queens,9,467.1,179,,4
2002 / 07,Queens,10,434.2,151.6,,4
2002 / 07,Queens,11,674.2,113.3,,4
2002 / 07,Queens,12,426.1,230.4,,4
2002 / 07,Queens,13,726.2,261.6,,4
2002 / 07,Queens,14,373.9,100.7,,4
2002 / 07,Staten Island,1,0.3,180.3,,5
2002 / 07,Staten Island,2,4.6,166.2,,5
2002 / 07,Staten Island,3,0.3,219.8,,5
2002 / 06,Bronx,1,301.9,213.4,,2
2002 / 06,Bronx,2,63.2,126.8,,2
2002 / 06,Bronx,3,70.8,109.3,,2
2002 / 06,Bronx,4,173.5,299.2,,2
2002 / 06,Bronx,5,199.2,425.9,,2
2002 / 06,Bronx,6,292.7,252.4,,2
2002 / 06,Bronx,7,264.6,484.9,,2
2002 / 06,Bronx,8,409.6,323.4,,2
2002 / 06,Bronx,9,211.9,364.1,,2
2002 / 06,Bronx,10,474.3,415.6,,2
2002 / 06,Bronx,11,430.5,423.9,,2
2002 / 06,Bronx,12,457.2,641.8,,2
2002 / 06,Brooklyn,1,395.8,496.6,,3
2002 / 06,Brooklyn,2,441.1,284.3,,3
2002 / 06,Brooklyn,3,231.8,355.6,,3
2002 / 06,Brooklyn,4,312.6,473,,3
2002 / 06,Brooklyn,5,291.8,550.9,,3
2002 / 06,Brooklyn,6,9.4,410.3,,3
2002 / 06,Brooklyn,7,12.8,532.3,,3
2002 / 06,Brooklyn,8,218.9,302.8,,3
2002 / 06,Brooklyn,9,237,335.5,,3
2002 / 06,Brooklyn,10,714.4,539.4,,3
2002 / 06,Brooklyn,11,798.5,659,,3
2002 / 06,Brooklyn,12,710.3,625,,3
2002 / 06,Brooklyn,13,29.5,297.1,,3
2002 / 06,Brooklyn,14,537.9,563.6,,3
2002 / 06,Brooklyn,15,796.3,630.3,,3
2002 / 06,Brooklyn,16,182.7,203.9,,3
2002 / 06,Brooklyn,17,370.3,573.5,,3
2002 / 06,Brooklyn,18,832.7,841.9,,3
2002 / 06,Manhattan,1,3,128,,1
2002 / 06,Manhattan,2,18.8,332,,1
2002 / 06,Manhattan,3,73.3,296.1,,1
2002 / 06,Manhattan,4,9,489.2,,1
2002 / 06,Manhattan,5,,143.7,,1
2002 / 06,Manhattan,6,9.2,663.8,,1
2002 / 06,Manhattan,7,12.1,752.2,,1
2002 / 06,Manhattan,8,9.2,808.5,,1
2002 / 06,Manhattan,9,12.1,255.9,,1
2002 / 06,Manhattan,10,17.2,188.4,,1
2002 / 06,Manhattan,11,17.3,168.1,,1
2002 / 06,Manhattan,12,36.1,645.4,,1
2002 / 06,Queens,1,720.3,640.1,,4
2002 / 06,Queens,2,685.9,546.5,,4
2002 / 06,Queens,3,475.5,613.1,,4
2002 / 06,Queens,4,457.7,485.2,,4
2002 / 06,Queens,5,904.4,821.9,,4
2002 / 06,Queens,6,596.1,386,,4
2002 / 06,Queens,7,1160.7,792.8,,4
2002 / 06,Queens,8,590.6,417.9,,4
2002 / 06,Queens,9,536.6,669.9,,4
2002 / 06,Queens,10,511.5,625.7,,4
2002 / 06,Queens,11,749.1,448,,4
2002 / 06,Queens,12,554.2,929.1,,4
2002 / 06,Queens,13,855.3,936.4,,4
2002 / 06,Queens,14,425.9,401,,4
2002 / 06,Staten Island,1,,746.2,,5
2002 / 06,Staten Island,2,,563.6,,5
2002 / 06,Staten Island,3,,785.5,,5
2002 / 05,Bronx,1,299.4,223.4,,2
2002 / 05,Bronx,2,72.3,150.4,,2
2002 / 05,Bronx,3,74,114,,2
2002 / 05,Bronx,4,140.8,291.1,,2
2002 / 05,Bronx,5,189.2,417.5,,2
2002 / 05,Bronx,6,324.7,288.8,,2
2002 / 05,Bronx,7,253.5,492.9,,2
2002 / 05,Bronx,8,420,330.7,,2
2002 / 05,Bronx,9,223.8,344.7,,2
2002 / 05,Bronx,10,500.7,396.8,,2
2002 / 05,Bronx,11,423.9,399.2,,2
2002 / 05,Bronx,12,482.9,619.9,,2
2002 / 05,Brooklyn,1,419.8,503.8,,3
2002 / 05,Brooklyn,2,456.8,278.9,,3
2002 / 05,Brooklyn,3,204.4,344.4,,3
2002 / 05,Brooklyn,4,335.1,465.8,,3
2002 / 05,Brooklyn,5,281.9,532.2,,3
2002 / 05,Brooklyn,6,8.1,409.7,,3
2002 / 05,Brooklyn,7,9.9,524,,3
2002 / 05,Brooklyn,8,228.9,299.3,,3
2002 / 05,Brooklyn,9,251,352.9,,3
2002 / 05,Brooklyn,10,709.7,530.6,,3
2002 / 05,Brooklyn,11,763.3,649.4,,3
2002 / 05,Brooklyn,12,695.7,600.5,,3
2002 / 05,Brooklyn,13,34.8,320.9,,3
2002 / 05,Brooklyn,14,494.7,504.5,,3
2002 / 05,Brooklyn,15,803.4,616.9,,3
2002 / 05,Brooklyn,16,195.6,219.2,,3
2002 / 05,Brooklyn,17,356.5,524.4,,3
2002 / 05,Brooklyn,18,809.1,801.4,,3
2002 / 05,Manhattan,1,3.3,104.7,,1
2002 / 05,Manhattan,2,11,326.1,,1
2002 / 05,Manhattan,3,66.5,314,,1
2002 / 05,Manhattan,4,5.7,516,,1
2002 / 05,Manhattan,5,,153.9,,1
2002 / 05,Manhattan,6,6.8,758,,1
2002 / 05,Manhattan,7,8.9,763.3,,1
2002 / 05,Manhattan,8,6.8,842.1,,1
2002 / 05,Manhattan,9,8.9,280.5,,1
2002 / 05,Manhattan,10,16,192.7,,1
2002 / 05,Manhattan,11,12,171.7,,1
2002 / 05,Manhattan,12,26.6,692.9,,1
2002 / 05,Queens,1,697.2,614.1,,4
2002 / 05,Queens,2,714.5,560.2,,4
2002 / 05,Queens,3,488.1,611.6,,4
2002 / 05,Queens,4,436,485.4,,4
2002 / 05,Queens,5,904.9,832.5,,4
2002 / 05,Queens,6,610.1,395,,4
2002 / 05,Queens,7,1129.9,778.4,,4
2002 / 05,Queens,8,580.6,436.9,,4
2002 / 05,Queens,9,521.7,632.7,,4
2002 / 05,Queens,10,505.8,603.1,,4
2002 / 05,Queens,11,721.6,429.2,,4
2002 / 05,Queens,12,560.2,901.4,,4
2002 / 05,Queens,13,848.4,900.4,,4
2002 / 05,Queens,14,399.1,403.5,,4
2002 / 05,Staten Island,1,,781.6,,5
2002 / 05,Staten Island,2,,562.8,,5
2002 / 05,Staten Island,3,,797.9,,5
2002 / 04,Bronx,1,278.2,226.5,,2
2002 / 04,Bronx,2,58.4,121.4,,2
2002 / 04,Bronx,3,62.5,100.5,,2
2002 / 04,Bronx,4,165.3,323.8,,2
2002 / 04,Bronx,5,186.1,424,,2
2002 / 04,Bronx,6,288.1,249.4,,2
2002 / 04,Bronx,7,269.1,505,,2
2002 / 04,Bronx,8,392.2,325.4,,2
2002 / 04,Bronx,9,202.5,351.3,,2
2002 / 04,Bronx,10,446,383.1,,2
2002 / 04,Bronx,11,395.3,389.9,,2
2002 / 04,Bronx,12,434.7,620.5,,2
2002 / 04,Brooklyn,1,394.2,485.9,,3
2002 / 04,Brooklyn,2,432.7,277.2,,3
2002 / 04,Brooklyn,3,204.2,333.8,,3
2002 / 04,Brooklyn,4,296.7,453.5,,3
2002 / 04,Brooklyn,5,287.8,541.2,,3
2002 / 04,Brooklyn,6,35.3,385.1,,3
2002 / 04,Brooklyn,7,9.3,526.2,,3
2002 / 04,Brooklyn,8,237.2,301.9,,3
2002 / 04,Brooklyn,9,221.2,314.1,,3
2002 / 04,Brooklyn,10,681.4,549.6,,3
2002 / 04,Brooklyn,11,735,648.5,,3
2002 / 04,Brooklyn,12,703.1,645.2,,3
2002 / 04,Brooklyn,13,32.4,323.7,,3
2002 / 04,Brooklyn,14,535.5,557.2,,3
2002 / 04,Brooklyn,15,764.7,601.6,,3
2002 / 04,Brooklyn,16,174.1,189,,3
2002 / 04,Brooklyn,17,338.8,512.5,,3
2002 / 04,Brooklyn,18,789.6,768.5,,3
2002 / 04,Manhattan,1,1.7,100.9,,1
2002 / 04,Manhattan,2,10.7,329.8,,1
2002 / 04,Manhattan,3,17.8,273.2,,1
2002 / 04,Manhattan,4,4.5,444.3,,1
2002 / 04,Manhattan,5,,135.8,,1
2002 / 04,Manhattan,6,5.3,642.8,,1
2002 / 04,Manhattan,7,6.4,754.8,,1
2002 / 04,Manhattan,8,5.4,777.1,,1
2002 / 04,Manhattan,9,6.4,245.1,,1
2002 / 04,Manhattan,10,16.1,170,,1
2002 / 04,Manhattan,11,9.9,150.8,,1
2002 / 04,Manhattan,12,22.8,589.1,,1
2002 / 04,Queens,1,679,640.5,,4
2002 / 04,Queens,2,646.7,521.8,,4
2002 / 04,Queens,3,426,578.5,,4
2002 / 04,Queens,4,413.5,445.5,,4
2002 / 04,Queens,5,862.3,808,,4
2002 / 04,Queens,6,561.5,384.3,,4
2002 / 04,Queens,7,1081,727.9,,4
2002 / 04,Queens,8,578,416.6,,4
2002 / 04,Queens,9,530.4,628.9,,4
2002 / 04,Queens,10,515.3,579.9,,4
2002 / 04,Queens,11,709.6,436,,4
2002 / 04,Queens,12,557.6,865.4,,4
2002 / 04,Queens,13,792.1,858.3,,4
2002 / 04,Queens,14,370.2,348.1,,4
2002 / 04,Staten Island,1,,752.5,,5
2002 / 04,Staten Island,2,,547.8,,5
2002 / 04,Staten Island,3,,734.9,,5
2002 / 03,Bronx,1,268,211.9,,2
2002 / 03,Bronx,2,63.6,134.1,,2
2002 / 03,Bronx,3,68.1,105.9,,2
2002 / 03,Bronx,4,156.1,306.5,,2
2002 / 03,Bronx,5,190.8,397.8,,2
2002 / 03,Bronx,6,278.9,235.5,,2
2002 / 03,Bronx,7,251.4,488.9,,2
2002 / 03,Bronx,8,389.6,304,,2
2002 / 03,Bronx,9,205.4,315,,2
2002 / 03,Bronx,10,439.8,351.7,,2
2002 / 03,Bronx,11,385.3,349.6,,2
2002 / 03,Bronx,12,432.9,548.5,,2
2002 / 03,Brooklyn,1,437.8,485.4,,3
2002 / 03,Brooklyn,2,449.5,274.2,,3
2002 / 03,Brooklyn,3,229.8,326.5,,3
2002 / 03,Brooklyn,4,329.4,440.3,,3
2002 / 03,Brooklyn,5,270.5,490.8,,3
2002 / 03,Brooklyn,6,10.4,388.3,,3
2002 / 03,Brooklyn,7,30.3,488.6,,3
2002 / 03,Brooklyn,8,218.9,278.3,,3
2002 / 03,Brooklyn,9,258.1,340.6,,3
2002 / 03,Brooklyn,10,696.9,490.4,,3
2002 / 03,Brooklyn,11,771.5,608.5,,3
2002 / 03,Brooklyn,12,852,737.1,,3
2002 / 03,Brooklyn,13,75,301.7,,3
2002 / 03,Brooklyn,14,525.2,582.5,,3
2002 / 03,Brooklyn,15,817.9,610.4,,3
2002 / 03,Brooklyn,16,196.3,198.3,,3
2002 / 03,Brooklyn,17,343.3,471.6,,3
2002 / 03,Brooklyn,18,816.9,689.7,,3
2002 / 03,Manhattan,1,2.4,128.8,,1
2002 / 03,Manhattan,2,13.6,326.1,,1
2002 / 03,Manhattan,3,21.2,289.8,,1
2002 / 03,Manhattan,4,5.2,495.7,,1
2002 / 03,Manhattan,5,,157.2,,1
2002 / 03,Manhattan,6,8.8,697,,1
2002 / 03,Manhattan,7,9.1,767.2,,1
2002 / 03,Manhattan,8,8.8,824.3,,1
2002 / 03,Manhattan,9,9,280.4,,1
2002 / 03,Manhattan,10,13.5,203,,1
2002 / 03,Manhattan,11,13.5,186,,1
2002 / 03,Manhattan,12,36.3,646,,1
2002 / 03,Queens,1,732,585.5,,4
2002 / 03,Queens,2,680.8,511.1,,4
2002 / 03,Queens,3,476,565.4,,4
2002 / 03,Queens,4,423.5,444.6,,4
2002 / 03,Queens,5,911.7,766.8,,4
2002 / 03,Queens,6,592.1,389.5,,4
2002 / 03,Queens,7,1073.5,668.5,,4
2002 / 03,Queens,8,583.2,394.8,,4
2002 / 03,Queens,9,541.4,575,,4
2002 / 03,Queens,10,509.8,498.4,,4
2002 / 03,Queens,11,671.7,377.7,,4
2002 / 03,Queens,12,579,757.7,,4
2002 / 03,Queens,13,773.7,747.7,,4
2002 / 03,Queens,14,371.2,350.9,,4
2002 / 03,Staten Island,1,,685.4,,5
2002 / 03,Staten Island,2,,499.7,,5
2002 / 03,Staten Island,3,,684,,5
2002 / 02,Bronx,1,237.4,195.5,,2
2002 / 02,Bronx,2,53.4,120.1,,2
2002 / 02,Bronx,3,57.5,99.6,,2
2002 / 02,Bronx,4,138.1,273.3,,2
2002 / 02,Bronx,5,158.4,361.1,,2
2002 / 02,Bronx,6,247.2,228.1,,2
2002 / 02,Bronx,7,224.5,456.5,,2
2002 / 02,Bronx,8,351.1,281.5,,2
2002 / 02,Bronx,9,178.1,285.3,,2
2002 / 02,Bronx,10,376.3,311.9,,2
2002 / 02,Bronx,11,341.2,313.3,,2
2002 / 02,Bronx,12,367.3,492.4,,2
2002 / 02,Brooklyn,1,369.2,415.8,,3
2002 / 02,Brooklyn,2,412.7,239,,3
2002 / 02,Brooklyn,3,197.1,289.9,,3
2002 / 02,Brooklyn,4,275.2,374.8,,3
2002 / 02,Brooklyn,5,242.1,425.6,,3
2002 / 02,Brooklyn,6,6.2,343.2,,3
2002 / 02,Brooklyn,7,9.8,451.3,,3
2002 / 02,Brooklyn,8,200.1,257.8,,3
2002 / 02,Brooklyn,9,211.3,286.1,,3
2002 / 02,Brooklyn,10,572.5,447.8,,3
2002 / 02,Brooklyn,11,669.6,546.7,,3
2002 / 02,Brooklyn,12,627.9,530.6,,3
2002 / 02,Brooklyn,13,84.9,258.8,,3
2002 / 02,Brooklyn,14,419.8,475.8,,3
2002 / 02,Brooklyn,15,701.9,495.3,,3
2002 / 02,Brooklyn,16,157.4,176.2,,3
2002 / 02,Brooklyn,17,315.7,431,,3
2002 / 02,Brooklyn,18,696,596.3,,3
2002 / 02,Manhattan,1,3.2,98.9,,1
2002 / 02,Manhattan,2,7.8,302.3,,1
2002 / 02,Manhattan,3,15.3,258.1,,1
2002 / 02,Manhattan,4,4.4,431.5,,1
2002 / 02,Manhattan,5,,134.4,,1
2002 / 02,Manhattan,6,6.3,635.8,,1
2002 / 02,Manhattan,7,8.2,707.1,,1
2002 / 02,Manhattan,8,6.3,756.3,,1
2002 / 02,Manhattan,9,8.4,252.9,,1
2002 / 02,Manhattan,10,10.4,164.6,,1
2002 / 02,Manhattan,11,10.4,159.3,,1
2002 / 02,Manhattan,12,28.8,581.1,,1
2002 / 02,Queens,1,653.9,537.6,,4
2002 / 02,Queens,2,551.5,456.2,,4
2002 / 02,Queens,3,403.8,503.8,,4
2002 / 02,Queens,4,352.5,393.7,,4
2002 / 02,Queens,5,791.6,684.1,,4
2002 / 02,Queens,6,502.6,330.8,,4
2002 / 02,Queens,7,927,614.6,,4
2002 / 02,Queens,8,469.5,352.6,,4
2002 / 02,Queens,9,476.7,502.4,,4
2002 / 02,Queens,10,408.9,438.1,,4
2002 / 02,Queens,11,599.4,339,,4
2002 / 02,Queens,12,479.1,680,,4
2002 / 02,Queens,13,665.6,670,,4
2002 / 02,Queens,14,315.5,296.6,,4
2002 / 02,Staten Island,1,,614.3,,5
2002 / 02,Staten Island,2,,450.8,,5
2002 / 02,Staten Island,3,,620.1,,5
2002 / 01,Bronx,1,277.6,218.4,,2
2002 / 01,Bronx,2,61.9,136.8,,2
2002 / 01,Bronx,3,60.2,123,,2
2002 / 01,Bronx,4,152.1,316.6,,2
2002 / 01,Bronx,5,170.1,420.3,,2
2002 / 01,Bronx,6,284,280.8,,2
2002 / 01,Bronx,7,288.4,548.9,,2
2002 / 01,Bronx,8,431.8,374.6,,2
2002 / 01,Bronx,9,216.3,337.6,,2
2002 / 01,Bronx,10,482,388.9,,2
2002 / 01,Bronx,11,430.1,396.9,,2
2002 / 01,Bronx,12,482.5,611.7,,2
2002 / 01,Brooklyn,1,452.3,520.4,,3
2002 / 01,Brooklyn,2,508.6,292.6,,3
2002 / 01,Brooklyn,3,243.2,351,,3
2002 / 01,Brooklyn,4,339.2,448.9,,3
2002 / 01,Brooklyn,5,309.8,539.7,,3
2002 / 01,Brooklyn,6,10.2,434.9,,3
2002 / 01,Brooklyn,7,10.5,568.8,,3
2002 / 01,Brooklyn,8,270.7,336.1,,3
2002 / 01,Brooklyn,9,264.7,356.8,,3
2002 / 01,Brooklyn,10,697.5,579.8,,3
2002 / 01,Brooklyn,11,854.1,685,,3
2002 / 01,Brooklyn,12,775.9,622.2,,3
2002 / 01,Brooklyn,13,95.5,322.2,,3
2002 / 01,Brooklyn,14,455.7,570.6,,3
2002 / 01,Brooklyn,15,733.2,608.1,,3
2002 / 01,Brooklyn,16,189.8,206.5,,3
2002 / 01,Brooklyn,17,406.6,555.4,,3
2002 / 01,Brooklyn,18,906.6,759,,3
2002 / 01,Manhattan,1,2.3,96.5,,1
2002 / 01,Manhattan,2,16.5,350.2,,1
2002 / 01,Manhattan,3,26.3,329.8,,1
2002 / 01,Manhattan,4,7.4,495.5,,1
2002 / 01,Manhattan,5,,143.6,,1
2002 / 01,Manhattan,6,9.9,749.7,,1
2002 / 01,Manhattan,7,13.8,850.4,,1
2002 / 01,Manhattan,8,9.9,926.3,,1
2002 / 01,Manhattan,9,15.1,260.5,,1
2002 / 01,Manhattan,10,17.4,178.8,,1
2002 / 01,Manhattan,11,16.1,163.8,,1
2002 / 01,Manhattan,12,36.6,699.6,,1
2002 / 01,Queens,1,803.4,667.8,,4
2002 / 01,Queens,2,661.3,554.7,,4
2002 / 01,Queens,3,427.6,616,,4
2002 / 01,Queens,4,408.6,489,,4
2002 / 01,Queens,5,968.5,862.5,,4
2002 / 01,Queens,6,588.6,409,,4
2002 / 01,Queens,7,1174.8,763.5,,4
2002 / 01,Queens,8,676.3,447.2,,4
2002 / 01,Queens,9,580.5,647.2,,4
2002 / 01,Queens,10,592.2,563.3,,4
2002 / 01,Queens,11,798.2,460.8,,4
2002 / 01,Queens,12,693.9,863.1,,4
2002 / 01,Queens,13,888.9,869.9,,4
2002 / 01,Queens,14,404.2,349.6,,4
2002 / 01,Staten Island,1,4.3,768.5,,5
2002 / 01,Staten Island,2,,603.1,,5
2002 / 01,Staten Island,3,,804.4,,5
2001 / 12,Bronx,1,250.3,211.8,,2
2001 / 12,Bronx,2,63,120.3,,2
2001 / 12,Bronx,3,75.3,109.7,,2
2001 / 12,Bronx,4,161.6,309.9,,2
2001 / 12,Bronx,5,192.1,400.4,,2
2001 / 12,Bronx,6,293.3,226.3,,2
2001 / 12,Bronx,7,250.2,489.7,,2
2001 / 12,Bronx,8,420.9,298.8,,2
2001 / 12,Bronx,9,231.4,320,,2
2001 / 12,Bronx,10,501.3,347.3,,2
2001 / 12,Bronx,11,456.7,358.3,,2
2001 / 12,Bronx,12,503,560.4,,2
2001 / 12,Brooklyn,1,461.5,458.7,,3
2001 / 12,Brooklyn,2,489.7,263.7,,3
2001 / 12,Brooklyn,3,265.5,329.4,,3
2001 / 12,Brooklyn,4,368.7,451.9,,3
2001 / 12,Brooklyn,5,347.6,480.4,,3
2001 / 12,Brooklyn,6,10.9,372.8,,3
2001 / 12,Brooklyn,7,11.5,486.6,,3
2001 / 12,Brooklyn,8,247.8,285.4,,3
2001 / 12,Brooklyn,9,263.3,320.5,,3
2001 / 12,Brooklyn,10,748.5,509.8,,3
2001 / 12,Brooklyn,11,839.5,595.7,,3
2001 / 12,Brooklyn,12,753.7,564.9,,3
2001 / 12,Brooklyn,13,86.1,252.3,,3
2001 / 12,Brooklyn,14,585.7,568.5,,3
2001 / 12,Brooklyn,15,857.7,537.1,,3
2001 / 12,Brooklyn,16,209,192.6,,3
2001 / 12,Brooklyn,17,433.8,524.3,,3
2001 / 12,Brooklyn,18,957.7,697,,3
2001 / 12,Manhattan,1,2.2,117,,1
2001 / 12,Manhattan,2,11.6,344.7,,1
2001 / 12,Manhattan,3,18.6,279,,1
2001 / 12,Manhattan,4,6.5,453.4,,1
2001 / 12,Manhattan,5,,144.7,,1
2001 / 12,Manhattan,6,9.3,698.8,,1
2001 / 12,Manhattan,7,8.8,769.7,,1
2001 / 12,Manhattan,8,9.3,819.4,,1
2001 / 12,Manhattan,9,8.8,275.5,,1
2001 / 12,Manhattan,10,9.4,179.5,,1
2001 / 12,Manhattan,11,9.4,161.6,,1
2001 / 12,Manhattan,12,25.2,670.2,,1
2001 / 12,Queens,1,866.9,602.2,,4
2001 / 12,Queens,2,795.6,519.9,,4
2001 / 12,Queens,3,595.2,568.1,,4
2001 / 12,Queens,4,516.6,447.3,,4
2001 / 12,Queens,5,1049,771.1,,4
2001 / 12,Queens,6,659.6,361.6,,4
2001 / 12,Queens,7,1214.5,687.3,,4
2001 / 12,Queens,8,656.9,392.6,,4
2001 / 12,Queens,9,656,563.7,,4
2001 / 12,Queens,10,656.9,515.5,,4
2001 / 12,Queens,11,800.6,382.9,,4
2001 / 12,Queens,12,664.7,779.6,,4
2001 / 12,Queens,13,895.2,767.8,,4
2001 / 12,Queens,14,437.1,338,,4
2001 / 12,Staten Island,1,,664.2,,5
2001 / 12,Staten Island,2,,503.5,,5
2001 / 12,Staten Island,3,,673.1,,5
2001 / 11,Bronx,1,308.3,226.9,,2
2001 / 11,Bronx,2,69.9,151,,2
2001 / 11,Bronx,3,61.2,105.3,,2
2001 / 11,Bronx,4,151.8,305.5,,2
2001 / 11,Bronx,5,189.5,398.8,,2
2001 / 11,Bronx,6,310.6,248,,2
2001 / 11,Bronx,7,273.8,513.6,,2
2001 / 11,Bronx,8,471.3,316.8,,2
2001 / 11,Bronx,9,222.6,326.1,,2
2001 / 11,Bronx,10,493.1,358.7,,2
2001 / 11,Bronx,11,430.2,380.9,,2
2001 / 11,Bronx,12,490.4,586.1,,2
2001 / 11,Brooklyn,1,516.8,485.3,,3
2001 / 11,Brooklyn,2,518,273.5,,3
2001 / 11,Brooklyn,3,267.7,343,,3
2001 / 11,Brooklyn,4,375.1,440.9,,3
2001 / 11,Brooklyn,5,308.5,501.4,,3
2001 / 11,Brooklyn,6,45.7,397,,3
2001 / 11,Brooklyn,7,22.4,524.1,,3
2001 / 11,Brooklyn,8,259.3,304.1,,3
2001 / 11,Brooklyn,9,286.7,348.4,,3
2001 / 11,Brooklyn,10,777.2,531.6,,3
2001 / 11,Brooklyn,11,876.7,638.3,,3
2001 / 11,Brooklyn,12,811.5,583.6,,3
2001 / 11,Brooklyn,13,104.9,296.1,,3
2001 / 11,Brooklyn,14,580.4,529.1,,3
2001 / 11,Brooklyn,15,849,564.5,,3
2001 / 11,Brooklyn,16,200.5,200.1,,3
2001 / 11,Brooklyn,17,441.2,527,,3
2001 / 11,Brooklyn,18,946.4,721.7,,3
2001 / 11,Manhattan,1,2.4,95.6,,1
2001 / 11,Manhattan,2,12.8,337.8,,1
2001 / 11,Manhattan,3,23.4,302.9,,1
2001 / 11,Manhattan,4,6.8,468.6,,1
2001 / 11,Manhattan,5,,158.7,,1
2001 / 11,Manhattan,6,12.1,738.5,,1
2001 / 11,Manhattan,7,10,807.8,,1
2001 / 11,Manhattan,8,12.2,849.9,,1
2001 / 11,Manhattan,9,10.1,284.3,,1
2001 / 11,Manhattan,10,13.2,200.4,,1
2001 / 11,Manhattan,11,13.2,169.8,,1
2001 / 11,Manhattan,12,28.3,704.8,,1
2001 / 11,Queens,1,921.6,608.8,,4
2001 / 11,Queens,2,758.9,540.1,,4
2001 / 11,Queens,3,562,620.5,,4
2001 / 11,Queens,4,488.3,477.9,,4
2001 / 11,Queens,5,1162.1,820.2,,4
2001 / 11,Queens,6,718.3,381.8,,4
2001 / 11,Queens,7,1282.2,720.9,,4
2001 / 11,Queens,8,715.1,388.5,,4
2001 / 11,Queens,9,635.4,590.5,,4
2001 / 11,Queens,10,597.8,534.4,,4
2001 / 11,Queens,11,782.4,400.1,,4
2001 / 11,Queens,12,699.6,816.8,,4
2001 / 11,Queens,13,911,802.5,,4
2001 / 11,Queens,14,390.7,372.4,,4
2001 / 11,Staten Island,1,,729.4,,5
2001 / 11,Staten Island,2,,544.9,,5
2001 / 11,Staten Island,3,,726.6,,5
2001 / 10,Bronx,1,301.3,234.1,,2
2001 / 10,Bronx,2,51.4,126.7,,2
2001 / 10,Bronx,3,72.2,118.9,,2
2001 / 10,Bronx,4,150,320,,2
2001 / 10,Bronx,5,173.9,407.5,,2
2001 / 10,Bronx,6,305.4,253.2,,2
2001 / 10,Bronx,7,275,543.9,,2
2001 / 10,Bronx,8,428.6,331.9,,2
2001 / 10,Bronx,9,205.2,327,,2
2001 / 10,Bronx,10,469.6,374.2,,2
2001 / 10,Bronx,11,420.2,402.2,,2
2001 / 10,Bronx,12,468.1,605.3,,2
2001 / 10,Brooklyn,1,451.2,518,,3
2001 / 10,Brooklyn,2,550.4,273.4,,3
2001 / 10,Brooklyn,3,261.8,357.5,,3
2001 / 10,Brooklyn,4,344.2,457.1,,3
2001 / 10,Brooklyn,5,316.2,541.1,,3
2001 / 10,Brooklyn,6,585.4,389.3,,3
2001 / 10,Brooklyn,7,12.2,521.2,,3
2001 / 10,Brooklyn,8,269.5,326.7,,3
2001 / 10,Brooklyn,9,243,325.2,,3
2001 / 10,Brooklyn,10,317.2,554.9,,3
2001 / 10,Brooklyn,11,908.4,651,,3
2001 / 10,Brooklyn,12,760.4,664.2,,3
2001 / 10,Brooklyn,13,85.8,304.3,,3
2001 / 10,Brooklyn,14,589,561.7,,3
2001 / 10,Brooklyn,15,909.6,617,,3
2001 / 10,Brooklyn,16,204.1,210.8,,3
2001 / 10,Brooklyn,17,406.5,534.1,,3
2001 / 10,Brooklyn,18,876.5,732.5,,3
2001 / 10,Manhattan,1,3.9,92.3,,1
2001 / 10,Manhattan,2,14,341.4,,1
2001 / 10,Manhattan,3,39,293.8,,1
2001 / 10,Manhattan,4,10.7,448.1,,1
2001 / 10,Manhattan,5,,130.1,,1
2001 / 10,Manhattan,6,16.1,682.4,,1
2001 / 10,Manhattan,7,21.3,795.7,,1
2001 / 10,Manhattan,8,16.3,838.5,,1
2001 / 10,Manhattan,9,20.9,270.5,,1
2001 / 10,Manhattan,10,17.3,168.3,,1
2001 / 10,Manhattan,11,17.1,150.6,,1
2001 / 10,Manhattan,12,34.8,651.6,,1
2001 / 10,Queens,1,848.1,642.1,,4
2001 / 10,Queens,2,794.7,527.4,,4
2001 / 10,Queens,3,500.8,581.4,,4
2001 / 10,Queens,4,451.5,459.4,,4
2001 / 10,Queens,5,1027.6,824.4,,4
2001 / 10,Queens,6,674.1,387.5,,4
2001 / 10,Queens,7,1173.8,742.5,,4
2001 / 10,Queens,8,684.8,442.1,,4
2001 / 10,Queens,9,627.6,626.1,,4
2001 / 10,Queens,10,587.1,564.5,,4
2001 / 10,Queens,11,795.4,446,,4
2001 / 10,Queens,12,670.1,845.9,,4
2001 / 10,Queens,13,865.2,861.2,,4
2001 / 10,Queens,14,430.4,358.1,,4
2001 / 10,Staten Island,1,,747.2,,5
2001 / 10,Staten Island,2,,571.1,,5
2001 / 10,Staten Island,3,,723.1,,5
2001 / 09,Bronx,1,293.7,209.6,,2
2001 / 09,Bronx,2,55.8,130.3,,2
2001 / 09,Bronx,3,65,105,,2
2001 / 09,Bronx,4,145,299.9,,2
2001 / 09,Bronx,5,168.3,389,,2
2001 / 09,Bronx,6,276.4,232.8,,2
2001 / 09,Bronx,7,245.1,493.8,,2
2001 / 09,Bronx,8,396.5,312.7,,2
2001 / 09,Bronx,9,201.9,330.2,,2
2001 / 09,Bronx,10,442.7,367.1,,2
2001 / 09,Bronx,11,401.5,380.2,,2
2001 / 09,Bronx,12,454.7,597.1,,2
2001 / 09,Brooklyn,1,424.2,492.5,,3
2001 / 09,Brooklyn,2,440.7,264.1,,3
2001 / 09,Brooklyn,3,222,352.9,,3
2001 / 09,Brooklyn,4,327.5,450.7,,3
2001 / 09,Brooklyn,5,276.7,529.3,,3
2001 / 09,Brooklyn,6,523,386.7,,3
2001 / 09,Brooklyn,7,37.4,510.7,,3
2001 / 09,Brooklyn,8,219.3,301.4,,3
2001 / 09,Brooklyn,9,207.4,339.4,,3
2001 / 09,Brooklyn,10,38,500.6,,3
2001 / 09,Brooklyn,11,742.5,612.3,,3
2001 / 09,Brooklyn,12,736.4,614.8,,3
2001 / 09,Brooklyn,13,108.2,281.6,,3
2001 / 09,Brooklyn,14,533.2,557.5,,3
2001 / 09,Brooklyn,15,742.1,582.5,,3
2001 / 09,Brooklyn,16,178,219,,3
2001 / 09,Brooklyn,17,370.2,537.8,,3
2001 / 09,Brooklyn,18,788.6,728.6,,3
2001 / 09,Manhattan,1,4.1,81.1,,1
2001 / 09,Manhattan,2,39.9,305.8,,1
2001 / 09,Manhattan,3,106.9,286.5,,1
2001 / 09,Manhattan,4,127.2,446,,1
2001 / 09,Manhattan,5,19.1,136.3,,1
2001 / 09,Manhattan,6,62.1,640,,1
2001 / 09,Manhattan,7,22.5,730.7,,1
2001 / 09,Manhattan,8,168.7,785.3,,1
2001 / 09,Manhattan,9,79,295.7,,1
2001 / 09,Manhattan,10,,182.6,,1
2001 / 09,Manhattan,11,37.1,153.1,,1
2001 / 09,Manhattan,12,38.4,677.4,,1
2001 / 09,Queens,1,840.6,596.4,,4
2001 / 09,Queens,2,650.9,501.4,,4
2001 / 09,Queens,3,502.1,567.9,,4
2001 / 09,Queens,4,454.5,469.4,,4
2001 / 09,Queens,5,867.8,770.4,,4
2001 / 09,Queens,6,569.1,368.8,,4
2001 / 09,Queens,7,1142.3,711.3,,4
2001 / 09,Queens,8,661.4,387.4,,4
2001 / 09,Queens,9,599.9,603.6,,4
2001 / 09,Queens,10,556.9,541.4,,4
2001 / 09,Queens,11,756.9,401,,4
2001 / 09,Queens,12,654.5,844.3,,4
2001 / 09,Queens,13,845.5,819.5,,4
2001 / 09,Queens,14,384.1,360.3,,4
2001 / 09,Staten Island,1,,701.4,,5
2001 / 09,Staten Island,2,,522.7,,5
2001 / 09,Staten Island,3,,709.2,,5
2001 / 08,Bronx,1,265.6,240,,2
2001 / 08,Bronx,2,67,169,,2
2001 / 08,Bronx,3,52.6,119.7,,2
2001 / 08,Bronx,4,129.3,326.9,,2
2001 / 08,Bronx,5,138.8,425.2,,2
2001 / 08,Bronx,6,294.3,283.1,,2
2001 / 08,Bronx,7,251.5,570.2,,2
2001 / 08,Bronx,8,383.9,332.4,,2
2001 / 08,Bronx,9,204.3,373.1,,2
2001 / 08,Bronx,10,455.1,403.4,,2
2001 / 08,Bronx,11,397.7,426.1,,2
2001 / 08,Bronx,12,467.8,668.6,,2
2001 / 08,Brooklyn,1,383.8,511.4,,3
2001 / 08,Brooklyn,2,460,302.5,,3
2001 / 08,Brooklyn,3,222.3,401.8,,3
2001 / 08,Brooklyn,4,344.1,503.9,,3
2001 / 08,Brooklyn,5,280.2,589.3,,3
2001 / 08,Brooklyn,6,660,408.2,,3
2001 / 08,Brooklyn,7,3.8,565.1,,3
2001 / 08,Brooklyn,8,257.7,393.4,,3
2001 / 08,Brooklyn,9,206.6,378.4,,3
2001 / 08,Brooklyn,10,7.7,535.1,,3
2001 / 08,Brooklyn,11,763.2,662.4,,3
2001 / 08,Brooklyn,12,625.9,572.3,,3
2001 / 08,Brooklyn,13,70.4,322.7,,3
2001 / 08,Brooklyn,14,474.9,537,,3
2001 / 08,Brooklyn,15,639.5,593,,3
2001 / 08,Brooklyn,16,194.2,221.6,,3
2001 / 08,Brooklyn,17,384.9,640.9,,3
2001 / 08,Brooklyn,18,804.9,805.2,,3
2001 / 08,Manhattan,1,3.6,95.7,,1
2001 / 08,Manhattan,2,3.6,318.2,,1
2001 / 08,Manhattan,3,15.8,342,,1
2001 / 08,Manhattan,4,3.9,504.6,,1
2001 / 08,Manhattan,5,,149.6,,1
2001 / 08,Manhattan,6,,731.5,,1
2001 / 08,Manhattan,7,3.6,763.2,,1
2001 / 08,Manhattan,8,,779.9,,1
2001 / 08,Manhattan,9,,302.4,,1
2001 / 08,Manhattan,10,,212.3,,1
2001 / 08,Manhattan,11,,174.4,,1
2001 / 08,Manhattan,12,,767.7,,1
2001 / 08,Queens,1,761.5,618.5,,4
2001 / 08,Queens,2,698.4,557.2,,4
2001 / 08,Queens,3,495.6,637.8,,4
2001 / 08,Queens,4,456.6,520.4,,4
2001 / 08,Queens,5,943.7,841,,4
2001 / 08,Queens,6,575.1,391,,4
2001 / 08,Queens,7,1137.8,794.4,,4
2001 / 08,Queens,8,607.4,445.9,,4
2001 / 08,Queens,9,579.8,671.5,,4
2001 / 08,Queens,10,527,607.5,,4
2001 / 08,Queens,11,700.3,445.2,,4
2001 / 08,Queens,12,647,962.9,,4
2001 / 08,Queens,13,890.5,914.8,,4
2001 / 08,Queens,14,411.9,424.1,,4
2001 / 08,Staten Island,1,,803.2,,5
2001 / 08,Staten Island,2,,577.7,,5
2001 / 08,Staten Island,3,,787.4,,5
2001 / 07,Bronx,1,267.8,233,,2
2001 / 07,Bronx,2,54.7,129.6,,2
2001 / 07,Bronx,3,45.3,96.6,,2
2001 / 07,Bronx,4,144.6,317.7,,2
2001 / 07,Bronx,5,153.5,411.8,,2
2001 / 07,Bronx,6,270.6,236.4,,2
2001 / 07,Bronx,7,249.2,525.1,,2
2001 / 07,Bronx,8,370.2,317.8,,2
2001 / 07,Bronx,9,186.1,360.1,,2
2001 / 07,Bronx,10,393.2,398.4,,2
2001 / 07,Bronx,11,368.1,416.8,,2
2001 / 07,Bronx,12,424.1,665.3,,2
2001 / 07,Brooklyn,1,326.4,482.8,,3
2001 / 07,Brooklyn,2,383.9,255.8,,3
2001 / 07,Brooklyn,3,207.5,383.1,,3
2001 / 07,Brooklyn,4,300,455.2,,3
2001 / 07,Brooklyn,5,297.8,586.8,,3
2001 / 07,Brooklyn,6,547.7,386.8,,3
2001 / 07,Brooklyn,7,31.7,552.9,,3
2001 / 07,Brooklyn,8,207.7,304,,3
2001 / 07,Brooklyn,9,204.1,327.5,,3
2001 / 07,Brooklyn,10,11.7,547.2,,3
2001 / 07,Brooklyn,11,789.7,629.5,,3
2001 / 07,Brooklyn,12,579.1,557.5,,3
2001 / 07,Brooklyn,13,174.1,311.9,,3
2001 / 07,Brooklyn,14,496.8,534.8,,3
2001 / 07,Brooklyn,15,668.6,583.7,,3
2001 / 07,Brooklyn,16,197.1,195.8,,3
2001 / 07,Brooklyn,17,385.6,629.2,,3
2001 / 07,Brooklyn,18,766.9,802.2,,3
2001 / 07,Manhattan,1,3.6,97.5,,1
2001 / 07,Manhattan,2,3.5,300.5,,1
2001 / 07,Manhattan,3,22.8,278.4,,1
2001 / 07,Manhattan,4,3.9,421.4,,1
2001 / 07,Manhattan,5,,124.3,,1
2001 / 07,Manhattan,6,,627.4,,1
2001 / 07,Manhattan,7,3.2,717.3,,1
2001 / 07,Manhattan,8,,693.8,,1
2001 / 07,Manhattan,9,,251.6,,1
2001 / 07,Manhattan,10,,185.8,,1
2001 / 07,Manhattan,11,,157.5,,1
2001 / 07,Manhattan,12,,653.3,,1
2001 / 07,Queens,1,652.4,626.1,,4
2001 / 07,Queens,2,617.7,509.9,,4
2001 / 07,Queens,3,434.9,582,,4
2001 / 07,Queens,4,398.1,483.6,,4
2001 / 07,Queens,5,788.1,792.8,,4
2001 / 07,Queens,6,517.6,366.9,,4
2001 / 07,Queens,7,957.3,761.1,,4
2001 / 07,Queens,8,542,396.3,,4
2001 / 07,Queens,9,483.5,673.5,,4
2001 / 07,Queens,10,536.3,636.8,,4
2001 / 07,Queens,11,630,439.1,,4
2001 / 07,Queens,12,617.2,973.6,,4
2001 / 07,Queens,13,701.8,954.3,,4
2001 / 07,Queens,14,400,404,,4
2001 / 07,Staten Island,1,,799.5,,5
2001 / 07,Staten Island,2,,592.6,,5
2001 / 07,Staten Island,3,,786.9,,5
2001 / 06,Bronx,1,341.9,240.7,,2
2001 / 06,Bronx,2,69.7,151.9,,2
2001 / 06,Bronx,3,81.6,112.8,,2
2001 / 06,Bronx,4,152.9,326.7,,2
2001 / 06,Bronx,5,179.6,440.5,,2
2001 / 06,Bronx,6,309.8,252.5,,2
2001 / 06,Bronx,7,267.5,551.8,,2
2001 / 06,Bronx,8,436.9,317.8,,2
2001 / 06,Bronx,9,238.1,401.9,,2
2001 / 06,Bronx,10,488.3,429.2,,2
2001 / 06,Bronx,11,445.8,442.4,,2
2001 / 06,Bronx,12,502.6,700,,2
2001 / 06,Brooklyn,1,441.2,544.7,,3
2001 / 06,Brooklyn,2,480.6,286.3,,3
2001 / 06,Brooklyn,3,251.8,409.2,,3
2001 / 06,Brooklyn,4,362.2,518.5,,3
2001 / 06,Brooklyn,5,322.6,598.3,,3
2001 / 06,Brooklyn,6,767,425.2,,3
2001 / 06,Brooklyn,7,465.8,558.7,,3
2001 / 06,Brooklyn,8,233.3,317.7,,3
2001 / 06,Brooklyn,9,263.3,347.2,,3
2001 / 06,Brooklyn,10,783,589.8,,3
2001 / 06,Brooklyn,11,854.6,693.4,,3
2001 / 06,Brooklyn,12,750.3,639,,3
2001 / 06,Brooklyn,13,378.1,318.9,,3
2001 / 06,Brooklyn,14,605.2,590.7,,3
2001 / 06,Brooklyn,15,892.8,644,,3
2001 / 06,Brooklyn,16,220.1,220.1,,3
2001 / 06,Brooklyn,17,416.6,604.9,,3
2001 / 06,Brooklyn,18,906.2,836.7,,3
2001 / 06,Manhattan,1,,136.5,,1
2001 / 06,Manhattan,2,17,353.5,,1
2001 / 06,Manhattan,3,36.8,322,,1
2001 / 06,Manhattan,4,16.8,490.8,,1
2001 / 06,Manhattan,5,,152.4,,1
2001 / 06,Manhattan,6,3,681.9,,1
2001 / 06,Manhattan,7,22.2,784.5,,1
2001 / 06,Manhattan,8,,833.7,,1
2001 / 06,Manhattan,9,6.9,288.7,,1
2001 / 06,Manhattan,10,,203.5,,1
2001 / 06,Manhattan,11,,188.9,,1
2001 / 06,Manhattan,12,,724.7,,1
2001 / 06,Queens,1,845.8,644.7,,4
2001 / 06,Queens,2,741.1,547.4,,4
2001 / 06,Queens,3,546.1,631.2,,4
2001 / 06,Queens,4,483.7,522.3,,4
2001 / 06,Queens,5,1024.3,853.8,,4
2001 / 06,Queens,6,652.6,386.5,,4
2001 / 06,Queens,7,1209.9,815.6,,4
2001 / 06,Queens,8,710.9,448,,4
2001 / 06,Queens,9,658.2,709.9,,4
2001 / 06,Queens,10,606.4,655.5,,4
2001 / 06,Queens,11,788,465.2,,4
2001 / 06,Queens,12,692.1,972.7,,4
2001 / 06,Queens,13,907.8,984.2,,4
2001 / 06,Queens,14,470.5,420.9,,4
2001 / 06,Staten Island,1,,859.1,,5
2001 / 06,Staten Island,2,,608.4,,5
2001 / 06,Staten Island,3,,864.9,,5
2001 / 05,Bronx,1,325.4,241.3,,2
2001 / 05,Bronx,2,94.5,145.2,,2
2001 / 05,Bronx,3,76.7,124.2,,2
2001 / 05,Bronx,4,163.4,300.8,,2
2001 / 05,Bronx,5,199.3,415.1,,2
2001 / 05,Bronx,6,339.6,296.1,,2
2001 / 05,Bronx,7,296.3,535.9,,2
2001 / 05,Bronx,8,453.7,331.8,,2
2001 / 05,Bronx,9,227.6,384.9,,2
2001 / 05,Bronx,10,477.1,402,,2
2001 / 05,Bronx,11,428.7,421.4,,2
2001 / 05,Bronx,12,490.8,631,,2
2001 / 05,Brooklyn,1,422.9,507.7,,3
2001 / 05,Brooklyn,2,505.4,300.5,,3
2001 / 05,Brooklyn,3,223.1,352.7,,3
2001 / 05,Brooklyn,4,366.2,462.7,,3
2001 / 05,Brooklyn,5,286.5,543.9,,3
2001 / 05,Brooklyn,6,708.3,390.7,,3
2001 / 05,Brooklyn,7,465.9,524.9,,3
2001 / 05,Brooklyn,8,272,339.6,,3
2001 / 05,Brooklyn,9,254.3,321.9,,3
2001 / 05,Brooklyn,10,767.7,538,,3
2001 / 05,Brooklyn,11,819.5,657.4,,3
2001 / 05,Brooklyn,12,714.6,600.7,,3
2001 / 05,Brooklyn,13,385.1,302.2,,3
2001 / 05,Brooklyn,14,528.1,504.6,,3
2001 / 05,Brooklyn,15,854.7,597.7,,3
2001 / 05,Brooklyn,16,202.8,213,,3
2001 / 05,Brooklyn,17,404.9,547.8,,3
2001 / 05,Brooklyn,18,869.1,786.3,,3
2001 / 05,Manhattan,1,,135.3,,1
2001 / 05,Manhattan,2,2,324.5,,1
2001 / 05,Manhattan,3,4.1,330.8,,1
2001 / 05,Manhattan,4,1.9,466.1,,1
2001 / 05,Manhattan,5,,138.8,,1
2001 / 05,Manhattan,6,1,708.6,,1
2001 / 05,Manhattan,7,2.7,749.4,,1
2001 / 05,Manhattan,8,,834.1,,1
2001 / 05,Manhattan,9,,276.4,,1
2001 / 05,Manhattan,10,,175,,1
2001 / 05,Manhattan,11,,158.7,,1
2001 / 05,Manhattan,12,,683.2,,1
2001 / 05,Queens,1,766.3,624.3,,4
2001 / 05,Queens,2,726.7,521.3,,4
2001 / 05,Queens,3,499,578.9,,4
2001 / 05,Queens,4,434.8,477.7,,4
2001 / 05,Queens,5,967.6,805.2,,4
2001 / 05,Queens,6,629.7,365.4,,4
2001 / 05,Queens,7,1112,759.9,,4
2001 / 05,Queens,8,644,394.3,,4
2001 / 05,Queens,9,587.5,674.4,,4
2001 / 05,Queens,10,550,601.4,,4
2001 / 05,Queens,11,741.5,449.2,,4
2001 / 05,Queens,12,622.8,889.7,,4
2001 / 05,Queens,13,867.5,931.3,,4
2001 / 05,Queens,14,420.4,378.7,,4
2001 / 05,Staten Island,1,,808.2,,5
2001 / 05,Staten Island,2,,598.5,,5
2001 / 05,Staten Island,3,,830.7,,5
2001 / 04,Bronx,1,299.5,231.9,,2
2001 / 04,Bronx,2,64.4,127.5,,2
2001 / 04,Bronx,3,60.7,95.1,,2
2001 / 04,Bronx,4,149.8,303.5,,2
2001 / 04,Bronx,5,176,390.3,,2
2001 / 04,Bronx,6,299.9,233.3,,2
2001 / 04,Bronx,7,246.6,484.4,,2
2001 / 04,Bronx,8,384.4,303.6,,2
2001 / 04,Bronx,9,204.4,342.3,,2
2001 / 04,Bronx,10,423.8,365.7,,2
2001 / 04,Bronx,11,396.5,395.6,,2
2001 / 04,Bronx,12,446.4,584.5,,2
2001 / 04,Brooklyn,1,409.4,491.1,,3
2001 / 04,Brooklyn,2,422.7,247.2,,3
2001 / 04,Brooklyn,3,212.6,318.7,,3
2001 / 04,Brooklyn,4,336.5,432.8,,3
2001 / 04,Brooklyn,5,286,504.3,,3
2001 / 04,Brooklyn,6,675.4,369.2,,3
2001 / 04,Brooklyn,7,449.1,480.6,,3
2001 / 04,Brooklyn,8,228.1,277.4,,3
2001 / 04,Brooklyn,9,237.1,297.8,,3
2001 / 04,Brooklyn,10,739.6,487.2,,3
2001 / 04,Brooklyn,11,774,601.8,,3
2001 / 04,Brooklyn,12,798,707,,3
2001 / 04,Brooklyn,13,325.6,286.3,,3
2001 / 04,Brooklyn,14,548.7,545.9,,3
2001 / 04,Brooklyn,15,840.3,585.1,,3
2001 / 04,Brooklyn,16,187.1,177,,3
2001 / 04,Brooklyn,17,391,504.5,,3
2001 / 04,Brooklyn,18,854.2,711.9,,3
2001 / 04,Manhattan,1,,103.7,,1
2001 / 04,Manhattan,2,,322.1,,1
2001 / 04,Manhattan,3,,270.5,,1
2001 / 04,Manhattan,4,,427.7,,1
2001 / 04,Manhattan,5,,131.3,,1
2001 / 04,Manhattan,6,,625,,1
2001 / 04,Manhattan,7,,732.5,,1
2001 / 04,Manhattan,8,,757.7,,1
2001 / 04,Manhattan,9,,254.8,,1
2001 / 04,Manhattan,10,,169,,1
2001 / 04,Manhattan,11,,146.8,,1
2001 / 04,Manhattan,12,,593.9,,1
2001 / 04,Queens,1,733.9,595.8,,4
2001 / 04,Queens,2,695.7,472.7,,4
2001 / 04,Queens,3,462.2,542.8,,4
2001 / 04,Queens,4,411.4,435.2,,4
2001 / 04,Queens,5,896,735.3,,4
2001 / 04,Queens,6,578.2,351.6,,4
2001 / 04,Queens,7,1062.9,728.3,,4
2001 / 04,Queens,8,629.7,377.9,,4
2001 / 04,Queens,9,585.9,630.4,,4
2001 / 04,Queens,10,535.4,550.8,,4
2001 / 04,Queens,11,716,431.9,,4
2001 / 04,Queens,12,619.5,811.7,,4
2001 / 04,Queens,13,833.9,803.8,,4
2001 / 04,Queens,14,390.4,334,,4
2001 / 04,Staten Island,1,,734.1,,5
2001 / 04,Staten Island,2,,550.9,,5
2001 / 04,Staten Island,3,,724.3,,5
2001 / 03,Bronx,1,339.9,248.8,,2
2001 / 03,Bronx,2,70.9,158.1,,2
2001 / 03,Bronx,3,55.9,97.3,,2
2001 / 03,Bronx,4,170.9,314.2,,2
2001 / 03,Bronx,5,188.1,396.9,,2
2001 / 03,Bronx,6,314.9,246.7,,2
2001 / 03,Bronx,7,279.8,506.4,,2
2001 / 03,Bronx,8,444.2,308,,2
2001 / 03,Bronx,9,234,362.5,,2
2001 / 03,Bronx,10,497.9,367.2,,2
2001 / 03,Bronx,11,436.7,387.7,,2
2001 / 03,Bronx,12,477.3,568.7,,2
2001 / 03,Brooklyn,1,470.7,522.9,,3
2001 / 03,Brooklyn,2,504.9,283.6,,3
2001 / 03,Brooklyn,3,252.6,342.7,,3
2001 / 03,Brooklyn,4,356.6,477.3,,3
2001 / 03,Brooklyn,5,312.2,484.9,,3
2001 / 03,Brooklyn,6,805,399.4,,3
2001 / 03,Brooklyn,7,481.4,499.7,,3
2001 / 03,Brooklyn,8,268.1,304.7,,3
2001 / 03,Brooklyn,9,283,338.2,,3
2001 / 03,Brooklyn,10,792.1,485.4,,3
2001 / 03,Brooklyn,11,868.4,616.6,,3
2001 / 03,Brooklyn,12,913.4,664.4,,3
2001 / 03,Brooklyn,13,377,276.8,,3
2001 / 03,Brooklyn,14,597.8,533.4,,3
2001 / 03,Brooklyn,15,923.2,566.3,,3
2001 / 03,Brooklyn,16,225.5,193.4,,3
2001 / 03,Brooklyn,17,413.6,483.8,,3
2001 / 03,Brooklyn,18,934.9,679.6,,3
2001 / 03,Manhattan,1,,130.6,,1
2001 / 03,Manhattan,2,,349.3,,1
2001 / 03,Manhattan,3,,291.9,,1
2001 / 03,Manhattan,4,0.4,498.9,,1
2001 / 03,Manhattan,5,,164.4,,1
2001 / 03,Manhattan,6,,733.3,,1
2001 / 03,Manhattan,7,,794.3,,1
2001 / 03,Manhattan,8,,861.1,,1
2001 / 03,Manhattan,9,,294.9,,1
2001 / 03,Manhattan,10,,212.3,,1
2001 / 03,Manhattan,11,,194.6,,1
2001 / 03,Manhattan,12,,706.3,,1
2001 / 03,Queens,1,815.6,603.8,,4
2001 / 03,Queens,2,777.3,535.8,,4
2001 / 03,Queens,3,540.3,578.2,,4
2001 / 03,Queens,4,453.4,462.2,,4
2001 / 03,Queens,5,1059.4,748.6,,4
2001 / 03,Queens,6,613.3,355.2,,4
2001 / 03,Queens,7,1158.1,740.4,,4
2001 / 03,Queens,8,703.2,381.5,,4
2001 / 03,Queens,9,585.8,605.5,,4
2001 / 03,Queens,10,587.6,497.3,,4
2001 / 03,Queens,11,734.5,405.3,,4
2001 / 03,Queens,12,681.9,755,,4
2001 / 03,Queens,13,906.1,724,,4
2001 / 03,Queens,14,440.7,355.1,,4
2001 / 03,Staten Island,1,,694.8,,5
2001 / 03,Staten Island,2,,498,,5
2001 / 03,Staten Island,3,,717.5,,5
2001 / 02,Bronx,1,269.6,208.1,,2
2001 / 02,Bronx,2,59.2,117.2,,2
2001 / 02,Bronx,3,50.5,89.3,,2
2001 / 02,Bronx,4,132.7,257.7,,2
2001 / 02,Bronx,5,142.6,330.6,,2
2001 / 02,Bronx,6,267.6,210.6,,2
2001 / 02,Bronx,7,234.2,442.8,,2
2001 / 02,Bronx,8,369.8,269.6,,2
2001 / 02,Bronx,9,183.1,290,,2
2001 / 02,Bronx,10,395.9,308.9,,2
2001 / 02,Bronx,11,350.6,328.8,,2
2001 / 02,Bronx,12,396.5,487.8,,2
2001 / 02,Brooklyn,1,360.8,400.3,,3
2001 / 02,Brooklyn,2,391.7,238.2,,3
2001 / 02,Brooklyn,3,193,273.7,,3
2001 / 02,Brooklyn,4,285.4,361.3,,3
2001 / 02,Brooklyn,5,256.4,424.6,,3
2001 / 02,Brooklyn,6,634.8,331.7,,3
2001 / 02,Brooklyn,7,403.8,425.5,,3
2001 / 02,Brooklyn,8,213.1,259.6,,3
2001 / 02,Brooklyn,9,223.5,260.8,,3
2001 / 02,Brooklyn,10,671.5,430.7,,3
2001 / 02,Brooklyn,11,694.4,503.3,,3
2001 / 02,Brooklyn,12,678.9,483.8,,3
2001 / 02,Brooklyn,13,295.6,232.1,,3
2001 / 02,Brooklyn,14,481,425.5,,3
2001 / 02,Brooklyn,15,751.6,454.6,,3
2001 / 02,Brooklyn,16,176.8,170.3,,3
2001 / 02,Brooklyn,17,361.2,408.4,,3
2001 / 02,Brooklyn,18,763.6,564.1,,3
2001 / 02,Manhattan,1,,96,,1
2001 / 02,Manhattan,2,,301.4,,1
2001 / 02,Manhattan,3,,242.7,,1
2001 / 02,Manhattan,4,,425.3,,1
2001 / 02,Manhattan,5,,136.5,,1
2001 / 02,Manhattan,6,,594.4,,1
2001 / 02,Manhattan,7,0.2,686.7,,1
2001 / 02,Manhattan,8,,740.2,,1
2001 / 02,Manhattan,9,,242.8,,1
2001 / 02,Manhattan,10,,155.9,,1
2001 / 02,Manhattan,11,,146.2,,1
2001 / 02,Manhattan,12,,591.1,,1
2001 / 02,Queens,1,685.6,518,,4
2001 / 02,Queens,2,594.4,424.2,,4
2001 / 02,Queens,3,422.3,480.2,,4
2001 / 02,Queens,4,365.4,380.4,,4
2001 / 02,Queens,5,869.5,603.4,,4
2001 / 02,Queens,6,495.7,290.9,,4
2001 / 02,Queens,7,938.6,605.8,,4
2001 / 02,Queens,8,574.4,303.5,,4
2001 / 02,Queens,9,507.8,493.4,,4
2001 / 02,Queens,10,499.2,399.5,,4
2001 / 02,Queens,11,626.4,338.8,,4
2001 / 02,Queens,12,572.1,625.8,,4
2001 / 02,Queens,13,772.6,584,,4
2001 / 02,Queens,14,358.8,279.9,,4
2001 / 02,Staten Island,1,,577.1,,5
2001 / 02,Staten Island,2,,415.2,,5
2001 / 02,Staten Island,3,0.5,605.2,,5
2001 / 01,Bronx,1,304.6,227.7,,2
2001 / 01,Bronx,2,53.8,116.7,,2
2001 / 01,Bronx,3,62.5,100.2,,2
2001 / 01,Bronx,4,171,301.3,,2
2001 / 01,Bronx,5,188.9,403.6,,2
2001 / 01,Bronx,6,266.9,235.7,,2
2001 / 01,Bronx,7,299.4,526.5,,2
2001 / 01,Bronx,8,426.6,325.8,,2
2001 / 01,Bronx,9,234.3,343.6,,2
2001 / 01,Bronx,10,498.4,381.1,,2
2001 / 01,Bronx,11,448.7,398.6,,2
2001 / 01,Bronx,12,479.8,590.1,,2
2001 / 01,Brooklyn,1,463.6,492.8,,3
2001 / 01,Brooklyn,2,491.3,276.5,,3
2001 / 01,Brooklyn,3,236.7,332.2,,3
2001 / 01,Brooklyn,4,321.7,412.5,,3
2001 / 01,Brooklyn,5,341.3,537.5,,3
2001 / 01,Brooklyn,6,784.8,410.3,,3
2001 / 01,Brooklyn,7,535.9,534.2,,3
2001 / 01,Brooklyn,8,234.4,291.5,,3
2001 / 01,Brooklyn,9,258.6,300.5,,3
2001 / 01,Brooklyn,10,871.8,539.3,,3
2001 / 01,Brooklyn,11,906.9,665.5,,3
2001 / 01,Brooklyn,12,806.4,621.8,,3
2001 / 01,Brooklyn,13,340.8,266.8,,3
2001 / 01,Brooklyn,14,645,541.8,,3
2001 / 01,Brooklyn,15,935.2,561.2,,3
2001 / 01,Brooklyn,16,219.1,187.9,,3
2001 / 01,Brooklyn,17,419.4,492.7,,3
2001 / 01,Brooklyn,18,952.6,703.1,,3
2001 / 01,Manhattan,1,,124.8,,1
2001 / 01,Manhattan,2,,366.5,,1
2001 / 01,Manhattan,3,,281.6,,1
2001 / 01,Manhattan,4,15.8,471.4,,1
2001 / 01,Manhattan,5,,144.1,,1
2001 / 01,Manhattan,6,1.5,692.3,,1
2001 / 01,Manhattan,7,,837,,1
2001 / 01,Manhattan,8,,887.7,,1
2001 / 01,Manhattan,9,,249.2,,1
2001 / 01,Manhattan,10,,156.9,,1
2001 / 01,Manhattan,11,,156.4,,1
2001 / 01,Manhattan,12,,659.1,,1
2001 / 01,Queens,1,884.1,695.6,,4
2001 / 01,Queens,2,724,516,,4
2001 / 01,Queens,3,499.7,575.5,,4
2001 / 01,Queens,4,471.1,462.3,,4
2001 / 01,Queens,5,1046.1,780,,4
2001 / 01,Queens,6,619.2,374.5,,4
2001 / 01,Queens,7,1192.2,746.1,,4
2001 / 01,Queens,8,648.4,374.7,,4
2001 / 01,Queens,9,660.7,627.3,,4
2001 / 01,Queens,10,593.9,513,,4
2001 / 01,Queens,11,772.8,433,,4
2001 / 01,Queens,12,604.5,754.1,,4
2001 / 01,Queens,13,838.6,718.7,,4
2001 / 01,Queens,14,420.2,307.7,,4
2001 / 01,Staten Island,1,,727.5,,5
2001 / 01,Staten Island,2,,536.6,,5
2001 / 01,Staten Island,3,,765.7,,5
2000 / 12,Bronx,1,302,207,,2
2000 / 12,Bronx,2,84.7,148.1,,2
2000 / 12,Bronx,3,68.5,88.7,,2
2000 / 12,Bronx,4,158.6,267.2,,2
2000 / 12,Bronx,5,181.5,350.9,,2
2000 / 12,Bronx,6,299.4,215.4,,2
2000 / 12,Bronx,7,282.4,463.3,,2
2000 / 12,Bronx,8,441.3,268.6,,2
2000 / 12,Bronx,9,231.2,307.9,,2
2000 / 12,Bronx,10,504.5,326.8,,2
2000 / 12,Bronx,11,433.7,356.1,,2
2000 / 12,Bronx,12,500,515.2,,2
2000 / 12,Brooklyn,1,422.7,440.1,,3
2000 / 12,Brooklyn,2,495.1,262.2,,3
2000 / 12,Brooklyn,3,244.6,299.9,,3
2000 / 12,Brooklyn,4,356.6,422.5,,3
2000 / 12,Brooklyn,5,310.1,424.8,,3
2000 / 12,Brooklyn,6,772.6,369.8,,3
2000 / 12,Brooklyn,7,472.3,455,,3
2000 / 12,Brooklyn,8,291.4,288.2,,3
2000 / 12,Brooklyn,9,313.1,328.8,,3
2000 / 12,Brooklyn,10,841.8,457,,3
2000 / 12,Brooklyn,11,851.7,568.1,,3
2000 / 12,Brooklyn,12,737.6,513.1,,3
2000 / 12,Brooklyn,13,355.6,259.5,,3
2000 / 12,Brooklyn,14,555.5,463.5,,3
2000 / 12,Brooklyn,15,890.4,473.3,,3
2000 / 12,Brooklyn,16,211.7,184.8,,3
2000 / 12,Brooklyn,17,429.3,469.9,,3
2000 / 12,Brooklyn,18,972.3,624,,3
2000 / 12,Manhattan,1,,99.9,,1
2000 / 12,Manhattan,2,,317.4,,1
2000 / 12,Manhattan,3,,267.9,,1
2000 / 12,Manhattan,4,,476,,1
2000 / 12,Manhattan,5,,152.4,,1
2000 / 12,Manhattan,6,6.5,663.9,,1
2000 / 12,Manhattan,7,,727.7,,1
2000 / 12,Manhattan,8,,773.9,,1
2000 / 12,Manhattan,9,,267.2,,1
2000 / 12,Manhattan,10,,186.9,,1
2000 / 12,Manhattan,11,,174.3,,1
2000 / 12,Manhattan,12,,661.4,,1
2000 / 12,Queens,1,811.8,551.4,,4
2000 / 12,Queens,2,721.1,481.6,,4
2000 / 12,Queens,3,567.3,530.5,,4
2000 / 12,Queens,4,461,414,,4
2000 / 12,Queens,5,1064.7,714.6,,4
2000 / 12,Queens,6,662.9,329.7,,4
2000 / 12,Queens,7,1175.3,634.3,,4
2000 / 12,Queens,8,650.2,315,,4
2000 / 12,Queens,9,599.5,523,,4
2000 / 12,Queens,10,592.4,437.6,,4
2000 / 12,Queens,11,757.1,342.6,,4
2000 / 12,Queens,12,680.1,667,,4
2000 / 12,Queens,13,926.6,637.6,,4
2000 / 12,Queens,14,447.7,307.8,,4
2000 / 12,Staten Island,1,,621.4,,5
2000 / 12,Staten Island,2,,435.4,,5
2000 / 12,Staten Island,3,,638.5,,5
2000 / 11,Bronx,1,331.9,226.8,,2
2000 / 11,Bronx,2,69,139,,2
2000 / 11,Bronx,3,67.1,108.8,,2
2000 / 11,Bronx,4,166.1,291.9,,2
2000 / 11,Bronx,5,167.6,377.1,,2
2000 / 11,Bronx,6,348.1,259.8,,2
2000 / 11,Bronx,7,291.4,530.4,,2
2000 / 11,Bronx,8,493,308.6,,2
2000 / 11,Bronx,9,229,336.3,,2
2000 / 11,Bronx,10,513.6,357.9,,2
2000 / 11,Bronx,11,461,387.5,,2
2000 / 11,Bronx,12,531.8,555.1,,2
2000 / 11,Brooklyn,1,451.7,480,,3
2000 / 11,Brooklyn,2,548.9,263.8,,3
2000 / 11,Brooklyn,3,249.3,319.4,,3
2000 / 11,Brooklyn,4,355.3,410.1,,3
2000 / 11,Brooklyn,5,327.3,473,,3
2000 / 11,Brooklyn,6,812.5,374.7,,3
2000 / 11,Brooklyn,7,499.3,485.9,,3
2000 / 11,Brooklyn,8,301.4,321.5,,3
2000 / 11,Brooklyn,9,285.9,309.7,,3
2000 / 11,Brooklyn,10,876.6,485.5,,3
2000 / 11,Brooklyn,11,911.9,637.5,,3
2000 / 11,Brooklyn,12,798.9,579.7,,3
2000 / 11,Brooklyn,13,385.4,257.7,,3
2000 / 11,Brooklyn,14,611.4,484.2,,3
2000 / 11,Brooklyn,15,983.2,539.1,,3
2000 / 11,Brooklyn,16,222.3,191.3,,3
2000 / 11,Brooklyn,17,431.5,488,,3
2000 / 11,Brooklyn,18,1016.2,660.2,,3
2000 / 11,Manhattan,1,,101.3,,1
2000 / 11,Manhattan,2,,344,,1
2000 / 11,Manhattan,3,,290.2,,1
2000 / 11,Manhattan,4,,477.5,,1
2000 / 11,Manhattan,5,,138.6,,1
2000 / 11,Manhattan,6,9.7,680.8,,1
2000 / 11,Manhattan,7,,758.7,,1
2000 / 11,Manhattan,8,9.6,831.2,,1
2000 / 11,Manhattan,9,,259.5,,1
2000 / 11,Manhattan,10,,170,,1
2000 / 11,Manhattan,11,,141.4,,1
2000 / 11,Manhattan,12,,698.7,,1
2000 / 11,Queens,1,954,608.4,,4
2000 / 11,Queens,2,830,474.1,,4
2000 / 11,Queens,3,573.3,546.7,,4
2000 / 11,Queens,4,500.2,435,,4
2000 / 11,Queens,5,1157.1,753.3,,4
2000 / 11,Queens,6,736.8,347.8,,4
2000 / 11,Queens,7,1352.4,701.8,,4
2000 / 11,Queens,8,751.9,358.2,,4
2000 / 11,Queens,9,684.7,582,,4
2000 / 11,Queens,10,664.4,502.9,,4
2000 / 11,Queens,11,891.7,392.5,,4
2000 / 11,Queens,12,697.9,724.4,,4
2000 / 11,Queens,13,981.9,753.3,,4
2000 / 11,Queens,14,486.7,333.7,,4
2000 / 11,Staten Island,1,,697.6,,5
2000 / 11,Staten Island,2,,508.2,,5
2000 / 11,Staten Island,3,,732.1,,5
2000 / 10,Bronx,1,324.1,225.7,,2
2000 / 10,Bronx,2,55.4,134.8,,2
2000 / 10,Bronx,3,52.6,92.4,,2
2000 / 10,Bronx,4,153.9,325.7,,2
2000 / 10,Bronx,5,158.3,377.3,,2
2000 / 10,Bronx,6,325.9,225.1,,2
2000 / 10,Bronx,7,266.2,504.9,,2
2000 / 10,Bronx,8,422.9,303.2,,2
2000 / 10,Bronx,9,210.4,338,,2
2000 / 10,Bronx,10,474.8,367.2,,2
2000 / 10,Bronx,11,424,387.6,,2
2000 / 10,Bronx,12,476.8,574.3,,2
2000 / 10,Brooklyn,1,411.2,489.1,,3
2000 / 10,Brooklyn,2,485.5,238.1,,3
2000 / 10,Brooklyn,3,240.5,314.2,,3
2000 / 10,Brooklyn,4,354.6,410.9,,3
2000 / 10,Brooklyn,5,331.6,498.7,,3
2000 / 10,Brooklyn,6,775.8,366,,3
2000 / 10,Brooklyn,7,505.5,486.2,,3
2000 / 10,Brooklyn,8,234.8,269.4,,3
2000 / 10,Brooklyn,9,253.8,293.5,,3
2000 / 10,Brooklyn,10,833.7,511.6,,3
2000 / 10,Brooklyn,11,905.4,663.2,,3
2000 / 10,Brooklyn,12,754.9,615.3,,3
2000 / 10,Brooklyn,13,357.7,275.8,,3
2000 / 10,Brooklyn,14,620,521.8,,3
2000 / 10,Brooklyn,15,925.9,563.3,,3
2000 / 10,Brooklyn,16,208,183.1,,3
2000 / 10,Brooklyn,17,430.5,493.4,,3
2000 / 10,Brooklyn,18,947.9,665.5,,3
2000 / 10,Manhattan,1,,90.9,,1
2000 / 10,Manhattan,2,,322.9,,1
2000 / 10,Manhattan,3,6.4,254.9,,1
2000 / 10,Manhattan,4,,418.3,,1
2000 / 10,Manhattan,5,,124.3,,1
2000 / 10,Manhattan,6,,640,,1
2000 / 10,Manhattan,7,,717.9,,1
2000 / 10,Manhattan,8,,778.4,,1
2000 / 10,Manhattan,9,,248.3,,1
2000 / 10,Manhattan,10,,169.9,,1
2000 / 10,Manhattan,11,,149.9,,1
2000 / 10,Manhattan,12,,612.7,,1
2000 / 10,Queens,1,813,617.2,,4
2000 / 10,Queens,2,719.2,492.6,,4
2000 / 10,Queens,3,476.9,535.2,,4
2000 / 10,Queens,4,429.2,432,,4
2000 / 10,Queens,5,1043.7,763.5,,4
2000 / 10,Queens,6,618.8,357.9,,4
2000 / 10,Queens,7,1151.3,710.9,,4
2000 / 10,Queens,8,662.7,384.6,,4
2000 / 10,Queens,9,599.5,608.4,,4
2000 / 10,Queens,10,556.1,534,,4
2000 / 10,Queens,11,776.7,409.7,,4
2000 / 10,Queens,12,626.5,788.6,,4
2000 / 10,Queens,13,854.7,760,,4
2000 / 10,Queens,14,418.5,331.1,,4
2000 / 10,Staten Island,1,,678.2,,5
2000 / 10,Staten Island,2,,506,,5
2000 / 10,Staten Island,3,,741,,5
2000 / 09,Bronx,1,327.6,233.4,,2
2000 / 09,Bronx,2,67.5,154.2,,2
2000 / 09,Bronx,3,61.4,108.3,,2
2000 / 09,Bronx,4,155.6,315.5,,2
2000 / 09,Bronx,5,177,393,,2
2000 / 09,Bronx,6,325.6,230,,2
2000 / 09,Bronx,7,267.4,511.8,,2
2000 / 09,Bronx,8,434.2,293.2,,2
2000 / 09,Bronx,9,226.9,366.5,,2
2000 / 09,Bronx,10,497.7,394.8,,2
2000 / 09,Bronx,11,438.7,382.6,,2
2000 / 09,Bronx,12,488.2,602,,2
2000 / 09,Brooklyn,1,483.1,490.5,,3
2000 / 09,Brooklyn,2,534.8,286.2,,3
2000 / 09,Brooklyn,3,263.1,353.1,,3
2000 / 09,Brooklyn,4,353.2,455.5,,3
2000 / 09,Brooklyn,5,317.2,516.6,,3
2000 / 09,Brooklyn,6,826.5,397.4,,3
2000 / 09,Brooklyn,7,479.1,513.1,,3
2000 / 09,Brooklyn,8,246.7,300,,3
2000 / 09,Brooklyn,9,282.8,354.1,,3
2000 / 09,Brooklyn,10,863.4,515.8,,3
2000 / 09,Brooklyn,11,930.5,688.2,,3
2000 / 09,Brooklyn,12,834.3,610.2,,3
2000 / 09,Brooklyn,13,425.2,291.7,,3
2000 / 09,Brooklyn,14,599.4,543.3,,3
2000 / 09,Brooklyn,15,1000.5,582.8,,3
2000 / 09,Brooklyn,16,226.8,215.5,,3
2000 / 09,Brooklyn,17,405,538.7,,3
2000 / 09,Brooklyn,18,1012,738.5,,3
2000 / 09,Manhattan,1,38.5,117.8,,1
2000 / 09,Manhattan,2,,322.8,,1
2000 / 09,Manhattan,3,,290.2,,1
2000 / 09,Manhattan,4,,483.5,,1
2000 / 09,Manhattan,5,,153.6,,1
2000 / 09,Manhattan,6,,652.9,,1
2000 / 09,Manhattan,7,,722.4,,1
2000 / 09,Manhattan,8,,773,,1
2000 / 09,Manhattan,9,,295.3,,1
2000 / 09,Manhattan,10,,206.8,,1
2000 / 09,Manhattan,11,,187.9,,1
2000 / 09,Manhattan,12,75.9,726.5,,1
2000 / 09,Queens,1,808.8,625,,4
2000 / 09,Queens,2,688.6,526.1,,4
2000 / 09,Queens,3,530.1,611.4,,4
2000 / 09,Queens,4,452.3,467.8,,4
2000 / 09,Queens,5,1005.6,796,,4
2000 / 09,Queens,6,648.2,379.9,,4
2000 / 09,Queens,7,1229.2,764,,4
2000 / 09,Queens,8,699.4,393.8,,4
2000 / 09,Queens,9,612.1,653.4,,4
2000 / 09,Queens,10,582.2,565.7,,4
2000 / 09,Queens,11,798.9,413,,4
2000 / 09,Queens,12,655.7,830.6,,4
2000 / 09,Queens,13,887.5,832.3,,4
2000 / 09,Queens,14,488.5,399.4,,4
2000 / 09,Staten Island,1,,728.6,,5
2000 / 09,Staten Island,2,,517.1,,5
2000 / 09,Staten Island,3,,781.4,,5
2000 / 08,Bronx,1,280,222.5,,2
2000 / 08,Bronx,2,60.3,153.9,,2
2000 / 08,Bronx,3,55.4,119.1,,2
2000 / 08,Bronx,4,145.1,314.7,,2
2000 / 08,Bronx,5,153.8,409,,2
2000 / 08,Bronx,6,315.8,262.6,,2
2000 / 08,Bronx,7,276.4,551.5,,2
2000 / 08,Bronx,8,429.1,322.1,,2
2000 / 08,Bronx,9,221.6,387.9,,2
2000 / 08,Bronx,10,481.6,405,,2
2000 / 08,Bronx,11,430.1,420.9,,2
2000 / 08,Bronx,12,491.2,644.7,,2
2000 / 08,Brooklyn,1,386,509.5,,3
2000 / 08,Brooklyn,2,489.3,295.9,,3
2000 / 08,Brooklyn,3,235.8,371.9,,3
2000 / 08,Brooklyn,4,340.8,442.1,,3
2000 / 08,Brooklyn,5,289.9,560.1,,3
2000 / 08,Brooklyn,6,697.4,377.2,,3
2000 / 08,Brooklyn,7,488.3,544.2,,3
2000 / 08,Brooklyn,8,266.6,345.2,,3
2000 / 08,Brooklyn,9,245.6,342.9,,3
2000 / 08,Brooklyn,10,793.4,526.7,,3
2000 / 08,Brooklyn,11,822.1,683.7,,3
2000 / 08,Brooklyn,12,637.2,551.3,,3
2000 / 08,Brooklyn,13,368.1,300.2,,3
2000 / 08,Brooklyn,14,521.1,507.7,,3
2000 / 08,Brooklyn,15,846.6,571.8,,3
2000 / 08,Brooklyn,16,201.5,202.3,,3
2000 / 08,Brooklyn,17,397.4,581,,3
2000 / 08,Brooklyn,18,904.5,785.6,,3
2000 / 08,Manhattan,1,,92.9,,1
2000 / 08,Manhattan,2,,311,,1
2000 / 08,Manhattan,3,,282.2,,1
2000 / 08,Manhattan,4,,446.4,,1
2000 / 08,Manhattan,5,,133.1,,1
2000 / 08,Manhattan,6,,666.1,,1
2000 / 08,Manhattan,7,,703.3,,1
2000 / 08,Manhattan,8,,734.2,,1
2000 / 08,Manhattan,9,,262.7,,1
2000 / 08,Manhattan,10,,180.3,,1
2000 / 08,Manhattan,11,,151.3,,1
2000 / 08,Manhattan,12,,696.6,,1
2000 / 08,Queens,1,818.6,624,,4
2000 / 08,Queens,2,661.5,502.5,,4
2000 / 08,Queens,3,483.3,608.4,,4
2000 / 08,Queens,4,447.8,489.2,,4
2000 / 08,Queens,5,980.3,803.4,,4
2000 / 08,Queens,6,610.5,381.5,,4
2000 / 08,Queens,7,1184,768.3,,4
2000 / 08,Queens,8,674.9,402.6,,4
2000 / 08,Queens,9,621.2,701.6,,4
2000 / 08,Queens,10,619.1,620.2,,4
2000 / 08,Queens,11,782.2,416,,4
2000 / 08,Queens,12,683.3,925.8,,4
2000 / 08,Queens,13,902.2,889.1,,4
2000 / 08,Queens,14,484.1,391.6,,4
2000 / 08,Staten Island,1,,744.2,,5
2000 / 08,Staten Island,2,,569,,5
2000 / 08,Staten Island,3,,829.3,,5
2000 / 07,Bronx,1,272.2,221.3,,2
2000 / 07,Bronx,2,53.9,137.3,,2
2000 / 07,Bronx,3,63.5,112.3,,2
2000 / 07,Bronx,4,129.2,307.2,,2
2000 / 07,Bronx,5,140.1,389.7,,2
2000 / 07,Bronx,6,283.6,218.6,,2
2000 / 07,Bronx,7,240.5,514.1,,2
2000 / 07,Bronx,8,364.5,290.4,,2
2000 / 07,Bronx,9,217.9,378.3,,2
2000 / 07,Bronx,10,430.3,401.3,,2
2000 / 07,Bronx,11,404.8,409.2,,2
2000 / 07,Bronx,12,447.9,638,,2
2000 / 07,Brooklyn,1,366,464.9,,3
2000 / 07,Brooklyn,2,438.9,278.2,,3
2000 / 07,Brooklyn,3,230.1,360.9,,3
2000 / 07,Brooklyn,4,324.9,453.8,,3
2000 / 07,Brooklyn,5,293,553.9,,3
2000 / 07,Brooklyn,6,675.4,372.5,,3
2000 / 07,Brooklyn,7,475.6,518.2,,3
2000 / 07,Brooklyn,8,229.7,296.8,,3
2000 / 07,Brooklyn,9,227.8,318.1,,3
2000 / 07,Brooklyn,10,751.6,505.4,,3
2000 / 07,Brooklyn,11,793.9,684.2,,3
2000 / 07,Brooklyn,12,619.3,555.4,,3
2000 / 07,Brooklyn,13,349.5,273.9,,3
2000 / 07,Brooklyn,14,514.2,527.1,,3
2000 / 07,Brooklyn,15,805.7,573.9,,3
2000 / 07,Brooklyn,16,206.2,201.3,,3
2000 / 07,Brooklyn,17,372.4,552.3,,3
2000 / 07,Brooklyn,18,862.8,777.2,,3
2000 / 07,Manhattan,1,,118.2,,1
2000 / 07,Manhattan,2,,314.2,,1
2000 / 07,Manhattan,3,,270.1,,1
2000 / 07,Manhattan,4,,439.5,,1
2000 / 07,Manhattan,5,,135.6,,1
2000 / 07,Manhattan,6,,631.6,,1
2000 / 07,Manhattan,7,,685.4,,1
2000 / 07,Manhattan,8,,704.9,,1
2000 / 07,Manhattan,9,,253.2,,1
2000 / 07,Manhattan,10,,188.2,,1
2000 / 07,Manhattan,11,,168.6,,1
2000 / 07,Manhattan,12,,656.5,,1
2000 / 07,Queens,1,755.3,603.7,,4
2000 / 07,Queens,2,650.2,504.2,,4
2000 / 07,Queens,3,466.6,588.2,,4
2000 / 07,Queens,4,422.3,466.4,,4
2000 / 07,Queens,5,910.4,779.4,,4
2000 / 07,Queens,6,573.2,359.8,,4
2000 / 07,Queens,7,1133.6,778.1,,4
2000 / 07,Queens,8,636.2,398.2,,4
2000 / 07,Queens,9,580.4,679.8,,4
2000 / 07,Queens,10,572,626.9,,4
2000 / 07,Queens,11,715.2,409.1,,4
2000 / 07,Queens,12,633.4,882.2,,4
2000 / 07,Queens,13,857.6,892.6,,4
2000 / 07,Queens,14,423.8,399,,4
2000 / 07,Staten Island,1,,747,,5
2000 / 07,Staten Island,2,,552.8,,5
2000 / 07,Staten Island,3,,840,,5
2000 / 06,Bronx,1,342.9,237.9,,2
2000 / 06,Bronx,2,73.8,169,,2
2000 / 06,Bronx,3,58.8,94,,2
2000 / 06,Bronx,4,165.5,316.7,,2
2000 / 06,Bronx,5,169.5,380,,2
2000 / 06,Bronx,6,330.5,240.5,,2
2000 / 06,Bronx,7,279.9,540.9,,2
2000 / 06,Bronx,8,452.5,312.6,,2
2000 / 06,Bronx,9,241.5,395.4,,2
2000 / 06,Bronx,10,510.4,425.9,,2
2000 / 06,Bronx,11,456.3,431.5,,2
2000 / 06,Bronx,12,512.2,672.9,,2
2000 / 06,Brooklyn,1,442.6,536.3,,3
2000 / 06,Brooklyn,2,487.4,287.9,,3
2000 / 06,Brooklyn,3,262.1,371.5,,3
2000 / 06,Brooklyn,4,377.7,458.3,,3
2000 / 06,Brooklyn,5,313,567.9,,3
2000 / 06,Brooklyn,6,764.4,407.6,,3
2000 / 06,Brooklyn,7,598,532.6,,3
2000 / 06,Brooklyn,8,269.3,320.2,,3
2000 / 06,Brooklyn,9,258.4,346.9,,3
2000 / 06,Brooklyn,10,859.4,537,,3
2000 / 06,Brooklyn,11,896.2,731.2,,3
2000 / 06,Brooklyn,12,784.3,636.2,,3
2000 / 06,Brooklyn,13,401.6,297.4,,3
2000 / 06,Brooklyn,14,578.9,526.2,,3
2000 / 06,Brooklyn,15,915.6,607.5,,3
2000 / 06,Brooklyn,16,235.9,195.1,,3
2000 / 06,Brooklyn,17,415.2,559,,3
2000 / 06,Brooklyn,18,982.8,821.8,,3
2000 / 06,Manhattan,1,,121.3,,1
2000 / 06,Manhattan,2,,337.6,,1
2000 / 06,Manhattan,3,,285.7,,1
2000 / 06,Manhattan,4,,469.6,,1
2000 / 06,Manhattan,5,,150.5,,1
2000 / 06,Manhattan,6,,671.9,,1
2000 / 06,Manhattan,7,,764.2,,1
2000 / 06,Manhattan,8,,781.9,,1
2000 / 06,Manhattan,9,,272.8,,1
2000 / 06,Manhattan,10,,191.7,,1
2000 / 06,Manhattan,11,,170.8,,1
2000 / 06,Manhattan,12,,696.7,,1
2000 / 06,Queens,1,855.2,629.9,,4
2000 / 06,Queens,2,772.6,530.4,,4
2000 / 06,Queens,3,546.3,629.5,,4
2000 / 06,Queens,4,478.9,478.3,,4
2000 / 06,Queens,5,1030.5,815.4,,4
2000 / 06,Queens,6,666.5,379.3,,4
2000 / 06,Queens,7,1273.2,818.4,,4
2000 / 06,Queens,8,730.3,420.9,,4
2000 / 06,Queens,9,637.8,689.2,,4
2000 / 06,Queens,10,605.4,657.2,,4
2000 / 06,Queens,11,835.8,444.8,,4
2000 / 06,Queens,12,710.4,912.9,,4
2000 / 06,Queens,13,963.1,943.2,,4
2000 / 06,Queens,14,449.7,394.4,,4
2000 / 06,Staten Island,1,,782,,5
2000 / 06,Staten Island,2,,602.1,,5
2000 / 06,Staten Island,3,,848.8,,5
2000 / 05,Bronx,1,323.5,228.1,,2
2000 / 05,Bronx,2,71.1,140.2,,2
2000 / 05,Bronx,3,64.9,119.6,,2
2000 / 05,Bronx,4,170.6,314.1,,2
2000 / 05,Bronx,5,172.6,379.6,,2
2000 / 05,Bronx,6,355.2,250.7,,2
2000 / 05,Bronx,7,282.8,524.6,,2
2000 / 05,Bronx,8,443.9,303.8,,2
2000 / 05,Bronx,9,235.4,375.4,,2
2000 / 05,Bronx,10,491.7,404.6,,2
2000 / 05,Bronx,11,440.5,390.6,,2
2000 / 05,Bronx,12,495.1,626.1,,2
2000 / 05,Brooklyn,1,423.7,471.1,,3
2000 / 05,Brooklyn,2,529.3,270.9,,3
2000 / 05,Brooklyn,3,249.3,343.5,,3
2000 / 05,Brooklyn,4,357.4,426,,3
2000 / 05,Brooklyn,5,298.8,522.7,,3
2000 / 05,Brooklyn,6,778.7,371.8,,3
2000 / 05,Brooklyn,7,527.1,512.4,,3
2000 / 05,Brooklyn,8,256.1,297.5,,3
2000 / 05,Brooklyn,9,257.3,317.8,,3
2000 / 05,Brooklyn,10,845.5,522.1,,3
2000 / 05,Brooklyn,11,867.2,671.6,,3
2000 / 05,Brooklyn,12,783.9,621.3,,3
2000 / 05,Brooklyn,13,392.7,302.9,,3
2000 / 05,Brooklyn,14,583.1,501.1,,3
2000 / 05,Brooklyn,15,925.1,593,,3
2000 / 05,Brooklyn,16,224.5,193.3,,3
2000 / 05,Brooklyn,17,393.5,515.6,,3
2000 / 05,Brooklyn,18,955.6,734.3,,3
2000 / 05,Manhattan,1,,91.9,,1
2000 / 05,Manhattan,2,,319.2,,1
2000 / 05,Manhattan,3,,289.9,,1
2000 / 05,Manhattan,4,,452.3,,1
2000 / 05,Manhattan,5,,124.6,,1
2000 / 05,Manhattan,6,,645.1,,1
2000 / 05,Manhattan,7,,710.2,,1
2000 / 05,Manhattan,8,,774.3,,1
2000 / 05,Manhattan,9,,259.5,,1
2000 / 05,Manhattan,10,,176.7,,1
2000 / 05,Manhattan,11,,159.2,,1
2000 / 05,Manhattan,12,,635.2,,1
2000 / 05,Queens,1,823.4,625.6,,4
2000 / 05,Queens,2,742.5,497.6,,4
2000 / 05,Queens,3,497.1,568.8,,4
2000 / 05,Queens,4,444.2,441.2,,4
2000 / 05,Queens,5,1005.2,747.7,,4
2000 / 05,Queens,6,635.4,357.3,,4
2000 / 05,Queens,7,1207,761.7,,4
2000 / 05,Queens,8,695.8,405,,4
2000 / 05,Queens,9,594.9,656.2,,4
2000 / 05,Queens,10,586.4,593.6,,4
2000 / 05,Queens,11,812.3,427.6,,4
2000 / 05,Queens,12,636.8,863.9,,4
2000 / 05,Queens,13,884.6,857.9,,4
2000 / 05,Queens,14,457.3,355.8,,4
2000 / 05,Staten Island,1,,738.9,,5
2000 / 05,Staten Island,2,,570.4,,5
2000 / 05,Staten Island,3,,807,,5
2000 / 04,Bronx,1,303.1,193.1,,2
2000 / 04,Bronx,2,59.9,148.9,,2
2000 / 04,Bronx,3,53,74.7,,2
2000 / 04,Bronx,4,168.8,307.7,,2
2000 / 04,Bronx,5,190.3,340.3,,2
2000 / 04,Bronx,6,315.9,211.9,,2
2000 / 04,Bronx,7,311.2,520.8,,2
2000 / 04,Bronx,8,445.9,275.9,,2
2000 / 04,Bronx,9,243.5,343.8,,2
2000 / 04,Bronx,10,554.7,390.3,,2
2000 / 04,Bronx,11,453.3,364.6,,2
2000 / 04,Bronx,12,488.2,542,,2
2000 / 04,Brooklyn,1,428.4,479.3,,3
2000 / 04,Brooklyn,2,466,245.7,,3
2000 / 04,Brooklyn,3,232.5,315.8,,3
2000 / 04,Brooklyn,4,344.9,409.4,,3
2000 / 04,Brooklyn,5,284.7,453.8,,3
2000 / 04,Brooklyn,6,731,334,,3
2000 / 04,Brooklyn,7,490.7,452.5,,3
2000 / 04,Brooklyn,8,229,284.6,,3
2000 / 04,Brooklyn,9,244,309.7,,3
2000 / 04,Brooklyn,10,771.3,469.9,,3
2000 / 04,Brooklyn,11,808.5,595.2,,3
2000 / 04,Brooklyn,12,840.4,736.2,,3
2000 / 04,Brooklyn,13,344.4,252.2,,3
2000 / 04,Brooklyn,14,582.3,526.9,,3
2000 / 04,Brooklyn,15,892.3,560.3,,3
2000 / 04,Brooklyn,16,202,199.8,,3
2000 / 04,Brooklyn,17,356.3,438.1,,3
2000 / 04,Brooklyn,18,890.6,649.9,,3
2000 / 04,Manhattan,1,,110.3,,1
2000 / 04,Manhattan,2,,305.7,,1
2000 / 04,Manhattan,3,,244.7,,1
2000 / 04,Manhattan,4,,433.9,,1
2000 / 04,Manhattan,5,,128.6,,1
2000 / 04,Manhattan,6,,628.4,,1
2000 / 04,Manhattan,7,,696.4,,1
2000 / 04,Manhattan,8,,757.8,,1
2000 / 04,Manhattan,9,,247.9,,1
2000 / 04,Manhattan,10,,177.3,,1
2000 / 04,Manhattan,11,,155.5,,1
2000 / 04,Manhattan,12,,608.3,,1
2000 / 04,Queens,1,781.3,534.9,,4
2000 / 04,Queens,2,675,464.4,,4
2000 / 04,Queens,3,480.8,514.7,,4
2000 / 04,Queens,4,412.4,404,,4
2000 / 04,Queens,5,970.9,666.3,,4
2000 / 04,Queens,6,611.7,342.2,,4
2000 / 04,Queens,7,1130.6,693.6,,4
2000 / 04,Queens,8,653.4,368.6,,4
2000 / 04,Queens,9,564.5,572.3,,4
2000 / 04,Queens,10,544.7,505.2,,4
2000 / 04,Queens,11,726.9,364.3,,4
2000 / 04,Queens,12,604.6,748.7,,4
2000 / 04,Queens,13,825.8,732.8,,4
2000 / 04,Queens,14,401.3,321.5,,4
2000 / 04,Staten Island,1,,644.4,,5
2000 / 04,Staten Island,2,,486.5,,5
2000 / 04,Staten Island,3,,699.6,,5
2000 / 03,Bronx,1,322.3,223.9,,2
2000 / 03,Bronx,2,47.9,115.1,,2
2000 / 03,Bronx,3,75.9,116.4,,2
2000 / 03,Bronx,4,140.3,275.5,,2
2000 / 03,Bronx,5,155.6,337,,2
2000 / 03,Bronx,6,320.2,235.3,,2
2000 / 03,Bronx,7,244.8,464.5,,2
2000 / 03,Bronx,8,457.5,320.5,,2
2000 / 03,Bronx,9,197.3,318.2,,2
2000 / 03,Bronx,10,454.8,325.1,,2
2000 / 03,Bronx,11,444.6,387,,2
2000 / 03,Bronx,12,495.1,582.2,,2
2000 / 03,Brooklyn,1,444.6,489.1,,3
2000 / 03,Brooklyn,2,531.9,280.3,,3
2000 / 03,Brooklyn,3,255.3,341.4,,3
2000 / 03,Brooklyn,4,368.5,435.6,,3
2000 / 03,Brooklyn,5,300.2,477.6,,3
2000 / 03,Brooklyn,6,766.4,366.8,,3
2000 / 03,Brooklyn,7,540.1,488.8,,3
2000 / 03,Brooklyn,8,267.2,317.5,,3
2000 / 03,Brooklyn,9,264.9,337.7,,3
2000 / 03,Brooklyn,10,827.6,484.4,,3
2000 / 03,Brooklyn,11,855.4,614.3,,3
2000 / 03,Brooklyn,12,800.2,602.8,,3
2000 / 03,Brooklyn,13,389.4,281.8,,3
2000 / 03,Brooklyn,14,573.4,489.6,,3
2000 / 03,Brooklyn,15,905.5,530.7,,3
2000 / 03,Brooklyn,16,244.7,196.8,,3
2000 / 03,Brooklyn,17,377.6,449.2,,3
2000 / 03,Brooklyn,18,926.2,661.9,,3
2000 / 03,Manhattan,1,,86.3,,1
2000 / 03,Manhattan,2,,336.2,,1
2000 / 03,Manhattan,3,,285.7,,1
2000 / 03,Manhattan,4,,475.5,,1
2000 / 03,Manhattan,5,,153.2,,1
2000 / 03,Manhattan,6,,694.2,,1
2000 / 03,Manhattan,7,,765.8,,1
2000 / 03,Manhattan,8,,799.8,,1
2000 / 03,Manhattan,9,,272.2,,1
2000 / 03,Manhattan,10,,190.6,,1
2000 / 03,Manhattan,11,,181.4,,1
2000 / 03,Manhattan,12,,718.1,,1
2000 / 03,Queens,1,814.3,574.8,,4
2000 / 03,Queens,2,733.6,512.9,,4
2000 / 03,Queens,3,509.4,542.3,,4
2000 / 03,Queens,4,439.4,430.1,,4
2000 / 03,Queens,5,1028.5,710.4,,4
2000 / 03,Queens,6,643.6,351.5,,4
2000 / 03,Queens,7,1202.1,708.7,,4
2000 / 03,Queens,8,676.3,365.1,,4
2000 / 03,Queens,9,581.8,578.3,,4
2000 / 03,Queens,10,563,510.1,,4
2000 / 03,Queens,11,787.1,379.8,,4
2000 / 03,Queens,12,606.7,754.5,,4
2000 / 03,Queens,13,866.2,739.5,,4
2000 / 03,Queens,14,425.6,337.4,,4
2000 / 03,Staten Island,1,,698.5,,5
2000 / 03,Staten Island,2,,521.6,,5
2000 / 03,Staten Island,3,,713.7,,5
2000 / 02,Bronx,1,265.3,181,,2
2000 / 02,Bronx,2,53.4,115.9,,2
2000 / 02,Bronx,3,42.8,77.6,,2
2000 / 02,Bronx,4,103.4,239.1,,2
2000 / 02,Bronx,5,98,276.6,,2
2000 / 02,Bronx,6,263.3,197.1,,2
2000 / 02,Bronx,7,148.2,429.8,,2
2000 / 02,Bronx,8,225.4,266,,2
2000 / 02,Bronx,9,175.3,287.8,,2
2000 / 02,Bronx,10,396.8,288.2,,2
2000 / 02,Bronx,11,379.1,327.4,,2
2000 / 02,Bronx,12,439.1,513.1,,2
2000 / 02,Brooklyn,1,394.3,417.8,,3
2000 / 02,Brooklyn,2,441.3,244.1,,3
2000 / 02,Brooklyn,3,222,308.7,,3
2000 / 02,Brooklyn,4,294.5,387.4,,3
2000 / 02,Brooklyn,5,269.1,439.2,,3
2000 / 02,Brooklyn,6,692.9,332,,3
2000 / 02,Brooklyn,7,435.6,431.4,,3
2000 / 02,Brooklyn,8,219.2,269.6,,3
2000 / 02,Brooklyn,9,229.2,294,,3
2000 / 02,Brooklyn,10,753.8,449.4,,3
2000 / 02,Brooklyn,11,791.6,526.4,,3
2000 / 02,Brooklyn,12,718.6,506.7,,3
2000 / 02,Brooklyn,13,321.2,248.8,,3
2000 / 02,Brooklyn,14,530.6,440.9,,3
2000 / 02,Brooklyn,15,827.7,470.4,,3
2000 / 02,Brooklyn,16,190.5,168.4,,3
2000 / 02,Brooklyn,17,353.4,425.2,,3
2000 / 02,Brooklyn,18,845,592.7,,3
2000 / 02,Manhattan,1,,90.6,,1
2000 / 02,Manhattan,2,,298,,1
2000 / 02,Manhattan,3,,240.6,,1
2000 / 02,Manhattan,4,,399.5,,1
2000 / 02,Manhattan,5,,125.7,,1
2000 / 02,Manhattan,6,,599.5,,1
2000 / 02,Manhattan,7,,690.1,,1
2000 / 02,Manhattan,8,,744.3,,1
2000 / 02,Manhattan,9,,231.6,,1
2000 / 02,Manhattan,10,,172.3,,1
2000 / 02,Manhattan,11,,140.2,,1
2000 / 02,Manhattan,12,,581.2,,1
2000 / 02,Queens,1,764.2,559.3,,4
2000 / 02,Queens,2,651.4,467.5,,4
2000 / 02,Queens,3,450.8,488.5,,4
2000 / 02,Queens,4,410.3,387.4,,4
2000 / 02,Queens,5,930.2,660.1,,4
2000 / 02,Queens,6,575.9,310.2,,4
2000 / 02,Queens,7,1098.9,657.6,,4
2000 / 02,Queens,8,639.3,330.7,,4
2000 / 02,Queens,9,559.7,518.8,,4
2000 / 02,Queens,10,518.2,455.6,,4
2000 / 02,Queens,11,736.8,344.9,,4
2000 / 02,Queens,12,556.8,670.1,,4
2000 / 02,Queens,13,798.4,670.6,,4
2000 / 02,Queens,14,371.9,285,,4
2000 / 02,Staten Island,1,,602.7,,5
2000 / 02,Staten Island,2,,458.3,,5
2000 / 02,Staten Island,3,,631.1,,5
2000 / 01,Bronx,1,251.9,180.8,,2
2000 / 01,Bronx,2,39.6,100.1,,2
2000 / 01,Bronx,3,44.4,65.3,,2
2000 / 01,Bronx,4,41.9,240,,2
2000 / 01,Bronx,5,80,280.4,,2
2000 / 01,Bronx,6,260.4,183.1,,2
2000 / 01,Bronx,7,72,435.9,,2
2000 / 01,Bronx,8,110.3,303.2,,2
2000 / 01,Bronx,9,179.1,283.9,,2
2000 / 01,Bronx,10,421.2,320.6,,2
2000 / 01,Bronx,11,425.9,357.5,,2
2000 / 01,Bronx,12,409.3,525.4,,2
2000 / 01,Brooklyn,1,368,449.8,,3
2000 / 01,Brooklyn,2,421.9,266.2,,3
2000 / 01,Brooklyn,3,190.7,303.9,,3
2000 / 01,Brooklyn,4,291.3,390.2,,3
2000 / 01,Brooklyn,5,256.3,437.6,,3
2000 / 01,Brooklyn,6,678.1,370.8,,3
2000 / 01,Brooklyn,7,421.2,458.9,,3
2000 / 01,Brooklyn,8,187.6,249.1,,3
2000 / 01,Brooklyn,9,201.6,282.1,,3
2000 / 01,Brooklyn,10,725.8,492.7,,3
2000 / 01,Brooklyn,11,778,584.6,,3
2000 / 01,Brooklyn,12,665.7,556.8,,3
2000 / 01,Brooklyn,13,299.3,217.8,,3
2000 / 01,Brooklyn,14,519.7,498.3,,3
2000 / 01,Brooklyn,15,773.4,496.3,,3
2000 / 01,Brooklyn,16,180.4,177.7,,3
2000 / 01,Brooklyn,17,316.6,431.8,,3
2000 / 01,Brooklyn,18,783.9,628.5,,3
2000 / 01,Manhattan,1,,127.4,,1
2000 / 01,Manhattan,2,,339.2,,1
2000 / 01,Manhattan,3,,238,,1
2000 / 01,Manhattan,4,,439.6,,1
2000 / 01,Manhattan,5,,145.5,,1
2000 / 01,Manhattan,6,,662.8,,1
2000 / 01,Manhattan,7,,761.9,,1
2000 / 01,Manhattan,8,,826.7,,1
2000 / 01,Manhattan,9,,240.4,,1
2000 / 01,Manhattan,10,,162.7,,1
2000 / 01,Manhattan,11,,156.5,,1
2000 / 01,Manhattan,12,,617.9,,1
2000 / 01,Queens,1,760.1,590.6,,4
2000 / 01,Queens,2,634.9,465.3,,4
2000 / 01,Queens,3,446.1,499.5,,4
2000 / 01,Queens,4,396,406.5,,4
2000 / 01,Queens,5,904.8,663.3,,4
2000 / 01,Queens,6,573.3,335.6,,4
2000 / 01,Queens,7,1100.9,700,,4
2000 / 01,Queens,8,604.1,341.1,,4
2000 / 01,Queens,9,525.6,534.3,,4
2000 / 01,Queens,10,484.6,464.7,,4
2000 / 01,Queens,11,695.6,347.8,,4
2000 / 01,Queens,12,476.7,651,,4
2000 / 01,Queens,13,708.4,651.1,,4
2000 / 01,Queens,14,345.1,291.6,,4
2000 / 01,Staten Island,1,,627.6,,5
2000 / 01,Staten Island,2,,480.4,,5
2000 / 01,Staten Island,3,,669.6,,5
1999 / 12,Bronx,1,334.1,213.8,,2
1999 / 12,Bronx,2,87,164.1,,2
1999 / 12,Bronx,3,50.5,76.2,,2
1999 / 12,Bronx,4,174.5,276.5,,2
1999 / 12,Bronx,5,180.9,359.1,,2
1999 / 12,Bronx,6,346.9,238.7,,2
1999 / 12,Bronx,7,339.9,556.9,,2
1999 / 12,Bronx,8,543.1,317.3,,2
1999 / 12,Bronx,9,252.6,338.1,,2
1999 / 12,Bronx,10,559.4,333.2,,2
1999 / 12,Bronx,11,461.2,352.3,,2
1999 / 12,Bronx,12,609,589.1,,2
1999 / 12,Brooklyn,1,471.4,500.1,,3
1999 / 12,Brooklyn,2,554.7,288.8,,3
1999 / 12,Brooklyn,3,268.4,338,,3
1999 / 12,Brooklyn,4,383.3,409.4,,3
1999 / 12,Brooklyn,5,336.2,463.2,,3
1999 / 12,Brooklyn,6,826.6,376.7,,3
1999 / 12,Brooklyn,7,509.2,492.6,,3
1999 / 12,Brooklyn,8,336.7,359.7,,3
1999 / 12,Brooklyn,9,313.2,355.6,,3
1999 / 12,Brooklyn,10,946.4,496.4,,3
1999 / 12,Brooklyn,11,989.5,586.7,,3
1999 / 12,Brooklyn,12,814.2,571.4,,3
1999 / 12,Brooklyn,13,408.6,268.3,,3
1999 / 12,Brooklyn,14,604,466,,3
1999 / 12,Brooklyn,15,983.6,516,,3
1999 / 12,Brooklyn,16,239.6,199.3,,3
1999 / 12,Brooklyn,17,480.3,508,,3
1999 / 12,Brooklyn,18,1092,681.8,,3
1999 / 12,Manhattan,1,,82.8,,1
1999 / 12,Manhattan,2,,347.5,,1
1999 / 12,Manhattan,3,,278.7,,1
1999 / 12,Manhattan,4,,513.5,,1
1999 / 12,Manhattan,5,,148,,1
1999 / 12,Manhattan,6,,726.3,,1
1999 / 12,Manhattan,7,,808.9,,1
1999 / 12,Manhattan,8,,872.4,,1
1999 / 12,Manhattan,9,,265.8,,1
1999 / 12,Manhattan,10,,196,,1
1999 / 12,Manhattan,11,,171.9,,1
1999 / 12,Manhattan,12,,708.9,,1
1999 / 12,Queens,1,937.7,614.5,,4
1999 / 12,Queens,2,827,517.9,,4
1999 / 12,Queens,3,619.4,567.9,,4
1999 / 12,Queens,4,528.1,454.3,,4
1999 / 12,Queens,5,1231.1,752.2,,4
1999 / 12,Queens,6,754.6,350.9,,4
1999 / 12,Queens,7,1384.1,716.5,,4
1999 / 12,Queens,8,756.4,367.6,,4
1999 / 12,Queens,9,679.4,555,,4
1999 / 12,Queens,10,682.2,495.9,,4
1999 / 12,Queens,11,915.8,383.5,,4
1999 / 12,Queens,12,701.6,732.4,,4
1999 / 12,Queens,13,1025.2,744.7,,4
1999 / 12,Queens,14,474,352.7,,4
1999 / 12,Staten Island,1,,673.1,,5
1999 / 12,Staten Island,2,,508.2,,5
1999 / 12,Staten Island,3,,715.1,,5
1999 / 11,Bronx,1,296.8,182.4,,2
1999 / 11,Bronx,2,46.6,108.2,,2
1999 / 11,Bronx,3,41.9,60.3,,2
1999 / 11,Bronx,4,128.1,246.3,,2
1999 / 11,Bronx,5,120.4,267.2,,2
1999 / 11,Bronx,6,321.2,186.8,,2
1999 / 11,Bronx,7,238.9,412,,2
1999 / 11,Bronx,8,380.6,259,,2
1999 / 11,Bronx,9,195.9,280.3,,2
1999 / 11,Bronx,10,496.8,338.4,,2
1999 / 11,Bronx,11,394.6,318.4,,2
1999 / 11,Bronx,12,472.5,524.6,,2
1999 / 11,Brooklyn,1,367.5,403.9,,3
1999 / 11,Brooklyn,2,433.9,223.4,,3
1999 / 11,Brooklyn,3,214.9,294.8,,3
1999 / 11,Brooklyn,4,329.9,364,,3
1999 / 11,Brooklyn,5,285.3,444.5,,3
1999 / 11,Brooklyn,6,715,328.7,,3
1999 / 11,Brooklyn,7,450.8,433.3,,3
1999 / 11,Brooklyn,8,201.1,228.5,,3
1999 / 11,Brooklyn,9,231.7,261.6,,3
1999 / 11,Brooklyn,10,804.6,461.2,,3
1999 / 11,Brooklyn,11,825.6,540.4,,3
1999 / 11,Brooklyn,12,705.2,512.7,,3
1999 / 11,Brooklyn,13,331.6,250.4,,3
1999 / 11,Brooklyn,14,572.1,476.9,,3
1999 / 11,Brooklyn,15,858,473.4,,3
1999 / 11,Brooklyn,16,201.1,164.4,,3
1999 / 11,Brooklyn,17,376.9,427,,3
1999 / 11,Brooklyn,18,895,574.2,,3
1999 / 11,Manhattan,1,,82.2,,1
1999 / 11,Manhattan,2,,289.8,,1
1999 / 11,Manhattan,3,,209.9,,1
1999 / 11,Manhattan,4,,397.8,,1
1999 / 11,Manhattan,5,7.9,113.3,,1
1999 / 11,Manhattan,6,,564.6,,1
1999 / 11,Manhattan,7,,669.3,,1
1999 / 11,Manhattan,8,27.2,712.6,,1
1999 / 11,Manhattan,9,7.1,220.6,,1
1999 / 11,Manhattan,10,7.7,160.1,,1
1999 / 11,Manhattan,11,11.1,145,,1
1999 / 11,Manhattan,12,15.3,528.6,,1
1999 / 11,Queens,1,809,572,,4
1999 / 11,Queens,2,760.3,468.9,,4
1999 / 11,Queens,3,468.9,486.8,,4
1999 / 11,Queens,4,428.1,378.3,,4
1999 / 11,Queens,5,1052.5,644.5,,4
1999 / 11,Queens,6,616.3,304.7,,4
1999 / 11,Queens,7,1179.1,658.4,,4
1999 / 11,Queens,8,674.1,315.2,,4
1999 / 11,Queens,9,594.2,525.8,,4
1999 / 11,Queens,10,538.1,459,,4
1999 / 11,Queens,11,804.2,348.8,,4
1999 / 11,Queens,12,567.1,655,,4
1999 / 11,Queens,13,792,660.2,,4
1999 / 11,Queens,14,385.2,281.2,,4
1999 / 11,Staten Island,1,,610,,5
1999 / 11,Staten Island,2,,462.5,,5
1999 / 11,Staten Island,3,,628,,5
1999 / 10,Bronx,1,302.1,202.6,,2
1999 / 10,Bronx,2,45.8,110.4,,2
1999 / 10,Bronx,3,63.3,110.7,,2
1999 / 10,Bronx,4,144.5,314.4,,2
1999 / 10,Bronx,5,126.9,285.9,,2
1999 / 10,Bronx,6,316.9,235.6,,2
1999 / 10,Bronx,7,264.5,494.9,,2
1999 / 10,Bronx,8,450.7,325.7,,2
1999 / 10,Bronx,9,195,290.8,,2
1999 / 10,Bronx,10,493.2,346.5,,2
1999 / 10,Bronx,11,427.1,352.7,,2
1999 / 10,Bronx,12,482.6,568.1,,2
1999 / 10,Brooklyn,1,424,483.6,,3
1999 / 10,Brooklyn,2,502.7,276.1,,3
1999 / 10,Brooklyn,3,240.6,322.3,,3
1999 / 10,Brooklyn,4,340.5,440.1,,3
1999 / 10,Brooklyn,5,290.4,457.9,,3
1999 / 10,Brooklyn,6,795.5,357.1,,3
1999 / 10,Brooklyn,7,460.4,481.7,,3
1999 / 10,Brooklyn,8,244.8,276.8,,3
1999 / 10,Brooklyn,9,253.1,328,,3
1999 / 10,Brooklyn,10,839.8,495.5,,3
1999 / 10,Brooklyn,11,873.3,599.3,,3
1999 / 10,Brooklyn,12,760.8,587.7,,3
1999 / 10,Brooklyn,13,374.8,266.8,,3
1999 / 10,Brooklyn,14,573.1,497.6,,3
1999 / 10,Brooklyn,15,915.2,542.1,,3
1999 / 10,Brooklyn,16,221.3,191.6,,3
1999 / 10,Brooklyn,17,398,448.4,,3
1999 / 10,Brooklyn,18,939.7,649.4,,3
1999 / 10,Manhattan,1,,100.1,,1
1999 / 10,Manhattan,2,,319.4,,1
1999 / 10,Manhattan,3,,252.4,,1
1999 / 10,Manhattan,4,,461.1,,1
1999 / 10,Manhattan,5,,139.6,,1
1999 / 10,Manhattan,6,,639,,1
1999 / 10,Manhattan,7,,719.9,,1
1999 / 10,Manhattan,8,9,796.3,,1
1999 / 10,Manhattan,9,26.5,275.4,,1
1999 / 10,Manhattan,10,7.6,190.4,,1
1999 / 10,Manhattan,11,21.7,167.2,,1
1999 / 10,Manhattan,12,42.8,662.7,,1
1999 / 10,Queens,1,936.4,592.2,,4
1999 / 10,Queens,2,813.5,535.1,,4
1999 / 10,Queens,3,595.9,566.4,,4
1999 / 10,Queens,4,522.9,471.5,,4
1999 / 10,Queens,5,1132.2,699.9,,4
1999 / 10,Queens,6,802.4,390.5,,4
1999 / 10,Queens,7,1352.4,726.1,,4
1999 / 10,Queens,8,796.6,365.6,,4
1999 / 10,Queens,9,701.5,561.3,,4
1999 / 10,Queens,10,653.2,535.4,,4
1999 / 10,Queens,11,951.9,405.1,,4
1999 / 10,Queens,12,698.9,748.7,,4
1999 / 10,Queens,13,974.5,757.1,,4
1999 / 10,Queens,14,446.1,360.4,,4
1999 / 10,Staten Island,1,,652.1,,5
1999 / 10,Staten Island,2,,477.6,,5
1999 / 10,Staten Island,3,,690.8,,5
1999 / 09,Bronx,1,320.6,227.4,,2
1999 / 09,Bronx,2,50.6,117.7,,2
1999 / 09,Bronx,3,51.1,89.6,,2
1999 / 09,Bronx,4,127.8,258.8,,2
1999 / 09,Bronx,5,142.6,335.4,,2
1999 / 09,Bronx,6,310.9,201.1,,2
1999 / 09,Bronx,7,233.5,449.9,,2
1999 / 09,Bronx,8,461.3,320.1,,2
1999 / 09,Bronx,9,207.3,343.9,,2
1999 / 09,Bronx,10,470,334.7,,2
1999 / 09,Bronx,11,455.7,406.2,,2
1999 / 09,Bronx,12,503.9,608.5,,2
1999 / 09,Brooklyn,1,487.7,506.8,,3
1999 / 09,Brooklyn,2,538.1,272.5,,3
1999 / 09,Brooklyn,3,243.2,348.2,,3
1999 / 09,Brooklyn,4,398.2,428.5,,3
1999 / 09,Brooklyn,5,306.9,480.9,,3
1999 / 09,Brooklyn,6,832.2,357.3,,3
1999 / 09,Brooklyn,7,502.3,496.5,,3
1999 / 09,Brooklyn,8,294.4,334.4,,3
1999 / 09,Brooklyn,9,274.3,335.3,,3
1999 / 09,Brooklyn,10,875.3,474.1,,3
1999 / 09,Brooklyn,11,965.3,591.8,,3
1999 / 09,Brooklyn,12,871.5,624.2,,3
1999 / 09,Brooklyn,13,416,258.2,,3
1999 / 09,Brooklyn,14,619.1,504.2,,3
1999 / 09,Brooklyn,15,990.3,571.5,,3
1999 / 09,Brooklyn,16,226.7,203.6,,3
1999 / 09,Brooklyn,17,430.1,516.7,,3
1999 / 09,Brooklyn,18,1058,699.1,,3
1999 / 09,Manhattan,1,,71.2,,1
1999 / 09,Manhattan,2,,317,,1
1999 / 09,Manhattan,3,,278.9,,1
1999 / 09,Manhattan,4,,454.8,,1
1999 / 09,Manhattan,5,,123.8,,1
1999 / 09,Manhattan,6,,663.6,,1
1999 / 09,Manhattan,7,,710,,1
1999 / 09,Manhattan,8,7.8,766.2,,1
1999 / 09,Manhattan,9,19.9,261.3,,1
1999 / 09,Manhattan,10,12.1,174.8,,1
1999 / 09,Manhattan,11,23.7,148.8,,1
1999 / 09,Manhattan,12,13.9,698.4,,1
1999 / 09,Queens,1,830,600.1,,4
1999 / 09,Queens,2,689.6,445,,4
1999 / 09,Queens,3,473,490.2,,4
1999 / 09,Queens,4,398.8,398.8,,4
1999 / 09,Queens,5,1010.8,742.2,,4
1999 / 09,Queens,6,621,311.7,,4
1999 / 09,Queens,7,1207.6,741.2,,4
1999 / 09,Queens,8,600,323.1,,4
1999 / 09,Queens,9,543.1,548.6,,4
1999 / 09,Queens,10,514.7,502,,4
1999 / 09,Queens,11,755.3,350.6,,4
1999 / 09,Queens,12,547.7,695.6,,4
1999 / 09,Queens,13,812.7,729.7,,4
1999 / 09,Queens,14,422.4,345.5,,4
1999 / 09,Staten Island,1,,699.9,,5
1999 / 09,Staten Island,2,,528.5,,5
1999 / 09,Staten Island,3,,748.2,,5
1999 / 08,Bronx,1,258.4,196.2,,2
1999 / 08,Bronx,2,49.8,115.5,,2
1999 / 08,Bronx,3,40.9,79.8,,2
1999 / 08,Bronx,4,119.3,258.1,,2
1999 / 08,Bronx,5,114.6,299.5,,2
1999 / 08,Bronx,6,272.4,195.6,,2
1999 / 08,Bronx,7,212.1,449.8,,2
1999 / 08,Bronx,8,372.5,279.9,,2
1999 / 08,Bronx,9,177.7,299,,2
1999 / 08,Bronx,10,382.9,318,,2
1999 / 08,Bronx,11,405.8,392,,2
1999 / 08,Bronx,12,452.3,634.2,,2
1999 / 08,Brooklyn,1,332.2,443.4,,3
1999 / 08,Brooklyn,2,379.3,240.1,,3
1999 / 08,Brooklyn,3,213.7,357.4,,3
1999 / 08,Brooklyn,4,289.5,406.5,,3
1999 / 08,Brooklyn,5,260.9,504.1,,3
1999 / 08,Brooklyn,6,627.9,347.3,,3
1999 / 08,Brooklyn,7,768.3,486.6,,3
1999 / 08,Brooklyn,8,201.6,282,,3
1999 / 08,Brooklyn,9,205.2,309.8,,3
1999 / 08,Brooklyn,10,771.6,481.3,,3
1999 / 08,Brooklyn,11,852.2,596.6,,3
1999 / 08,Brooklyn,12,621.8,522.3,,3
1999 / 08,Brooklyn,13,354.7,270.1,,3
1999 / 08,Brooklyn,14,502.1,492.5,,3
1999 / 08,Brooklyn,15,875.3,536.7,,3
1999 / 08,Brooklyn,16,183.9,183.6,,3
1999 / 08,Brooklyn,17,350.6,514.9,,3
1999 / 08,Brooklyn,18,862.9,701.8,,3
1999 / 08,Manhattan,1,,73.4,,1
1999 / 08,Manhattan,2,,290.3,,1
1999 / 08,Manhattan,3,,249,,1
1999 / 08,Manhattan,4,,391.1,,1
1999 / 08,Manhattan,5,,113.5,,1
1999 / 08,Manhattan,6,,580.5,,1
1999 / 08,Manhattan,7,,655.6,,1
1999 / 08,Manhattan,8,,643.2,,1
1999 / 08,Manhattan,9,,225.5,,1
1999 / 08,Manhattan,10,,170.7,,1
1999 / 08,Manhattan,11,,122.1,,1
1999 / 08,Manhattan,12,,615.5,,1
1999 / 08,Queens,1,734.8,593.8,,4
1999 / 08,Queens,2,578.5,428.2,,4
1999 / 08,Queens,3,395.7,451.7,,4
1999 / 08,Queens,4,366.9,380,,4
1999 / 08,Queens,5,888,715.9,,4
1999 / 08,Queens,6,498.8,289.6,,4
1999 / 08,Queens,7,1106.6,722.8,,4
1999 / 08,Queens,8,562.5,316.9,,4
1999 / 08,Queens,9,520.5,557,,4
1999 / 08,Queens,10,475,511.4,,4
1999 / 08,Queens,11,669.2,336.8,,4
1999 / 08,Queens,12,499.5,697.5,,4
1999 / 08,Queens,13,727,717.8,,4
1999 / 08,Queens,14,366.5,312.7,,4
1999 / 08,Staten Island,1,13.4,688,,5
1999 / 08,Staten Island,2,,497.6,,5
1999 / 08,Staten Island,3,,691.7,,5
1999 / 07,Bronx,1,263.1,210.3,,2
1999 / 07,Bronx,2,67.2,171.3,,2
1999 / 07,Bronx,3,38.9,74.8,,2
1999 / 07,Bronx,4,143.7,323.4,,2
1999 / 07,Bronx,5,138.4,359.5,,2
1999 / 07,Bronx,6,275.9,244.9,,2
1999 / 07,Bronx,7,241.7,548.1,,2
1999 / 07,Bronx,8,410.7,335.2,,2
1999 / 07,Bronx,9,203.9,362.5,,2
1999 / 07,Bronx,10,406.5,378.3,,2
1999 / 07,Bronx,11,372.7,380.1,,2
1999 / 07,Bronx,12,437.5,648.8,,2
1999 / 07,Brooklyn,1,338.7,515.5,,3
1999 / 07,Brooklyn,2,403,285.3,,3
1999 / 07,Brooklyn,3,220.1,392.6,,3
1999 / 07,Brooklyn,4,320.1,502.5,,3
1999 / 07,Brooklyn,5,254.3,500.8,,3
1999 / 07,Brooklyn,6,653.5,369.3,,3
1999 / 07,Brooklyn,7,713.8,540.8,,3
1999 / 07,Brooklyn,8,239.7,330.7,,3
1999 / 07,Brooklyn,9,253.4,367.6,,3
1999 / 07,Brooklyn,10,696.8,482.2,,3
1999 / 07,Brooklyn,11,788.6,641.4,,3
1999 / 07,Brooklyn,12,622.8,574.8,,3
1999 / 07,Brooklyn,13,323.7,263.5,,3
1999 / 07,Brooklyn,14,492.6,516.3,,3
1999 / 07,Brooklyn,15,824.4,574.9,,3
1999 / 07,Brooklyn,16,201.4,211,,3
1999 / 07,Brooklyn,17,363.1,569.3,,3
1999 / 07,Brooklyn,18,841,758.7,,3
1999 / 07,Manhattan,1,,89,,1
1999 / 07,Manhattan,2,,311.7,,1
1999 / 07,Manhattan,3,6.4,304.3,,1
1999 / 07,Manhattan,4,,467,,1
1999 / 07,Manhattan,5,,147.7,,1
1999 / 07,Manhattan,6,,661.6,,1
1999 / 07,Manhattan,7,,682.1,,1
1999 / 07,Manhattan,8,,728.7,,1
1999 / 07,Manhattan,9,,275.2,,1
1999 / 07,Manhattan,10,,216.9,,1
1999 / 07,Manhattan,11,,162.6,,1
1999 / 07,Manhattan,12,,786.7,,1
1999 / 07,Queens,1,695.5,605.8,,4
1999 / 07,Queens,2,602.6,487.7,,4
1999 / 07,Queens,3,453.2,534.7,,4
1999 / 07,Queens,4,413,432.3,,4
1999 / 07,Queens,5,879.9,791.9,,4
1999 / 07,Queens,6,478.4,284.8,,4
1999 / 07,Queens,7,1110.9,783.9,,4
1999 / 07,Queens,8,551.1,326,,4
1999 / 07,Queens,9,505.9,584,,4
1999 / 07,Queens,10,482,517.5,,4
1999 / 07,Queens,11,639.9,354.7,,4
1999 / 07,Queens,12,517.1,781.1,,4
1999 / 07,Queens,13,785.8,768,,4
1999 / 07,Queens,14,356.4,377.9,,4
1999 / 07,Staten Island,1,,710.8,,5
1999 / 07,Staten Island,2,12.6,552.5,,5
1999 / 07,Staten Island,3,9.7,789,,5
1999 / 06,Bronx,1,298.6,196,,2
1999 / 06,Bronx,2,47,112.1,,2
1999 / 06,Bronx,3,44.7,77.7,,2
1999 / 06,Bronx,4,138.5,285.9,,2
1999 / 06,Bronx,5,134.2,312.1,,2
1999 / 06,Bronx,6,314.3,213.3,,2
1999 / 06,Bronx,7,253,503.2,,2
1999 / 06,Bronx,8,390.9,293.6,,2
1999 / 06,Bronx,9,203.4,345.4,,2
1999 / 06,Bronx,10,479.8,382.2,,2
1999 / 06,Bronx,11,373.9,336.6,,2
1999 / 06,Bronx,12,497.8,664.2,,2
1999 / 06,Brooklyn,1,353.7,457.3,,3
1999 / 06,Brooklyn,2,459.7,250.1,,3
1999 / 06,Brooklyn,3,194.8,305.9,,3
1999 / 06,Brooklyn,4,298,388.8,,3
1999 / 06,Brooklyn,5,281.9,513.9,,3
1999 / 06,Brooklyn,6,668.5,362.3,,3
1999 / 06,Brooklyn,7,637.8,463.1,,3
1999 / 06,Brooklyn,8,214.2,249.1,,3
1999 / 06,Brooklyn,9,204.5,272.6,,3
1999 / 06,Brooklyn,10,809.3,509,,3
1999 / 06,Brooklyn,11,832.8,611.5,,3
1999 / 06,Brooklyn,12,684,577,,3
1999 / 06,Brooklyn,13,358.9,273,,3
1999 / 06,Brooklyn,14,525.6,481.7,,3
1999 / 06,Brooklyn,15,840.7,536.6,,3
1999 / 06,Brooklyn,16,205.1,178,,3
1999 / 06,Brooklyn,17,365.7,493,,3
1999 / 06,Brooklyn,18,920.5,746.4,,3
1999 / 06,Manhattan,1,,78.2,,1
1999 / 06,Manhattan,2,,309.9,,1
1999 / 06,Manhattan,3,,250.4,,1
1999 / 06,Manhattan,4,9.6,437.2,,1
1999 / 06,Manhattan,5,,112.3,,1
1999 / 06,Manhattan,6,,615.9,,1
1999 / 06,Manhattan,7,,703.1,,1
1999 / 06,Manhattan,8,16.4,728.8,,1
1999 / 06,Manhattan,9,,235.6,,1
1999 / 06,Manhattan,10,,138.1,,1
1999 / 06,Manhattan,11,3.4,125.6,,1
1999 / 06,Manhattan,12,79.4,585,,1
1999 / 06,Queens,1,798.2,644.6,,4
1999 / 06,Queens,2,748.9,511,,4
1999 / 06,Queens,3,433.4,536,,4
1999 / 06,Queens,4,421.3,443.2,,4
1999 / 06,Queens,5,952.9,805,,4
1999 / 06,Queens,6,645.6,344,,4
1999 / 06,Queens,7,1180.9,817,,4
1999 / 06,Queens,8,561.8,315.3,,4
1999 / 06,Queens,9,540.4,571.7,,4
1999 / 06,Queens,10,532.2,548.3,,4
1999 / 06,Queens,11,793.4,406.5,,4
1999 / 06,Queens,12,575.5,787.7,,4
1999 / 06,Queens,13,810.9,825.8,,4
1999 / 06,Queens,14,405.8,341.5,,4
1999 / 06,Staten Island,1,6.1,739.8,,5
1999 / 06,Staten Island,2,,527.4,,5
1999 / 06,Staten Island,3,,721.8,,5
1999 / 05,Bronx,1,288.5,194.1,,2
1999 / 05,Bronx,2,49.5,114.6,,2
1999 / 05,Bronx,3,43.3,79.4,,2
1999 / 05,Bronx,4,138.4,275,,2
1999 / 05,Bronx,5,133.3,282.1,,2
1999 / 05,Bronx,6,319.1,206.6,,2
1999 / 05,Bronx,7,259.6,463.3,,2
1999 / 05,Bronx,8,427.1,299.4,,2
1999 / 05,Bronx,9,209.3,302,,2
1999 / 05,Bronx,10,455.3,338.3,,2
1999 / 05,Bronx,11,414.2,349.4,,2
1999 / 05,Bronx,12,472.2,583.1,,2
1999 / 05,Brooklyn,1,331.1,381,,3
1999 / 05,Brooklyn,2,434.9,246.2,,3
1999 / 05,Brooklyn,3,191.7,277.4,,3
1999 / 05,Brooklyn,4,287.7,358.7,,3
1999 / 05,Brooklyn,5,261.4,422.4,,3
1999 / 05,Brooklyn,6,672.5,335.6,,3
1999 / 05,Brooklyn,7,531.3,408.2,,3
1999 / 05,Brooklyn,8,198.9,215.6,,3
1999 / 05,Brooklyn,9,208.1,251,,3
1999 / 05,Brooklyn,10,755.6,459.9,,3
1999 / 05,Brooklyn,11,781.8,528.2,,3
1999 / 05,Brooklyn,12,656.5,493.6,,3
1999 / 05,Brooklyn,13,330.5,229.5,,3
1999 / 05,Brooklyn,14,492.6,436.9,,3
1999 / 05,Brooklyn,15,789.3,473,,3
1999 / 05,Brooklyn,16,207.5,174.8,,3
1999 / 05,Brooklyn,17,348.7,414.7,,3
1999 / 05,Brooklyn,18,873.1,646.5,,3
1999 / 05,Manhattan,1,,90,,1
1999 / 05,Manhattan,2,,299.3,,1
1999 / 05,Manhattan,3,,221.9,,1
1999 / 05,Manhattan,4,,421.5,,1
1999 / 05,Manhattan,5,,125,,1
1999 / 05,Manhattan,6,19.9,605.6,,1
1999 / 05,Manhattan,7,,654.1,,1
1999 / 05,Manhattan,8,25.8,717.8,,1
1999 / 05,Manhattan,9,,244,,1
1999 / 05,Manhattan,10,,143.6,,1
1999 / 05,Manhattan,11,18.5,123.5,,1
1999 / 05,Manhattan,12,15.1,533.7,,1
1999 / 05,Queens,1,755,562.9,,4
1999 / 05,Queens,2,643.3,444.4,,4
1999 / 05,Queens,3,431.1,442.9,,4
1999 / 05,Queens,4,373.2,374.9,,4
1999 / 05,Queens,5,907.8,721.5,,4
1999 / 05,Queens,6,585.9,305.8,,4
1999 / 05,Queens,7,1137,752.9,,4
1999 / 05,Queens,8,553.3,283.1,,4
1999 / 05,Queens,9,511.9,507,,4
1999 / 05,Queens,10,495,478.8,,4
1999 / 05,Queens,11,724.6,351.6,,4
1999 / 05,Queens,12,538.4,661.3,,4
1999 / 05,Queens,13,760.7,689,,4
1999 / 05,Queens,14,387.9,348.7,,4
1999 / 05,Staten Island,1,,672.4,,5
1999 / 05,Staten Island,2,,434.8,,5
1999 / 05,Staten Island,3,,650.3,,5
1999 / 04,Bronx,1,304.3,205.5,,2
1999 / 04,Bronx,2,45.4,109.1,,2
1999 / 04,Bronx,3,205.7,111.2,,2
1999 / 04,Bronx,4,135.6,275.1,,2
1999 / 04,Bronx,5,138,300.1,,2
1999 / 04,Bronx,6,326.1,233.6,,2
1999 / 04,Bronx,7,256.9,469.7,,2
1999 / 04,Bronx,8,427.4,281.1,,2
1999 / 04,Bronx,9,191.8,296.6,,2
1999 / 04,Bronx,10,476.1,339.1,,2
1999 / 04,Bronx,11,449.6,359.2,,2
1999 / 04,Bronx,12,500.2,576.1,,2
1999 / 04,Brooklyn,1,360.2,415.5,,3
1999 / 04,Brooklyn,2,404.8,245.5,,3
1999 / 04,Brooklyn,3,193,278.9,,3
1999 / 04,Brooklyn,4,328,368.8,,3
1999 / 04,Brooklyn,5,249.9,433.5,,3
1999 / 04,Brooklyn,6,673.7,353,,3
1999 / 04,Brooklyn,7,384.2,418.1,,3
1999 / 04,Brooklyn,8,198,227.6,,3
1999 / 04,Brooklyn,9,212.8,270.1,,3
1999 / 04,Brooklyn,10,762,475.6,,3
1999 / 04,Brooklyn,11,771.4,550.4,,3
1999 / 04,Brooklyn,12,585.6,536,,3
1999 / 04,Brooklyn,13,341,269.9,,3
1999 / 04,Brooklyn,14,430.6,411,,3
1999 / 04,Brooklyn,15,734.9,484.3,,3
1999 / 04,Brooklyn,16,194.2,144.3,,3
1999 / 04,Brooklyn,17,334.9,403.1,,3
1999 / 04,Brooklyn,18,881.1,664.6,,3
1999 / 04,Manhattan,1,,69,,1
1999 / 04,Manhattan,2,,294,,1
1999 / 04,Manhattan,3,,223.2,,1
1999 / 04,Manhattan,4,,436.3,,1
1999 / 04,Manhattan,5,,138.7,,1
1999 / 04,Manhattan,6,,628,,1
1999 / 04,Manhattan,7,,688.7,,1
1999 / 04,Manhattan,8,31.9,742.5,,1
1999 / 04,Manhattan,9,5.1,246.8,,1
1999 / 04,Manhattan,10,,143,,1
1999 / 04,Manhattan,11,5.3,132.2,,1
1999 / 04,Manhattan,12,,558.7,,1
1999 / 04,Queens,1,700.2,569.3,,4
1999 / 04,Queens,2,619.1,447.5,,4
1999 / 04,Queens,3,453.3,447.2,,4
1999 / 04,Queens,4,358.8,366.8,,4
1999 / 04,Queens,5,947.4,701.2,,4
1999 / 04,Queens,6,617.3,337.3,,4
1999 / 04,Queens,7,1110.9,745.5,,4
1999 / 04,Queens,8,547.8,296.8,,4
1999 / 04,Queens,9,498.4,508,,4
1999 / 04,Queens,10,481,468.4,,4
1999 / 04,Queens,11,740.4,354.2,,4
1999 / 04,Queens,12,530.6,673,,4
1999 / 04,Queens,13,763.1,703,,4
1999 / 04,Queens,14,364,324.7,,4
1999 / 04,Staten Island,1,27,701.6,,5
1999 / 04,Staten Island,2,,442.3,,5
1999 / 04,Staten Island,3,50.6,631.4,,5
1999 / 03,Bronx,1,296.9,219,,2
1999 / 03,Bronx,2,45.9,106.3,,2
1999 / 03,Bronx,3,48.8,74.3,,2
1999 / 03,Bronx,4,121,249.4,,2
1999 / 03,Bronx,5,135.1,294.4,,2
1999 / 03,Bronx,6,316.4,211.3,,2
1999 / 03,Bronx,7,213.9,419.3,,2
1999 / 03,Bronx,8,368.3,261.6,,2
1999 / 03,Bronx,9,182,273.7,,2
1999 / 03,Bronx,10,407.8,290.3,,2
1999 / 03,Bronx,11,443.3,384.6,,2
1999 / 03,Bronx,12,461.5,538.9,,2
1999 / 03,Brooklyn,1,370.1,414.5,,3
1999 / 03,Brooklyn,2,426.1,228.8,,3
1999 / 03,Brooklyn,3,206.9,278.4,,3
1999 / 03,Brooklyn,4,314.9,353.7,,3
1999 / 03,Brooklyn,5,270.2,441.3,,3
1999 / 03,Brooklyn,6,687,341.2,,3
1999 / 03,Brooklyn,7,385.8,404,,3
1999 / 03,Brooklyn,8,197.3,215.8,,3
1999 / 03,Brooklyn,9,232.8,275.4,,3
1999 / 03,Brooklyn,10,777.3,435.5,,3
1999 / 03,Brooklyn,11,744.9,481.1,,3
1999 / 03,Brooklyn,12,870.9,662.7,,3
1999 / 03,Brooklyn,13,339.9,224.3,,3
1999 / 03,Brooklyn,14,600.4,466.6,,3
1999 / 03,Brooklyn,15,868.8,499.3,,3
1999 / 03,Brooklyn,16,191.6,137.4,,3
1999 / 03,Brooklyn,17,338.4,373.9,,3
1999 / 03,Brooklyn,18,898.5,589.9,,3
1999 / 03,Manhattan,1,,83.4,,1
1999 / 03,Manhattan,2,,304.2,,1
1999 / 03,Manhattan,3,,189.9,,1
1999 / 03,Manhattan,4,,412.9,,1
1999 / 03,Manhattan,5,,112.1,,1
1999 / 03,Manhattan,6,,614.6,,1
1999 / 03,Manhattan,7,,687.7,,1
1999 / 03,Manhattan,8,299.1,734,,1
1999 / 03,Manhattan,9,236.8,233,,1
1999 / 03,Manhattan,10,86.4,122.5,,1
1999 / 03,Manhattan,11,105.3,92.7,,1
1999 / 03,Manhattan,12,316.4,493.8,,1
1999 / 03,Queens,1,769.3,595.1,,4
1999 / 03,Queens,2,646.4,416.2,,4
1999 / 03,Queens,3,379.3,388.1,,4
1999 / 03,Queens,4,331.7,307.3,,4
1999 / 03,Queens,5,928.9,653.5,,4
1999 / 03,Queens,6,521.6,277.5,,4
1999 / 03,Queens,7,1121.8,695.7,,4
1999 / 03,Queens,8,539.2,313.3,,4
1999 / 03,Queens,9,536.8,481.4,,4
1999 / 03,Queens,10,498.8,412.5,,4
1999 / 03,Queens,11,723.8,319.5,,4
1999 / 03,Queens,12,510.5,575.6,,4
1999 / 03,Queens,13,754.9,601.8,,4
1999 / 03,Queens,14,345.5,240.2,,4
1999 / 03,Staten Island,1,6.1,598.8,,5
1999 / 03,Staten Island,2,,391.7,,5
1999 / 03,Staten Island,3,,531.5,,5
1999 / 02,Bronx,1,238.5,177.1,,2
1999 / 02,Bronx,2,43.8,102.2,,2
1999 / 02,Bronx,3,45.3,74.7,,2
1999 / 02,Bronx,4,111.5,236.4,,2
1999 / 02,Bronx,5,113.6,263.5,,2
1999 / 02,Bronx,6,263,185.8,,2
1999 / 02,Bronx,7,204.1,418.5,,2
1999 / 02,Bronx,8,327.8,240.4,,2
1999 / 02,Bronx,9,164.4,258.8,,2
1999 / 02,Bronx,10,393.7,284.7,,2
1999 / 02,Bronx,11,355,310.1,,2
1999 / 02,Bronx,12,384.2,455.2,,2
1999 / 02,Brooklyn,1,308.7,347.6,,3
1999 / 02,Brooklyn,2,374.9,211.2,,3
1999 / 02,Brooklyn,3,164.7,228.4,,3
1999 / 02,Brooklyn,4,261.8,312.6,,3
1999 / 02,Brooklyn,5,228.1,358,,3
1999 / 02,Brooklyn,6,586.8,297.6,,3
1999 / 02,Brooklyn,7,350.2,352.3,,3
1999 / 02,Brooklyn,8,172.9,179.2,,3
1999 / 02,Brooklyn,9,177.1,216.7,,3
1999 / 02,Brooklyn,10,659.6,390.9,,3
1999 / 02,Brooklyn,11,679.4,436.3,,3
1999 / 02,Brooklyn,12,600,432.6,,3
1999 / 02,Brooklyn,13,288.4,194.6,,3
1999 / 02,Brooklyn,14,432.2,343.8,,3
1999 / 02,Brooklyn,15,703.5,416.4,,3
1999 / 02,Brooklyn,16,160.3,130.4,,3
1999 / 02,Brooklyn,17,280.8,312.9,,3
1999 / 02,Brooklyn,18,753,509.5,,3
1999 / 02,Manhattan,1,,85.8,,1
1999 / 02,Manhattan,2,,263.3,,1
1999 / 02,Manhattan,3,,209.1,,1
1999 / 02,Manhattan,4,,369.4,,1
1999 / 02,Manhattan,5,,115.3,,1
1999 / 02,Manhattan,6,,555.9,,1
1999 / 02,Manhattan,7,,608.8,,1
1999 / 02,Manhattan,8,222.5,683.2,,1
1999 / 02,Manhattan,9,233,218.9,,1
1999 / 02,Manhattan,10,78.7,116,,1
1999 / 02,Manhattan,11,106.8,90.4,,1
1999 / 02,Manhattan,12,286.6,488.6,,1
1999 / 02,Queens,1,656.4,488,,4
1999 / 02,Queens,2,553.2,385.8,,4
1999 / 02,Queens,3,368.4,371.2,,4
1999 / 02,Queens,4,326.5,308.7,,4
1999 / 02,Queens,5,770.3,574.5,,4
1999 / 02,Queens,6,500.4,272.7,,4
1999 / 02,Queens,7,972.6,599.4,,4
1999 / 02,Queens,8,404.2,278.1,,4
1999 / 02,Queens,9,444.8,408.7,,4
1999 / 02,Queens,10,426.3,359.9,,4
1999 / 02,Queens,11,636.7,288.1,,4
1999 / 02,Queens,12,448.9,522.7,,4
1999 / 02,Queens,13,673,538.3,,4
1999 / 02,Queens,14,300.8,229.9,,4
1999 / 02,Staten Island,1,6.8,515.6,,5
1999 / 02,Staten Island,2,,360.6,,5
1999 / 02,Staten Island,3,,492.3,,5
1999 / 01,Bronx,1,280.7,199.4,,2
1999 / 01,Bronx,2,63.7,131.8,,2
1999 / 01,Bronx,3,55.4,83.1,,2
1999 / 01,Bronx,4,146.5,268.1,,2
1999 / 01,Bronx,5,152.3,312.1,,2
1999 / 01,Bronx,6,283.6,206.1,,2
1999 / 01,Bronx,7,252.7,472.9,,2
1999 / 01,Bronx,8,402.5,270.9,,2
1999 / 01,Bronx,9,215.1,306.1,,2
1999 / 01,Bronx,10,488.4,336.7,,2
1999 / 01,Bronx,11,442,366.2,,2
1999 / 01,Bronx,12,457.1,559.9,,2
1999 / 01,Brooklyn,1,380.8,404,,3
1999 / 01,Brooklyn,2,448.1,275.5,,3
1999 / 01,Brooklyn,3,193.7,270.7,,3
1999 / 01,Brooklyn,4,309.6,385.2,,3
1999 / 01,Brooklyn,5,252.6,428,,3
1999 / 01,Brooklyn,6,769.5,403.5,,3
1999 / 01,Brooklyn,7,424.7,418.9,,3
1999 / 01,Brooklyn,8,191.5,202.9,,3
1999 / 01,Brooklyn,9,236.1,271.3,,3
1999 / 01,Brooklyn,10,797.9,472.3,,3
1999 / 01,Brooklyn,11,799.6,521.9,,3
1999 / 01,Brooklyn,12,690,503.6,,3
1999 / 01,Brooklyn,13,315.2,224.7,,3
1999 / 01,Brooklyn,14,480.4,387.7,,3
1999 / 01,Brooklyn,15,847.5,473.2,,3
1999 / 01,Brooklyn,16,191.9,152.5,,3
1999 / 01,Brooklyn,17,324.4,366.3,,3
1999 / 01,Brooklyn,18,919.3,633.6,,3
1999 / 01,Manhattan,1,,85.7,,1
1999 / 01,Manhattan,2,,321.9,,1
1999 / 01,Manhattan,3,,205.9,,1
1999 / 01,Manhattan,4,,467.4,,1
1999 / 01,Manhattan,5,,147,,1
1999 / 01,Manhattan,6,,638.6,,1
1999 / 01,Manhattan,7,,734.1,,1
1999 / 01,Manhattan,8,368.5,811.9,,1
1999 / 01,Manhattan,9,302.4,266.6,,1
1999 / 01,Manhattan,10,93.1,142.9,,1
1999 / 01,Manhattan,11,141.7,124,,1
1999 / 01,Manhattan,12,330.1,586.6,,1
1999 / 01,Queens,1,779.6,597.5,,4
1999 / 01,Queens,2,622.3,460.2,,4
1999 / 01,Queens,3,447,454.2,,4
1999 / 01,Queens,4,397.9,363,,4
1999 / 01,Queens,5,993.8,689,,4
1999 / 01,Queens,6,523.6,287.1,,4
1999 / 01,Queens,7,1219.1,736,,4
1999 / 01,Queens,8,510.2,320.2,,4
1999 / 01,Queens,9,544.9,492,,4
1999 / 01,Queens,10,529.5,418.3,,4
1999 / 01,Queens,11,709.3,336.7,,4
1999 / 01,Queens,12,544.1,645.4,,4
1999 / 01,Queens,13,830.3,650.8,,4
1999 / 01,Queens,14,361.5,278,,4
1999 / 01,Staten Island,1,,653.6,,5
1999 / 01,Staten Island,2,,426.5,,5
1999 / 01,Staten Island,3,,619.7,,5
1998 / 12,Bronx,1,285.8,184.7,,2
1998 / 12,Bronx,2,59.2,127.7,,2
1998 / 12,Bronx,3,48.5,59.7,,2
1998 / 12,Bronx,4,153.8,249.6,,2
1998 / 12,Bronx,5,159.6,328.1,,2
1998 / 12,Bronx,6,323.8,205.6,,2
1998 / 12,Bronx,7,278.8,509.2,,2
1998 / 12,Bronx,8,422.7,253.3,,2
1998 / 12,Bronx,9,230.9,312.7,,2
1998 / 12,Bronx,10,531.2,330.3,,2
1998 / 12,Bronx,11,411.2,325.3,,2
1998 / 12,Bronx,12,533.8,538.7,,2
1998 / 12,Brooklyn,1,379.2,395.5,,3
1998 / 12,Brooklyn,2,457.6,255.6,,3
1998 / 12,Brooklyn,3,183.6,247.8,,3
1998 / 12,Brooklyn,4,316.3,315.6,,3
1998 / 12,Brooklyn,5,292,429.9,,3
1998 / 12,Brooklyn,6,708.8,349.9,,3
1998 / 12,Brooklyn,7,446.6,426.6,,3
1998 / 12,Brooklyn,8,252.3,240.8,,3
1998 / 12,Brooklyn,9,207.3,243.6,,3
1998 / 12,Brooklyn,10,858.7,471.7,,3
1998 / 12,Brooklyn,11,846,510.6,,3
1998 / 12,Brooklyn,12,680.8,499.1,,3
1998 / 12,Brooklyn,13,342.1,204.8,,3
1998 / 12,Brooklyn,14,518.2,386.1,,3
1998 / 12,Brooklyn,15,861.9,454.8,,3
1998 / 12,Brooklyn,16,199.1,149.2,,3
1998 / 12,Brooklyn,17,359.7,384.9,,3
1998 / 12,Brooklyn,18,1018.7,596,,3
1998 / 12,Manhattan,1,,66.2,,1
1998 / 12,Manhattan,2,,317,,1
1998 / 12,Manhattan,3,,227.1,,1
1998 / 12,Manhattan,4,,427.2,,1
1998 / 12,Manhattan,5,,117.1,,1
1998 / 12,Manhattan,6,,643.7,,1
1998 / 12,Manhattan,7,2.4,710.4,,1
1998 / 12,Manhattan,8,239,787.5,,1
1998 / 12,Manhattan,9,55.3,227.1,,1
1998 / 12,Manhattan,10,34.3,125.6,,1
1998 / 12,Manhattan,11,17.7,84.5,,1
1998 / 12,Manhattan,12,116.9,555.5,,1
1998 / 12,Queens,1,834.4,596.4,,4
1998 / 12,Queens,2,726.1,461.1,,4
1998 / 12,Queens,3,466.2,454.6,,4
1998 / 12,Queens,4,452.2,375.2,,4
1998 / 12,Queens,5,1102.3,677.2,,4
1998 / 12,Queens,6,656,307.7,,4
1998 / 12,Queens,7,1275.1,712.3,,4
1998 / 12,Queens,8,592.8,299.2,,4
1998 / 12,Queens,9,579.3,478.9,,4
1998 / 12,Queens,10,556.8,403.7,,4
1998 / 12,Queens,11,805.8,336.2,,4
1998 / 12,Queens,12,577.7,624.6,,4
1998 / 12,Queens,13,842.2,611.9,,4
1998 / 12,Queens,14,414.4,272.8,,4
1998 / 12,Staten Island,1,,624.2,,5
1998 / 12,Staten Island,2,,422.7,,5
1998 / 12,Staten Island,3,,560.4,,5
1998 / 11,Bronx,1,278.1,174.1,,2
1998 / 11,Bronx,2,55.5,103.6,,2
1998 / 11,Bronx,3,42.1,62.8,,2
1998 / 11,Bronx,4,116.1,222.6,,2
1998 / 11,Bronx,5,107.5,273.4,,2
1998 / 11,Bronx,6,322.8,182,,2
1998 / 11,Bronx,7,217.6,425.6,,2
1998 / 11,Bronx,8,376.4,245.4,,2
1998 / 11,Bronx,9,173.3,258.1,,2
1998 / 11,Bronx,10,461.7,310.8,,2
1998 / 11,Bronx,11,384.8,307,,2
1998 / 11,Bronx,12,418.2,478.3,,2
1998 / 11,Brooklyn,1,334.3,371.5,,3
1998 / 11,Brooklyn,2,391.8,208.7,,3
1998 / 11,Brooklyn,3,172,233.6,,3
1998 / 11,Brooklyn,4,278.6,303.5,,3
1998 / 11,Brooklyn,5,236.9,378.1,,3
1998 / 11,Brooklyn,6,651.6,301.8,,3
1998 / 11,Brooklyn,7,388.5,388.6,,3
1998 / 11,Brooklyn,8,187.8,185.1,,3
1998 / 11,Brooklyn,9,195.3,215.9,,3
1998 / 11,Brooklyn,10,724.6,422.4,,3
1998 / 11,Brooklyn,11,737.9,468.5,,3
1998 / 11,Brooklyn,12,639.1,471.6,,3
1998 / 11,Brooklyn,13,311.9,212,,3
1998 / 11,Brooklyn,14,470.1,362.7,,3
1998 / 11,Brooklyn,15,766.9,423.3,,3
1998 / 11,Brooklyn,16,174.5,131,,3
1998 / 11,Brooklyn,17,316,335.2,,3
1998 / 11,Brooklyn,18,816.9,508.4,,3
1998 / 11,Manhattan,1,,79.9,,1
1998 / 11,Manhattan,2,,286.7,,1
1998 / 11,Manhattan,3,,189.5,,1
1998 / 11,Manhattan,4,,373.8,,1
1998 / 11,Manhattan,5,,113.6,,1
1998 / 11,Manhattan,6,,535.4,,1
1998 / 11,Manhattan,7,,619.2,,1
1998 / 11,Manhattan,8,10.6,662,,1
1998 / 11,Manhattan,9,,203.2,,1
1998 / 11,Manhattan,10,,114.7,,1
1998 / 11,Manhattan,11,,82.5,,1
1998 / 11,Manhattan,12,,492.8,,1
1998 / 11,Queens,1,714.5,511.9,,4
1998 / 11,Queens,2,652.6,404.9,,4
1998 / 11,Queens,3,455.2,406.5,,4
1998 / 11,Queens,4,391.9,327,,4
1998 / 11,Queens,5,912.9,585.3,,4
1998 / 11,Queens,6,586.9,279.3,,4
1998 / 11,Queens,7,1109.2,622.6,,4
1998 / 11,Queens,8,570.3,253.5,,4
1998 / 11,Queens,9,526.1,416,,4
1998 / 11,Queens,10,495.5,387,,4
1998 / 11,Queens,11,764.4,316.8,,4
1998 / 11,Queens,12,526.2,560.9,,4
1998 / 11,Queens,13,775,581.3,,4
1998 / 11,Queens,14,365.6,244.3,,4
1998 / 11,Staten Island,1,,554.2,,5
1998 / 11,Staten Island,2,,380.2,,5
1998 / 11,Staten Island,3,,546.3,,5
1998 / 10,Bronx,1,298.3,198.7,,2
1998 / 10,Bronx,2,42.3,103.6,,2
1998 / 10,Bronx,3,67.6,113.5,,2
1998 / 10,Bronx,4,133.8,274.8,,2
1998 / 10,Bronx,5,123.9,292.7,,2
1998 / 10,Bronx,6,332.9,214.8,,2
1998 / 10,Bronx,7,250.6,505.1,,2
1998 / 10,Bronx,8,434.2,317.5,,2
1998 / 10,Bronx,9,203.1,316,,2
1998 / 10,Bronx,10,499.2,349.3,,2
1998 / 10,Bronx,11,451.1,378,,2
1998 / 10,Bronx,12,478.9,562.2,,2
1998 / 10,Brooklyn,1,369.7,429.9,,3
1998 / 10,Brooklyn,2,454.4,262.8,,3
1998 / 10,Brooklyn,3,197.4,263.5,,3
1998 / 10,Brooklyn,4,337,368.4,,3
1998 / 10,Brooklyn,5,257.4,414.5,,3
1998 / 10,Brooklyn,6,743.6,358.3,,3
1998 / 10,Brooklyn,7,442.6,430.2,,3
1998 / 10,Brooklyn,8,211.2,229.6,,3
1998 / 10,Brooklyn,9,235.8,278.4,,3
1998 / 10,Brooklyn,10,799.1,478.6,,3
1998 / 10,Brooklyn,11,853.4,550.8,,3
1998 / 10,Brooklyn,12,678.1,572.7,,3
1998 / 10,Brooklyn,13,373.8,276.1,,3
1998 / 10,Brooklyn,14,479.3,423.1,,3
1998 / 10,Brooklyn,15,801.3,484.6,,3
1998 / 10,Brooklyn,16,191.2,158.2,,3
1998 / 10,Brooklyn,17,353.8,385.5,,3
1998 / 10,Brooklyn,18,918.9,602,,3
1998 / 10,Manhattan,1,,91.5,,1
1998 / 10,Manhattan,2,,321.4,,1
1998 / 10,Manhattan,3,,231.7,,1
1998 / 10,Manhattan,4,,464.2,,1
1998 / 10,Manhattan,5,,145.2,,1
1998 / 10,Manhattan,6,,646.1,,1
1998 / 10,Manhattan,7,,691.6,,1
1998 / 10,Manhattan,8,,772.9,,1
1998 / 10,Manhattan,9,,263.6,,1
1998 / 10,Manhattan,10,,155.8,,1
1998 / 10,Manhattan,11,,95,,1
1998 / 10,Manhattan,12,,578.8,,1
1998 / 10,Queens,1,894.3,572,,4
1998 / 10,Queens,2,715.8,483.8,,4
1998 / 10,Queens,3,513.9,460,,4
1998 / 10,Queens,4,414.4,379.8,,4
1998 / 10,Queens,5,1153.5,689.9,,4
1998 / 10,Queens,6,773.7,351.4,,4
1998 / 10,Queens,7,1365.8,764.6,,4
1998 / 10,Queens,8,660.7,311.3,,4
1998 / 10,Queens,9,645.6,469.2,,4
1998 / 10,Queens,10,556.5,453.8,,4
1998 / 10,Queens,11,850.5,354.9,,4
1998 / 10,Queens,12,616.9,641.1,,4
1998 / 10,Queens,13,848.2,678.9,,4
1998 / 10,Queens,14,395.5,309.8,,4
1998 / 10,Staten Island,1,,673.8,,5
1998 / 10,Staten Island,2,,445.1,,5
1998 / 10,Staten Island,3,,631.2,,5
1998 / 09,Bronx,1,270.5,205.1,,2
1998 / 09,Bronx,2,39.1,105.9,,2
1998 / 09,Bronx,3,40.1,73.9,,2
1998 / 09,Bronx,4,109.2,226.8,,2
1998 / 09,Bronx,5,112.6,305.5,,2
1998 / 09,Bronx,6,295.1,199.5,,2
1998 / 09,Bronx,7,213,452.7,,2
1998 / 09,Bronx,8,376.2,280.6,,2
1998 / 09,Bronx,9,177.8,304.6,,2
1998 / 09,Bronx,10,429.2,308.2,,2
1998 / 09,Bronx,11,429.3,387.7,,2
1998 / 09,Bronx,12,461.1,583.6,,2
1998 / 09,Brooklyn,1,375.1,386.5,,3
1998 / 09,Brooklyn,2,476.5,253.3,,3
1998 / 09,Brooklyn,3,186.1,266.9,,3
1998 / 09,Brooklyn,4,314.2,344,,3
1998 / 09,Brooklyn,5,249.9,432.8,,3
1998 / 09,Brooklyn,6,730.9,346.4,,3
1998 / 09,Brooklyn,7,601.2,430.3,,3
1998 / 09,Brooklyn,8,208.8,227.2,,3
1998 / 09,Brooklyn,9,237,267.7,,3
1998 / 09,Brooklyn,10,825.2,453.2,,3
1998 / 09,Brooklyn,11,861.1,503.7,,3
1998 / 09,Brooklyn,12,737.9,504.5,,3
1998 / 09,Brooklyn,13,385,228.3,,3
1998 / 09,Brooklyn,14,553.3,401.5,,3
1998 / 09,Brooklyn,15,905.7,453.5,,3
1998 / 09,Brooklyn,16,182.3,125.7,,3
1998 / 09,Brooklyn,17,343.4,390.4,,3
1998 / 09,Brooklyn,18,946,599.2,,3
1998 / 09,Manhattan,1,,59.7,,1
1998 / 09,Manhattan,2,,293.9,,1
1998 / 09,Manhattan,3,,212.2,,1
1998 / 09,Manhattan,4,,409.6,,1
1998 / 09,Manhattan,5,,108.9,,1
1998 / 09,Manhattan,6,,583.9,,1
1998 / 09,Manhattan,7,,612,,1
1998 / 09,Manhattan,8,7.5,660.5,,1
1998 / 09,Manhattan,9,,223.4,,1
1998 / 09,Manhattan,10,,108,,1
1998 / 09,Manhattan,11,,92.6,,1
1998 / 09,Manhattan,12,6.7,526.9,,1
1998 / 09,Queens,1,745.1,566.7,,4
1998 / 09,Queens,2,611.1,428.5,,4
1998 / 09,Queens,3,383.6,418.7,,4
1998 / 09,Queens,4,347.5,337.8,,4
1998 / 09,Queens,5,963.2,672,,4
1998 / 09,Queens,6,525.9,270.7,,4
1998 / 09,Queens,7,1146.1,744.4,,4
1998 / 09,Queens,8,570.4,299.4,,4
1998 / 09,Queens,9,530.3,478.1,,4
1998 / 09,Queens,10,492.8,465.7,,4
1998 / 09,Queens,11,767.4,333.4,,4
1998 / 09,Queens,12,499.4,632.4,,4
1998 / 09,Queens,13,766.6,687.8,,4
1998 / 09,Queens,14,353.6,272.1,,4
1998 / 09,Staten Island,1,,657.8,,5
1998 / 09,Staten Island,2,,453,,5
1998 / 09,Staten Island,3,,612.8,,5
1998 / 08,Bronx,1,232,192.3,,2
1998 / 08,Bronx,2,37.8,112.8,,2
1998 / 08,Bronx,3,35.2,75.8,,2
1998 / 08,Bronx,4,110.5,252.7,,2
1998 / 08,Bronx,5,106.9,313.6,,2
1998 / 08,Bronx,6,280.5,189.4,,2
1998 / 08,Bronx,7,200.1,477.3,,2
1998 / 08,Bronx,8,322.4,253.6,,2
1998 / 08,Bronx,9,168.3,312.2,,2
1998 / 08,Bronx,10,375.1,332.6,,2
1998 / 08,Bronx,11,393.1,387.1,,2
1998 / 08,Bronx,12,419.4,619,,2
1998 / 08,Brooklyn,1,277.7,349.6,,3
1998 / 08,Brooklyn,2,353.5,235.2,,3
1998 / 08,Brooklyn,3,155.5,275.3,,3
1998 / 08,Brooklyn,4,248.6,330.9,,3
1998 / 08,Brooklyn,5,225.4,447.4,,3
1998 / 08,Brooklyn,6,577.7,337.5,,3
1998 / 08,Brooklyn,7,507.6,411.2,,3
1998 / 08,Brooklyn,8,156.1,192.5,,3
1998 / 08,Brooklyn,9,181.8,248.8,,3
1998 / 08,Brooklyn,10,662.9,439.8,,3
1998 / 08,Brooklyn,11,658.2,467.4,,3
1998 / 08,Brooklyn,12,506.3,415.6,,3
1998 / 08,Brooklyn,13,294.3,201.2,,3
1998 / 08,Brooklyn,14,416.2,371.9,,3
1998 / 08,Brooklyn,15,674.2,430.2,,3
1998 / 08,Brooklyn,16,157.3,133,,3
1998 / 08,Brooklyn,17,284.8,386.2,,3
1998 / 08,Brooklyn,18,779.8,605.2,,3
1998 / 08,Manhattan,1,,80.9,,1
1998 / 08,Manhattan,2,,289.7,,1
1998 / 08,Manhattan,3,,182.2,,1
1998 / 08,Manhattan,4,,389.1,,1
1998 / 08,Manhattan,5,9.9,114.5,,1
1998 / 08,Manhattan,6,29.7,552.4,,1
1998 / 08,Manhattan,7,6.3,599.6,,1
1998 / 08,Manhattan,8,49.5,618.8,,1
1998 / 08,Manhattan,9,13,231.1,,1
1998 / 08,Manhattan,10,,108.2,,1
1998 / 08,Manhattan,11,,91.9,,1
1998 / 08,Manhattan,12,17.1,540.4,,1
1998 / 08,Queens,1,660.6,559.5,,4
1998 / 08,Queens,2,532.5,393,,4
1998 / 08,Queens,3,362.1,434.3,,4
1998 / 08,Queens,4,333.9,356.1,,4
1998 / 08,Queens,5,827.1,658.1,,4
1998 / 08,Queens,6,463.3,258.7,,4
1998 / 08,Queens,7,1052.5,731.5,,4
1998 / 08,Queens,8,511.9,286,,4
1998 / 08,Queens,9,508.6,470.7,,4
1998 / 08,Queens,10,447.9,444.7,,4
1998 / 08,Queens,11,651.5,322.2,,4
1998 / 08,Queens,12,482.4,667.2,,4
1998 / 08,Queens,13,709.1,692.8,,4
1998 / 08,Queens,14,310.2,294,,4
1998 / 08,Staten Island,1,,633.3,,5
1998 / 08,Staten Island,2,,425.7,,5
1998 / 08,Staten Island,3,,611.6,,5
1998 / 07,Bronx,1,260,206.7,,2
1998 / 07,Bronx,2,59.6,152.7,,2
1998 / 07,Bronx,3,45.2,78.6,,2
1998 / 07,Bronx,4,135.9,274,,2
1998 / 07,Bronx,5,124.3,333.3,,2
1998 / 07,Bronx,6,265.6,233.6,,2
1998 / 07,Bronx,7,248.5,565.3,,2
1998 / 07,Bronx,8,367.8,267.8,,2
1998 / 07,Bronx,9,192.8,355.4,,2
1998 / 07,Bronx,10,404.4,364.5,,2
1998 / 07,Bronx,11,364.9,376.1,,2
1998 / 07,Bronx,12,429,646.4,,2
1998 / 07,Brooklyn,1,280.8,386.1,,3
1998 / 07,Brooklyn,2,391.1,264.1,,3
1998 / 07,Brooklyn,3,156.2,279,,3
1998 / 07,Brooklyn,4,277.7,333.6,,3
1998 / 07,Brooklyn,5,213.1,441.3,,3
1998 / 07,Brooklyn,6,597.2,361.5,,3
1998 / 07,Brooklyn,7,350.6,439.6,,3
1998 / 07,Brooklyn,8,203.7,232.5,,3
1998 / 07,Brooklyn,9,184.9,246.4,,3
1998 / 07,Brooklyn,10,667.5,466.7,,3
1998 / 07,Brooklyn,11,677.8,492.7,,3
1998 / 07,Brooklyn,12,547.4,456.3,,3
1998 / 07,Brooklyn,13,310.3,211.3,,3
1998 / 07,Brooklyn,14,424.5,381.8,,3
1998 / 07,Brooklyn,15,717.2,462.5,,3
1998 / 07,Brooklyn,16,179.3,165,,3
1998 / 07,Brooklyn,17,293.2,399.4,,3
1998 / 07,Brooklyn,18,802.1,646.9,,3
1998 / 07,Manhattan,1,12.9,57.5,,1
1998 / 07,Manhattan,2,102.3,296,,1
1998 / 07,Manhattan,3,78.2,244,,1
1998 / 07,Manhattan,4,187.8,446.1,,1
1998 / 07,Manhattan,5,54.1,123.5,,1
1998 / 07,Manhattan,6,309,616.9,,1
1998 / 07,Manhattan,7,225.9,624.5,,1
1998 / 07,Manhattan,8,290.5,655.2,,1
1998 / 07,Manhattan,9,32.8,237.2,,1
1998 / 07,Manhattan,10,17.9,142.6,,1
1998 / 07,Manhattan,11,27.3,110.4,,1
1998 / 07,Manhattan,12,64.9,564.9,,1
1998 / 07,Queens,1,666.6,593.4,,4
1998 / 07,Queens,2,583.8,432.8,,4
1998 / 07,Queens,3,418.7,491.5,,4
1998 / 07,Queens,4,384,393.6,,4
1998 / 07,Queens,5,909,690.7,,4
1998 / 07,Queens,6,513.4,294.2,,4
1998 / 07,Queens,7,1055.9,786.8,,4
1998 / 07,Queens,8,559.6,314.9,,4
1998 / 07,Queens,9,515.2,496.4,,4
1998 / 07,Queens,10,465.9,483.6,,4
1998 / 07,Queens,11,657.5,354.1,,4
1998 / 07,Queens,12,508.5,718.2,,4
1998 / 07,Queens,13,767.4,761.6,,4
1998 / 07,Queens,14,338,327.7,,4
1998 / 07,Staten Island,1,,715.6,,5
1998 / 07,Staten Island,2,,478.6,,5
1998 / 07,Staten Island,3,,648.4,,5
1998 / 06,Bronx,1,292.1,168.2,,2
1998 / 06,Bronx,2,40.5,98.5,,2
1998 / 06,Bronx,3,44.9,71.6,,2
1998 / 06,Bronx,4,124.4,224.7,,2
1998 / 06,Bronx,5,110,268.2,,2
1998 / 06,Bronx,6,337.4,198.9,,2
1998 / 06,Bronx,7,227.7,433.8,,2
1998 / 06,Bronx,8,350.4,238.4,,2
1998 / 06,Bronx,9,197.5,301.1,,2
1998 / 06,Bronx,10,482.5,360.3,,2
1998 / 06,Bronx,11,383,334.8,,2
1998 / 06,Bronx,12,491.8,613.7,,2
1998 / 06,Brooklyn,1,343.7,401.4,,3
1998 / 06,Brooklyn,2,374.2,213.5,,3
1998 / 06,Brooklyn,3,154,230.5,,3
1998 / 06,Brooklyn,4,273.6,318.2,,3
1998 / 06,Brooklyn,5,248.6,420.9,,3
1998 / 06,Brooklyn,6,668.3,359.3,,3
1998 / 06,Brooklyn,7,404.8,403.7,,3
1998 / 06,Brooklyn,8,171.4,184,,3
1998 / 06,Brooklyn,9,186.7,216.5,,3
1998 / 06,Brooklyn,10,787.6,496.1,,3
1998 / 06,Brooklyn,11,800.2,517.2,,3
1998 / 06,Brooklyn,12,660.9,509.6,,3
1998 / 06,Brooklyn,13,334.1,221.2,,3
1998 / 06,Brooklyn,14,463.8,367.4,,3
1998 / 06,Brooklyn,15,770.9,455.7,,3
1998 / 06,Brooklyn,16,175.2,137.2,,3
1998 / 06,Brooklyn,17,327.8,362.8,,3
1998 / 06,Brooklyn,18,888.5,622.9,,3
1998 / 06,Manhattan,1,182.7,73.8,,1
1998 / 06,Manhattan,2,570.6,299.4,,1
1998 / 06,Manhattan,3,259.7,192.2,,1
1998 / 06,Manhattan,4,952.4,378.5,,1
1998 / 06,Manhattan,5,292.9,113.7,,1
1998 / 06,Manhattan,6,1441.6,544.1,,1
1998 / 06,Manhattan,7,1285,658.6,,1
1998 / 06,Manhattan,8,1650.6,674,,1
1998 / 06,Manhattan,9,242.4,209.8,,1
1998 / 06,Manhattan,10,106.4,115.3,,1
1998 / 06,Manhattan,11,100.4,84.1,,1
1998 / 06,Manhattan,12,307.6,453.5,,1
1998 / 06,Queens,1,766.4,585.2,,4
1998 / 06,Queens,2,662.1,450.9,,4
1998 / 06,Queens,3,412.1,423.9,,4
1998 / 06,Queens,4,408.9,352.6,,4
1998 / 06,Queens,5,970.3,673.8,,4
1998 / 06,Queens,6,609.1,300.3,,4
1998 / 06,Queens,7,1206.1,791.2,,4
1998 / 06,Queens,8,561.6,295.2,,4
1998 / 06,Queens,9,532.7,454.2,,4
1998 / 06,Queens,10,515.4,445.2,,4
1998 / 06,Queens,11,779.7,370.6,,4
1998 / 06,Queens,12,547.7,658.5,,4
1998 / 06,Queens,13,764.8,669.6,,4
1998 / 06,Queens,14,380.3,288.4,,4
1998 / 06,Staten Island,1,,700,,5
1998 / 06,Staten Island,2,,469.2,,5
1998 / 06,Staten Island,3,,628.3,,5
1998 / 05,Bronx,1,282.4,172.8,,2
1998 / 05,Bronx,2,43.6,95.1,,2
1998 / 05,Bronx,3,63.1,95.2,,2
1998 / 05,Bronx,4,139.3,260.2,,2
1998 / 05,Bronx,5,113,250.6,,2
1998 / 05,Bronx,6,333.9,223.8,,2
1998 / 05,Bronx,7,275.4,477.6,,2
1998 / 05,Bronx,8,397.5,278.7,,2
1998 / 05,Bronx,9,205.6,290.4,,2
1998 / 05,Bronx,10,484,340.7,,2
1998 / 05,Bronx,11,443.2,358.4,,2
1998 / 05,Bronx,12,465,540.8,,2
1998 / 05,Brooklyn,1,325.4,354.4,,3
1998 / 05,Brooklyn,2,421.8,233.4,,3
1998 / 05,Brooklyn,3,178.4,234.2,,3
1998 / 05,Brooklyn,4,291.5,330.3,,3
1998 / 05,Brooklyn,5,230.1,358.2,,3
1998 / 05,Brooklyn,6,683.9,330,,3
1998 / 05,Brooklyn,7,397.1,386.3,,3
1998 / 05,Brooklyn,8,188.2,183.1,,3
1998 / 05,Brooklyn,9,208.7,210.8,,3
1998 / 05,Brooklyn,10,722.5,428.1,,3
1998 / 05,Brooklyn,11,805.9,504.7,,3
1998 / 05,Brooklyn,12,676.7,455.6,,3
1998 / 05,Brooklyn,13,347.8,219.8,,3
1998 / 05,Brooklyn,14,476.4,358.9,,3
1998 / 05,Brooklyn,15,791.8,421.4,,3
1998 / 05,Brooklyn,16,176.6,145.3,,3
1998 / 05,Brooklyn,17,331.3,332.2,,3
1998 / 05,Brooklyn,18,863.5,544.8,,3
1998 / 05,Manhattan,1,11.1,83.2,,1
1998 / 05,Manhattan,2,43.9,287,,1
1998 / 05,Manhattan,3,50.2,211.5,,1
1998 / 05,Manhattan,4,154.9,428.6,,1
1998 / 05,Manhattan,5,96.5,130.3,,1
1998 / 05,Manhattan,6,242.6,587,,1
1998 / 05,Manhattan,7,224,609.8,,1
1998 / 05,Manhattan,8,444.3,692.5,,1
1998 / 05,Manhattan,9,88.8,247,,1
1998 / 05,Manhattan,10,24.9,129.9,,1
1998 / 05,Manhattan,11,17.5,94.7,,1
1998 / 05,Manhattan,12,81.8,473.1,,1
1998 / 05,Queens,1,699.3,510.2,,4
1998 / 05,Queens,2,613.1,413.2,,4
1998 / 05,Queens,3,446.1,408.7,,4
1998 / 05,Queens,4,371.5,331,,4
1998 / 05,Queens,5,851.2,648.7,,4
1998 / 05,Queens,6,626.5,315.3,,4
1998 / 05,Queens,7,1136,710.1,,4
1998 / 05,Queens,8,547.9,283.1,,4
1998 / 05,Queens,9,516,436.1,,4
1998 / 05,Queens,10,505.8,423.7,,4
1998 / 05,Queens,11,770.9,349.9,,4
1998 / 05,Queens,12,546.3,603.6,,4
1998 / 05,Queens,13,795.5,627.4,,4
1998 / 05,Queens,14,362.2,278.4,,4
1998 / 05,Staten Island,1,,650.6,,5
1998 / 05,Staten Island,2,,435,,5
1998 / 05,Staten Island,3,,617.2,,5
1998 / 04,Bronx,1,296.8,189.8,,2
1998 / 04,Bronx,2,42.2,88.2,,2
1998 / 04,Bronx,3,54.8,85.4,,2
1998 / 04,Bronx,4,115.5,203.9,,2
1998 / 04,Bronx,5,126.5,286.2,,2
1998 / 04,Bronx,6,342.9,187.7,,2
1998 / 04,Bronx,7,227.7,416.2,,2
1998 / 04,Bronx,8,413.7,271.4,,2
1998 / 04,Bronx,9,200.7,291.2,,2
1998 / 04,Bronx,10,466.1,311.1,,2
1998 / 04,Bronx,11,457.3,361.8,,2
1998 / 04,Bronx,12,510.4,565.1,,2
1998 / 04,Brooklyn,1,374.3,394,,3
1998 / 04,Brooklyn,2,425.3,237.5,,3
1998 / 04,Brooklyn,3,157.5,223.7,,3
1998 / 04,Brooklyn,4,325.2,326.9,,3
1998 / 04,Brooklyn,5,237.2,378.6,,3
1998 / 04,Brooklyn,6,644.1,320.8,,3
1998 / 04,Brooklyn,7,363,381.1,,3
1998 / 04,Brooklyn,8,197.8,191.6,,3
1998 / 04,Brooklyn,9,226.9,233.8,,3
1998 / 04,Brooklyn,10,780.6,464.5,,3
1998 / 04,Brooklyn,11,745.7,472.1,,3
1998 / 04,Brooklyn,12,753.7,581.7,,3
1998 / 04,Brooklyn,13,341.4,205.2,,3
1998 / 04,Brooklyn,14,481.8,362.2,,3
1998 / 04,Brooklyn,15,800.6,450.1,,3
1998 / 04,Brooklyn,16,156.4,114.9,,3
1998 / 04,Brooklyn,17,304,309.3,,3
1998 / 04,Brooklyn,18,840.6,543.2,,3
1998 / 04,Manhattan,1,,70.4,,1
1998 / 04,Manhattan,2,,297.6,,1
1998 / 04,Manhattan,3,,206.9,,1
1998 / 04,Manhattan,4,,402.5,,1
1998 / 04,Manhattan,5,,113.2,,1
1998 / 04,Manhattan,6,,601.1,,1
1998 / 04,Manhattan,7,,627.4,,1
1998 / 04,Manhattan,8,,696.6,,1
1998 / 04,Manhattan,9,,245.4,,1
1998 / 04,Manhattan,10,,85.3,,1
1998 / 04,Manhattan,11,,90.3,,1
1998 / 04,Manhattan,12,7.4,491,,1
1998 / 04,Queens,1,716.3,512.1,,4
1998 / 04,Queens,2,599,379.7,,4
1998 / 04,Queens,3,397.3,354.4,,4
1998 / 04,Queens,4,340.3,298.4,,4
1998 / 04,Queens,5,915.5,613.7,,4
1998 / 04,Queens,6,569.3,293.7,,4
1998 / 04,Queens,7,1166.8,764.3,,4
1998 / 04,Queens,8,549.9,296.6,,4
1998 / 04,Queens,9,508,420.6,,4
1998 / 04,Queens,10,489.9,401.6,,4
1998 / 04,Queens,11,647.1,349.9,,4
1998 / 04,Queens,12,517.8,574.9,,4
1998 / 04,Queens,13,742.1,606.2,,4
1998 / 04,Queens,14,331.6,262.8,,4
1998 / 04,Staten Island,1,,674.6,,5
1998 / 04,Staten Island,2,,446.3,,5
1998 / 04,Staten Island,3,,597.3,,5
1998 / 03,Bronx,1,264.6,154,,2
1998 / 03,Bronx,2,37.6,88.3,,2
1998 / 03,Bronx,3,41.6,66.3,,2
1998 / 03,Bronx,4,109.3,208.2,,2
1998 / 03,Bronx,5,97.7,222.8,,2
1998 / 03,Bronx,6,314.6,184.3,,2
1998 / 03,Bronx,7,203.7,399.1,,2
1998 / 03,Bronx,8,321.1,218.7,,2
1998 / 03,Bronx,9,159,234.1,,2
1998 / 03,Bronx,10,391,264.9,,2
1998 / 03,Bronx,11,403.8,338.9,,2
1998 / 03,Bronx,12,373.6,433.3,,2
1998 / 03,Brooklyn,1,310,334.2,,3
1998 / 03,Brooklyn,2,363.3,200.4,,3
1998 / 03,Brooklyn,3,158.1,215,,3
1998 / 03,Brooklyn,4,269,282,,3
1998 / 03,Brooklyn,5,210.9,314.5,,3
1998 / 03,Brooklyn,6,613.1,311.4,,3
1998 / 03,Brooklyn,7,359.4,352.6,,3
1998 / 03,Brooklyn,8,161.6,155.1,,3
1998 / 03,Brooklyn,9,187.6,194.2,,3
1998 / 03,Brooklyn,10,680.5,382.2,,3
1998 / 03,Brooklyn,11,708,416.5,,3
1998 / 03,Brooklyn,12,707.9,473.9,,3
1998 / 03,Brooklyn,13,319.1,199.7,,3
1998 / 03,Brooklyn,14,496.7,336.5,,3
1998 / 03,Brooklyn,15,766.3,400.3,,3
1998 / 03,Brooklyn,16,152.2,102.3,,3
1998 / 03,Brooklyn,17,291.2,297.4,,3
1998 / 03,Brooklyn,18,805,487.7,,3
1998 / 03,Manhattan,1,,53.4,,1
1998 / 03,Manhattan,2,,282,,1
1998 / 03,Manhattan,3,3.7,174.5,,1
1998 / 03,Manhattan,4,,365.6,,1
1998 / 03,Manhattan,5,,106,,1
1998 / 03,Manhattan,6,22.4,535,,1
1998 / 03,Manhattan,7,,595.4,,1
1998 / 03,Manhattan,8,14,642.5,,1
1998 / 03,Manhattan,9,,175.9,,1
1998 / 03,Manhattan,10,,97.9,,1
1998 / 03,Manhattan,11,,84.7,,1
1998 / 03,Manhattan,12,42.8,422.7,,1
1998 / 03,Queens,1,673,485,,4
1998 / 03,Queens,2,571.6,365.6,,4
1998 / 03,Queens,3,363.1,324.4,,4
1998 / 03,Queens,4,313.1,275.7,,4
1998 / 03,Queens,5,866.4,575,,4
1998 / 03,Queens,6,513.4,249,,4
1998 / 03,Queens,7,967.7,563.6,,4
1998 / 03,Queens,8,526.4,283.5,,4
1998 / 03,Queens,9,513.5,391.3,,4
1998 / 03,Queens,10,470.6,359.5,,4
1998 / 03,Queens,11,669.7,301.7,,4
1998 / 03,Queens,12,481.6,500.9,,4
1998 / 03,Queens,13,699.2,528.9,,4
1998 / 03,Queens,14,323.6,218,,4
1998 / 03,Staten Island,1,,483.9,,5
1998 / 03,Staten Island,2,,386.5,,5
1998 / 03,Staten Island,3,,508,,5
1998 / 02,Bronx,1,229.5,139,,2
1998 / 02,Bronx,2,31.5,77,,2
1998 / 02,Bronx,3,33.9,59.5,,2
1998 / 02,Bronx,4,103.4,192.2,,2
1998 / 02,Bronx,5,85.6,198,,2
1998 / 02,Bronx,6,276,168.7,,2
1998 / 02,Bronx,7,200.4,397.5,,2
1998 / 02,Bronx,8,316.6,213.7,,2
1998 / 02,Bronx,9,158,227.2,,2
1998 / 02,Bronx,10,384,265.1,,2
1998 / 02,Bronx,11,353.3,297.2,,2
1998 / 02,Bronx,12,345.9,388.2,,2
1998 / 02,Brooklyn,1,295,314.1,,3
1998 / 02,Brooklyn,2,361.8,204.8,,3
1998 / 02,Brooklyn,3,136.1,199.9,,3
1998 / 02,Brooklyn,4,259.7,270.6,,3
1998 / 02,Brooklyn,5,174.9,273.9,,3
1998 / 02,Brooklyn,6,582.8,292.5,,3
1998 / 02,Brooklyn,7,330.9,330,,3
1998 / 02,Brooklyn,8,160.7,154.9,,3
1998 / 02,Brooklyn,9,176.4,179.9,,3
1998 / 02,Brooklyn,10,615.9,340.8,,3
1998 / 02,Brooklyn,11,653.1,400.8,,3
1998 / 02,Brooklyn,12,590.5,399.7,,3
1998 / 02,Brooklyn,13,288.3,171.6,,3
1998 / 02,Brooklyn,14,411.3,288.6,,3
1998 / 02,Brooklyn,15,653.9,352.8,,3
1998 / 02,Brooklyn,16,141.3,108.8,,3
1998 / 02,Brooklyn,17,266.5,272.6,,3
1998 / 02,Brooklyn,18,718,432.7,,3
1998 / 02,Manhattan,1,3.1,50.1,,1
1998 / 02,Manhattan,2,10.8,257.1,,1
1998 / 02,Manhattan,3,8.5,168.9,,1
1998 / 02,Manhattan,4,,354,,1
1998 / 02,Manhattan,5,,106.2,,1
1998 / 02,Manhattan,6,13,532.8,,1
1998 / 02,Manhattan,7,,547.7,,1
1998 / 02,Manhattan,8,,613.8,,1
1998 / 02,Manhattan,9,,167.4,,1
1998 / 02,Manhattan,10,,92.6,,1
1998 / 02,Manhattan,11,,79.7,,1
1998 / 02,Manhattan,12,4.3,402.7,,1
1998 / 02,Queens,1,632.1,445.8,,4
1998 / 02,Queens,2,518.6,342.3,,4
1998 / 02,Queens,3,353.7,333.9,,4
1998 / 02,Queens,4,301.7,273.7,,4
1998 / 02,Queens,5,838.9,512.5,,4
1998 / 02,Queens,6,485.3,238.9,,4
1998 / 02,Queens,7,910.1,537.7,,4
1998 / 02,Queens,8,494.7,247.3,,4
1998 / 02,Queens,9,464.9,354.6,,4
1998 / 02,Queens,10,433.1,332.6,,4
1998 / 02,Queens,11,629.6,266,,4
1998 / 02,Queens,12,452.5,477.4,,4
1998 / 02,Queens,13,645.1,494.3,,4
1998 / 02,Queens,14,287.7,214.2,,4
1998 / 02,Staten Island,1,,433.2,,5
1998 / 02,Staten Island,2,,336.9,,5
1998 / 02,Staten Island,3,,441.7,,5
1998 / 01,Bronx,1,253.9,162.3,,2
1998 / 01,Bronx,2,59.5,114.1,,2
1998 / 01,Bronx,3,40.2,56.6,,2
1998 / 01,Bronx,4,142.1,233.5,,2
1998 / 01,Bronx,5,120.6,243.8,,2
1998 / 01,Bronx,6,298.5,201,,2
1998 / 01,Bronx,7,253,490.4,,2
1998 / 01,Bronx,8,391.3,265.6,,2
1998 / 01,Bronx,9,208.5,284.7,,2
1998 / 01,Bronx,10,457.5,330.6,,2
1998 / 01,Bronx,11,426.6,339.6,,2
1998 / 01,Bronx,12,409.2,456.3,,2
1998 / 01,Brooklyn,1,346.9,389.8,,3
1998 / 01,Brooklyn,2,431.5,256.7,,3
1998 / 01,Brooklyn,3,154.6,229.2,,3
1998 / 01,Brooklyn,4,310,325.9,,3
1998 / 01,Brooklyn,5,212.8,323.4,,3
1998 / 01,Brooklyn,6,714.7,374.5,,3
1998 / 01,Brooklyn,7,387.1,397.8,,3
1998 / 01,Brooklyn,8,202.3,184.2,,3
1998 / 01,Brooklyn,9,221.2,231.8,,3
1998 / 01,Brooklyn,10,739.9,425.8,,3
1998 / 01,Brooklyn,11,764.4,458.6,,3
1998 / 01,Brooklyn,12,675.2,472.2,,3
1998 / 01,Brooklyn,13,311,189.2,,3
1998 / 01,Brooklyn,14,462.4,335.8,,3
1998 / 01,Brooklyn,15,812.6,430.6,,3
1998 / 01,Brooklyn,16,145.6,122.9,,3
1998 / 01,Brooklyn,17,306.8,333.5,,3
1998 / 01,Brooklyn,18,907.9,571.9,,3
1998 / 01,Manhattan,1,36.4,81.6,,1
1998 / 01,Manhattan,2,26.8,330.1,,1
1998 / 01,Manhattan,3,24.4,208.8,,1
1998 / 01,Manhattan,4,26.1,440.1,,1
1998 / 01,Manhattan,5,31.3,143.5,,1
1998 / 01,Manhattan,6,65.5,684.2,,1
1998 / 01,Manhattan,7,63.1,718.1,,1
1998 / 01,Manhattan,8,67.5,766,,1
1998 / 01,Manhattan,9,11.7,196.3,,1
1998 / 01,Manhattan,10,18.7,112.7,,1
1998 / 01,Manhattan,11,5.4,100.3,,1
1998 / 01,Manhattan,12,20.9,514.2,,1
1998 / 01,Queens,1,805.5,571.9,,4
1998 / 01,Queens,2,583.4,412.6,,4
1998 / 01,Queens,3,440.6,423.4,,4
1998 / 01,Queens,4,387.9,334.6,,4
1998 / 01,Queens,5,1021.2,699.7,,4
1998 / 01,Queens,6,511.6,253.6,,4
1998 / 01,Queens,7,1101.6,674.3,,4
1998 / 01,Queens,8,569.4,296.1,,4
1998 / 01,Queens,9,546.2,429.4,,4
1998 / 01,Queens,10,536.7,396.2,,4
1998 / 01,Queens,11,704.3,323.2,,4
1998 / 01,Queens,12,520.2,564.6,,4
1998 / 01,Queens,13,811.2,612.5,,4
1998 / 01,Queens,14,338.6,263.8,,4
1998 / 01,Staten Island,1,,553.2,,5
1998 / 01,Staten Island,2,,413.8,,5
1998 / 01,Staten Island,3,,543.3,,5
1997 / 12,Bronx,1,245.2,153,,2
1997 / 12,Bronx,2,41.7,80.5,,2
1997 / 12,Bronx,3,37.8,58,,2
1997 / 12,Bronx,4,128.5,212.7,,2
1997 / 12,Bronx,5,116,220.7,,2
1997 / 12,Bronx,6,334.5,193.9,,2
1997 / 12,Bronx,7,265.5,457.9,,2
1997 / 12,Bronx,8,361.5,225.5,,2
1997 / 12,Bronx,9,185.1,267.9,,2
1997 / 12,Bronx,10,517.1,306.5,,2
1997 / 12,Bronx,11,393.5,286.7,,2
1997 / 12,Bronx,12,435.5,438.2,,2
1997 / 12,Brooklyn,1,358.2,374.1,,3
1997 / 12,Brooklyn,2,421.1,223.9,,3
1997 / 12,Brooklyn,3,163.7,209.6,,3
1997 / 12,Brooklyn,4,299,282.9,,3
1997 / 12,Brooklyn,5,233.7,333.1,,3
1997 / 12,Brooklyn,6,692.7,332.1,,3
1997 / 12,Brooklyn,7,441,380.1,,3
1997 / 12,Brooklyn,8,189.7,192.3,,3
1997 / 12,Brooklyn,9,204.2,212.1,,3
1997 / 12,Brooklyn,10,760.7,395.7,,3
1997 / 12,Brooklyn,11,869.4,463.4,,3
1997 / 12,Brooklyn,12,686.6,455.2,,3
1997 / 12,Brooklyn,13,360.8,204.3,,3
1997 / 12,Brooklyn,14,495.4,331.4,,3
1997 / 12,Brooklyn,15,836.9,402,,3
1997 / 12,Brooklyn,16,181.3,126.6,,3
1997 / 12,Brooklyn,17,355.2,344.7,,3
1997 / 12,Brooklyn,18,912.1,488.3,,3
1997 / 12,Manhattan,1,80.5,51.4,,1
1997 / 12,Manhattan,2,156.2,283.8,,1
1997 / 12,Manhattan,3,60.1,197.8,,1
1997 / 12,Manhattan,4,224.3,380.6,,1
1997 / 12,Manhattan,5,108.9,110.6,,1
1997 / 12,Manhattan,6,421.9,587.6,,1
1997 / 12,Manhattan,7,354.9,630,,1
1997 / 12,Manhattan,8,467.5,703.6,,1
1997 / 12,Manhattan,9,90.3,167.6,,1
1997 / 12,Manhattan,10,25.7,87.3,,1
1997 / 12,Manhattan,11,34.1,75.1,,1
1997 / 12,Manhattan,12,126.5,439.8,,1
1997 / 12,Queens,1,711,466.1,,4
1997 / 12,Queens,2,694.7,402.9,,4
1997 / 12,Queens,3,442.5,392.4,,4
1997 / 12,Queens,4,418.2,323.9,,4
1997 / 12,Queens,5,1004.7,567,,4
1997 / 12,Queens,6,682.5,290,,4
1997 / 12,Queens,7,1142.5,630.6,,4
1997 / 12,Queens,8,609.2,273.2,,4
1997 / 12,Queens,9,606.6,401.2,,4
1997 / 12,Queens,10,579.3,386.9,,4
1997 / 12,Queens,11,826.7,333.1,,4
1997 / 12,Queens,12,596.4,565.4,,4
1997 / 12,Queens,13,849.2,588.9,,4
1997 / 12,Queens,14,408,252.4,,4
1997 / 12,Staten Island,1,,518.7,,5
1997 / 12,Staten Island,2,,393.7,,5
1997 / 12,Staten Island,3,,512.3,,5
1997 / 11,Bronx,1,245.6,127.6,,2
1997 / 11,Bronx,2,35.2,73.7,,2
1997 / 11,Bronx,3,32,51.3,,2
1997 / 11,Bronx,4,121.5,210.7,,2
1997 / 11,Bronx,5,90.2,186,,2
1997 / 11,Bronx,6,306.6,177.8,,2
1997 / 11,Bronx,7,240.8,422.6,,2
1997 / 11,Bronx,8,387.7,241.4,,2
1997 / 11,Bronx,9,174.2,234.4,,2
1997 / 11,Bronx,10,442.9,279.9,,2
1997 / 11,Bronx,11,398.6,303,,2
1997 / 11,Bronx,12,382.4,395.5,,2
1997 / 11,Brooklyn,1,314.1,318.7,,3
1997 / 11,Brooklyn,2,396.5,198.5,,3
1997 / 11,Brooklyn,3,159.4,200.8,,3
1997 / 11,Brooklyn,4,289.2,274.4,,3
1997 / 11,Brooklyn,5,209.8,280,,3
1997 / 11,Brooklyn,6,666.9,294.5,,3
1997 / 11,Brooklyn,7,389.4,340.5,,3
1997 / 11,Brooklyn,8,182.1,169.3,,3
1997 / 11,Brooklyn,9,190.6,175.3,,3
1997 / 11,Brooklyn,10,714.8,369.6,,3
1997 / 11,Brooklyn,11,779.4,440.9,,3
1997 / 11,Brooklyn,12,670,436.1,,3
1997 / 11,Brooklyn,13,318.4,175.8,,3
1997 / 11,Brooklyn,14,473.3,316.1,,3
1997 / 11,Brooklyn,15,790.8,380.4,,3
1997 / 11,Brooklyn,16,155.8,116.8,,3
1997 / 11,Brooklyn,17,322.5,289.7,,3
1997 / 11,Brooklyn,18,819.2,432.7,,3
1997 / 11,Manhattan,1,11.8,74.9,,1
1997 / 11,Manhattan,2,5.4,265.4,,1
1997 / 11,Manhattan,3,27.3,190.3,,1
1997 / 11,Manhattan,4,30.2,379.7,,1
1997 / 11,Manhattan,5,27.2,111.9,,1
1997 / 11,Manhattan,6,44.1,531.2,,1
1997 / 11,Manhattan,7,58.9,549.5,,1
1997 / 11,Manhattan,8,99.9,638.3,,1
1997 / 11,Manhattan,9,4.5,177.4,,1
1997 / 11,Manhattan,10,0.5,105.6,,1
1997 / 11,Manhattan,11,2.6,81.1,,1
1997 / 11,Manhattan,12,67.3,425.4,,1
1997 / 11,Queens,1,681,429,,4
1997 / 11,Queens,2,608.6,351,,4
1997 / 11,Queens,3,439.6,354.4,,4
1997 / 11,Queens,4,362.1,278.5,,4
1997 / 11,Queens,5,908.9,526.9,,4
1997 / 11,Queens,6,599.7,267.6,,4
1997 / 11,Queens,7,1089.4,590.6,,4
1997 / 11,Queens,8,572.6,259,,4
1997 / 11,Queens,9,544.6,346.9,,4
1997 / 11,Queens,10,507.5,342.4,,4
1997 / 11,Queens,11,741.4,285.1,,4
1997 / 11,Queens,12,524.1,504.7,,4
1997 / 11,Queens,13,768.3,522.9,,4
1997 / 11,Queens,14,360.2,230.2,,4
1997 / 11,Staten Island,1,,486.2,,5
1997 / 11,Staten Island,2,,366.7,,5
1997 / 11,Staten Island,3,,479.8,,5
1997 / 10,Bronx,1,270.2,157,,2
1997 / 10,Bronx,2,31.8,70.6,,2
1997 / 10,Bronx,3,56.6,84,,2
1997 / 10,Bronx,4,119.1,214.6,,2
1997 / 10,Bronx,5,110.8,227,,2
1997 / 10,Bronx,6,319.2,201.6,,2
1997 / 10,Bronx,7,217.3,438.5,,2
1997 / 10,Bronx,8,412,271.9,,2
1997 / 10,Bronx,9,176,261.5,,2
1997 / 10,Bronx,10,443,305.2,,2
1997 / 10,Bronx,11,418.4,340.1,,2
1997 / 10,Bronx,12,406.9,467.4,,2
1997 / 10,Brooklyn,1,353.7,381.6,,3
1997 / 10,Brooklyn,2,450.6,235.7,,3
1997 / 10,Brooklyn,3,163.6,220.2,,3
1997 / 10,Brooklyn,4,345,310.4,,3
1997 / 10,Brooklyn,5,203.3,299.9,,3
1997 / 10,Brooklyn,6,688.1,333.8,,3
1997 / 10,Brooklyn,7,378.5,372.6,,3
1997 / 10,Brooklyn,8,202.6,182.6,,3
1997 / 10,Brooklyn,9,232,222.4,,3
1997 / 10,Brooklyn,10,755.4,392.6,,3
1997 / 10,Brooklyn,11,797.5,468.4,,3
1997 / 10,Brooklyn,12,626.4,477,,3
1997 / 10,Brooklyn,13,371.8,221.1,,3
1997 / 10,Brooklyn,14,460.1,306.7,,3
1997 / 10,Brooklyn,15,782.6,398.6,,3
1997 / 10,Brooklyn,16,125.4,123.1,,3
1997 / 10,Brooklyn,17,322.8,299.9,,3
1997 / 10,Brooklyn,18,831.3,460.7,,3
1997 / 10,Manhattan,1,,55.8,,1
1997 / 10,Manhattan,2,,289.9,,1
1997 / 10,Manhattan,3,,202.2,,1
1997 / 10,Manhattan,4,,429,,1
1997 / 10,Manhattan,5,,121.8,,1
1997 / 10,Manhattan,6,,617.7,,1
1997 / 10,Manhattan,7,11.1,611.5,,1
1997 / 10,Manhattan,8,,714.4,,1
1997 / 10,Manhattan,9,,221.4,,1
1997 / 10,Manhattan,10,,99.5,,1
1997 / 10,Manhattan,11,,84.6,,1
1997 / 10,Manhattan,12,,482.3,,1
1997 / 10,Queens,1,766.7,446.8,,4
1997 / 10,Queens,2,659.3,361.9,,4
1997 / 10,Queens,3,460.5,344.5,,4
1997 / 10,Queens,4,374.3,293.8,,4
1997 / 10,Queens,5,1006.9,559.4,,4
1997 / 10,Queens,6,682.7,270.6,,4
1997 / 10,Queens,7,1157.5,646.3,,4
1997 / 10,Queens,8,641.8,299.5,,4
1997 / 10,Queens,9,600,366,,4
1997 / 10,Queens,10,556.5,392,,4
1997 / 10,Queens,11,826.9,326.8,,4
1997 / 10,Queens,12,563.2,542.3,,4
1997 / 10,Queens,13,825,593.7,,4
1997 / 10,Queens,14,374.1,260.3,,4
1997 / 10,Staten Island,1,,567.5,,5
1997 / 10,Staten Island,2,,420.9,,5
1997 / 10,Staten Island,3,,529.2,,5
1997 / 09,Bronx,1,250.8,139.8,,2
1997 / 09,Bronx,2,31.9,75.6,,2
1997 / 09,Bronx,3,31.2,55.1,,2
1997 / 09,Bronx,4,101.7,188.1,,2
1997 / 09,Bronx,5,79.9,190.1,,2
1997 / 09,Bronx,6,310,178.2,,2
1997 / 09,Bronx,7,193.9,404.5,,2
1997 / 09,Bronx,8,329.1,225.5,,2
1997 / 09,Bronx,9,152.6,240.3,,2
1997 / 09,Bronx,10,381,282.3,,2
1997 / 09,Bronx,11,397.4,350.5,,2
1997 / 09,Bronx,12,362.1,461.4,,2
1997 / 09,Brooklyn,1,263.3,260.2,,3
1997 / 09,Brooklyn,2,332.7,161.2,,3
1997 / 09,Brooklyn,3,145.1,191.6,,3
1997 / 09,Brooklyn,4,292.8,244.2,,3
1997 / 09,Brooklyn,5,185.7,261.8,,3
1997 / 09,Brooklyn,6,624.9,302.5,,3
1997 / 09,Brooklyn,7,320.2,299.4,,3
1997 / 09,Brooklyn,8,137.6,125.4,,3
1997 / 09,Brooklyn,9,162.5,150.2,,3
1997 / 09,Brooklyn,10,667.4,311.5,,3
1997 / 09,Brooklyn,11,656.4,348.9,,3
1997 / 09,Brooklyn,12,597.1,367.4,,3
1997 / 09,Brooklyn,13,315.5,169.9,,3
1997 / 09,Brooklyn,14,458.7,257.2,,3
1997 / 09,Brooklyn,15,755.5,303.2,,3
1997 / 09,Brooklyn,16,121.9,99,,3
1997 / 09,Brooklyn,17,280.7,269.4,,3
1997 / 09,Brooklyn,18,709.5,372.3,,3
1997 / 09,Manhattan,1,,51.9,,1
1997 / 09,Manhattan,2,,253.8,,1
1997 / 09,Manhattan,3,,174.9,,1
1997 / 09,Manhattan,4,,349,,1
1997 / 09,Manhattan,5,,100.3,,1
1997 / 09,Manhattan,6,,521.8,,1
1997 / 09,Manhattan,7,,539.2,,1
1997 / 09,Manhattan,8,,582.7,,1
1997 / 09,Manhattan,9,3,173.2,,1
1997 / 09,Manhattan,10,6.3,93.9,,1
1997 / 09,Manhattan,11,,69.1,,1
1997 / 09,Manhattan,12,9.1,410.3,,1
1997 / 09,Queens,1,472,315.2,,4
1997 / 09,Queens,2,470.6,290.5,,4
1997 / 09,Queens,3,287.9,260.6,,4
1997 / 09,Queens,4,261.8,209.9,,4
1997 / 09,Queens,5,665.7,411.7,,4
1997 / 09,Queens,6,440.2,179.2,,4
1997 / 09,Queens,7,868.4,599.7,,4
1997 / 09,Queens,8,470.3,230.8,,4
1997 / 09,Queens,9,439.8,302.2,,4
1997 / 09,Queens,10,371.6,319.5,,4
1997 / 09,Queens,11,603.5,239.3,,4
1997 / 09,Queens,12,379.7,435.5,,4
1997 / 09,Queens,13,590.1,435.6,,4
1997 / 09,Queens,14,254.2,173.5,,4
1997 / 09,Staten Island,1,,516.8,,5
1997 / 09,Staten Island,2,,398.5,,5
1997 / 09,Staten Island,3,,514.2,,5
1997 / 08,Bronx,1,218.2,154.2,,2
1997 / 08,Bronx,2,34.6,100.2,,2
1997 / 08,Bronx,3,28.6,56.2,,2
1997 / 08,Bronx,4,109.4,220.3,,2
1997 / 08,Bronx,5,84,228.3,,2
1997 / 08,Bronx,6,242.1,190.3,,2
1997 / 08,Bronx,7,194.5,454.3,,2
1997 / 08,Bronx,8,318,246.8,,2
1997 / 08,Bronx,9,167.9,282.7,,2
1997 / 08,Bronx,10,377.5,320,,2
1997 / 08,Bronx,11,352.6,334.1,,2
1997 / 08,Bronx,12,345.7,474,,2
1997 / 08,Brooklyn,1,196.1,260.1,,3
1997 / 08,Brooklyn,2,278.4,174.9,,3
1997 / 08,Brooklyn,3,114.3,197.7,,3
1997 / 08,Brooklyn,4,240.5,271.3,,3
1997 / 08,Brooklyn,5,144.3,253.3,,3
1997 / 08,Brooklyn,6,541,317.9,,3
1997 / 08,Brooklyn,7,259.4,302.9,,3
1997 / 08,Brooklyn,8,121.4,122.8,,3
1997 / 08,Brooklyn,9,150.3,161.9,,3
1997 / 08,Brooklyn,10,495.9,281.9,,3
1997 / 08,Brooklyn,11,522.3,338.3,,3
1997 / 08,Brooklyn,12,403.5,314.4,,3
1997 / 08,Brooklyn,13,265.6,163.7,,3
1997 / 08,Brooklyn,14,308.5,223.4,,3
1997 / 08,Brooklyn,15,571,286.7,,3
1997 / 08,Brooklyn,16,86.2,102.4,,3
1997 / 08,Brooklyn,17,230.3,262.8,,3
1997 / 08,Brooklyn,18,584.9,376.5,,3
1997 / 08,Manhattan,1,,50.2,,1
1997 / 08,Manhattan,2,,255.4,,1
1997 / 08,Manhattan,3,,175.8,,1
1997 / 08,Manhattan,4,,388.5,,1
1997 / 08,Manhattan,5,,118.8,,1
1997 / 08,Manhattan,6,,525.9,,1
1997 / 08,Manhattan,7,,526.9,,1
1997 / 08,Manhattan,8,10.7,572,,1
1997 / 08,Manhattan,9,,188.9,,1
1997 / 08,Manhattan,10,,106.5,,1
1997 / 08,Manhattan,11,,85.8,,1
1997 / 08,Manhattan,12,,488.3,,1
1997 / 08,Queens,1,452.1,326.1,,4
1997 / 08,Queens,2,420,299.3,,4
1997 / 08,Queens,3,307.6,299.1,,4
1997 / 08,Queens,4,287.4,231,,4
1997 / 08,Queens,5,575.4,397.3,,4
1997 / 08,Queens,6,402.6,172.6,,4
1997 / 08,Queens,7,1249.6,785.2,,4
1997 / 08,Queens,8,427.7,217.2,,4
1997 / 08,Queens,9,390.3,310.9,,4
1997 / 08,Queens,10,339.8,304.3,,4
1997 / 08,Queens,11,529.1,221.9,,4
1997 / 08,Queens,12,370.1,469.4,,4
1997 / 08,Queens,13,574.9,462.3,,4
1997 / 08,Queens,14,248.5,196.2,,4
1997 / 08,Staten Island,1,,529.6,,5
1997 / 08,Staten Island,2,,395.7,,5
1997 / 08,Staten Island,3,,515.1,,5
1997 / 07,Bronx,1,218.1,135,,2
1997 / 07,Bronx,2,39.8,104.1,,2
1997 / 07,Bronx,3,33.7,58.3,,2
1997 / 07,Bronx,4,116.5,210.4,,2
1997 / 07,Bronx,5,87.7,223.5,,2
1997 / 07,Bronx,6,275.6,217,,2
1997 / 07,Bronx,7,223.1,485.6,,2
1997 / 07,Bronx,8,309.8,234.6,,2
1997 / 07,Bronx,9,169.8,301.9,,2
1997 / 07,Bronx,10,425.5,348.9,,2
1997 / 07,Bronx,11,340.2,333.9,,2
1997 / 07,Bronx,12,370.1,505.9,,2
1997 / 07,Brooklyn,1,217.8,309.4,,3
1997 / 07,Brooklyn,2,294.5,186.7,,3
1997 / 07,Brooklyn,3,112.2,200.5,,3
1997 / 07,Brooklyn,4,249.1,247.3,,3
1997 / 07,Brooklyn,5,147.2,265.6,,3
1997 / 07,Brooklyn,6,515.5,324.3,,3
1997 / 07,Brooklyn,7,274.2,322.4,,3
1997 / 07,Brooklyn,8,156.2,156.7,,3
1997 / 07,Brooklyn,9,133.6,141.3,,3
1997 / 07,Brooklyn,10,507.8,298.8,,3
1997 / 07,Brooklyn,11,568.2,378.4,,3
1997 / 07,Brooklyn,12,428.2,354,,3
1997 / 07,Brooklyn,13,298.8,168.8,,3
1997 / 07,Brooklyn,14,327.4,234.7,,3
1997 / 07,Brooklyn,15,570.7,304.3,,3
1997 / 07,Brooklyn,16,106.9,132.2,,3
1997 / 07,Brooklyn,17,238.4,279.2,,3
1997 / 07,Brooklyn,18,603,410.1,,3
1997 / 07,Manhattan,1,,42,,1
1997 / 07,Manhattan,2,0,269.9,,1
1997 / 07,Manhattan,3,12.9,207,,1
1997 / 07,Manhattan,4,29.5,373.3,,1
1997 / 07,Manhattan,5,,106.1,,1
1997 / 07,Manhattan,6,47.7,571.1,,1
1997 / 07,Manhattan,7,36.6,528.3,,1
1997 / 07,Manhattan,8,75,587.8,,1
1997 / 07,Manhattan,9,,164.8,,1
1997 / 07,Manhattan,10,4.4,103.5,,1
1997 / 07,Manhattan,11,13.2,69.7,,1
1997 / 07,Manhattan,12,25.1,455.8,,1
1997 / 07,Queens,1,463.2,333.8,,4
1997 / 07,Queens,2,468.1,304.6,,4
1997 / 07,Queens,3,316.3,321.1,,4
1997 / 07,Queens,4,288.8,257.5,,4
1997 / 07,Queens,5,607.2,428.4,,4
1997 / 07,Queens,6,458.2,206.8,,4
1997 / 07,Queens,7,1238,845.9,,4
1997 / 07,Queens,8,441,229,,4
1997 / 07,Queens,9,390.6,332,,4
1997 / 07,Queens,10,343.7,325.3,,4
1997 / 07,Queens,11,553.7,253,,4
1997 / 07,Queens,12,393.9,522.4,,4
1997 / 07,Queens,13,567.8,485.1,,4
1997 / 07,Queens,14,272.3,202.7,,4
1997 / 07,Staten Island,1,,563.2,,5
1997 / 07,Staten Island,2,,437.3,,5
1997 / 07,Staten Island,3,,559.2,,5
1997 / 06,Bronx,1,224.6,147.6,,2
1997 / 06,Bronx,2,33.7,78.4,,2
1997 / 06,Bronx,3,30.4,55,,2
1997 / 06,Bronx,4,105.3,178.9,,2
1997 / 06,Bronx,5,77.8,191,,2
1997 / 06,Bronx,6,280.5,182.7,,2
1997 / 06,Bronx,7,197.8,383.9,,2
1997 / 06,Bronx,8,307.2,216.8,,2
1997 / 06,Bronx,9,158.4,241.5,,2
1997 / 06,Bronx,10,392.5,305.8,,2
1997 / 06,Bronx,11,337.8,314,,2
1997 / 06,Bronx,12,350.5,449.2,,2
1997 / 06,Brooklyn,1,227.8,290.3,,3
1997 / 06,Brooklyn,2,274.3,166.7,,3
1997 / 06,Brooklyn,3,111.3,176.9,,3
1997 / 06,Brooklyn,4,252.1,236,,3
1997 / 06,Brooklyn,5,151,235.5,,3
1997 / 06,Brooklyn,6,557.6,319.4,,3
1997 / 06,Brooklyn,7,279,285.6,,3
1997 / 06,Brooklyn,8,125,124.9,,3
1997 / 06,Brooklyn,9,141.3,139.2,,3
1997 / 06,Brooklyn,10,506.6,279.1,,3
1997 / 06,Brooklyn,11,552.8,351.4,,3
1997 / 06,Brooklyn,12,479.3,386.4,,3
1997 / 06,Brooklyn,13,266.1,164.9,,3
1997 / 06,Brooklyn,14,343.2,232,,3
1997 / 06,Brooklyn,15,563.9,285.5,,3
1997 / 06,Brooklyn,16,108.1,98.9,,3
1997 / 06,Brooklyn,17,239.5,242.9,,3
1997 / 06,Brooklyn,18,612.6,367.9,,3
1997 / 06,Manhattan,1,117.8,43.6,,1
1997 / 06,Manhattan,2,453.6,276.4,,1
1997 / 06,Manhattan,3,179.4,184.1,,1
1997 / 06,Manhattan,4,727,341.1,,1
1997 / 06,Manhattan,5,206,105.1,,1
1997 / 06,Manhattan,6,971.8,511.2,,1
1997 / 06,Manhattan,7,979.2,546.1,,1
1997 / 06,Manhattan,8,1224.5,584.1,,1
1997 / 06,Manhattan,9,181.1,166.1,,1
1997 / 06,Manhattan,10,61.7,86.5,,1
1997 / 06,Manhattan,11,81.5,64.3,,1
1997 / 06,Manhattan,12,240.1,386.6,,1
1997 / 06,Queens,1,445.7,305.2,,4
1997 / 06,Queens,2,473.3,279.5,,4
1997 / 06,Queens,3,296.8,279.4,,4
1997 / 06,Queens,4,285,219.3,,4
1997 / 06,Queens,5,602.9,390.5,,4
1997 / 06,Queens,6,449.1,192.4,,4
1997 / 06,Queens,7,1220.6,751.4,,4
1997 / 06,Queens,8,425.8,221,,4
1997 / 06,Queens,9,388.7,303.7,,4
1997 / 06,Queens,10,355.4,298,,4
1997 / 06,Queens,11,560.8,238.6,,4
1997 / 06,Queens,12,393.8,458.1,,4
1997 / 06,Queens,13,560.5,438.9,,4
1997 / 06,Queens,14,261.2,181.3,,4
1997 / 06,Staten Island,1,,531.1,,5
1997 / 06,Staten Island,2,,415.4,,5
1997 / 06,Staten Island,3,,527.9,,5
1997 / 05,Bronx,1,270.7,153.5,,2
1997 / 05,Bronx,2,35.1,82.9,,2
1997 / 05,Bronx,3,48.5,81.7,,2
1997 / 05,Bronx,4,129.3,220.9,,2
1997 / 05,Bronx,5,98.7,204,,2
1997 / 05,Bronx,6,303.8,210.2,,2
1997 / 05,Bronx,7,242,430.3,,2
1997 / 05,Bronx,8,385.5,270.2,,2
1997 / 05,Bronx,9,183.7,264.4,,2
1997 / 05,Bronx,10,465.8,325.4,,2
1997 / 05,Bronx,11,407.6,348.1,,2
1997 / 05,Bronx,12,402.7,484.1,,2
1997 / 05,Brooklyn,1,257.1,304.5,,3
1997 / 05,Brooklyn,2,319.9,184.3,,3
1997 / 05,Brooklyn,3,135.8,195.8,,3
1997 / 05,Brooklyn,4,279.9,266.4,,3
1997 / 05,Brooklyn,5,156.7,235.2,,3
1997 / 05,Brooklyn,6,581.2,319.8,,3
1997 / 05,Brooklyn,7,295.7,297.6,,3
1997 / 05,Brooklyn,8,138.9,136,,3
1997 / 05,Brooklyn,9,164.1,155,,3
1997 / 05,Brooklyn,10,566.7,309.4,,3
1997 / 05,Brooklyn,11,625.7,395.1,,3
1997 / 05,Brooklyn,12,546.6,450.6,,3
1997 / 05,Brooklyn,13,305.1,191.6,,3
1997 / 05,Brooklyn,14,367.8,259.2,,3
1997 / 05,Brooklyn,15,603,313.5,,3
1997 / 05,Brooklyn,16,115.9,119.7,,3
1997 / 05,Brooklyn,17,257.9,251,,3
1997 / 05,Brooklyn,18,685.1,395.2,,3
1997 / 05,Manhattan,1,166.3,71.8,,1
1997 / 05,Manhattan,2,626,275.8,,1
1997 / 05,Manhattan,3,278.4,193,,1
1997 / 05,Manhattan,4,1011.5,395.8,,1
1997 / 05,Manhattan,5,336.6,133.3,,1
1997 / 05,Manhattan,6,1595.2,594,,1
1997 / 05,Manhattan,7,1367.1,574.8,,1
1997 / 05,Manhattan,8,1661.1,636.3,,1
1997 / 05,Manhattan,9,250.1,199.8,,1
1997 / 05,Manhattan,10,87.3,101.6,,1
1997 / 05,Manhattan,11,95.2,82.9,,1
1997 / 05,Manhattan,12,311.7,435.4,,1
1997 / 05,Queens,1,487.5,370.2,,4
1997 / 05,Queens,2,465.2,313.5,,4
1997 / 05,Queens,3,361,300.9,,4
1997 / 05,Queens,4,290.8,240.1,,4
1997 / 05,Queens,5,651.7,449.4,,4
1997 / 05,Queens,6,545.9,239.4,,4
1997 / 05,Queens,7,1374.3,811.6,,4
1997 / 05,Queens,8,465.8,238.5,,4
1997 / 05,Queens,9,413,316.6,,4
1997 / 05,Queens,10,384.5,319.4,,4
1997 / 05,Queens,11,630.8,260.2,,4
1997 / 05,Queens,12,429.6,475.1,,4
1997 / 05,Queens,13,604.2,471,,4
1997 / 05,Queens,14,267.9,199.9,,4
1997 / 05,Staten Island,1,,590.3,,5
1997 / 05,Staten Island,2,,444.4,,5
1997 / 05,Staten Island,3,,594.9,,5
1997 / 04,Bronx,1,234.3,148.2,,2
1997 / 04,Bronx,2,31,80,,2
1997 / 04,Bronx,3,29.9,55,,2
1997 / 04,Bronx,4,106.3,173.3,,2
1997 / 04,Bronx,5,91.3,214.3,,2
1997 / 04,Bronx,6,284.6,196.5,,2
1997 / 04,Bronx,7,190.5,362.7,,2
1997 / 04,Bronx,8,333.6,221.2,,2
1997 / 04,Bronx,9,162.7,242.3,,2
1997 / 04,Bronx,10,381.6,274,,2
1997 / 04,Bronx,11,407.1,341.5,,2
1997 / 04,Bronx,12,369.3,443.3,,2
1997 / 04,Brooklyn,1,212.5,265.6,,3
1997 / 04,Brooklyn,2,316,175.3,,3
1997 / 04,Brooklyn,3,119.3,183.1,,3
1997 / 04,Brooklyn,4,259.7,258.7,,3
1997 / 04,Brooklyn,5,154,237.8,,3
1997 / 04,Brooklyn,6,553.6,303,,3
1997 / 04,Brooklyn,7,266.7,286.6,,3
1997 / 04,Brooklyn,8,136.3,128.2,,3
1997 / 04,Brooklyn,9,165.3,157.9,,3
1997 / 04,Brooklyn,10,568,295.6,,3
1997 / 04,Brooklyn,11,534.1,340.8,,3
1997 / 04,Brooklyn,12,456.8,385.4,,3
1997 / 04,Brooklyn,13,270.9,168.5,,3
1997 / 04,Brooklyn,14,363.8,250.8,,3
1997 / 04,Brooklyn,15,587.4,313.4,,3
1997 / 04,Brooklyn,16,102.5,100,,3
1997 / 04,Brooklyn,17,241.5,236,,3
1997 / 04,Brooklyn,18,602.9,349.8,,3
1997 / 04,Manhattan,1,121.1,50.5,,1
1997 / 04,Manhattan,2,531.2,253.6,,1
1997 / 04,Manhattan,3,206.8,159.9,,1
1997 / 04,Manhattan,4,899.6,339.5,,1
1997 / 04,Manhattan,5,245.7,111.3,,1
1997 / 04,Manhattan,6,1300.9,543.4,,1
1997 / 04,Manhattan,7,1173.2,540.3,,1
1997 / 04,Manhattan,8,1470.9,604.5,,1
1997 / 04,Manhattan,9,193.4,147.8,,1
1997 / 04,Manhattan,10,64.7,75.3,,1
1997 / 04,Manhattan,11,81,68.1,,1
1997 / 04,Manhattan,12,227.3,325.2,,1
1997 / 04,Queens,1,445.9,323.7,,4
1997 / 04,Queens,2,426.9,286.9,,4
1997 / 04,Queens,3,279.1,252.4,,4
1997 / 04,Queens,4,244.4,202.2,,4
1997 / 04,Queens,5,617.7,403.8,,4
1997 / 04,Queens,6,417.2,187.6,,4
1997 / 04,Queens,7,1254.1,760.3,,4
1997 / 04,Queens,8,430.4,242.1,,4
1997 / 04,Queens,9,389.2,323.3,,4
1997 / 04,Queens,10,349.2,291.7,,4
1997 / 04,Queens,11,550,240,,4
1997 / 04,Queens,12,370.1,411.3,,4
1997 / 04,Queens,13,546,407,,4
1997 / 04,Queens,14,250.3,159.7,,4
1997 / 04,Staten Island,1,23.7,509.6,,5
1997 / 04,Staten Island,2,12.6,399.9,,5
1997 / 04,Staten Island,3,16.8,512.8,,5
1997 / 03,Bronx,1,229,139.8,,2
1997 / 03,Bronx,2,29,66.7,,2
1997 / 03,Bronx,3,30,51.4,,2
1997 / 03,Bronx,4,100.4,181,,2
1997 / 03,Bronx,5,85.5,208.2,,2
1997 / 03,Bronx,6,258.1,171.9,,2
1997 / 03,Bronx,7,183.8,354.4,,2
1997 / 03,Bronx,8,298.5,204.9,,2
1997 / 03,Bronx,9,148.2,217.2,,2
1997 / 03,Bronx,10,361.9,253.9,,2
1997 / 03,Bronx,11,355.5,288.9,,2
1997 / 03,Bronx,12,326.8,401.7,,2
1997 / 03,Brooklyn,1,230.1,275.2,,3
1997 / 03,Brooklyn,2,294.4,158.9,,3
1997 / 03,Brooklyn,3,123,173.5,,3
1997 / 03,Brooklyn,4,270.4,242.6,,3
1997 / 03,Brooklyn,5,150.2,231.2,,3
1997 / 03,Brooklyn,6,550.4,287.4,,3
1997 / 03,Brooklyn,7,259.2,270.7,,3
1997 / 03,Brooklyn,8,119.9,110.9,,3
1997 / 03,Brooklyn,9,145.1,137,,3
1997 / 03,Brooklyn,10,516.5,284.9,,3
1997 / 03,Brooklyn,11,505.9,321.4,,3
1997 / 03,Brooklyn,12,491.3,372.6,,3
1997 / 03,Brooklyn,13,228.6,143.9,,3
1997 / 03,Brooklyn,14,361.6,239.5,,3
1997 / 03,Brooklyn,15,575,285.9,,3
1997 / 03,Brooklyn,16,102.3,91.1,,3
1997 / 03,Brooklyn,17,217.4,222.3,,3
1997 / 03,Brooklyn,18,578.5,338.6,,3
1997 / 03,Manhattan,1,144.1,45.8,,1
1997 / 03,Manhattan,2,549.6,242.5,,1
1997 / 03,Manhattan,3,197.3,136.4,,1
1997 / 03,Manhattan,4,844.3,315.8,,1
1997 / 03,Manhattan,5,257.8,98,,1
1997 / 03,Manhattan,6,1235.7,477.1,,1
1997 / 03,Manhattan,7,1094.1,474.6,,1
1997 / 03,Manhattan,8,1358.3,517,,1
1997 / 03,Manhattan,9,202.8,114.7,,1
1997 / 03,Manhattan,10,59.6,56.4,,1
1997 / 03,Manhattan,11,75,49.2,,1
1997 / 03,Manhattan,12,223.8,229.2,,1
1997 / 03,Queens,1,450.4,317.1,,4
1997 / 03,Queens,2,427.7,279.4,,4
1997 / 03,Queens,3,288,249.1,,4
1997 / 03,Queens,4,248.3,207.7,,4
1997 / 03,Queens,5,578.3,371.3,,4
1997 / 03,Queens,6,397.2,173.4,,4
1997 / 03,Queens,7,1209.8,686.7,,4
1997 / 03,Queens,8,433.4,210.8,,4
1997 / 03,Queens,9,386.9,295.2,,4
1997 / 03,Queens,10,335.9,268.7,,4
1997 / 03,Queens,11,528.9,219.9,,4
1997 / 03,Queens,12,367.8,401.4,,4
1997 / 03,Queens,13,546.4,391.9,,4
1997 / 03,Queens,14,225.4,156.6,,4
1997 / 03,Staten Island,1,871.1,485.4,,5
1997 / 03,Staten Island,2,656.7,342.8,,5
1997 / 03,Staten Island,3,896.6,456.1,,5
1997 / 02,Bronx,1,196,126.9,,2
1997 / 02,Bronx,2,28,70.8,,2
1997 / 02,Bronx,3,28.7,51.2,,2
1997 / 02,Bronx,4,90.3,156.2,,2
1997 / 02,Bronx,5,76.1,168.3,,2
1997 / 02,Bronx,6,231,159.8,,2
1997 / 02,Bronx,7,172.4,319.7,,2
1997 / 02,Bronx,8,286.5,192.4,,2
1997 / 02,Bronx,9,138.7,203.3,,2
1997 / 02,Bronx,10,347.3,244.3,,2
1997 / 02,Bronx,11,311,267.6,,2
1997 / 02,Bronx,12,299.9,370,,2
1997 / 02,Brooklyn,1,215,251.8,,3
1997 / 02,Brooklyn,2,282.6,154.9,,3
1997 / 02,Brooklyn,3,108.4,163.9,,3
1997 / 02,Brooklyn,4,240.8,215.5,,3
1997 / 02,Brooklyn,5,132.3,206.5,,3
1997 / 02,Brooklyn,6,500,263.7,,3
1997 / 02,Brooklyn,7,240.8,264.3,,3
1997 / 02,Brooklyn,8,119.4,114.1,,3
1997 / 02,Brooklyn,9,137.7,128.9,,3
1997 / 02,Brooklyn,10,478.3,266.1,,3
1997 / 02,Brooklyn,11,476.6,314,,3
1997 / 02,Brooklyn,12,428.4,345.8,,3
1997 / 02,Brooklyn,13,230.4,143.4,,3
1997 / 02,Brooklyn,14,313.7,215.5,,3
1997 / 02,Brooklyn,15,509,268.4,,3
1997 / 02,Brooklyn,16,88.9,91.3,,3
1997 / 02,Brooklyn,17,199.1,211.8,,3
1997 / 02,Brooklyn,18,514,312.8,,3
1997 / 02,Manhattan,1,107.4,39,,1
1997 / 02,Manhattan,2,473.3,220.8,,1
1997 / 02,Manhattan,3,194.7,125.5,,1
1997 / 02,Manhattan,4,747,303.6,,1
1997 / 02,Manhattan,5,233,92.6,,1
1997 / 02,Manhattan,6,1154.6,442.2,,1
1997 / 02,Manhattan,7,995.6,441.5,,1
1997 / 02,Manhattan,8,1257.6,496.8,,1
1997 / 02,Manhattan,9,174.7,104.8,,1
1997 / 02,Manhattan,10,59.9,56.1,,1
1997 / 02,Manhattan,11,76.4,46.9,,1
1997 / 02,Manhattan,12,207.1,207.7,,1
1997 / 02,Queens,1,403.5,293,,4
1997 / 02,Queens,2,385.8,265.9,,4
1997 / 02,Queens,3,267.2,245.3,,4
1997 / 02,Queens,4,235.9,198.9,,4
1997 / 02,Queens,5,542.1,342.6,,4
1997 / 02,Queens,6,372,172.9,,4
1997 / 02,Queens,7,1070.6,639.2,,4
1997 / 02,Queens,8,383.9,196.1,,4
1997 / 02,Queens,9,337.2,271.5,,4
1997 / 02,Queens,10,306.6,255.4,,4
1997 / 02,Queens,11,474,210.1,,4
1997 / 02,Queens,12,340.1,387.2,,4
1997 / 02,Queens,13,485.7,372.4,,4
1997 / 02,Queens,14,207.1,147.9,,4
1997 / 02,Staten Island,1,774.1,440,,5
1997 / 02,Staten Island,2,598.9,313.9,,5
1997 / 02,Staten Island,3,797.8,407.6,,5
1997 / 01,Bronx,1,210.8,135.7,,2
1997 / 01,Bronx,2,53.3,105.4,,2
1997 / 01,Bronx,3,32.3,50.2,,2
1997 / 01,Bronx,4,128.1,195.9,,2
1997 / 01,Bronx,5,104.7,211.2,,2
1997 / 01,Bronx,6,244.9,198.6,,2
1997 / 01,Bronx,7,244.4,412.2,,2
1997 / 01,Bronx,8,336.4,233.7,,2
1997 / 01,Bronx,9,179.2,249.7,,2
1997 / 01,Bronx,10,417.2,295.7,,2
1997 / 01,Bronx,11,341.9,305.8,,2
1997 / 01,Bronx,12,337,401.8,,2
1997 / 01,Brooklyn,1,248.3,288.5,,3
1997 / 01,Brooklyn,2,365.6,216.5,,3
1997 / 01,Brooklyn,3,118.9,194,,3
1997 / 01,Brooklyn,4,243.1,245.7,,3
1997 / 01,Brooklyn,5,146.3,242.7,,3
1997 / 01,Brooklyn,6,598.4,349.3,,3
1997 / 01,Brooklyn,7,273.2,313.2,,3
1997 / 01,Brooklyn,8,158.1,152.3,,3
1997 / 01,Brooklyn,9,149,149.7,,3
1997 / 01,Brooklyn,10,547.3,323.7,,3
1997 / 01,Brooklyn,11,536.4,370.6,,3
1997 / 01,Brooklyn,12,487.6,389.3,,3
1997 / 01,Brooklyn,13,254.8,165.1,,3
1997 / 01,Brooklyn,14,337.5,245.2,,3
1997 / 01,Brooklyn,15,584.8,325.5,,3
1997 / 01,Brooklyn,16,104.2,117.9,,3
1997 / 01,Brooklyn,17,226.3,258.7,,3
1997 / 01,Brooklyn,18,592.7,400.2,,3
1997 / 01,Manhattan,1,114.7,40.6,,1
1997 / 01,Manhattan,2,558.2,283.9,,1
1997 / 01,Manhattan,3,250.6,173.1,,1
1997 / 01,Manhattan,4,835.7,381.8,,1
1997 / 01,Manhattan,5,268.2,119.4,,1
1997 / 01,Manhattan,6,1420.4,585,,1
1997 / 01,Manhattan,7,1165.3,568.2,,1
1997 / 01,Manhattan,8,1548.3,653.4,,1
1997 / 01,Manhattan,9,196,123.3,,1
1997 / 01,Manhattan,10,75.3,73.6,,1
1997 / 01,Manhattan,11,97.2,62.2,,1
1997 / 01,Manhattan,12,247.2,259.4,,1
1997 / 01,Queens,1,469.8,345.5,,4
1997 / 01,Queens,2,437.6,319.6,,4
1997 / 01,Queens,3,314.8,306.3,,4
1997 / 01,Queens,4,287.2,256.3,,4
1997 / 01,Queens,5,621.5,405,,4
1997 / 01,Queens,6,414,202.8,,4
1997 / 01,Queens,7,1201.9,746.7,,4
1997 / 01,Queens,8,426.9,236,,4
1997 / 01,Queens,9,390.9,316.8,,4
1997 / 01,Queens,10,343.5,304,,4
1997 / 01,Queens,11,513.9,255.5,,4
1997 / 01,Queens,12,374.1,449.2,,4
1997 / 01,Queens,13,545.4,458.6,,4
1997 / 01,Queens,14,235,182.5,,4
1997 / 01,Staten Island,1,862.5,528.9,,5
1997 / 01,Staten Island,2,692.5,387.7,,5
1997 / 01,Staten Island,3,913.4,490.7,,5
1996 / 12,Bronx,1,247.8,138.4,,2
1996 / 12,Bronx,2,36.5,72.4,,2
1996 / 12,Bronx,3,38.7,51.3,,2
1996 / 12,Bronx,4,118.2,159.6,,2
1996 / 12,Bronx,5,104.6,185.2,,2
1996 / 12,Bronx,6,307.6,176.8,,2
1996 / 12,Bronx,7,221.6,334.8,,2
1996 / 12,Bronx,8,347.8,197.6,,2
1996 / 12,Bronx,9,179.8,220.7,,2
1996 / 12,Bronx,10,497.3,279.8,,2
1996 / 12,Bronx,11,375.6,260.9,,2
1996 / 12,Bronx,12,393.5,395.1,,2
1996 / 12,Brooklyn,1,279.1,290,,3
1996 / 12,Brooklyn,2,301.7,161.3,,3
1996 / 12,Brooklyn,3,135.3,169.7,,3
1996 / 12,Brooklyn,4,297.3,235,,3
1996 / 12,Brooklyn,5,171.5,233.2,,3
1996 / 12,Brooklyn,6,616.6,309.3,,3
1996 / 12,Brooklyn,7,327.1,295.1,,3
1996 / 12,Brooklyn,8,150.1,122.1,,3
1996 / 12,Brooklyn,9,162.3,138.6,,3
1996 / 12,Brooklyn,10,615.4,295.4,,3
1996 / 12,Brooklyn,11,650.4,365.7,,3
1996 / 12,Brooklyn,12,551.6,381.4,,3
1996 / 12,Brooklyn,13,285,167.3,,3
1996 / 12,Brooklyn,14,413.5,238.2,,3
1996 / 12,Brooklyn,15,651.1,298.7,,3
1996 / 12,Brooklyn,16,118.6,96.7,,3
1996 / 12,Brooklyn,17,285.8,247.2,,3
1996 / 12,Brooklyn,18,708.8,371.2,,3
1996 / 12,Manhattan,1,130.7,41.4,,1
1996 / 12,Manhattan,2,573.4,241.4,,1
1996 / 12,Manhattan,3,216.8,131,,1
1996 / 12,Manhattan,4,873.4,307.3,,1
1996 / 12,Manhattan,5,277.6,104.9,,1
1996 / 12,Manhattan,6,1444.6,492.1,,1
1996 / 12,Manhattan,7,1277.9,525.1,,1
1996 / 12,Manhattan,8,1549.3,556.6,,1
1996 / 12,Manhattan,9,209.8,112.9,,1
1996 / 12,Manhattan,10,71,58.3,,1
1996 / 12,Manhattan,11,87.3,48.2,,1
1996 / 12,Manhattan,12,250.2,217.8,,1
1996 / 12,Queens,1,512.4,319.2,,4
1996 / 12,Queens,2,485.4,297.7,,4
1996 / 12,Queens,3,346.1,276.6,,4
1996 / 12,Queens,4,321.4,233.7,,4
1996 / 12,Queens,5,732.5,401.1,,4
1996 / 12,Queens,6,492.6,206.3,,4
1996 / 12,Queens,7,1362.1,739.3,,4
1996 / 12,Queens,8,472.1,212.8,,4
1996 / 12,Queens,9,454,297.1,,4
1996 / 12,Queens,10,413.5,290.2,,4
1996 / 12,Queens,11,644.2,252.8,,4
1996 / 12,Queens,12,453.2,446.4,,4
1996 / 12,Queens,13,644.3,432,,4
1996 / 12,Queens,14,297.9,163.3,,4
1996 / 12,Staten Island,1,1008.5,456.8,,5
1996 / 12,Staten Island,2,792,364.4,,5
1996 / 12,Staten Island,3,1061.5,466.6,,5
1996 / 11,Bronx,1,243,131,,2
1996 / 11,Bronx,2,32.5,69,,2
1996 / 11,Bronx,3,40.2,61.3,,2
1996 / 11,Bronx,4,115.5,174.9,,2
1996 / 11,Bronx,5,82.8,172.6,,2
1996 / 11,Bronx,6,285.1,182.9,,2
1996 / 11,Bronx,7,221.6,369.9,,2
1996 / 11,Bronx,8,357.9,235.8,,2
1996 / 11,Bronx,9,161,209.5,,2
1996 / 11,Bronx,10,436.6,265.9,,2
1996 / 11,Bronx,11,379.5,289.3,,2
1996 / 11,Bronx,12,368.3,399.4,,2
1996 / 11,Brooklyn,1,234.6,255,,3
1996 / 11,Brooklyn,2,321.2,165.2,,3
1996 / 11,Brooklyn,3,125.1,180.6,,3
1996 / 11,Brooklyn,4,244.4,240.5,,3
1996 / 11,Brooklyn,5,156.4,219.2,,3
1996 / 11,Brooklyn,6,604.9,285.6,,3
1996 / 11,Brooklyn,7,283,271.7,,3
1996 / 11,Brooklyn,8,139.4,126,,3
1996 / 11,Brooklyn,9,162.1,137,,3
1996 / 11,Brooklyn,10,591.9,278,,3
1996 / 11,Brooklyn,11,572.6,344.4,,3
1996 / 11,Brooklyn,12,502.4,348.4,,3
1996 / 11,Brooklyn,13,278.1,163.9,,3
1996 / 11,Brooklyn,14,380,237,,3
1996 / 11,Brooklyn,15,609.6,269.8,,3
1996 / 11,Brooklyn,16,108.5,104.7,,3
1996 / 11,Brooklyn,17,256.3,225.6,,3
1996 / 11,Brooklyn,18,650.2,341.6,,3
1996 / 11,Manhattan,1,145,50.2,,1
1996 / 11,Manhattan,2,552.9,228.1,,1
1996 / 11,Manhattan,3,250.9,151.8,,1
1996 / 11,Manhattan,4,872.8,327.6,,1
1996 / 11,Manhattan,5,295.6,108.6,,1
1996 / 11,Manhattan,6,1399.5,469,,1
1996 / 11,Manhattan,7,1228.1,458.9,,1
1996 / 11,Manhattan,8,1582.1,541.3,,1
1996 / 11,Manhattan,9,224.5,115.3,,1
1996 / 11,Manhattan,10,73.5,68.3,,1
1996 / 11,Manhattan,11,80.3,51,,1
1996 / 11,Manhattan,12,240.5,222.4,,1
1996 / 11,Queens,1,483.9,312.4,,4
1996 / 11,Queens,2,437,292.9,,4
1996 / 11,Queens,3,354.4,264.3,,4
1996 / 11,Queens,4,270.8,216.8,,4
1996 / 11,Queens,5,636.8,399.6,,4
1996 / 11,Queens,6,492.2,201,,4
1996 / 11,Queens,7,1328.5,709.6,,4
1996 / 11,Queens,8,444.9,209.1,,4
1996 / 11,Queens,9,389.3,279.9,,4
1996 / 11,Queens,10,353.6,261.5,,4
1996 / 11,Queens,11,581.2,243.3,,4
1996 / 11,Queens,12,383.8,381.9,,4
1996 / 11,Queens,13,568.2,396.6,,4
1996 / 11,Queens,14,241.6,154.7,,4
1996 / 11,Staten Island,1,915,467.2,,5
1996 / 11,Staten Island,2,684.4,337.3,,5
1996 / 11,Staten Island,3,932.6,436.4,,5
1996 / 10,Bronx,1,254.7,153.5,,2
1996 / 10,Bronx,2,34,69.7,,2
1996 / 10,Bronx,3,41.7,58.8,,2
1996 / 10,Bronx,4,104,155,,2
1996 / 10,Bronx,5,100.5,234.3,,2
1996 / 10,Bronx,6,293.9,182.3,,2
1996 / 10,Bronx,7,198.2,321.4,,2
1996 / 10,Bronx,8,356.9,226.5,,2
1996 / 10,Bronx,9,167.9,236.9,,2
1996 / 10,Bronx,10,426.2,261,,2
1996 / 10,Bronx,11,405.5,326.1,,2
1996 / 10,Bronx,12,381,430,,2
1996 / 10,Brooklyn,1,261.2,304,,3
1996 / 10,Brooklyn,2,355.8,184,,3
1996 / 10,Brooklyn,3,133.3,187.3,,3
1996 / 10,Brooklyn,4,279.3,255.3,,3
1996 / 10,Brooklyn,5,160.3,242.2,,3
1996 / 10,Brooklyn,6,608,309.7,,3
1996 / 10,Brooklyn,7,288.5,286.9,,3
1996 / 10,Brooklyn,8,150,136.4,,3
1996 / 10,Brooklyn,9,175.2,163.9,,3
1996 / 10,Brooklyn,10,601.8,306.5,,3
1996 / 10,Brooklyn,11,593.8,352.9,,3
1996 / 10,Brooklyn,12,544.1,403.2,,3
1996 / 10,Brooklyn,13,305.2,164.7,,3
1996 / 10,Brooklyn,14,378.1,241,,3
1996 / 10,Brooklyn,15,653.9,303.5,,3
1996 / 10,Brooklyn,16,94.4,98.9,,3
1996 / 10,Brooklyn,17,264,237.3,,3
1996 / 10,Brooklyn,18,660.9,354.7,,3
1996 / 10,Manhattan,1,113.8,37.2,,1
1996 / 10,Manhattan,2,584.7,238,,1
1996 / 10,Manhattan,3,231.5,136.8,,1
1996 / 10,Manhattan,4,889.2,328.9,,1
1996 / 10,Manhattan,5,275.2,94.9,,1
1996 / 10,Manhattan,6,1484.4,511.3,,1
1996 / 10,Manhattan,7,1264.3,481.3,,1
1996 / 10,Manhattan,8,1618.5,558.7,,1
1996 / 10,Manhattan,9,211.5,124.1,,1
1996 / 10,Manhattan,10,57.6,55.7,,1
1996 / 10,Manhattan,11,93.6,48.1,,1
1996 / 10,Manhattan,12,260,237,,1
1996 / 10,Queens,1,495.9,301.8,,4
1996 / 10,Queens,2,476.8,288,,4
1996 / 10,Queens,3,332.1,252.9,,4
1996 / 10,Queens,4,284.8,210.8,,4
1996 / 10,Queens,5,651.7,410.1,,4
1996 / 10,Queens,6,475.3,196.8,,4
1996 / 10,Queens,7,1376.3,771.5,,4
1996 / 10,Queens,8,464.1,226.4,,4
1996 / 10,Queens,9,454.4,353.1,,4
1996 / 10,Queens,10,390.5,291.9,,4
1996 / 10,Queens,11,637.9,244.1,,4
1996 / 10,Queens,12,414.3,415.1,,4
1996 / 10,Queens,13,610.8,428.6,,4
1996 / 10,Queens,14,274.2,160.5,,4
1996 / 10,Staten Island,1,960.1,488.9,,5
1996 / 10,Staten Island,2,728.1,393,,5
1996 / 10,Staten Island,3,954.2,482.9,,5
1996 / 09,Bronx,1,227.3,133.2,,2
1996 / 09,Bronx,2,31.4,73.7,,2
1996 / 09,Bronx,3,25.4,37.6,,2
1996 / 09,Bronx,4,94.3,146.8,,2
1996 / 09,Bronx,5,76.9,175,,2
1996 / 09,Bronx,6,259.4,161.7,,2
1996 / 09,Bronx,7,173.6,311.1,,2
1996 / 09,Bronx,8,287.4,164.3,,2
1996 / 09,Bronx,9,136.2,201,,2
1996 / 09,Bronx,10,359.6,233.3,,2
1996 / 09,Bronx,11,322.6,258.2,,2
1996 / 09,Bronx,12,310.9,366,,2
1996 / 09,Brooklyn,1,243.7,268.4,,3
1996 / 09,Brooklyn,2,301.6,164,,3
1996 / 09,Brooklyn,3,102.7,167,,3
1996 / 09,Brooklyn,4,248.3,211.9,,3
1996 / 09,Brooklyn,5,140.4,221.5,,3
1996 / 09,Brooklyn,6,564,286.8,,3
1996 / 09,Brooklyn,7,249.5,255.8,,3
1996 / 09,Brooklyn,8,118.1,112.8,,3
1996 / 09,Brooklyn,9,129,120.6,,3
1996 / 09,Brooklyn,10,489.5,250.5,,3
1996 / 09,Brooklyn,11,505.9,302.6,,3
1996 / 09,Brooklyn,12,469.4,341.4,,3
1996 / 09,Brooklyn,13,262.2,149.8,,3
1996 / 09,Brooklyn,14,331,215.6,,3
1996 / 09,Brooklyn,15,568.8,270.7,,3
1996 / 09,Brooklyn,16,94.3,91.8,,3
1996 / 09,Brooklyn,17,211.3,217.2,,3
1996 / 09,Brooklyn,18,587.7,327.3,,3
1996 / 09,Manhattan,1,110.4,37.3,,1
1996 / 09,Manhattan,2,517.8,223.3,,1
1996 / 09,Manhattan,3,197.5,120.1,,1
1996 / 09,Manhattan,4,792.2,294.9,,1
1996 / 09,Manhattan,5,254.3,89.2,,1
1996 / 09,Manhattan,6,1272.1,450.1,,1
1996 / 09,Manhattan,7,1117.4,452.3,,1
1996 / 09,Manhattan,8,1361.2,482.1,,1
1996 / 09,Manhattan,9,191.8,94.9,,1
1996 / 09,Manhattan,10,53.6,50.9,,1
1996 / 09,Manhattan,11,75.3,39.7,,1
1996 / 09,Manhattan,12,204.6,176.8,,1
1996 / 09,Queens,1,540.8,292.6,,4
1996 / 09,Queens,2,486.9,267.8,,4
1996 / 09,Queens,3,336.6,248.4,,4
1996 / 09,Queens,4,291.1,209.2,,4
1996 / 09,Queens,5,656.5,380.7,,4
1996 / 09,Queens,6,487.5,179.7,,4
1996 / 09,Queens,7,1390.7,727.3,,4
1996 / 09,Queens,8,474.3,219,,4
1996 / 09,Queens,9,429.8,305.4,,4
1996 / 09,Queens,10,389.2,289,,4
1996 / 09,Queens,11,600.3,236.2,,4
1996 / 09,Queens,12,401.2,415.9,,4
1996 / 09,Queens,13,585.1,403,,4
1996 / 09,Queens,14,275.2,157.9,,4
1996 / 09,Staten Island,1,850.7,469.4,,5
1996 / 09,Staten Island,2,636.6,361.2,,5
1996 / 09,Staten Island,3,846.8,450.8,,5
1996 / 08,Bronx,1,217,152.1,,2
1996 / 08,Bronx,2,36.3,93,,2
1996 / 08,Bronx,3,36.2,67.8,,2
1996 / 08,Bronx,4,114.4,217.9,,2
1996 / 08,Bronx,5,94.6,240.4,,2
1996 / 08,Bronx,6,266,197.5,,2
1996 / 08,Bronx,7,204.6,410.8,,2
1996 / 08,Bronx,8,349.3,239.8,,2
1996 / 08,Bronx,9,174,274.8,,2
1996 / 08,Bronx,10,407.9,299.3,,2
1996 / 08,Bronx,11,363.1,340.7,,2
1996 / 08,Bronx,12,359.3,494.3,,2
1996 / 08,Brooklyn,1,242.7,305.5,,3
1996 / 08,Brooklyn,2,299.9,183.1,,3
1996 / 08,Brooklyn,3,130.7,232.7,,3
1996 / 08,Brooklyn,4,252.3,263.6,,3
1996 / 08,Brooklyn,5,166.2,267,,3
1996 / 08,Brooklyn,6,549,311.9,,3
1996 / 08,Brooklyn,7,273.2,316.7,,3
1996 / 08,Brooklyn,8,136.8,149.2,,3
1996 / 08,Brooklyn,9,172.7,167,,3
1996 / 08,Brooklyn,10,563.5,314.1,,3
1996 / 08,Brooklyn,11,606.8,391.6,,3
1996 / 08,Brooklyn,12,480.8,343.6,,3
1996 / 08,Brooklyn,13,288.7,178.6,,3
1996 / 08,Brooklyn,14,351,244.7,,3
1996 / 08,Brooklyn,15,607.2,307,,3
1996 / 08,Brooklyn,16,97.2,114.9,,3
1996 / 08,Brooklyn,17,271.9,291,,3
1996 / 08,Brooklyn,18,686.5,406.6,,3
1996 / 08,Manhattan,1,119.5,42.1,,1
1996 / 08,Manhattan,2,518.8,221.6,,1
1996 / 08,Manhattan,3,267.4,175.2,,1
1996 / 08,Manhattan,4,815.9,323.6,,1
1996 / 08,Manhattan,5,283.7,105.2,,1
1996 / 08,Manhattan,6,1378.9,482.1,,1
1996 / 08,Manhattan,7,1124,449.9,,1
1996 / 08,Manhattan,8,1305.3,478.1,,1
1996 / 08,Manhattan,9,234.4,128.2,,1
1996 / 08,Manhattan,10,80.9,79.3,,1
1996 / 08,Manhattan,11,90.2,60.3,,1
1996 / 08,Manhattan,12,286.1,257.9,,1
1996 / 08,Queens,1,437.3,303.6,,4
1996 / 08,Queens,2,412.2,297.7,,4
1996 / 08,Queens,3,314.8,294,,4
1996 / 08,Queens,4,294.4,239.8,,4
1996 / 08,Queens,5,576.6,393.1,,4
1996 / 08,Queens,6,372.8,164.5,,4
1996 / 08,Queens,7,1238.6,756.5,,4
1996 / 08,Queens,8,422.5,223.8,,4
1996 / 08,Queens,9,366.1,320.1,,4
1996 / 08,Queens,10,351.5,297.6,,4
1996 / 08,Queens,11,518.3,234.2,,4
1996 / 08,Queens,12,395.4,471.5,,4
1996 / 08,Queens,13,598.5,449.7,,4
1996 / 08,Queens,14,246.2,186.1,,4
1996 / 08,Staten Island,1,851.8,500.2,,5
1996 / 08,Staten Island,2,638.5,368.9,,5
1996 / 08,Staten Island,3,857.7,474.2,,5
1996 / 07,Bronx,1,209.2,151.2,,2
1996 / 07,Bronx,2,30.7,67.5,,2
1996 / 07,Bronx,3,29.8,56.9,,2
1996 / 07,Bronx,4,108.4,188.7,,2
1996 / 07,Bronx,5,86.5,223.9,,2
1996 / 07,Bronx,6,268.4,193.9,,2
1996 / 07,Bronx,7,186.9,344.3,,2
1996 / 07,Bronx,8,289.2,206,,2
1996 / 07,Bronx,9,162,260.2,,2
1996 / 07,Bronx,10,396.8,303.8,,2
1996 / 07,Bronx,11,355.9,342.3,,2
1996 / 07,Bronx,12,357.8,509.2,,2
1996 / 07,Brooklyn,1,252,291.5,,3
1996 / 07,Brooklyn,2,312,176.5,,3
1996 / 07,Brooklyn,3,145.6,226.4,,3
1996 / 07,Brooklyn,4,285.2,269.2,,3
1996 / 07,Brooklyn,5,202,292.4,,3
1996 / 07,Brooklyn,6,579.4,315.8,,3
1996 / 07,Brooklyn,7,325,324.2,,3
1996 / 07,Brooklyn,8,158.6,160.3,,3
1996 / 07,Brooklyn,9,158.2,150.4,,3
1996 / 07,Brooklyn,10,591.7,312.8,,3
1996 / 07,Brooklyn,11,673.9,394.3,,3
1996 / 07,Brooklyn,12,521.8,352.3,,3
1996 / 07,Brooklyn,13,313.6,174.9,,3
1996 / 07,Brooklyn,14,404.4,261.2,,3
1996 / 07,Brooklyn,15,694,314.4,,3
1996 / 07,Brooklyn,16,118,114.1,,3
1996 / 07,Brooklyn,17,287.9,283.3,,3
1996 / 07,Brooklyn,18,745.1,414.9,,3
1996 / 07,Manhattan,1,98.8,36.1,,1
1996 / 07,Manhattan,2,435.5,221.3,,1
1996 / 07,Manhattan,3,201.7,160.4,,1
1996 / 07,Manhattan,4,705.1,309.5,,1
1996 / 07,Manhattan,5,205.2,87.8,,1
1996 / 07,Manhattan,6,1129.2,473.7,,1
1996 / 07,Manhattan,7,974.7,453.2,,1
1996 / 07,Manhattan,8,1179.2,473.8,,1
1996 / 07,Manhattan,9,159.3,117.6,,1
1996 / 07,Manhattan,10,58.5,63.5,,1
1996 / 07,Manhattan,11,65.4,49.7,,1
1996 / 07,Manhattan,12,211.5,237.8,,1
1996 / 07,Queens,1,407.4,300.8,,4
1996 / 07,Queens,2,426.8,298.4,,4
1996 / 07,Queens,3,289.1,285.2,,4
1996 / 07,Queens,4,284.5,234.7,,4
1996 / 07,Queens,5,550.4,402.4,,4
1996 / 07,Queens,6,439.2,201,,4
1996 / 07,Queens,7,1141.7,765.5,,4
1996 / 07,Queens,8,402.6,219.4,,4
1996 / 07,Queens,9,364.3,311.8,,4
1996 / 07,Queens,10,339.7,306,,4
1996 / 07,Queens,11,511.5,253.1,,4
1996 / 07,Queens,12,390.4,474,,4
1996 / 07,Queens,13,535,465.7,,4
1996 / 07,Queens,14,256.3,176.9,,4
1996 / 07,Staten Island,1,834.1,496.4,,5
1996 / 07,Staten Island,2,631.5,401,,5
1996 / 07,Staten Island,3,865.4,495.7,,5
1996 / 06,Bronx,1,215.3,145.4,,2
1996 / 06,Bronx,2,39.2,72.7,,2
1996 / 06,Bronx,3,37.2,62,,2
1996 / 06,Bronx,4,131.7,193.6,,2
1996 / 06,Bronx,5,99.9,209.5,,2
1996 / 06,Bronx,6,268.9,201.3,,2
1996 / 06,Bronx,7,227.4,349.2,,2
1996 / 06,Bronx,8,329.7,228.7,,2
1996 / 06,Bronx,9,193.3,275.2,,2
1996 / 06,Bronx,10,432.1,310.9,,2
1996 / 06,Bronx,11,389.6,341.5,,2
1996 / 06,Bronx,12,396.2,495.6,,2
1996 / 06,Brooklyn,1,251.7,328.7,,3
1996 / 06,Brooklyn,2,295.7,173.5,,3
1996 / 06,Brooklyn,3,134.9,223.1,,3
1996 / 06,Brooklyn,4,265.4,258,,3
1996 / 06,Brooklyn,5,182.7,264.7,,3
1996 / 06,Brooklyn,6,564.5,319.8,,3
1996 / 06,Brooklyn,7,283.9,310.8,,3
1996 / 06,Brooklyn,8,141.5,145.2,,3
1996 / 06,Brooklyn,9,161.5,158.1,,3
1996 / 06,Brooklyn,10,545.7,314.5,,3
1996 / 06,Brooklyn,11,588.2,384.1,,3
1996 / 06,Brooklyn,12,527.6,415.9,,3
1996 / 06,Brooklyn,13,272.3,163.7,,3
1996 / 06,Brooklyn,14,396.4,286.1,,3
1996 / 06,Brooklyn,15,673.5,318.1,,3
1996 / 06,Brooklyn,16,103.5,104.6,,3
1996 / 06,Brooklyn,17,275.4,279.4,,3
1996 / 06,Brooklyn,18,677.7,410.3,,3
1996 / 06,Manhattan,1,133.1,45.8,,1
1996 / 06,Manhattan,2,508.5,239.6,,1
1996 / 06,Manhattan,3,243,169.4,,1
1996 / 06,Manhattan,4,739.9,326.3,,1
1996 / 06,Manhattan,5,252.3,94.9,,1
1996 / 06,Manhattan,6,1210.9,467,,1
1996 / 06,Manhattan,7,1090,472.1,,1
1996 / 06,Manhattan,8,1303.4,518,,1
1996 / 06,Manhattan,9,196.7,124,,1
1996 / 06,Manhattan,10,73.5,65.9,,1
1996 / 06,Manhattan,11,83.8,57.6,,1
1996 / 06,Manhattan,12,255.7,244.8,,1
1996 / 06,Queens,1,437.5,305.4,,4
1996 / 06,Queens,2,402.5,285.2,,4
1996 / 06,Queens,3,307.2,270.7,,4
1996 / 06,Queens,4,273.3,223,,4
1996 / 06,Queens,5,571.6,394.8,,4
1996 / 06,Queens,6,443.7,198.2,,4
1996 / 06,Queens,7,1248.9,749.5,,4
1996 / 06,Queens,8,420,218,,4
1996 / 06,Queens,9,370.1,297.8,,4
1996 / 06,Queens,10,352.8,297.5,,4
1996 / 06,Queens,11,531.1,244.7,,4
1996 / 06,Queens,12,415.9,449,,4
1996 / 06,Queens,13,567.4,440.6,,4
1996 / 06,Queens,14,250,164.8,,4
1996 / 06,Staten Island,1,931.1,496.7,,5
1996 / 06,Staten Island,2,675.7,392.2,,5
1996 / 06,Staten Island,3,938.7,528.4,,5
1996 / 05,Bronx,1,215.7,156.9,,2
1996 / 05,Bronx,2,49.2,99,,2
1996 / 05,Bronx,3,45.8,70.2,,2
1996 / 05,Bronx,4,143.1,206.2,,2
1996 / 05,Bronx,5,117.2,234.5,,2
1996 / 05,Bronx,6,333.6,217.6,,2
1996 / 05,Bronx,7,242.4,369.4,,2
1996 / 05,Bronx,8,374.8,236,,2
1996 / 05,Bronx,9,191,267.6,,2
1996 / 05,Bronx,10,433.3,303.5,,2
1996 / 05,Bronx,11,387.6,345.4,,2
1996 / 05,Bronx,12,401.2,458.4,,2
1996 / 05,Brooklyn,1,269,321.6,,3
1996 / 05,Brooklyn,2,333.4,195.3,,3
1996 / 05,Brooklyn,3,139.3,213.5,,3
1996 / 05,Brooklyn,4,280.3,259,,3
1996 / 05,Brooklyn,5,175.2,250.6,,3
1996 / 05,Brooklyn,6,575.7,315.8,,3
1996 / 05,Brooklyn,7,265.1,308,,3
1996 / 05,Brooklyn,8,139.1,136.4,,3
1996 / 05,Brooklyn,9,182.5,173.5,,3
1996 / 05,Brooklyn,10,571.1,316.5,,3
1996 / 05,Brooklyn,11,587.6,373.5,,3
1996 / 05,Brooklyn,12,520,397.2,,3
1996 / 05,Brooklyn,13,320.3,182.5,,3
1996 / 05,Brooklyn,14,356.7,254.8,,3
1996 / 05,Brooklyn,15,642,313,,3
1996 / 05,Brooklyn,16,105.6,118,,3
1996 / 05,Brooklyn,17,281,269.3,,3
1996 / 05,Brooklyn,18,690.7,397.3,,3
1996 / 05,Manhattan,1,109.5,36.6,,1
1996 / 05,Manhattan,2,531.4,239.7,,1
1996 / 05,Manhattan,3,273.9,186.3,,1
1996 / 05,Manhattan,4,833.6,362.9,,1
1996 / 05,Manhattan,5,292.6,103.6,,1
1996 / 05,Manhattan,6,1429.2,525.6,,1
1996 / 05,Manhattan,7,1177.9,500.3,,1
1996 / 05,Manhattan,8,1479.9,565.8,,1
1996 / 05,Manhattan,9,239,141.5,,1
1996 / 05,Manhattan,10,82.5,83.8,,1
1996 / 05,Manhattan,11,104.4,60.7,,1
1996 / 05,Manhattan,12,289.7,263.1,,1
1996 / 05,Queens,1,464.1,318.9,,4
1996 / 05,Queens,2,428.2,292.1,,4
1996 / 05,Queens,3,339.4,278.5,,4
1996 / 05,Queens,4,272.9,229.6,,4
1996 / 05,Queens,5,627.8,426,,4
1996 / 05,Queens,6,488.8,215.8,,4
1996 / 05,Queens,7,1285.4,770.7,,4
1996 / 05,Queens,8,439.9,234.9,,4
1996 / 05,Queens,9,400.4,316.9,,4
1996 / 05,Queens,10,371.7,309.9,,4
1996 / 05,Queens,11,594.1,261.4,,4
1996 / 05,Queens,12,445.5,459.1,,4
1996 / 05,Queens,13,619.9,472.3,,4
1996 / 05,Queens,14,265,176.7,,4
1996 / 05,Staten Island,1,1017,563.9,,5
1996 / 05,Staten Island,2,756.9,438.5,,5
1996 / 05,Staten Island,3,1028.4,556.9,,5
1996 / 04,Bronx,1,216.4,132.5,,2
1996 / 04,Bronx,2,33.6,60.7,,2
1996 / 04,Bronx,3,35,47.7,,2
1996 / 04,Bronx,4,107.6,146,,2
1996 / 04,Bronx,5,85.6,167.6,,2
1996 / 04,Bronx,6,325.1,195.4,,2
1996 / 04,Bronx,7,192.8,281.1,,2
1996 / 04,Bronx,8,312,187,,2
1996 / 04,Bronx,9,170.1,237.7,,2
1996 / 04,Bronx,10,434.7,263,,2
1996 / 04,Bronx,11,389,321.4,,2
1996 / 04,Bronx,12,382.5,426.8,,2
1996 / 04,Brooklyn,1,240.3,307.9,,3
1996 / 04,Brooklyn,2,288.1,167.3,,3
1996 / 04,Brooklyn,3,135.5,208.2,,3
1996 / 04,Brooklyn,4,259.4,252.5,,3
1996 / 04,Brooklyn,5,177.4,259,,3
1996 / 04,Brooklyn,6,548,296.7,,3
1996 / 04,Brooklyn,7,279.2,301.6,,3
1996 / 04,Brooklyn,8,150.4,142.6,,3
1996 / 04,Brooklyn,9,156.5,150,,3
1996 / 04,Brooklyn,10,532.8,308,,3
1996 / 04,Brooklyn,11,572.4,383.9,,3
1996 / 04,Brooklyn,12,531.7,473.4,,3
1996 / 04,Brooklyn,13,257.8,185.8,,3
1996 / 04,Brooklyn,14,397.7,299.1,,3
1996 / 04,Brooklyn,15,599.9,336.8,,3
1996 / 04,Brooklyn,16,105.1,98.9,,3
1996 / 04,Brooklyn,17,248.9,252.1,,3
1996 / 04,Brooklyn,18,653.7,398.9,,3
1996 / 04,Manhattan,1,105.6,35.5,,1
1996 / 04,Manhattan,2,549.5,239.8,,1
1996 / 04,Manhattan,3,238,151.3,,1
1996 / 04,Manhattan,4,803,312.7,,1
1996 / 04,Manhattan,5,253.2,94.1,,1
1996 / 04,Manhattan,6,1257.3,470.6,,1
1996 / 04,Manhattan,7,1168.6,499.3,,1
1996 / 04,Manhattan,8,1437.8,534.8,,1
1996 / 04,Manhattan,9,219.1,121.8,,1
1996 / 04,Manhattan,10,73.4,64.8,,1
1996 / 04,Manhattan,11,87.8,52,,1
1996 / 04,Manhattan,12,266.6,224.8,,1
1996 / 04,Queens,1,432.9,306.5,,4
1996 / 04,Queens,2,408.9,277.2,,4
1996 / 04,Queens,3,286.2,248.9,,4
1996 / 04,Queens,4,247.6,205.8,,4
1996 / 04,Queens,5,601.1,395.8,,4
1996 / 04,Queens,6,396.1,197.3,,4
1996 / 04,Queens,7,1192,748.8,,4
1996 / 04,Queens,8,410.2,227.1,,4
1996 / 04,Queens,9,397.5,311,,4
1996 / 04,Queens,10,355.7,310.5,,4
1996 / 04,Queens,11,552.5,248.8,,4
1996 / 04,Queens,12,389.1,417.2,,4
1996 / 04,Queens,13,558.1,428.3,,4
1996 / 04,Queens,14,227.9,147,,4
1996 / 04,Staten Island,1,945.1,503.5,,5
1996 / 04,Staten Island,2,707.7,397,,5
1996 / 04,Staten Island,3,978.1,506.3,,5
1996 / 03,Bronx,1,189.3,114.9,,2
1996 / 03,Bronx,2,34.5,53.9,,2
1996 / 03,Bronx,3,38.8,49.5,,2
1996 / 03,Bronx,4,108.3,109,,2
1996 / 03,Bronx,5,85.3,125.8,,2
1996 / 03,Bronx,6,280.1,146.7,,2
1996 / 03,Bronx,7,197.6,198.6,,2
1996 / 03,Bronx,8,289.7,155.7,,2
1996 / 03,Bronx,9,155.2,194.1,,2
1996 / 03,Bronx,10,327.2,238,,2
1996 / 03,Bronx,11,310.9,237.9,,2
1996 / 03,Bronx,12,302.7,353.4,,2
1996 / 03,Brooklyn,1,264.4,324,,3
1996 / 03,Brooklyn,2,304.1,178.6,,3
1996 / 03,Brooklyn,3,134.5,213.6,,3
1996 / 03,Brooklyn,4,233,249.8,,3
1996 / 03,Brooklyn,5,164,243.4,,3
1996 / 03,Brooklyn,6,548.9,308.4,,3
1996 / 03,Brooklyn,7,260.8,295.1,,3
1996 / 03,Brooklyn,8,125.2,131.9,,3
1996 / 03,Brooklyn,9,164.5,158.5,,3
1996 / 03,Brooklyn,10,536.7,318.8,,3
1996 / 03,Brooklyn,11,538.6,369.3,,3
1996 / 03,Brooklyn,12,560.7,453,,3
1996 / 03,Brooklyn,13,261.5,167.5,,3
1996 / 03,Brooklyn,14,377.9,272.5,,3
1996 / 03,Brooklyn,15,574.9,313.1,,3
1996 / 03,Brooklyn,16,96.2,106.9,,3
1996 / 03,Brooklyn,17,251.8,262.3,,3
1996 / 03,Brooklyn,18,625.7,385.7,,3
1996 / 03,Manhattan,1,126.1,47.5,,1
1996 / 03,Manhattan,2,509.8,242.8,,1
1996 / 03,Manhattan,3,233.2,168.7,,1
1996 / 03,Manhattan,4,755.6,342,,1
1996 / 03,Manhattan,5,274.4,114.9,,1
1996 / 03,Manhattan,6,1175.7,494.1,,1
1996 / 03,Manhattan,7,1084,500.5,,1
1996 / 03,Manhattan,8,1240,560.6,,1
1996 / 03,Manhattan,9,220.3,142.7,,1
1996 / 03,Manhattan,10,76.4,75.6,,1
1996 / 03,Manhattan,11,103.1,69.2,,1
1996 / 03,Manhattan,12,259.8,246.5,,1
1996 / 03,Queens,1,460.8,316.4,,4
1996 / 03,Queens,2,399.5,291.7,,4
1996 / 03,Queens,3,323.4,281.6,,4
1996 / 03,Queens,4,271.1,218.4,,4
1996 / 03,Queens,5,555.9,380.8,,4
1996 / 03,Queens,6,359.3,178.1,,4
1996 / 03,Queens,7,1169.5,688.2,,4
1996 / 03,Queens,8,418.1,224.4,,4
1996 / 03,Queens,9,369.2,307.6,,4
1996 / 03,Queens,10,335.9,275,,4
1996 / 03,Queens,11,509.4,238.5,,4
1996 / 03,Queens,12,390,442.3,,4
1996 / 03,Queens,13,581.3,427.8,,4
1996 / 03,Queens,14,237.8,166.8,,4
1996 / 03,Staten Island,1,935.4,501.8,,5
1996 / 03,Staten Island,2,673.4,377.5,,5
1996 / 03,Staten Island,3,956.5,485.1,,5
1996 / 02,Bronx,1,155.2,100.3,,2
1996 / 02,Bronx,2,31.1,50.3,,2
1996 / 02,Bronx,3,33.5,43.2,,2
1996 / 02,Bronx,4,94.9,100.1,,2
1996 / 02,Bronx,5,74.1,109.5,,2
1996 / 02,Bronx,6,247.8,150.2,,2
1996 / 02,Bronx,7,170.5,176.5,,2
1996 / 02,Bronx,8,269.3,142.1,,2
1996 / 02,Bronx,9,132.1,178.8,,2
1996 / 02,Bronx,10,292.3,218.8,,2
1996 / 02,Bronx,11,277,225.7,,2
1996 / 02,Bronx,12,284.4,335.9,,2
1996 / 02,Brooklyn,1,246.5,296,,3
1996 / 02,Brooklyn,2,303.9,173.5,,3
1996 / 02,Brooklyn,3,121.7,191.8,,3
1996 / 02,Brooklyn,4,229.3,233.2,,3
1996 / 02,Brooklyn,5,146.2,223.5,,3
1996 / 02,Brooklyn,6,492.5,287,,3
1996 / 02,Brooklyn,7,241.2,276.9,,3
1996 / 02,Brooklyn,8,119.3,119.9,,3
1996 / 02,Brooklyn,9,144.6,140.6,,3
1996 / 02,Brooklyn,10,492.8,302,,3
1996 / 02,Brooklyn,11,504.7,342.9,,3
1996 / 02,Brooklyn,12,475.2,362.8,,3
1996 / 02,Brooklyn,13,231.5,143.3,,3
1996 / 02,Brooklyn,14,316.5,242.8,,3
1996 / 02,Brooklyn,15,514.7,285.9,,3
1996 / 02,Brooklyn,16,87.3,101.6,,3
1996 / 02,Brooklyn,17,223,235.5,,3
1996 / 02,Brooklyn,18,567.6,362.7,,3
1996 / 02,Manhattan,1,95.7,39.5,,1
1996 / 02,Manhattan,2,454.6,240,,1
1996 / 02,Manhattan,3,212.4,164.8,,1
1996 / 02,Manhattan,4,681.7,310.9,,1
1996 / 02,Manhattan,5,239.2,95.5,,1
1996 / 02,Manhattan,6,997.4,471.3,,1
1996 / 02,Manhattan,7,1013.4,494.6,,1
1996 / 02,Manhattan,8,1098,547.1,,1
1996 / 02,Manhattan,9,187,123.7,,1
1996 / 02,Manhattan,10,61.3,62.6,,1
1996 / 02,Manhattan,11,82.7,46.4,,1
1996 / 02,Manhattan,12,242.5,238.1,,1
1996 / 02,Queens,1,420.6,314.5,,4
1996 / 02,Queens,2,411.7,254.1,,4
1996 / 02,Queens,3,306,288,,4
1996 / 02,Queens,4,265.5,218.4,,4
1996 / 02,Queens,5,600.1,389.5,,4
1996 / 02,Queens,6,365.3,179.5,,4
1996 / 02,Queens,7,1100.2,655.8,,4
1996 / 02,Queens,8,395.6,217,,4
1996 / 02,Queens,9,345,291.4,,4
1996 / 02,Queens,10,316.1,258.6,,4
1996 / 02,Queens,11,493.8,231.2,,4
1996 / 02,Queens,12,340.4,387.5,,4
1996 / 02,Queens,13,519.2,399.6,,4
1996 / 02,Queens,14,213.3,143.1,,4
1996 / 02,Staten Island,1,951.6,524,,5
1996 / 02,Staten Island,2,684.2,376.6,,5
1996 / 02,Staten Island,3,1007.9,503.3,,5
1996 / 01,Bronx,1,144.9,78.8,,2
1996 / 01,Bronx,2,18.2,31.2,,2
1996 / 01,Bronx,3,18.2,24.3,,2
1996 / 01,Bronx,4,62.8,63.2,,2
1996 / 01,Bronx,5,46.4,66.1,,2
1996 / 01,Bronx,6,206,125.8,,2
1996 / 01,Bronx,7,145,166.3,,2
1996 / 01,Bronx,8,209,118.7,,2
1996 / 01,Bronx,9,89.5,112.6,,2
1996 / 01,Bronx,10,223.1,159.4,,2
1996 / 01,Bronx,11,220,156.3,,2
1996 / 01,Bronx,12,236.2,262.1,,2
1996 / 01,Brooklyn,1,198,258,,3
1996 / 01,Brooklyn,2,248,136.2,,3
1996 / 01,Brooklyn,3,93.3,154.1,,3
1996 / 01,Brooklyn,4,194.2,199.3,,3
1996 / 01,Brooklyn,5,138.7,222.9,,3
1996 / 01,Brooklyn,6,416.4,228.8,,3
1996 / 01,Brooklyn,7,239.5,264.5,,3
1996 / 01,Brooklyn,8,109.7,104,,3
1996 / 01,Brooklyn,9,111.7,132.8,,3
1996 / 01,Brooklyn,10,477.3,308.3,,3
1996 / 01,Brooklyn,11,507.9,346,,3
1996 / 01,Brooklyn,12,395.7,304.1,,3
1996 / 01,Brooklyn,13,203.3,145.5,,3
1996 / 01,Brooklyn,14,327.8,238.5,,3
1996 / 01,Brooklyn,15,436.3,259.6,,3
1996 / 01,Brooklyn,16,58.3,75.8,,3
1996 / 01,Brooklyn,17,165.9,196.7,,3
1996 / 01,Brooklyn,18,415,267.5,,3
1996 / 01,Manhattan,1,91.3,40.6,,1
1996 / 01,Manhattan,2,440.2,257.6,,1
1996 / 01,Manhattan,3,166.7,148.2,,1
1996 / 01,Manhattan,4,622.8,325.6,,1
1996 / 01,Manhattan,5,203.7,101.5,,1
1996 / 01,Manhattan,6,857.2,498.5,,1
1996 / 01,Manhattan,7,1020.6,554.4,,1
1996 / 01,Manhattan,8,1116.2,608.2,,1
1996 / 01,Manhattan,9,158.9,116.7,,1
1996 / 01,Manhattan,10,45.3,43.5,,1
1996 / 01,Manhattan,11,67.1,42.4,,1
1996 / 01,Manhattan,12,198.3,221.3,,1
1996 / 01,Queens,1,245.9,185.2,,4
1996 / 01,Queens,2,350.5,256.7,,4
1996 / 01,Queens,3,223.4,233.1,,4
1996 / 01,Queens,4,199.3,183.9,,4
1996 / 01,Queens,5,427.6,290.2,,4
1996 / 01,Queens,6,344.7,200.3,,4
1996 / 01,Queens,7,832.7,541.2,,4
1996 / 01,Queens,8,288.4,179.7,,4
1996 / 01,Queens,9,256.4,212.6,,4
1996 / 01,Queens,10,240.3,196.4,,4
1996 / 01,Queens,11,438.8,219.7,,4
1996 / 01,Queens,12,233.8,319.5,,4
1996 / 01,Queens,13,407.7,368.1,,4
1996 / 01,Queens,14,201.6,137.6,,4
1996 / 01,Staten Island,1,691.7,401.6,,5
1996 / 01,Staten Island,2,542.8,332.4,,5
1996 / 01,Staten Island,3,733.4,389.6,,5
1995 / 12,Bronx,1,161.5,119.2,,2
1995 / 12,Bronx,2,39.5,54.9,,2
1995 / 12,Bronx,3,40.9,49.2,,2
1995 / 12,Bronx,4,128,109.6,,2
1995 / 12,Bronx,5,99.4,113.5,,2
1995 / 12,Bronx,6,277.5,172,,2
1995 / 12,Bronx,7,226.5,198.5,,2
1995 / 12,Bronx,8,322.3,156.7,,2
1995 / 12,Bronx,9,163.9,181.6,,2
1995 / 12,Bronx,10,358.5,233.9,,2
1995 / 12,Bronx,11,338.7,226.8,,2
1995 / 12,Bronx,12,313.3,338.2,,2
1995 / 12,Brooklyn,1,256.7,308.1,,3
1995 / 12,Brooklyn,2,319.9,190.8,,3
1995 / 12,Brooklyn,3,141.8,213.6,,3
1995 / 12,Brooklyn,4,239.9,245.8,,3
1995 / 12,Brooklyn,5,175.7,234.3,,3
1995 / 12,Brooklyn,6,513.3,241,,3
1995 / 12,Brooklyn,7,264.6,293.4,,3
1995 / 12,Brooklyn,8,129.3,124,,3
1995 / 12,Brooklyn,9,189.9,169.9,,3
1995 / 12,Brooklyn,10,578,326.8,,3
1995 / 12,Brooklyn,11,538.2,355.1,,3
1995 / 12,Brooklyn,12,491.2,380.9,,3
1995 / 12,Brooklyn,13,239.5,156.4,,3
1995 / 12,Brooklyn,14,357,260.3,,3
1995 / 12,Brooklyn,15,544,289.6,,3
1995 / 12,Brooklyn,16,100.6,104.1,,3
1995 / 12,Brooklyn,17,291.7,263.2,,3
1995 / 12,Brooklyn,18,651.4,377.3,,3
1995 / 12,Manhattan,1,132.5,50.8,,1
1995 / 12,Manhattan,2,494.1,245.2,,1
1995 / 12,Manhattan,3,245,175.6,,1
1995 / 12,Manhattan,4,790.6,356.9,,1
1995 / 12,Manhattan,5,288.3,124.4,,1
1995 / 12,Manhattan,6,1132.7,521.1,,1
1995 / 12,Manhattan,7,1120.4,525.7,,1
1995 / 12,Manhattan,8,1302.5,596.5,,1
1995 / 12,Manhattan,9,249.1,143.8,,1
1995 / 12,Manhattan,10,91,79.7,,1
1995 / 12,Manhattan,11,107.9,67.2,,1
1995 / 12,Manhattan,12,278.5,248.4,,1
1995 / 12,Queens,1,437.8,309.3,,4
1995 / 12,Queens,2,386,260.4,,4
1995 / 12,Queens,3,325.6,262.2,,4
1995 / 12,Queens,4,259.1,223.3,,4
1995 / 12,Queens,5,581.2,388.1,,4
1995 / 12,Queens,6,438.3,213.8,,4
1995 / 12,Queens,7,1192.4,673.7,,4
1995 / 12,Queens,8,348.6,201.8,,4
1995 / 12,Queens,9,354.4,284.8,,4
1995 / 12,Queens,10,332,268.1,,4
1995 / 12,Queens,11,515.9,240.1,,4
1995 / 12,Queens,12,359.1,401.9,,4
1995 / 12,Queens,13,481.2,396.8,,4
1995 / 12,Queens,14,230.3,152.6,,4
1995 / 12,Staten Island,1,940.4,446.2,,5
1995 / 12,Staten Island,2,674,357.1,,5
1995 / 12,Staten Island,3,980.9,459.6,,5
1995 / 11,Bronx,1,218.9,129.5,,2
1995 / 11,Bronx,2,37.8,51.9,,2
1995 / 11,Bronx,3,36.4,43.1,,2
1995 / 11,Bronx,4,130.2,121.9,,2
1995 / 11,Bronx,5,90.9,126,,2
1995 / 11,Bronx,6,314.3,155.5,,2
1995 / 11,Bronx,7,209.2,198.8,,2
1995 / 11,Bronx,8,322,148.6,,2
1995 / 11,Bronx,9,184.9,200.7,,2
1995 / 11,Bronx,10,354.3,213.6,,2
1995 / 11,Bronx,11,353.6,241.8,,2
1995 / 11,Bronx,12,361.7,342.8,,2
1995 / 11,Brooklyn,1,282.9,322.8,,3
1995 / 11,Brooklyn,2,369.3,187.5,,3
1995 / 11,Brooklyn,3,156.2,218,,3
1995 / 11,Brooklyn,4,294.5,249.7,,3
1995 / 11,Brooklyn,5,190.9,258.4,,3
1995 / 11,Brooklyn,6,529.3,220,,3
1995 / 11,Brooklyn,7,292.7,285.4,,3
1995 / 11,Brooklyn,8,160.6,144.5,,3
1995 / 11,Brooklyn,9,176.3,158.3,,3
1995 / 11,Brooklyn,10,561.5,321.3,,3
1995 / 11,Brooklyn,11,598.5,366,,3
1995 / 11,Brooklyn,12,526,386.1,,3
1995 / 11,Brooklyn,13,293.7,173.9,,3
1995 / 11,Brooklyn,14,409.3,257.6,,3
1995 / 11,Brooklyn,15,633.1,309.7,,3
1995 / 11,Brooklyn,16,114.6,113.7,,3
1995 / 11,Brooklyn,17,288.5,261.6,,3
1995 / 11,Brooklyn,18,719.4,394.3,,3
1995 / 11,Manhattan,1,104.5,39.8,,1
1995 / 11,Manhattan,2,548.7,258.4,,1
1995 / 11,Manhattan,3,259.4,167.9,,1
1995 / 11,Manhattan,4,801.8,352.1,,1
1995 / 11,Manhattan,5,257,101.2,,1
1995 / 11,Manhattan,6,1166.5,537.2,,1
1995 / 11,Manhattan,7,1199.8,517.5,,1
1995 / 11,Manhattan,8,1284.7,593.3,,1
1995 / 11,Manhattan,9,212.6,128.2,,1
1995 / 11,Manhattan,10,70,70.1,,1
1995 / 11,Manhattan,11,85.9,58.4,,1
1995 / 11,Manhattan,12,269.3,247.5,,1
1995 / 11,Queens,1,480.1,307.3,,4
1995 / 11,Queens,2,461.2,250.6,,4
1995 / 11,Queens,3,320.3,256.8,,4
1995 / 11,Queens,4,264.2,213.4,,4
1995 / 11,Queens,5,645.9,388.1,,4
1995 / 11,Queens,6,429,205.5,,4
1995 / 11,Queens,7,1324,720,,4
1995 / 11,Queens,8,412.2,215.5,,4
1995 / 11,Queens,9,406.2,298.1,,4
1995 / 11,Queens,10,386.9,288.1,,4
1995 / 11,Queens,11,608,245.8,,4
1995 / 11,Queens,12,429.3,418.5,,4
1995 / 11,Queens,13,587.2,433.2,,4
1995 / 11,Queens,14,269.9,154.2,,4
1995 / 11,Staten Island,1,932.7,454.7,,5
1995 / 11,Staten Island,2,694.8,355.7,,5
1995 / 11,Staten Island,3,940.2,430.5,,5
1995 / 10,Bronx,1,224.6,108.4,,2
1995 / 10,Bronx,2,30.3,47.6,,2
1995 / 10,Bronx,3,34.8,42.8,,2
1995 / 10,Bronx,4,112.7,110.3,,2
1995 / 10,Bronx,5,80.3,115.4,,2
1995 / 10,Bronx,6,306.6,147.8,,2
1995 / 10,Bronx,7,184.4,180,,2
1995 / 10,Bronx,8,262.8,133.5,,2
1995 / 10,Bronx,9,183.7,208.5,,2
1995 / 10,Bronx,10,333.1,204.9,,2
1995 / 10,Bronx,11,333.3,238.8,,2
1995 / 10,Bronx,12,330.7,353.7,,2
1995 / 10,Brooklyn,1,260.9,347.5,,3
1995 / 10,Brooklyn,2,284.6,170.4,,3
1995 / 10,Brooklyn,3,145.9,231.2,,3
1995 / 10,Brooklyn,4,278,257.3,,3
1995 / 10,Brooklyn,5,192.3,264.1,,3
1995 / 10,Brooklyn,6,502.2,222.5,,3
1995 / 10,Brooklyn,7,299.2,295.6,,3
1995 / 10,Brooklyn,8,151.2,144,,3
1995 / 10,Brooklyn,9,153.1,150.3,,3
1995 / 10,Brooklyn,10,528.9,305.5,,3
1995 / 10,Brooklyn,11,560.4,371.8,,3
1995 / 10,Brooklyn,12,504.6,452.7,,3
1995 / 10,Brooklyn,13,251.6,175.2,,3
1995 / 10,Brooklyn,14,388.5,280.9,,3
1995 / 10,Brooklyn,15,561.6,325.7,,3
1995 / 10,Brooklyn,16,113.3,101.3,,3
1995 / 10,Brooklyn,17,271.5,259.9,,3
1995 / 10,Brooklyn,18,679.2,394.9,,3
1995 / 10,Manhattan,1,97.7,38,,1
1995 / 10,Manhattan,2,440.7,239.6,,1
1995 / 10,Manhattan,3,220.1,151.9,,1
1995 / 10,Manhattan,4,717.8,313.8,,1
1995 / 10,Manhattan,5,217.3,93.8,,1
1995 / 10,Manhattan,6,974.3,489.3,,1
1995 / 10,Manhattan,7,908.4,494,,1
1995 / 10,Manhattan,8,837.3,538,,1
1995 / 10,Manhattan,9,186,124.9,,1
1995 / 10,Manhattan,10,67.2,70.5,,1
1995 / 10,Manhattan,11,75.7,55.7,,1
1995 / 10,Manhattan,12,211,222.9,,1
1995 / 10,Queens,1,435.2,302.9,,4
1995 / 10,Queens,2,387.4,251.1,,4
1995 / 10,Queens,3,240.2,244.5,,4
1995 / 10,Queens,4,210.2,205.5,,4
1995 / 10,Queens,5,552.8,387.6,,4
1995 / 10,Queens,6,304.3,187.5,,4
1995 / 10,Queens,7,1216.8,747.6,,4
1995 / 10,Queens,8,382.4,226.5,,4
1995 / 10,Queens,9,374.5,309,,4
1995 / 10,Queens,10,360.7,294.2,,4
1995 / 10,Queens,11,562.7,245.6,,4
1995 / 10,Queens,12,407.6,425.2,,4
1995 / 10,Queens,13,537.7,422,,4
1995 / 10,Queens,14,247.5,154.6,,4
1995 / 10,Staten Island,1,819.2,387,,5
1995 / 10,Staten Island,2,591.9,291.4,,5
1995 / 10,Staten Island,3,807.6,379.6,,5
1995 / 09,Bronx,1,207,120.3,,2
1995 / 09,Bronx,2,29.8,53.9,,2
1995 / 09,Bronx,3,38,50.3,,2
1995 / 09,Bronx,4,112.2,121.9,,2
1995 / 09,Bronx,5,80.2,126.1,,2
1995 / 09,Bronx,6,168,107.9,,2
1995 / 09,Bronx,7,185.1,206.2,,2
1995 / 09,Bronx,8,263.5,152.4,,2
1995 / 09,Bronx,9,175,224.9,,2
1995 / 09,Bronx,10,307.8,206.5,,2
1995 / 09,Bronx,11,436.1,288.4,,2
1995 / 09,Bronx,12,283.6,359.1,,2
1995 / 09,Brooklyn,1,247.3,315.8,,3
1995 / 09,Brooklyn,2,277.3,180.5,,3
1995 / 09,Brooklyn,3,138.1,237.7,,3
1995 / 09,Brooklyn,4,211.1,256.9,,3
1995 / 09,Brooklyn,5,165.7,271.5,,3
1995 / 09,Brooklyn,6,475,229.1,,3
1995 / 09,Brooklyn,7,263.8,303.9,,3
1995 / 09,Brooklyn,8,124,149.1,,3
1995 / 09,Brooklyn,9,154,164,,3
1995 / 09,Brooklyn,10,508,322.9,,3
1995 / 09,Brooklyn,11,520.1,372.9,,3
1995 / 09,Brooklyn,12,506.5,398.8,,3
1995 / 09,Brooklyn,13,231.2,175.9,,3
1995 / 09,Brooklyn,14,335,265.9,,3
1995 / 09,Brooklyn,15,510.4,304.7,,3
1995 / 09,Brooklyn,16,89.7,115.6,,3
1995 / 09,Brooklyn,17,250.3,288,,3
1995 / 09,Brooklyn,18,613.9,387.9,,3
1995 / 09,Manhattan,1,117.2,45.8,,1
1995 / 09,Manhattan,2,396.2,238.2,,1
1995 / 09,Manhattan,3,239.4,178.4,,1
1995 / 09,Manhattan,4,675.9,344.2,,1
1995 / 09,Manhattan,5,210.4,108.3,,1
1995 / 09,Manhattan,6,942.9,507.2,,1
1995 / 09,Manhattan,7,880.2,470.9,,1
1995 / 09,Manhattan,8,810.2,520.9,,1
1995 / 09,Manhattan,9,220.3,144.9,,1
1995 / 09,Manhattan,10,69.7,83.7,,1
1995 / 09,Manhattan,11,103,68.8,,1
1995 / 09,Manhattan,12,233.9,266.8,,1
1995 / 09,Queens,1,480.8,316.6,,4
1995 / 09,Queens,2,379.6,266.3,,4
1995 / 09,Queens,3,287.5,278.2,,4
1995 / 09,Queens,4,224.1,227.4,,4
1995 / 09,Queens,5,525.2,382.7,,4
1995 / 09,Queens,6,289.3,179.2,,4
1995 / 09,Queens,7,1319.4,748,,4
1995 / 09,Queens,8,395.8,222.7,,4
1995 / 09,Queens,9,342.3,309.8,,4
1995 / 09,Queens,10,355.1,291.4,,4
1995 / 09,Queens,11,597.1,242.6,,4
1995 / 09,Queens,12,398.2,465.9,,4
1995 / 09,Queens,13,594.8,453,,4
1995 / 09,Queens,14,273.5,180.8,,4
1995 / 09,Staten Island,1,784.9,396.7,,5
1995 / 09,Staten Island,2,570.3,294.9,,5
1995 / 09,Staten Island,3,779.1,380,,5
1995 / 08,Bronx,1,186.3,123.7,,2
1995 / 08,Bronx,2,29.1,55.1,,2
1995 / 08,Bronx,3,29,48.5,,2
1995 / 08,Bronx,4,106.3,135.8,,2
1995 / 08,Bronx,5,75.2,139.7,,2
1995 / 08,Bronx,6,37.5,65.5,,2
1995 / 08,Bronx,7,166.1,212.2,,2
1995 / 08,Bronx,8,253.7,143.4,,2
1995 / 08,Bronx,9,170.2,248.2,,2
1995 / 08,Bronx,10,280.7,217.5,,2
1995 / 08,Bronx,11,513.9,349.2,,2
1995 / 08,Bronx,12,284.5,403.5,,2
1995 / 08,Brooklyn,1,197.9,324.1,,3
1995 / 08,Brooklyn,2,254.9,192.4,,3
1995 / 08,Brooklyn,3,133.4,271.5,,3
1995 / 08,Brooklyn,4,252.1,279.9,,3
1995 / 08,Brooklyn,5,171.4,314.4,,3
1995 / 08,Brooklyn,6,389.5,219.8,,3
1995 / 08,Brooklyn,7,253.1,326.2,,3
1995 / 08,Brooklyn,8,139.4,173.6,,3
1995 / 08,Brooklyn,9,146.9,182.5,,3
1995 / 08,Brooklyn,10,449.1,324.6,,3
1995 / 08,Brooklyn,11,504.3,396.3,,3
1995 / 08,Brooklyn,12,409.6,350.4,,3
1995 / 08,Brooklyn,13,257.2,176.1,,3
1995 / 08,Brooklyn,14,319.8,260.5,,3
1995 / 08,Brooklyn,15,494.9,318.7,,3
1995 / 08,Brooklyn,16,102.6,129,,3
1995 / 08,Brooklyn,17,264.8,323.4,,3
1995 / 08,Brooklyn,18,632.2,431,,3
1995 / 08,Manhattan,1,82.4,38.6,,1
1995 / 08,Manhattan,2,353.8,233,,1
1995 / 08,Manhattan,3,214.1,178.3,,1
1995 / 08,Manhattan,4,632.7,335.4,,1
1995 / 08,Manhattan,5,170.5,93.2,,1
1995 / 08,Manhattan,6,889.7,504.8,,1
1995 / 08,Manhattan,7,811.2,461.2,,1
1995 / 08,Manhattan,8,692.2,495.2,,1
1995 / 08,Manhattan,9,168.5,125.3,,1
1995 / 08,Manhattan,10,62.8,82.2,,1
1995 / 08,Manhattan,11,72.3,57.4,,1
1995 / 08,Manhattan,12,235.4,273,,1
1995 / 08,Queens,1,343.4,330.4,,4
1995 / 08,Queens,2,358.1,281.2,,4
1995 / 08,Queens,3,221,298.2,,4
1995 / 08,Queens,4,195.1,260.4,,4
1995 / 08,Queens,5,459.6,408.5,,4
1995 / 08,Queens,6,240.5,204.4,,4
1995 / 08,Queens,7,1035.4,779,,4
1995 / 08,Queens,8,310.7,228.5,,4
1995 / 08,Queens,9,291,326.6,,4
1995 / 08,Queens,10,303.6,310.2,,4
1995 / 08,Queens,11,492.9,260.5,,4
1995 / 08,Queens,12,362.9,513.1,,4
1995 / 08,Queens,13,527.3,493.3,,4
1995 / 08,Queens,14,248.8,187,,4
1995 / 08,Staten Island,1,681,395.1,,5
1995 / 08,Staten Island,2,532.8,313.2,,5
1995 / 08,Staten Island,3,674.3,402.8,,5
1995 / 07,Bronx,1,198.1,118.1,,2
1995 / 07,Bronx,2,27.8,49.1,,2
1995 / 07,Bronx,3,28.5,46.1,,2
1995 / 07,Bronx,4,99.6,123.5,,2
1995 / 07,Bronx,5,77.2,133.6,,2
1995 / 07,Bronx,6,36.1,61.4,,2
1995 / 07,Bronx,7,173.3,203.4,,2
1995 / 07,Bronx,8,232.8,142.5,,2
1995 / 07,Bronx,9,175.6,241.5,,2
1995 / 07,Bronx,10,283.6,212.4,,2
1995 / 07,Bronx,11,542,332,,2
1995 / 07,Bronx,12,294.7,394.6,,2
1995 / 07,Brooklyn,1,228.3,318.8,,3
1995 / 07,Brooklyn,2,262.4,185.8,,3
1995 / 07,Brooklyn,3,157.8,268.1,,3
1995 / 07,Brooklyn,4,270.3,282.3,,3
1995 / 07,Brooklyn,5,184.1,309.6,,3
1995 / 07,Brooklyn,6,466.4,233.2,,3
1995 / 07,Brooklyn,7,293.5,318.1,,3
1995 / 07,Brooklyn,8,141.5,166.5,,3
1995 / 07,Brooklyn,9,155.3,175.4,,3
1995 / 07,Brooklyn,10,522.3,321.2,,3
1995 / 07,Brooklyn,11,612.8,391.8,,3
1995 / 07,Brooklyn,12,451.8,357.7,,3
1995 / 07,Brooklyn,13,275,172.8,,3
1995 / 07,Brooklyn,14,367.2,281.6,,3
1995 / 07,Brooklyn,15,574.5,321,,3
1995 / 07,Brooklyn,16,117.3,127.3,,3
1995 / 07,Brooklyn,17,270.7,318.3,,3
1995 / 07,Brooklyn,18,690.3,423.5,,3
1995 / 07,Manhattan,1,102.3,42.4,,1
1995 / 07,Manhattan,2,347.5,238.2,,1
1995 / 07,Manhattan,3,191.7,172.5,,1
1995 / 07,Manhattan,4,629.4,328.7,,1
1995 / 07,Manhattan,5,164.8,98.3,,1
1995 / 07,Manhattan,6,773.5,483.1,,1
1995 / 07,Manhattan,7,745.8,450.2,,1
1995 / 07,Manhattan,8,633,475.4,,1
1995 / 07,Manhattan,9,156.2,127.2,,1
1995 / 07,Manhattan,10,58.2,81.5,,1
1995 / 07,Manhattan,11,75.8,59.2,,1
1995 / 07,Manhattan,12,218.3,270,,1
1995 / 07,Queens,1,384,336.1,,4
1995 / 07,Queens,2,357.4,274.3,,4
1995 / 07,Queens,3,226.4,284.5,,4
1995 / 07,Queens,4,214.2,245.6,,4
1995 / 07,Queens,5,449.9,405.3,,4
1995 / 07,Queens,6,277.8,214.1,,4
1995 / 07,Queens,7,1092.1,758.6,,4
1995 / 07,Queens,8,323.4,224.8,,4
1995 / 07,Queens,9,307.4,317.2,,4
1995 / 07,Queens,10,326.9,318.7,,4
1995 / 07,Queens,11,511.3,262.7,,4
1995 / 07,Queens,12,356.4,506.7,,4
1995 / 07,Queens,13,495.8,491.7,,4
1995 / 07,Queens,14,226.6,182.7,,4
1995 / 07,Staten Island,1,780,415.4,,5
1995 / 07,Staten Island,2,555.1,316.7,,5
1995 / 07,Staten Island,3,742,428.1,,5
1995 / 06,Bronx,1,223.9,129.9,,2
1995 / 06,Bronx,2,39.7,58.5,,2
1995 / 06,Bronx,3,40.9,57.7,,2
1995 / 06,Bronx,4,118,129.5,,2
1995 / 06,Bronx,5,93,138.2,,2
1995 / 06,Bronx,6,55.3,78.7,,2
1995 / 06,Bronx,7,202.7,209.1,,2
1995 / 06,Bronx,8,309.5,156.8,,2
1995 / 06,Bronx,9,204.2,248.8,,2
1995 / 06,Bronx,10,317.7,233.2,,2
1995 / 06,Bronx,11,579.4,356.3,,2
1995 / 06,Bronx,12,352,393.5,,2
1995 / 06,Brooklyn,1,266.1,366.6,,3
1995 / 06,Brooklyn,2,273.7,188.9,,3
1995 / 06,Brooklyn,3,157.9,266.1,,3
1995 / 06,Brooklyn,4,282.8,278.5,,3
1995 / 06,Brooklyn,5,187.5,294.9,,3
1995 / 06,Brooklyn,6,474.2,253.8,,3
1995 / 06,Brooklyn,7,284.8,326.9,,3
1995 / 06,Brooklyn,8,143.9,159.7,,3
1995 / 06,Brooklyn,9,177.6,190,,3
1995 / 06,Brooklyn,10,542.7,351.6,,3
1995 / 06,Brooklyn,11,592.9,415.4,,3
1995 / 06,Brooklyn,12,496.7,455,,3
1995 / 06,Brooklyn,13,274,191.2,,3
1995 / 06,Brooklyn,14,359.7,286.7,,3
1995 / 06,Brooklyn,15,578.5,348.1,,3
1995 / 06,Brooklyn,16,108.4,125.1,,3
1995 / 06,Brooklyn,17,279.6,308.1,,3
1995 / 06,Brooklyn,18,708.8,445.2,,3
1995 / 06,Manhattan,1,98.3,46.8,,1
1995 / 06,Manhattan,2,421.9,254.4,,1
1995 / 06,Manhattan,3,249.8,193.7,,1
1995 / 06,Manhattan,4,731.9,355.5,,1
1995 / 06,Manhattan,5,228.1,109,,1
1995 / 06,Manhattan,6,1000.9,522.4,,1
1995 / 06,Manhattan,7,910.1,509.3,,1
1995 / 06,Manhattan,8,875.5,557.9,,1
1995 / 06,Manhattan,9,199.2,138.3,,1
1995 / 06,Manhattan,10,74.1,92.1,,1
1995 / 06,Manhattan,11,99.7,69.6,,1
1995 / 06,Manhattan,12,273,280.9,,1
1995 / 06,Queens,1,459.2,332.8,,4
1995 / 06,Queens,2,399.5,272.9,,4
1995 / 06,Queens,3,278.4,283.6,,4
1995 / 06,Queens,4,252.3,241.3,,4
1995 / 06,Queens,5,511.1,423,,4
1995 / 06,Queens,6,348.1,223.8,,4
1995 / 06,Queens,7,1223.9,746,,4
1995 / 06,Queens,8,395.2,238.5,,4
1995 / 06,Queens,9,357.3,317.3,,4
1995 / 06,Queens,10,356.6,311.6,,4
1995 / 06,Queens,11,572.8,267.9,,4
1995 / 06,Queens,12,407.6,498,,4
1995 / 06,Queens,13,573.4,486.8,,4
1995 / 06,Queens,14,260.7,185.3,,4
1995 / 06,Staten Island,1,868.5,438.7,,5
1995 / 06,Staten Island,2,601.7,335.7,,5
1995 / 06,Staten Island,3,786.3,405.8,,5
1995 / 05,Bronx,1,232.8,107.6,,2
1995 / 05,Bronx,2,30.3,40.8,,2
1995 / 05,Bronx,3,35.4,43.2,,2
1995 / 05,Bronx,4,116.5,113.1,,2
1995 / 05,Bronx,5,86.5,118.3,,2
1995 / 05,Bronx,6,45.4,57.1,,2
1995 / 05,Bronx,7,189.4,176.7,,2
1995 / 05,Bronx,8,294,137.5,,2
1995 / 05,Bronx,9,178.4,206.8,,2
1995 / 05,Bronx,10,317.2,205.6,,2
1995 / 05,Bronx,11,599.7,319,,2
1995 / 05,Bronx,12,328.8,355.8,,2
1995 / 05,Brooklyn,1,232.9,301.5,,3
1995 / 05,Brooklyn,2,340.7,190.5,,3
1995 / 05,Brooklyn,3,139.6,220.6,,3
1995 / 05,Brooklyn,4,268.1,253.4,,3
1995 / 05,Brooklyn,5,188.9,253.7,,3
1995 / 05,Brooklyn,6,476.4,221.9,,3
1995 / 05,Brooklyn,7,265.4,287.6,,3
1995 / 05,Brooklyn,8,135.6,142.5,,3
1995 / 05,Brooklyn,9,155.9,153.5,,3
1995 / 05,Brooklyn,10,516.3,323.1,,3
1995 / 05,Brooklyn,11,531.9,372.2,,3
1995 / 05,Brooklyn,12,475.7,397.7,,3
1995 / 05,Brooklyn,13,262.1,173.5,,3
1995 / 05,Brooklyn,14,366.6,255.8,,3
1995 / 05,Brooklyn,15,577.3,316.6,,3
1995 / 05,Brooklyn,16,112,108.8,,3
1995 / 05,Brooklyn,17,252.1,255.6,,3
1995 / 05,Brooklyn,18,665.8,397.9,,3
1995 / 05,Manhattan,1,98.1,39.9,,1
1995 / 05,Manhattan,2,502.5,248.6,,1
1995 / 05,Manhattan,3,243.7,163.7,,1
1995 / 05,Manhattan,4,841.5,345.8,,1
1995 / 05,Manhattan,5,232.6,95.4,,1
1995 / 05,Manhattan,6,1096.4,497.8,,1
1995 / 05,Manhattan,7,1081.1,494,,1
1995 / 05,Manhattan,8,1198,560,,1
1995 / 05,Manhattan,9,206.9,123.2,,1
1995 / 05,Manhattan,10,66.7,68.4,,1
1995 / 05,Manhattan,11,91,53.7,,1
1995 / 05,Manhattan,12,269.8,235,,1
1995 / 05,Queens,1,448.6,311.1,,4
1995 / 05,Queens,2,396,244.3,,4
1995 / 05,Queens,3,251.5,236.9,,4
1995 / 05,Queens,4,213.7,193.7,,4
1995 / 05,Queens,5,563.6,403.1,,4
1995 / 05,Queens,6,276.8,182.6,,4
1995 / 05,Queens,7,1219.1,737.6,,4
1995 / 05,Queens,8,433.1,255.1,,4
1995 / 05,Queens,9,387.1,310.7,,4
1995 / 05,Queens,10,374.9,298.2,,4
1995 / 05,Queens,11,566.8,258.9,,4
1995 / 05,Queens,12,371,428,,4
1995 / 05,Queens,13,580.4,459.7,,4
1995 / 05,Queens,14,245.3,148.1,,4
1995 / 05,Staten Island,1,852.7,391.5,,5
1995 / 05,Staten Island,2,646.4,324,,5
1995 / 05,Staten Island,3,856.5,403.4,,5
1995 / 04,Bronx,1,203.4,106.5,,2
1995 / 04,Bronx,2,27.9,40.2,,2
1995 / 04,Bronx,3,33,40.9,,2
1995 / 04,Bronx,4,102.9,103,,2
1995 / 04,Bronx,5,79.3,111.6,,2
1995 / 04,Bronx,6,42,59.8,,2
1995 / 04,Bronx,7,187.8,171.6,,2
1995 / 04,Bronx,8,309,144.8,,2
1995 / 04,Bronx,9,177.2,204.6,,2
1995 / 04,Bronx,10,329.9,199.2,,2
1995 / 04,Bronx,11,562.4,306.9,,2
1995 / 04,Bronx,12,310.7,320.6,,2
1995 / 04,Brooklyn,1,219.4,294.4,,3
1995 / 04,Brooklyn,2,287.2,171.5,,3
1995 / 04,Brooklyn,3,126.6,199.7,,3
1995 / 04,Brooklyn,4,226.5,235,,3
1995 / 04,Brooklyn,5,162.6,233.4,,3
1995 / 04,Brooklyn,6,444.8,213.8,,3
1995 / 04,Brooklyn,7,242.2,270.2,,3
1995 / 04,Brooklyn,8,114.4,125.8,,3
1995 / 04,Brooklyn,9,147.4,152.2,,3
1995 / 04,Brooklyn,10,484,298.7,,3
1995 / 04,Brooklyn,11,478.2,353.5,,3
1995 / 04,Brooklyn,12,453,436.1,,3
1995 / 04,Brooklyn,13,233.2,153.9,,3
1995 / 04,Brooklyn,14,344.1,272.1,,3
1995 / 04,Brooklyn,15,528.4,321.8,,3
1995 / 04,Brooklyn,16,91.3,103.2,,3
1995 / 04,Brooklyn,17,227.6,244.8,,3
1995 / 04,Brooklyn,18,594,375.8,,3
1995 / 04,Manhattan,1,127.1,48.8,,1
1995 / 04,Manhattan,2,517.9,235.7,,1
1995 / 04,Manhattan,3,254.3,152.1,,1
1995 / 04,Manhattan,4,866.1,321.9,,1
1995 / 04,Manhattan,5,269.7,102,,1
1995 / 04,Manhattan,6,1188.8,487.9,,1
1995 / 04,Manhattan,7,1151.9,466.5,,1
1995 / 04,Manhattan,8,1294.4,539.4,,1
1995 / 04,Manhattan,9,217.2,121.3,,1
1995 / 04,Manhattan,10,74.9,62.9,,1
1995 / 04,Manhattan,11,92,51.7,,1
1995 / 04,Manhattan,12,274.7,225.1,,1
1995 / 04,Queens,1,424.7,299.4,,4
1995 / 04,Queens,2,375.2,242.1,,4
1995 / 04,Queens,3,261.5,236,,4
1995 / 04,Queens,4,216.5,196.1,,4
1995 / 04,Queens,5,505.7,353.4,,4
1995 / 04,Queens,6,298.8,186.3,,4
1995 / 04,Queens,7,1068,579.9,,4
1995 / 04,Queens,8,369,223.5,,4
1995 / 04,Queens,9,323.6,272,,4
1995 / 04,Queens,10,310,252.2,,4
1995 / 04,Queens,11,490.9,230.6,,4
1995 / 04,Queens,12,334.9,387.6,,4
1995 / 04,Queens,13,488.6,405.9,,4
1995 / 04,Queens,14,212.1,147,,4
1995 / 04,Staten Island,1,756.1,347.3,,5
1995 / 04,Staten Island,2,565.1,298.9,,5
1995 / 04,Staten Island,3,750.6,356,,5
1995 / 03,Bronx,1,195,113.4,,2
1995 / 03,Bronx,2,34.1,53.2,,2
1995 / 03,Bronx,3,43.3,51.8,,2
1995 / 03,Bronx,4,116.4,118.7,,2
1995 / 03,Bronx,5,86.7,132.6,,2
1995 / 03,Bronx,6,53.7,75,,2
1995 / 03,Bronx,7,196,186.7,,2
1995 / 03,Bronx,8,307.7,149,,2
1995 / 03,Bronx,9,179.5,223.2,,2
1995 / 03,Bronx,10,340.2,208.5,,2
1995 / 03,Bronx,11,593.2,330.5,,2
1995 / 03,Bronx,12,334.7,347.6,,2
1995 / 03,Brooklyn,1,255.2,334.6,,3
1995 / 03,Brooklyn,2,341.6,206.3,,3
1995 / 03,Brooklyn,3,149.3,221.9,,3
1995 / 03,Brooklyn,4,247.2,249.9,,3
1995 / 03,Brooklyn,5,172.6,247.1,,3
1995 / 03,Brooklyn,6,484.7,226,,3
1995 / 03,Brooklyn,7,258.2,286.3,,3
1995 / 03,Brooklyn,8,136.4,143.1,,3
1995 / 03,Brooklyn,9,166.6,175.4,,3
1995 / 03,Brooklyn,10,544.9,326.6,,3
1995 / 03,Brooklyn,11,528.4,365.1,,3
1995 / 03,Brooklyn,12,501.5,411.5,,3
1995 / 03,Brooklyn,13,262.9,172.4,,3
1995 / 03,Brooklyn,14,367.9,260,,3
1995 / 03,Brooklyn,15,558.5,307.5,,3
1995 / 03,Brooklyn,16,98.2,117.9,,3
1995 / 03,Brooklyn,17,255,262.7,,3
1995 / 03,Brooklyn,18,658.9,389.1,,3
1995 / 03,Manhattan,1,110.7,45.7,,1
1995 / 03,Manhattan,2,573,252.2,,1
1995 / 03,Manhattan,3,271.3,172.1,,1
1995 / 03,Manhattan,4,915.9,372,,1
1995 / 03,Manhattan,5,273.5,104.8,,1
1995 / 03,Manhattan,6,1408,529.1,,1
1995 / 03,Manhattan,7,1191.6,507.1,,1
1995 / 03,Manhattan,8,1470.9,575.6,,1
1995 / 03,Manhattan,9,225.4,136.3,,1
1995 / 03,Manhattan,10,79.1,80.9,,1
1995 / 03,Manhattan,11,105.8,61.8,,1
1995 / 03,Manhattan,12,301.2,249.9,,1
1995 / 03,Queens,1,467.3,317.6,,4
1995 / 03,Queens,2,454.9,251.6,,4
1995 / 03,Queens,3,326.1,266.4,,4
1995 / 03,Queens,4,270,215.1,,4
1995 / 03,Queens,5,604.2,385.3,,4
1995 / 03,Queens,6,404.2,187.7,,4
1995 / 03,Queens,7,1148.7,582.1,,4
1995 / 03,Queens,8,430.3,229.5,,4
1995 / 03,Queens,9,359.1,282.6,,4
1995 / 03,Queens,10,416.3,294.2,,4
1995 / 03,Queens,11,544.5,240.2,,4
1995 / 03,Queens,12,398.4,439.5,,4
1995 / 03,Queens,13,562.6,430.3,,4
1995 / 03,Queens,14,240.4,165,,4
1995 / 03,Staten Island,1,787.5,397.5,,5
1995 / 03,Staten Island,2,622.1,315.8,,5
1995 / 03,Staten Island,3,786.7,369,,5
1995 / 02,Bronx,1,163.5,89.8,,2
1995 / 02,Bronx,2,22.1,40.7,,2
1995 / 02,Bronx,3,28.7,39.3,,2
1995 / 02,Bronx,4,84.4,88.5,,2
1995 / 02,Bronx,5,62.6,99.5,,2
1995 / 02,Bronx,6,37.6,56.5,,2
1995 / 02,Bronx,7,151.9,149,,2
1995 / 02,Bronx,8,247.5,124.9,,2
1995 / 02,Bronx,9,145,189.3,,2
1995 / 02,Bronx,10,262.7,173.6,,2
1995 / 02,Bronx,11,486.7,286.4,,2
1995 / 02,Bronx,12,245.9,286.9,,2
1995 / 02,Brooklyn,1,196,264.8,,3
1995 / 02,Brooklyn,2,274,169,,3
1995 / 02,Brooklyn,3,104.9,187.5,,3
1995 / 02,Brooklyn,4,186.3,205.5,,3
1995 / 02,Brooklyn,5,135.4,208.8,,3
1995 / 02,Brooklyn,6,411.3,201.3,,3
1995 / 02,Brooklyn,7,219.3,242.9,,3
1995 / 02,Brooklyn,8,100.4,110,,3
1995 / 02,Brooklyn,9,119.6,138,,3
1995 / 02,Brooklyn,10,440.2,272.9,,3
1995 / 02,Brooklyn,11,440.9,306.7,,3
1995 / 02,Brooklyn,12,399,326.2,,3
1995 / 02,Brooklyn,13,197.7,131.8,,3
1995 / 02,Brooklyn,14,296.9,217.2,,3
1995 / 02,Brooklyn,15,473.7,263.9,,3
1995 / 02,Brooklyn,16,70.1,88.9,,3
1995 / 02,Brooklyn,17,187.4,216.2,,3
1995 / 02,Brooklyn,18,515.4,322.3,,3
1995 / 02,Manhattan,1,101.5,39.5,,1
1995 / 02,Manhattan,2,475.6,227.3,,1
1995 / 02,Manhattan,3,215.1,143.1,,1
1995 / 02,Manhattan,4,742.9,289.3,,1
1995 / 02,Manhattan,5,238.1,92.1,,1
1995 / 02,Manhattan,6,1077.3,447.5,,1
1995 / 02,Manhattan,7,996.3,449.5,,1
1995 / 02,Manhattan,8,1201.6,505.2,,1
1995 / 02,Manhattan,9,188.1,114,,1
1995 / 02,Manhattan,10,57.1,61.5,,1
1995 / 02,Manhattan,11,80.4,47,,1
1995 / 02,Manhattan,12,218.6,203.5,,1
1995 / 02,Queens,1,385.9,269.1,,4
1995 / 02,Queens,2,364.5,214.6,,4
1995 / 02,Queens,3,250.3,214.8,,4
1995 / 02,Queens,4,208,178.8,,4
1995 / 02,Queens,5,495.4,328.7,,4
1995 / 02,Queens,6,333.8,169.5,,4
1995 / 02,Queens,7,883.9,486.4,,4
1995 / 02,Queens,8,338.1,194,,4
1995 / 02,Queens,9,294.2,244.5,,4
1995 / 02,Queens,10,360.5,259,,4
1995 / 02,Queens,11,432.6,209,,4
1995 / 02,Queens,12,275.9,357.8,,4
1995 / 02,Queens,13,433.5,365.5,,4
1995 / 02,Queens,14,183.2,128.8,,4
1995 / 02,Staten Island,1,588.8,304.2,,5
1995 / 02,Staten Island,2,462.6,245.5,,5
1995 / 02,Staten Island,3,628.3,315.7,,5
1995 / 01,Bronx,1,191,102.4,,2
1995 / 01,Bronx,2,25.6,42.3,,2
1995 / 01,Bronx,3,31.6,41.2,,2
1995 / 01,Bronx,4,91.3,91.4,,2
1995 / 01,Bronx,5,74.2,103.5,,2
1995 / 01,Bronx,6,42.1,59.3,,2
1995 / 01,Bronx,7,162.1,163.2,,2
1995 / 01,Bronx,8,257.6,137.1,,2
1995 / 01,Bronx,9,173.3,214.1,,2
1995 / 01,Bronx,10,324.7,212.4,,2
1995 / 01,Bronx,11,568.2,333.9,,2
1995 / 01,Bronx,12,302.8,347.8,,2
1995 / 01,Brooklyn,1,227.2,307.8,,3
1995 / 01,Brooklyn,2,267.8,174.9,,3
1995 / 01,Brooklyn,3,132,219.8,,3
1995 / 01,Brooklyn,4,220.2,235.8,,3
1995 / 01,Brooklyn,5,164.7,256,,3
1995 / 01,Brooklyn,6,469.1,235.6,,3
1995 / 01,Brooklyn,7,277.8,291.8,,3
1995 / 01,Brooklyn,8,129.6,146.8,,3
1995 / 01,Brooklyn,9,136.3,150.5,,3
1995 / 01,Brooklyn,10,508.5,330,,3
1995 / 01,Brooklyn,11,522.2,375.5,,3
1995 / 01,Brooklyn,12,477.4,394.9,,3
1995 / 01,Brooklyn,13,215.1,162.1,,3
1995 / 01,Brooklyn,14,365.7,273.3,,3
1995 / 01,Brooklyn,15,536.1,301.2,,3
1995 / 01,Brooklyn,16,86.5,92.9,,3
1995 / 01,Brooklyn,17,217.8,254.5,,3
1995 / 01,Brooklyn,18,623,391.1,,3
1995 / 01,Manhattan,1,104.9,44.1,,1
1995 / 01,Manhattan,2,509,257.5,,1
1995 / 01,Manhattan,3,220.8,152.8,,1
1995 / 01,Manhattan,4,823.3,318.6,,1
1995 / 01,Manhattan,5,225.7,100.4,,1
1995 / 01,Manhattan,6,1115.3,506,,1
1995 / 01,Manhattan,7,1065.2,526.6,,1
1995 / 01,Manhattan,8,1194.3,586,,1
1995 / 01,Manhattan,9,171.7,112.4,,1
1995 / 01,Manhattan,10,63.9,62.6,,1
1995 / 01,Manhattan,11,83.7,50,,1
1995 / 01,Manhattan,12,228.3,217.1,,1
1995 / 01,Queens,1,431.1,315.8,,4
1995 / 01,Queens,2,412.7,257.3,,4
1995 / 01,Queens,3,280.1,253.6,,4
1995 / 01,Queens,4,256.5,216,,4
1995 / 01,Queens,5,568.4,395.2,,4
1995 / 01,Queens,6,366.4,210.4,,4
1995 / 01,Queens,7,1027.9,574.8,,4
1995 / 01,Queens,8,404.8,227,,4
1995 / 01,Queens,9,344.5,285.8,,4
1995 / 01,Queens,10,437.6,315.1,,4
1995 / 01,Queens,11,553.2,261.2,,4
1995 / 01,Queens,12,345,431.8,,4
1995 / 01,Queens,13,508.7,438.4,,4
1995 / 01,Queens,14,218.7,143,,4
1995 / 01,Staten Island,1,714,377.1,,5
1995 / 01,Staten Island,2,556.8,301.4,,5
1995 / 01,Staten Island,3,758.9,385.5,,5
1994 / 12,Bronx,1,231.8,121.7,,2
1994 / 12,Bronx,2,43.4,56.2,,2
1994 / 12,Bronx,3,56.8,52.1,,2
1994 / 12,Bronx,4,145.6,115.8,,2
1994 / 12,Bronx,5,107.2,116.1,,2
1994 / 12,Bronx,6,65.6,80.2,,2
1994 / 12,Bronx,7,248.7,200.6,,2
1994 / 12,Bronx,8,404.5,170.4,,2
1994 / 12,Bronx,9,254.7,255.1,,2
1994 / 12,Bronx,10,407.8,222.5,,2
1994 / 12,Bronx,11,717.4,348,,2
1994 / 12,Bronx,12,402.3,353,,2
1994 / 12,Brooklyn,1,275.1,336,,3
1994 / 12,Brooklyn,2,361.8,207.2,,3
1994 / 12,Brooklyn,3,166.1,225,,3
1994 / 12,Brooklyn,4,272.2,238.4,,3
1994 / 12,Brooklyn,5,203.8,238,,3
1994 / 12,Brooklyn,6,571.6,238.2,,3
1994 / 12,Brooklyn,7,308.1,288.3,,3
1994 / 12,Brooklyn,8,153.1,132.7,,3
1994 / 12,Brooklyn,9,209.7,186.5,,3
1994 / 12,Brooklyn,10,690.9,347.1,,3
1994 / 12,Brooklyn,11,642.9,370.6,,3
1994 / 12,Brooklyn,12,555,385.5,,3
1994 / 12,Brooklyn,13,277.9,160.7,,3
1994 / 12,Brooklyn,14,410.7,254.1,,3
1994 / 12,Brooklyn,15,673.4,308.9,,3
1994 / 12,Brooklyn,16,121.1,111.7,,3
1994 / 12,Brooklyn,17,338,276.6,,3
1994 / 12,Brooklyn,18,824,398,,3
1994 / 12,Manhattan,1,132.4,50.6,,1
1994 / 12,Manhattan,2,641.4,273.6,,1
1994 / 12,Manhattan,3,301.3,181.5,,1
1994 / 12,Manhattan,4,1008.7,381.4,,1
1994 / 12,Manhattan,5,322.8,127.1,,1
1994 / 12,Manhattan,6,1498.7,584.4,,1
1994 / 12,Manhattan,7,1346.3,548.3,,1
1994 / 12,Manhattan,8,1637.7,639.9,,1
1994 / 12,Manhattan,9,245.8,144.7,,1
1994 / 12,Manhattan,10,93.4,74,,1
1994 / 12,Manhattan,11,126,60.9,,1
1994 / 12,Manhattan,12,355.5,282.9,,1
1994 / 12,Queens,1,514.8,327.5,,4
1994 / 12,Queens,2,479.1,249.5,,4
1994 / 12,Queens,3,381.1,269.5,,4
1994 / 12,Queens,4,284.5,223.8,,4
1994 / 12,Queens,5,682.6,398.8,,4
1994 / 12,Queens,6,459.4,229.2,,4
1994 / 12,Queens,7,1312.8,572.9,,4
1994 / 12,Queens,8,495,226.7,,4
1994 / 12,Queens,9,414.5,282.6,,4
1994 / 12,Queens,10,519.2,313.4,,4
1994 / 12,Queens,11,662.4,256.4,,4
1994 / 12,Queens,12,430.5,404.7,,4
1994 / 12,Queens,13,635.3,433.3,,4
1994 / 12,Queens,14,261.1,156.5,,4
1994 / 12,Staten Island,1,923,382.4,,5
1994 / 12,Staten Island,2,720,301.5,,5
1994 / 12,Staten Island,3,945.8,392.3,,5
1994 / 11,Bronx,1,214.3,111.5,,2
1994 / 11,Bronx,2,22.7,35.7,,2
1994 / 11,Bronx,3,26.8,36.2,,2
1994 / 11,Bronx,4,97.7,90.4,,2
1994 / 11,Bronx,5,74.9,105.5,,2
1994 / 11,Bronx,6,35.2,47.9,,2
1994 / 11,Bronx,7,179.3,162,,2
1994 / 11,Bronx,8,279.7,126.7,,2
1994 / 11,Bronx,9,177,195.3,,2
1994 / 11,Bronx,10,332.8,183.7,,2
1994 / 11,Bronx,11,632.1,312.6,,2
1994 / 11,Bronx,12,340.4,312.5,,2
1994 / 11,Brooklyn,1,231.5,273.4,,3
1994 / 11,Brooklyn,2,354.7,169.3,,3
1994 / 11,Brooklyn,3,143.1,203.2,,3
1994 / 11,Brooklyn,4,230.2,228.5,,3
1994 / 11,Brooklyn,5,185.8,234.6,,3
1994 / 11,Brooklyn,6,522.2,190.2,,3
1994 / 11,Brooklyn,7,283.9,249.8,,3
1994 / 11,Brooklyn,8,159.2,135.7,,3
1994 / 11,Brooklyn,9,144.9,152.9,,3
1994 / 11,Brooklyn,10,542.1,281,,3
1994 / 11,Brooklyn,11,578.2,321.2,,3
1994 / 11,Brooklyn,12,506.4,340.5,,3
1994 / 11,Brooklyn,13,264.7,138.3,,3
1994 / 11,Brooklyn,14,426.7,233.9,,3
1994 / 11,Brooklyn,15,643.6,273.8,,3
1994 / 11,Brooklyn,16,96.9,81.1,,3
1994 / 11,Brooklyn,17,278.2,231.7,,3
1994 / 11,Brooklyn,18,702.1,320.2,,3
1994 / 11,Manhattan,1,79.4,38.5,,1
1994 / 11,Manhattan,2,525.6,214,,1
1994 / 11,Manhattan,3,225.3,132.4,,1
1994 / 11,Manhattan,4,924.9,307.8,,1
1994 / 11,Manhattan,5,212.9,85.6,,1
1994 / 11,Manhattan,6,1267.7,447,,1
1994 / 11,Manhattan,7,1133.2,417.1,,1
1994 / 11,Manhattan,8,1499.6,505.1,,1
1994 / 11,Manhattan,9,187,113.9,,1
1994 / 11,Manhattan,10,55.5,56.6,,1
1994 / 11,Manhattan,11,88,47.9,,1
1994 / 11,Manhattan,12,244.4,204.3,,1
1994 / 11,Queens,1,439.3,269.3,,4
1994 / 11,Queens,2,434.9,218.6,,4
1994 / 11,Queens,3,274.5,201.5,,4
1994 / 11,Queens,4,253.4,183.1,,4
1994 / 11,Queens,5,663.1,369.7,,4
1994 / 11,Queens,6,384.5,173.9,,4
1994 / 11,Queens,7,1216.4,525.8,,4
1994 / 11,Queens,8,480.4,214.8,,4
1994 / 11,Queens,9,397.5,258,,4
1994 / 11,Queens,10,524.8,282,,4
1994 / 11,Queens,11,614.6,217.4,,4
1994 / 11,Queens,12,375.3,344.9,,4
1994 / 11,Queens,13,555.4,378.4,,4
1994 / 11,Queens,14,260.5,128.6,,4
1994 / 11,Staten Island,1,845.9,366.4,,5
1994 / 11,Staten Island,2,663,276.1,,5
1994 / 11,Staten Island,3,881,355.3,,5
1994 / 10,Bronx,1,220.7,112,,2
1994 / 10,Bronx,2,27.3,43.7,,2
1994 / 10,Bronx,3,33.6,42.5,,2
1994 / 10,Bronx,4,106.4,99.6,,2
1994 / 10,Bronx,5,77.4,104.5,,2
1994 / 10,Bronx,6,42,57.8,,2
1994 / 10,Bronx,7,182.6,169.6,,2
1994 / 10,Bronx,8,300.2,142.8,,2
1994 / 10,Bronx,9,183.5,215.8,,2
1994 / 10,Bronx,10,330.3,193.3,,2
1994 / 10,Bronx,11,609.2,306.5,,2
1994 / 10,Bronx,12,325.8,322.6,,2
1994 / 10,Brooklyn,1,242.1,308.5,,3
1994 / 10,Brooklyn,2,308.1,176.8,,3
1994 / 10,Brooklyn,3,134.3,215,,3
1994 / 10,Brooklyn,4,235.2,233,,3
1994 / 10,Brooklyn,5,190.7,240.2,,3
1994 / 10,Brooklyn,6,509.9,217.3,,3
1994 / 10,Brooklyn,7,282.8,266.1,,3
1994 / 10,Brooklyn,8,139.3,128.2,,3
1994 / 10,Brooklyn,9,169.7,155.1,,3
1994 / 10,Brooklyn,10,583.1,300.3,,3
1994 / 10,Brooklyn,11,567.4,340.6,,3
1994 / 10,Brooklyn,12,511.8,403.3,,3
1994 / 10,Brooklyn,13,267.2,153.5,,3
1994 / 10,Brooklyn,14,396.4,252.5,,3
1994 / 10,Brooklyn,15,610.1,283,,3
1994 / 10,Brooklyn,16,85.8,86.5,,3
1994 / 10,Brooklyn,17,273.2,247.1,,3
1994 / 10,Brooklyn,18,716.3,363.7,,3
1994 / 10,Manhattan,1,137.4,47.3,,1
1994 / 10,Manhattan,2,592.8,246.3,,1
1994 / 10,Manhattan,3,249.4,150.1,,1
1994 / 10,Manhattan,4,936.3,317.6,,1
1994 / 10,Manhattan,5,269.1,97.8,,1
1994 / 10,Manhattan,6,1225.4,453.8,,1
1994 / 10,Manhattan,7,1153.9,454.3,,1
1994 / 10,Manhattan,8,1548.9,555.2,,1
1994 / 10,Manhattan,9,219.8,118.7,,1
1994 / 10,Manhattan,10,68.2,67.6,,1
1994 / 10,Manhattan,11,94.1,54.4,,1
1994 / 10,Manhattan,12,269.9,222.5,,1
1994 / 10,Queens,1,472.9,298,,4
1994 / 10,Queens,2,440.9,221.7,,4
1994 / 10,Queens,3,304.2,228.9,,4
1994 / 10,Queens,4,247.1,188.5,,4
1994 / 10,Queens,5,597,351.2,,4
1994 / 10,Queens,6,396.4,167.1,,4
1994 / 10,Queens,7,1141.4,531.9,,4
1994 / 10,Queens,8,474.2,220.3,,4
1994 / 10,Queens,9,401.3,274.2,,4
1994 / 10,Queens,10,515.5,286.8,,4
1994 / 10,Queens,11,565.5,220.7,,4
1994 / 10,Queens,12,374.4,379.1,,4
1994 / 10,Queens,13,581.6,396.7,,4
1994 / 10,Queens,14,238.7,141.6,,4
1994 / 10,Staten Island,1,795.9,333.7,,5
1994 / 10,Staten Island,2,616.2,275.5,,5
1994 / 10,Staten Island,3,820.6,365.6,,5
1994 / 09,Bronx,1,201.9,109.4,,2
1994 / 09,Bronx,2,33.7,56.8,,2
1994 / 09,Bronx,3,36.7,53.6,,2
1994 / 09,Bronx,4,107.3,108.2,,2
1994 / 09,Bronx,5,81.7,115.1,,2
1994 / 09,Bronx,6,53.8,67.7,,2
1994 / 09,Bronx,7,190.2,185.3,,2
1994 / 09,Bronx,8,320.7,150.3,,2
1994 / 09,Bronx,9,193.3,232.7,,2
1994 / 09,Bronx,10,340.9,214.4,,2
1994 / 09,Bronx,11,599.3,336.3,,2
1994 / 09,Bronx,12,322.1,347.6,,2
1994 / 09,Brooklyn,1,257,350.3,,3
1994 / 09,Brooklyn,2,314.8,191.1,,3
1994 / 09,Brooklyn,3,135.8,238.5,,3
1994 / 09,Brooklyn,4,229.1,247.1,,3
1994 / 09,Brooklyn,5,175.9,252.1,,3
1994 / 09,Brooklyn,6,503.5,224.2,,3
1994 / 09,Brooklyn,7,261.8,286.2,,3
1994 / 09,Brooklyn,8,138.6,143.5,,3
1994 / 09,Brooklyn,9,182.8,187.4,,3
1994 / 09,Brooklyn,10,600.3,317.8,,3
1994 / 09,Brooklyn,11,572.9,358.6,,3
1994 / 09,Brooklyn,12,512.8,441,,3
1994 / 09,Brooklyn,13,283.3,177.1,,3
1994 / 09,Brooklyn,14,374.4,263.7,,3
1994 / 09,Brooklyn,15,627.3,315.4,,3
1994 / 09,Brooklyn,16,91,101.3,,3
1994 / 09,Brooklyn,17,291.1,284.5,,3
1994 / 09,Brooklyn,18,736.4,396.6,,3
1994 / 09,Manhattan,1,106.6,37.4,,1
1994 / 09,Manhattan,2,542.2,233.5,,1
1994 / 09,Manhattan,3,264,164.3,,1
1994 / 09,Manhattan,4,926.5,332.4,,1
1994 / 09,Manhattan,5,268.4,101.4,,1
1994 / 09,Manhattan,6,1368,499.9,,1
1994 / 09,Manhattan,7,1168.1,463.4,,1
1994 / 09,Manhattan,8,1460.4,531.6,,1
1994 / 09,Manhattan,9,225.3,122.4,,1
1994 / 09,Manhattan,10,68.8,76,,1
1994 / 09,Manhattan,11,112.1,60.1,,1
1994 / 09,Manhattan,12,270,244.2,,1
1994 / 09,Queens,1,457.1,307,,4
1994 / 09,Queens,2,441.2,244.3,,4
1994 / 09,Queens,3,318.3,255.7,,4
1994 / 09,Queens,4,281.3,212.1,,4
1994 / 09,Queens,5,601,369.6,,4
1994 / 09,Queens,6,383.8,175.6,,4
1994 / 09,Queens,7,1187,553.4,,4
1994 / 09,Queens,8,479.7,238.2,,4
1994 / 09,Queens,9,391.3,276.5,,4
1994 / 09,Queens,10,525.6,315.2,,4
1994 / 09,Queens,11,567.8,235,,4
1994 / 09,Queens,12,385.8,423.4,,4
1994 / 09,Queens,13,617.8,428.2,,4
1994 / 09,Queens,14,262.2,168.5,,4
1994 / 09,Staten Island,1,808.8,360.9,,5
1994 / 09,Staten Island,2,615.5,293.9,,5
1994 / 09,Staten Island,3,799.8,372.3,,5
1994 / 08,Bronx,1,197.1,113.5,,2
1994 / 08,Bronx,2,24.2,43.9,,2
1994 / 08,Bronx,3,27.2,45.7,,2
1994 / 08,Bronx,4,101.9,105.1,,2
1994 / 08,Bronx,5,72.1,108.8,,2
1994 / 08,Bronx,6,37.9,60.7,,2
1994 / 08,Bronx,7,174.8,178.2,,2
1994 / 08,Bronx,8,259,132.2,,2
1994 / 08,Bronx,9,182.6,237.9,,2
1994 / 08,Bronx,10,319.2,208.1,,2
1994 / 08,Bronx,11,589.6,335.9,,2
1994 / 08,Bronx,12,322.3,388.1,,2
1994 / 08,Brooklyn,1,248.2,304.2,,3
1994 / 08,Brooklyn,2,321.5,184.3,,3
1994 / 08,Brooklyn,3,144.9,262.3,,3
1994 / 08,Brooklyn,4,241,260.3,,3
1994 / 08,Brooklyn,5,190.4,297.2,,3
1994 / 08,Brooklyn,6,503.7,216.1,,3
1994 / 08,Brooklyn,7,282.4,311.5,,3
1994 / 08,Brooklyn,8,169.5,169.8,,3
1994 / 08,Brooklyn,9,168.8,171.1,,3
1994 / 08,Brooklyn,10,578,319.4,,3
1994 / 08,Brooklyn,11,587.3,377.1,,3
1994 / 08,Brooklyn,12,513.2,368.2,,3
1994 / 08,Brooklyn,13,286.8,187,,3
1994 / 08,Brooklyn,14,412.8,264.2,,3
1994 / 08,Brooklyn,15,632.6,302.9,,3
1994 / 08,Brooklyn,16,101.6,98.7,,3
1994 / 08,Brooklyn,17,306.6,300.2,,3
1994 / 08,Brooklyn,18,767.7,409.1,,3
1994 / 08,Manhattan,1,95.6,33.6,,1
1994 / 08,Manhattan,2,510.4,227.2,,1
1994 / 08,Manhattan,3,238.1,154.3,,1
1994 / 08,Manhattan,4,868.6,325.1,,1
1994 / 08,Manhattan,5,220.3,85.1,,1
1994 / 08,Manhattan,6,1221.5,479.2,,1
1994 / 08,Manhattan,7,1050.7,437.2,,1
1994 / 08,Manhattan,8,1251,472.7,,1
1994 / 08,Manhattan,9,177.7,104.2,,1
1994 / 08,Manhattan,10,59.8,63.8,,1
1994 / 08,Manhattan,11,76.4,49.7,,1
1994 / 08,Manhattan,12,255.5,233.6,,1
1994 / 08,Queens,1,441.2,311.6,,4
1994 / 08,Queens,2,461.4,259.9,,4
1994 / 08,Queens,3,296.2,266.8,,4
1994 / 08,Queens,4,290.7,228.2,,4
1994 / 08,Queens,5,591.1,385.5,,4
1994 / 08,Queens,6,438.7,201.9,,4
1994 / 08,Queens,7,1093.1,574.1,,4
1994 / 08,Queens,8,480.4,232.3,,4
1994 / 08,Queens,9,387.6,293.5,,4
1994 / 08,Queens,10,536.6,319,,4
1994 / 08,Queens,11,580.1,259.5,,4
1994 / 08,Queens,12,420.7,483.7,,4
1994 / 08,Queens,13,589.7,474.5,,4
1994 / 08,Queens,14,304.6,177.3,,4
1994 / 08,Staten Island,1,795.8,379.2,,5
1994 / 08,Staten Island,2,612.4,306.9,,5
1994 / 08,Staten Island,3,796.5,386.3,,5
1994 / 07,Bronx,1,186.6,117.5,,2
1994 / 07,Bronx,2,28.2,51.5,,2
1994 / 07,Bronx,3,34.1,54.6,,2
1994 / 07,Bronx,4,101.4,111,,2
1994 / 07,Bronx,5,73.4,111.8,,2
1994 / 07,Bronx,6,43.1,62.9,,2
1994 / 07,Bronx,7,198.6,204.8,,2
1994 / 07,Bronx,8,287,152.4,,2
1994 / 07,Bronx,9,181.2,239.9,,2
1994 / 07,Bronx,10,302.8,213,,2
1994 / 07,Bronx,11,550.8,342.9,,2
1994 / 07,Bronx,12,304.4,381.4,,2
1994 / 07,Brooklyn,1,282,309.9,,3
1994 / 07,Brooklyn,2,333.1,202.7,,3
1994 / 07,Brooklyn,3,163.5,293.5,,3
1994 / 07,Brooklyn,4,250,289.9,,3
1994 / 07,Brooklyn,5,192.4,295.2,,3
1994 / 07,Brooklyn,6,534.4,251.7,,3
1994 / 07,Brooklyn,7,304.8,321.2,,3
1994 / 07,Brooklyn,8,148.4,183.2,,3
1994 / 07,Brooklyn,9,195.6,211.9,,3
1994 / 07,Brooklyn,10,644.8,340.8,,3
1994 / 07,Brooklyn,11,664.1,411.6,,3
1994 / 07,Brooklyn,12,505.4,374.8,,3
1994 / 07,Brooklyn,13,304.6,191.5,,3
1994 / 07,Brooklyn,14,395.6,289,,3
1994 / 07,Brooklyn,15,642.9,312.9,,3
1994 / 07,Brooklyn,16,104.4,114.2,,3
1994 / 07,Brooklyn,17,318.2,342.5,,3
1994 / 07,Brooklyn,18,765.9,438.4,,3
1994 / 07,Manhattan,1,120.7,43,,1
1994 / 07,Manhattan,2,455.7,236.3,,1
1994 / 07,Manhattan,3,254.7,174,,1
1994 / 07,Manhattan,4,807.2,337.9,,1
1994 / 07,Manhattan,5,265.2,108.8,,1
1994 / 07,Manhattan,6,1210.4,492.3,,1
1994 / 07,Manhattan,7,1038.4,450.3,,1
1994 / 07,Manhattan,8,1209.8,488.1,,1
1994 / 07,Manhattan,9,200.7,126.9,,1
1994 / 07,Manhattan,10,72.9,83.7,,1
1994 / 07,Manhattan,11,103.7,65.6,,1
1994 / 07,Manhattan,12,267.8,258,,1
1994 / 07,Queens,1,487.4,326.1,,4
1994 / 07,Queens,2,460.8,257.9,,4
1994 / 07,Queens,3,351.4,264.8,,4
1994 / 07,Queens,4,284.4,226.7,,4
1994 / 07,Queens,5,596.6,430.3,,4
1994 / 07,Queens,6,484.8,210.6,,4
1994 / 07,Queens,7,1117.9,571,,4
1994 / 07,Queens,8,448.5,248.5,,4
1994 / 07,Queens,9,393.6,308.8,,4
1994 / 07,Queens,10,486.1,362.4,,4
1994 / 07,Queens,11,550.9,253,,4
1994 / 07,Queens,12,414.5,531.2,,4
1994 / 07,Queens,13,538.1,491.9,,4
1994 / 07,Queens,14,254.2,195.2,,4
1994 / 07,Staten Island,1,792.1,405.5,,5
1994 / 07,Staten Island,2,555.6,320.5,,5
1994 / 07,Staten Island,3,751.4,411.2,,5
1994 / 06,Bronx,1,209.4,120.2,,2
1994 / 06,Bronx,2,29.5,46.9,,2
1994 / 06,Bronx,3,36.3,51.7,,2
1994 / 06,Bronx,4,127.3,114.1,,2
1994 / 06,Bronx,5,95.3,125.8,,2
1994 / 06,Bronx,6,51.4,66,,2
1994 / 06,Bronx,7,157.5,150.2,,2
1994 / 06,Bronx,8,229.3,117.9,,2
1994 / 06,Bronx,9,163.5,203.2,,2
1994 / 06,Bronx,10,338,215.4,,2
1994 / 06,Bronx,11,623.4,356.2,,2
1994 / 06,Bronx,12,357.3,379.9,,2
1994 / 06,Brooklyn,1,275.9,359.2,,3
1994 / 06,Brooklyn,2,345.6,204.9,,3
1994 / 06,Brooklyn,3,154.9,273.4,,3
1994 / 06,Brooklyn,4,240.7,272.4,,3
1994 / 06,Brooklyn,5,191.9,292.9,,3
1994 / 06,Brooklyn,6,547.9,252.5,,3
1994 / 06,Brooklyn,7,305.9,323,,3
1994 / 06,Brooklyn,8,165,182.3,,3
1994 / 06,Brooklyn,9,197.7,202.6,,3
1994 / 06,Brooklyn,10,609.6,360.7,,3
1994 / 06,Brooklyn,11,618.1,395.1,,3
1994 / 06,Brooklyn,12,550.8,460.2,,3
1994 / 06,Brooklyn,13,303.4,171.2,,3
1994 / 06,Brooklyn,14,429.1,285.6,,3
1994 / 06,Brooklyn,15,688,328.8,,3
1994 / 06,Brooklyn,16,83.8,107.6,,3
1994 / 06,Brooklyn,17,323.7,320.5,,3
1994 / 06,Brooklyn,18,781.2,436.1,,3
1994 / 06,Manhattan,1,109.6,38.5,,1
1994 / 06,Manhattan,2,576.6,258.2,,1
1994 / 06,Manhattan,3,264.1,181.1,,1
1994 / 06,Manhattan,4,903.6,354.2,,1
1994 / 06,Manhattan,5,259,99,,1
1994 / 06,Manhattan,6,1355.5,522,,1
1994 / 06,Manhattan,7,1161.7,501.4,,1
1994 / 06,Manhattan,8,1451.6,556.6,,1
1994 / 06,Manhattan,9,200.2,125,,1
1994 / 06,Manhattan,10,70.9,78.3,,1
1994 / 06,Manhattan,11,95.6,56.5,,1
1994 / 06,Manhattan,12,302.4,264.6,,1
1994 / 06,Queens,1,578.2,324.6,,4
1994 / 06,Queens,2,517.3,243.1,,4
1994 / 06,Queens,3,372.3,264.7,,4
1994 / 06,Queens,4,307.7,205.4,,4
1994 / 06,Queens,5,724.3,413.7,,4
1994 / 06,Queens,6,484.8,193.4,,4
1994 / 06,Queens,7,1287.7,588.3,,4
1994 / 06,Queens,8,549.3,239.6,,4
1994 / 06,Queens,9,450.8,299.4,,4
1994 / 06,Queens,10,588.8,322.6,,4
1994 / 06,Queens,11,636.1,266.4,,4
1994 / 06,Queens,12,457.4,475.8,,4
1994 / 06,Queens,13,669.6,477.3,,4
1994 / 06,Queens,14,318.3,169,,4
1994 / 06,Staten Island,1,860.7,381.5,,5
1994 / 06,Staten Island,2,648.7,323,,5
1994 / 06,Staten Island,3,832.4,399.9,,5
1994 / 05,Bronx,1,209.9,111,,2
1994 / 05,Bronx,2,28.8,43.7,,2
1994 / 05,Bronx,3,36.4,47.6,,2
1994 / 05,Bronx,4,107.7,99.5,,2
1994 / 05,Bronx,5,79.1,105.3,,2
1994 / 05,Bronx,6,51.1,61.9,,2
1994 / 05,Bronx,7,,,,2
1994 / 05,Bronx,8,,,,2
1994 / 05,Bronx,9,,,,2
1994 / 05,Bronx,10,325.2,194.2,,2
1994 / 05,Bronx,11,613.3,318.6,,2
1994 / 05,Bronx,12,330.6,334.3,,2
1994 / 05,Brooklyn,1,257.6,320.6,,3
1994 / 05,Brooklyn,2,318.1,183.2,,3
1994 / 05,Brooklyn,3,135.6,242.3,,3
1994 / 05,Brooklyn,4,259.6,253.6,,3
1994 / 05,Brooklyn,5,182.2,264.3,,3
1994 / 05,Brooklyn,6,512.6,222.7,,3
1994 / 05,Brooklyn,7,298.8,283.3,,3
1994 / 05,Brooklyn,8,161,168,,3
1994 / 05,Brooklyn,9,166.5,172.2,,3
1994 / 05,Brooklyn,10,584.3,312.7,,3
1994 / 05,Brooklyn,11,550.8,357.1,,3
1994 / 05,Brooklyn,12,522.6,419.7,,3
1994 / 05,Brooklyn,13,269.9,174.3,,3
1994 / 05,Brooklyn,14,383.8,286,,3
1994 / 05,Brooklyn,15,638.5,304.7,,3
1994 / 05,Brooklyn,16,62.2,95.1,,3
1994 / 05,Brooklyn,17,287.8,278.3,,3
1994 / 05,Brooklyn,18,741.5,391.5,,3
1994 / 05,Manhattan,1,114.3,37.1,,1
1994 / 05,Manhattan,2,532.9,228.9,,1
1994 / 05,Manhattan,3,242.3,160.7,,1
1994 / 05,Manhattan,4,904.7,311.4,,1
1994 / 05,Manhattan,5,263.1,94.9,,1
1994 / 05,Manhattan,6,1269.5,473.8,,1
1994 / 05,Manhattan,7,1126.9,469.3,,1
1994 / 05,Manhattan,8,1428.8,533.3,,1
1994 / 05,Manhattan,9,213.8,119.8,,1
1994 / 05,Manhattan,10,66.4,71.6,,1
1994 / 05,Manhattan,11,98.2,50.2,,1
1994 / 05,Manhattan,12,262.1,229.3,,1
1994 / 05,Queens,1,470.6,317.5,,4
1994 / 05,Queens,2,460,249.6,,4
1994 / 05,Queens,3,314.8,237.1,,4
1994 / 05,Queens,4,264.7,191.4,,4
1994 / 05,Queens,5,630.8,393.6,,4
1994 / 05,Queens,6,395.9,180.1,,4
1994 / 05,Queens,7,1153.5,580.2,,4
1994 / 05,Queens,8,517.8,241.6,,4
1994 / 05,Queens,9,412.2,276.3,,4
1994 / 05,Queens,10,554.6,312.4,,4
1994 / 05,Queens,11,582.9,254.1,,4
1994 / 05,Queens,12,420.6,443.1,,4
1994 / 05,Queens,13,610.3,444.8,,4
1994 / 05,Queens,14,271.7,164.6,,4
1994 / 05,Staten Island,1,823.1,373.7,,5
1994 / 05,Staten Island,2,639.3,310.6,,5
1994 / 05,Staten Island,3,822,382.3,,5
1994 / 04,Bronx,1,200.3,112.4,,2
1994 / 04,Bronx,2,37.7,44,,2
1994 / 04,Bronx,3,40.7,51.2,,2
1994 / 04,Bronx,4,111.6,105.9,,2
1994 / 04,Bronx,5,86.3,111.5,,2
1994 / 04,Bronx,6,48.8,59.7,,2
1994 / 04,Bronx,7,,,,2
1994 / 04,Bronx,8,,,,2
1994 / 04,Bronx,9,,,,2
1994 / 04,Bronx,10,344.8,210.6,,2
1994 / 04,Bronx,11,615.4,331.9,,2
1994 / 04,Bronx,12,341.6,333.1,,2
1994 / 04,Brooklyn,1,273.6,350.3,,3
1994 / 04,Brooklyn,2,328.2,210.1,,3
1994 / 04,Brooklyn,3,146.3,258.8,,3
1994 / 04,Brooklyn,4,211,267.5,,3
1994 / 04,Brooklyn,5,186.9,275.1,,3
1994 / 04,Brooklyn,6,522.5,249.2,,3
1994 / 04,Brooklyn,7,294.6,313.2,,3
1994 / 04,Brooklyn,8,155.5,156.7,,3
1994 / 04,Brooklyn,9,187.3,193.6,,3
1994 / 04,Brooklyn,10,613,329.8,,3
1994 / 04,Brooklyn,11,569.2,383.5,,3
1994 / 04,Brooklyn,12,543.3,464.5,,3
1994 / 04,Brooklyn,13,271.2,178.6,,3
1994 / 04,Brooklyn,14,392,293.7,,3
1994 / 04,Brooklyn,15,637.8,326.2,,3
1994 / 04,Brooklyn,16,71.7,101.2,,3
1994 / 04,Brooklyn,17,293.9,291.9,,3
1994 / 04,Brooklyn,18,755.4,412.3,,3
1994 / 04,Manhattan,1,145.4,46.4,,1
1994 / 04,Manhattan,2,590.3,247.6,,1
1994 / 04,Manhattan,3,297.3,164.9,,1
1994 / 04,Manhattan,4,868,335.6,,1
1994 / 04,Manhattan,5,316,110.5,,1
1994 / 04,Manhattan,6,1421.5,508.7,,1
1994 / 04,Manhattan,7,1218.7,490,,1
1994 / 04,Manhattan,8,1625.4,571.1,,1
1994 / 04,Manhattan,9,247.8,148.3,,1
1994 / 04,Manhattan,10,79.2,71.9,,1
1994 / 04,Manhattan,11,119.6,65.6,,1
1994 / 04,Manhattan,12,290.1,253.9,,1
1994 / 04,Queens,1,495.2,331.7,,4
1994 / 04,Queens,2,430.3,251.5,,4
1994 / 04,Queens,3,338.4,269.2,,4
1994 / 04,Queens,4,281.6,203.1,,4
1994 / 04,Queens,5,596.2,387.9,,4
1994 / 04,Queens,6,388.5,187.2,,4
1994 / 04,Queens,7,1167.7,579.9,,4
1994 / 04,Queens,8,496.3,251.3,,4
1994 / 04,Queens,9,413.7,286,,4
1994 / 04,Queens,10,525.2,307.3,,4
1994 / 04,Queens,11,564.2,263.5,,4
1994 / 04,Queens,12,450.6,459.7,,4
1994 / 04,Queens,13,632.9,451.5,,4
1994 / 04,Queens,14,259.6,173.3,,4
1994 / 04,Staten Island,1,829,398.1,,5
1994 / 04,Staten Island,2,638.8,304.3,,5
1994 / 04,Staten Island,3,822.9,396.1,,5
1994 / 03,Bronx,1,206.1,111.9,,2
1994 / 03,Bronx,2,33.5,50.5,,2
1994 / 03,Bronx,3,38.2,50.1,,2
1994 / 03,Bronx,4,129.7,123.5,,2
1994 / 03,Bronx,5,87,129.5,,2
1994 / 03,Bronx,6,60.9,74.1,,2
1994 / 03,Bronx,7,,,,2
1994 / 03,Bronx,8,,,,2
1994 / 03,Bronx,9,,,,2
1994 / 03,Bronx,10,376,231.6,,2
1994 / 03,Bronx,11,639.3,360.1,,2
1994 / 03,Bronx,12,406.2,397.1,,2
1994 / 03,Brooklyn,1,352.5,379.2,,3
1994 / 03,Brooklyn,2,406.6,236.2,,3
1994 / 03,Brooklyn,3,173.6,281.3,,3
1994 / 03,Brooklyn,4,265.5,275.9,,3
1994 / 03,Brooklyn,5,206.5,301.7,,3
1994 / 03,Brooklyn,6,648.8,251.3,,3
1994 / 03,Brooklyn,7,318.9,314.2,,3
1994 / 03,Brooklyn,8,191.8,194.3,,3
1994 / 03,Brooklyn,9,223.7,207.8,,3
1994 / 03,Brooklyn,10,678.6,370.2,,3
1994 / 03,Brooklyn,11,671.9,434.8,,3
1994 / 03,Brooklyn,12,658.5,523.7,,3
1994 / 03,Brooklyn,13,296.2,186.9,,3
1994 / 03,Brooklyn,14,458.9,336.4,,3
1994 / 03,Brooklyn,15,742.6,360.1,,3
1994 / 03,Brooklyn,16,82,96.4,,3
1994 / 03,Brooklyn,17,331.6,324.2,,3
1994 / 03,Brooklyn,18,867.8,462.6,,3
1994 / 03,Manhattan,1,117.9,35.3,,1
1994 / 03,Manhattan,2,622.7,263.8,,1
1994 / 03,Manhattan,3,322.8,184,,1
1994 / 03,Manhattan,4,914.1,363,,1
1994 / 03,Manhattan,5,299.4,100.6,,1
1994 / 03,Manhattan,6,1492.3,533.8,,1
1994 / 03,Manhattan,7,1297,544.5,,1
1994 / 03,Manhattan,8,1622.2,607.4,,1
1994 / 03,Manhattan,9,221.4,139.7,,1
1994 / 03,Manhattan,10,70.9,67.8,,1
1994 / 03,Manhattan,11,105.5,58.2,,1
1994 / 03,Manhattan,12,344,284.1,,1
1994 / 03,Queens,1,650.4,377.5,,4
1994 / 03,Queens,2,527.6,274,,4
1994 / 03,Queens,3,420.6,304.4,,4
1994 / 03,Queens,4,336.2,240.7,,4
1994 / 03,Queens,5,861,493.1,,4
1994 / 03,Queens,6,562,227.6,,4
1994 / 03,Queens,7,1394.5,712.8,,4
1994 / 03,Queens,8,637.1,309.4,,4
1994 / 03,Queens,9,531.3,348.1,,4
1994 / 03,Queens,10,605.7,357.7,,4
1994 / 03,Queens,11,739.5,317.4,,4
1994 / 03,Queens,12,538.6,560.7,,4
1994 / 03,Queens,13,728.4,541.2,,4
1994 / 03,Queens,14,321.4,196.2,,4
1994 / 03,Staten Island,1,1090.8,423.3,,5
1994 / 03,Staten Island,2,817.7,356.2,,5
1994 / 03,Staten Island,3,1036,436.2,,5
1994 / 02,Bronx,1,131.2,76.4,,2
1994 / 02,Bronx,2,16.6,25.5,,2
1994 / 02,Bronx,3,18.1,32.7,,2
1994 / 02,Bronx,4,41.6,48.3,,2
1994 / 02,Bronx,5,38.4,78.1,,2
1994 / 02,Bronx,6,32.2,46.1,,2
1994 / 02,Bronx,7,10.9,8.4,,2
1994 / 02,Bronx,8,,,,2
1994 / 02,Bronx,9,7,6.4,,2
1994 / 02,Bronx,10,224.6,175.6,,2
1994 / 02,Bronx,11,436.8,247.1,,2
1994 / 02,Bronx,12,198.9,284.9,,2
1994 / 02,Brooklyn,1,180.1,228.6,,3
1994 / 02,Brooklyn,2,278,151,,3
1994 / 02,Brooklyn,3,101.3,200.6,,3
1994 / 02,Brooklyn,4,177.2,186.3,,3
1994 / 02,Brooklyn,5,103.7,165.5,,3
1994 / 02,Brooklyn,6,440.5,207.7,,3
1994 / 02,Brooklyn,7,176.6,175.8,,3
1994 / 02,Brooklyn,8,86.5,96.7,,3
1994 / 02,Brooklyn,9,115.7,138.4,,3
1994 / 02,Brooklyn,10,384.8,251.1,,3
1994 / 02,Brooklyn,11,440.8,312.8,,3
1994 / 02,Brooklyn,12,379.3,300.5,,3
1994 / 02,Brooklyn,13,174.9,111.8,,3
1994 / 02,Brooklyn,14,274,214.3,,3
1994 / 02,Brooklyn,15,463.3,246.6,,3
1994 / 02,Brooklyn,16,37.3,56.1,,3
1994 / 02,Brooklyn,17,203.2,213.4,,3
1994 / 02,Brooklyn,18,455.5,253.1,,3
1994 / 02,Manhattan,1,94.9,33.4,,1
1994 / 02,Manhattan,2,455.4,192.5,,1
1994 / 02,Manhattan,3,222.6,132.7,,1
1994 / 02,Manhattan,4,577.7,200.3,,1
1994 / 02,Manhattan,5,210.5,72.3,,1
1994 / 02,Manhattan,6,1099.2,380.2,,1
1994 / 02,Manhattan,7,912.1,396.1,,1
1994 / 02,Manhattan,8,1200.7,472.1,,1
1994 / 02,Manhattan,9,171.1,101.5,,1
1994 / 02,Manhattan,10,33.2,32.2,,1
1994 / 02,Manhattan,11,65.8,33.8,,1
1994 / 02,Manhattan,12,183.9,160.7,,1
1994 / 02,Queens,1,321.7,227.8,,4
1994 / 02,Queens,2,299.4,163.7,,4
1994 / 02,Queens,3,211.8,174.3,,4
1994 / 02,Queens,4,152.8,108.1,,4
1994 / 02,Queens,5,376.3,261.8,,4
1994 / 02,Queens,6,310.3,135.5,,4
1994 / 02,Queens,7,603.6,359.4,,4
1994 / 02,Queens,8,301.6,152,,4
1994 / 02,Queens,9,235.6,160.7,,4
1994 / 02,Queens,10,247.7,145.1,,4
1994 / 02,Queens,11,268.8,154.3,,4
1994 / 02,Queens,12,193.7,240.2,,4
1994 / 02,Queens,13,259.5,211.1,,4
1994 / 02,Queens,14,130,79.9,,4
1994 / 02,Staten Island,1,485.7,259.9,,5
1994 / 02,Staten Island,2,339.3,205.2,,5
1994 / 02,Staten Island,3,435.7,229.4,,5
1994 / 01,Bronx,1,95.1,63.4,,2
1994 / 01,Bronx,2,22.7,43.4,,2
1994 / 01,Bronx,3,24,41,,2
1994 / 01,Bronx,4,82,95.3,,2
1994 / 01,Bronx,5,62.2,110.5,,2
1994 / 01,Bronx,6,42.1,75.2,,2
1994 / 01,Bronx,7,,,,2
1994 / 01,Bronx,8,10.7,,,2
1994 / 01,Bronx,9,8.3,6.2,,2
1994 / 01,Bronx,10,282.9,242.2,,2
1994 / 01,Bronx,11,401.5,307.3,,2
1994 / 01,Bronx,12,250.1,362.1,,2
1994 / 01,Brooklyn,1,271.7,354.8,,3
1994 / 01,Brooklyn,2,250.2,179.3,,3
1994 / 01,Brooklyn,3,112.4,256,,3
1994 / 01,Brooklyn,4,177.1,244.3,,3
1994 / 01,Brooklyn,5,161.7,266.8,,3
1994 / 01,Brooklyn,6,467.6,254.3,,3
1994 / 01,Brooklyn,7,262.5,304.9,,3
1994 / 01,Brooklyn,8,127.5,155.4,,3
1994 / 01,Brooklyn,9,142.1,180.9,,3
1994 / 01,Brooklyn,10,500.1,324.2,,3
1994 / 01,Brooklyn,11,528.6,377.4,,3
1994 / 01,Brooklyn,12,500.9,425.1,,3
1994 / 01,Brooklyn,13,187.9,139.3,,3
1994 / 01,Brooklyn,14,355.8,322.7,,3
1994 / 01,Brooklyn,15,567.8,358.3,,3
1994 / 01,Brooklyn,16,59.7,84.7,,3
1994 / 01,Brooklyn,17,233.3,299,,3
1994 / 01,Brooklyn,18,626.1,406.8,,3
1994 / 01,Manhattan,1,151.2,53,,1
1994 / 01,Manhattan,2,546.7,271,,1
1994 / 01,Manhattan,3,233.2,158.4,,1
1994 / 01,Manhattan,4,639.5,268.9,,1
1994 / 01,Manhattan,5,265.1,109.2,,1
1994 / 01,Manhattan,6,1072.5,441.5,,1
1994 / 01,Manhattan,7,1092.8,543.2,,1
1994 / 01,Manhattan,8,1400.8,628.9,,1
1994 / 01,Manhattan,9,192.2,118.4,,1
1994 / 01,Manhattan,10,59.1,67.2,,1
1994 / 01,Manhattan,11,83.9,52.9,,1
1994 / 01,Manhattan,12,248.2,237.7,,1
1994 / 01,Queens,1,426.1,324.8,,4
1994 / 01,Queens,2,355.3,231.9,,4
1994 / 01,Queens,3,293.8,258.8,,4
1994 / 01,Queens,4,260.2,214.3,,4
1994 / 01,Queens,5,555.7,430.4,,4
1994 / 01,Queens,6,419.5,212,,4
1994 / 01,Queens,7,767.2,490,,4
1994 / 01,Queens,8,393.9,221.6,,4
1994 / 01,Queens,9,373.9,277.3,,4
1994 / 01,Queens,10,403.3,294,,4
1994 / 01,Queens,11,446.6,243.1,,4
1994 / 01,Queens,12,327.2,432.3,,4
1994 / 01,Queens,13,446,395.3,,4
1994 / 01,Queens,14,216.7,168.9,,4
1994 / 01,Staten Island,1,559.4,349.3,,5
1994 / 01,Staten Island,2,455.3,274.5,,5
1994 / 01,Staten Island,3,636.7,378.2,,5
1993 / 12,Bronx,1,36.6,41.9,,2
1993 / 12,Bronx,2,38.7,50.3,,2
1993 / 12,Bronx,3,42.5,54.2,,2
1993 / 12,Bronx,4,143.9,131.2,,2
1993 / 12,Bronx,5,106.5,125.6,,2
1993 / 12,Bronx,6,64.5,92.7,,2
1993 / 12,Bronx,7,15.3,10.8,,2
1993 / 12,Bronx,8,19.4,10.9,,2
1993 / 12,Bronx,9,12.8,10.1,,2
1993 / 12,Bronx,10,378.4,239.9,,2
1993 / 12,Bronx,11,384.6,252.2,,2
1993 / 12,Bronx,12,388.8,375.9,,2
1993 / 12,Brooklyn,1,325.1,367.4,,3
1993 / 12,Brooklyn,2,392.4,194.1,,3
1993 / 12,Brooklyn,3,174.5,266,,3
1993 / 12,Brooklyn,4,120.2,215.3,,3
1993 / 12,Brooklyn,5,206.5,268.9,,3
1993 / 12,Brooklyn,6,589.9,234.6,,3
1993 / 12,Brooklyn,7,331.8,309.6,,3
1993 / 12,Brooklyn,8,183.2,171.3,,3
1993 / 12,Brooklyn,9,233.8,209.2,,3
1993 / 12,Brooklyn,10,630.6,310,,3
1993 / 12,Brooklyn,11,654.1,382.1,,3
1993 / 12,Brooklyn,12,566,414.1,,3
1993 / 12,Brooklyn,13,148.3,98.7,,3
1993 / 12,Brooklyn,14,425.4,268.9,,3
1993 / 12,Brooklyn,15,720.9,323.7,,3
1993 / 12,Brooklyn,16,83,96.9,,3
1993 / 12,Brooklyn,17,366.6,299.5,,3
1993 / 12,Brooklyn,18,842.1,409.1,,3
1993 / 12,Manhattan,1,100.4,27.2,,1
1993 / 12,Manhattan,2,621.1,272.5,,1
1993 / 12,Manhattan,3,294.6,172.2,,1
1993 / 12,Manhattan,4,372.6,184.1,,1
1993 / 12,Manhattan,5,307.6,105.9,,1
1993 / 12,Manhattan,6,976.2,369.4,,1
1993 / 12,Manhattan,7,1352.6,542.7,,1
1993 / 12,Manhattan,8,1700.7,634.4,,1
1993 / 12,Manhattan,9,223.1,140.9,,1
1993 / 12,Manhattan,10,83.3,77.2,,1
1993 / 12,Manhattan,11,112,61.6,,1
1993 / 12,Manhattan,12,328.5,273,,1
1993 / 12,Queens,1,559.4,330.2,,4
1993 / 12,Queens,2,310.3,176.4,,4
1993 / 12,Queens,3,399.5,266.8,,4
1993 / 12,Queens,4,304.1,210.6,,4
1993 / 12,Queens,5,695.7,407.9,,4
1993 / 12,Queens,6,510.7,210.8,,4
1993 / 12,Queens,7,888.4,440.6,,4
1993 / 12,Queens,8,527.5,229.5,,4
1993 / 12,Queens,9,492.3,276.6,,4
1993 / 12,Queens,10,443.6,285.4,,4
1993 / 12,Queens,11,625.9,250.2,,4
1993 / 12,Queens,12,457.1,430,,4
1993 / 12,Queens,13,650.1,431,,4
1993 / 12,Queens,14,206.7,133.3,,4
1993 / 12,Staten Island,1,746.7,338,,5
1993 / 12,Staten Island,2,712.8,300.5,,5
1993 / 12,Staten Island,3,869.9,358,,5
1993 / 11,Bronx,1,19.4,23.4,,2
1993 / 11,Bronx,2,15.4,12.8,,2
1993 / 11,Bronx,3,20.1,26.6,,2
1993 / 11,Bronx,4,103.7,99.1,,2
1993 / 11,Bronx,5,64.7,96,,2
1993 / 11,Bronx,6,36.6,32.6,,2
1993 / 11,Bronx,7,58.7,50.3,,2
1993 / 11,Bronx,8,90.4,43.1,,2
1993 / 11,Bronx,9,55.7,60.3,,2
1993 / 11,Bronx,10,310.4,176.9,,2
1993 / 11,Bronx,11,323.1,197.7,,2
1993 / 11,Bronx,12,323.2,318.9,,2
1993 / 11,Brooklyn,1,260.8,296.9,,3
1993 / 11,Brooklyn,2,325.9,164.5,,3
1993 / 11,Brooklyn,3,150.2,241.1,,3
1993 / 11,Brooklyn,4,98,194.8,,3
1993 / 11,Brooklyn,5,184.9,266.4,,3
1993 / 11,Brooklyn,6,534.5,211.5,,3
1993 / 11,Brooklyn,7,307.1,266.9,,3
1993 / 11,Brooklyn,8,177.4,162.4,,3
1993 / 11,Brooklyn,9,162.2,160.6,,3
1993 / 11,Brooklyn,10,528.4,264.3,,3
1993 / 11,Brooklyn,11,605.8,332.6,,3
1993 / 11,Brooklyn,12,534.2,383.5,,3
1993 / 11,Brooklyn,13,132.1,88.9,,3
1993 / 11,Brooklyn,14,423.1,288.1,,3
1993 / 11,Brooklyn,15,650.9,293.6,,3
1993 / 11,Brooklyn,16,69.2,89.9,,3
1993 / 11,Brooklyn,17,303.9,256.3,,3
1993 / 11,Brooklyn,18,733.8,362.2,,3
1993 / 11,Manhattan,1,119.4,34.4,,1
1993 / 11,Manhattan,2,571.3,208.5,,1
1993 / 11,Manhattan,3,237.7,144.8,,1
1993 / 11,Manhattan,4,318.3,136.7,,1
1993 / 11,Manhattan,5,267,88.6,,1
1993 / 11,Manhattan,6,785.3,271.1,,1
1993 / 11,Manhattan,7,1220.3,454.7,,1
1993 / 11,Manhattan,8,1603.6,514.3,,1
1993 / 11,Manhattan,9,205.4,113.9,,1
1993 / 11,Manhattan,10,67.7,62.7,,1
1993 / 11,Manhattan,11,89.8,50.5,,1
1993 / 11,Manhattan,12,247.8,214,,1
1993 / 11,Queens,1,515.8,307.9,,4
1993 / 11,Queens,2,280.5,159.8,,4
1993 / 11,Queens,3,322.9,235.6,,4
1993 / 11,Queens,4,251,192.1,,4
1993 / 11,Queens,5,659.9,381,,4
1993 / 11,Queens,6,441.9,180.6,,4
1993 / 11,Queens,7,863.7,459.2,,4
1993 / 11,Queens,8,508.8,246.2,,4
1993 / 11,Queens,9,425,288.5,,4
1993 / 11,Queens,10,414.6,272.4,,4
1993 / 11,Queens,11,615.6,254.9,,4
1993 / 11,Queens,12,421.4,429.6,,4
1993 / 11,Queens,13,613,414.3,,4
1993 / 11,Queens,14,190.1,118.8,,4
1993 / 11,Staten Island,1,692.6,287.1,,5
1993 / 11,Staten Island,2,676.1,281.3,,5
1993 / 11,Staten Island,3,872.7,354,,5
1993 / 10,Bronx,1,,,,2
1993 / 10,Bronx,2,,,,2
1993 / 10,Bronx,3,,,,2
1993 / 10,Bronx,4,56.3,55.5,,2
1993 / 10,Bronx,5,40.3,56.5,,2
1993 / 10,Bronx,6,22.4,,,2
1993 / 10,Bronx,7,87.9,92.3,,2
1993 / 10,Bronx,8,139.3,70.2,,2
1993 / 10,Bronx,9,85,85.6,,2
1993 / 10,Bronx,10,320.6,186.6,,2
1993 / 10,Bronx,11,344.3,221.9,,2
1993 / 10,Bronx,12,341,325.5,,2
1993 / 10,Brooklyn,1,283.7,353.3,,3
1993 / 10,Brooklyn,2,347.4,181.5,,3
1993 / 10,Brooklyn,3,163.7,254.1,,3
1993 / 10,Brooklyn,4,102,114.2,,3
1993 / 10,Brooklyn,5,180.3,269.8,,3
1993 / 10,Brooklyn,6,564.5,223.4,,3
1993 / 10,Brooklyn,7,311.2,278.5,,3
1993 / 10,Brooklyn,8,158,160.8,,3
1993 / 10,Brooklyn,9,197.6,193.3,,3
1993 / 10,Brooklyn,10,557.7,288.3,,3
1993 / 10,Brooklyn,11,565.8,351.6,,3
1993 / 10,Brooklyn,12,532.4,433.8,,3
1993 / 10,Brooklyn,13,132.7,89.9,,3
1993 / 10,Brooklyn,14,395,284.3,,3
1993 / 10,Brooklyn,15,674.4,322,,3
1993 / 10,Brooklyn,16,67.6,112.8,,3
1993 / 10,Brooklyn,17,319.9,301.7,,3
1993 / 10,Brooklyn,18,744.4,383.3,,3
1993 / 10,Manhattan,1,148.4,32.1,,1
1993 / 10,Manhattan,2,579.5,231.2,,1
1993 / 10,Manhattan,3,291.3,172.2,,1
1993 / 10,Manhattan,4,376.4,171.3,,1
1993 / 10,Manhattan,5,330,104.8,,1
1993 / 10,Manhattan,6,890.8,312,,1
1993 / 10,Manhattan,7,1229.3,464.4,,1
1993 / 10,Manhattan,8,1640,549.4,,1
1993 / 10,Manhattan,9,241.8,147.4,,1
1993 / 10,Manhattan,10,73.5,79.3,,1
1993 / 10,Manhattan,11,120,65.3,,1
1993 / 10,Manhattan,12,304.4,264.6,,1
1993 / 10,Queens,1,513.8,305,,4
1993 / 10,Queens,2,314.4,171.8,,4
1993 / 10,Queens,3,374.8,266.6,,4
1993 / 10,Queens,4,294.3,208.9,,4
1993 / 10,Queens,5,611.5,353.2,,4
1993 / 10,Queens,6,433.1,180.7,,4
1993 / 10,Queens,7,862.2,479.4,,4
1993 / 10,Queens,8,511.3,241.2,,4
1993 / 10,Queens,9,413.5,224,,4
1993 / 10,Queens,10,418.6,236.3,,4
1993 / 10,Queens,11,586.7,248.4,,4
1993 / 10,Queens,12,441.4,460.6,,4
1993 / 10,Queens,13,625.7,420.8,,4
1993 / 10,Queens,14,191.8,123.3,,4
1993 / 10,Staten Island,1,666.2,,,5
1993 / 10,Staten Island,2,605.5,7.2,,5
1993 / 10,Staten Island,3,793.6,,,5
1993 / 09,Bronx,1,,,,2
1993 / 09,Bronx,2,,,,2
1993 / 09,Bronx,3,,,,2
1993 / 09,Bronx,4,,,,2
1993 / 09,Bronx,5,,,,2
1993 / 09,Bronx,6,,,,2
1993 / 09,Bronx,7,,,,2
1993 / 09,Bronx,8,,,,2
1993 / 09,Bronx,9,,,,2
1993 / 09,Bronx,10,312.7,196.4,,2
1993 / 09,Bronx,11,317.8,222.3,,2
1993 / 09,Bronx,12,333,340.6,,2
1993 / 09,Brooklyn,1,312.4,352,,3
1993 / 09,Brooklyn,2,351.8,187.6,,3
1993 / 09,Brooklyn,3,183.7,279.8,,3
1993 / 09,Brooklyn,4,115.3,206.6,,3
1993 / 09,Brooklyn,5,191.6,291.5,,3
1993 / 09,Brooklyn,6,554.2,227.6,,3
1993 / 09,Brooklyn,7,290.8,298.3,,3
1993 / 09,Brooklyn,8,160.2,182.1,,3
1993 / 09,Brooklyn,9,202.2,209.9,,3
1993 / 09,Brooklyn,10,549.4,278.1,,3
1993 / 09,Brooklyn,11,590.6,365.3,,3
1993 / 09,Brooklyn,12,576,424.5,,3
1993 / 09,Brooklyn,13,122.1,100.1,,3
1993 / 09,Brooklyn,14,400.9,286.1,,3
1993 / 09,Brooklyn,15,681.9,326.8,,3
1993 / 09,Brooklyn,16,71,115.7,,3
1993 / 09,Brooklyn,17,317.1,324.1,,3
1993 / 09,Brooklyn,18,761.5,403.7,,3
1993 / 09,Manhattan,1,115.2,15.9,,1
1993 / 09,Manhattan,2,586.3,228,,1
1993 / 09,Manhattan,3,307.5,172.9,,1
1993 / 09,Manhattan,4,384.4,144.3,,1
1993 / 09,Manhattan,5,280.7,85.7,,1
1993 / 09,Manhattan,6,929.5,303.9,,1
1993 / 09,Manhattan,7,1167.8,454.5,,1
1993 / 09,Manhattan,8,1596.5,483.5,,1
1993 / 09,Manhattan,9,225.7,134.1,,1
1993 / 09,Manhattan,10,72.8,76.2,,1
1993 / 09,Manhattan,11,91.1,51.6,,1
1993 / 09,Manhattan,12,291.8,282.8,,1
1993 / 09,Queens,1,174.3,104.4,,4
1993 / 09,Queens,2,99,61.5,,4
1993 / 09,Queens,3,128.2,76.7,,4
1993 / 09,Queens,4,98.5,69.3,,4
1993 / 09,Queens,5,260.8,130.3,,4
1993 / 09,Queens,6,440.4,188,,4
1993 / 09,Queens,7,789.6,445.4,,4
1993 / 09,Queens,8,494.7,236.6,,4
1993 / 09,Queens,9,139.9,67,,4
1993 / 09,Queens,10,154.1,84.2,,4
1993 / 09,Queens,11,568.9,255.6,,4
1993 / 09,Queens,12,410.5,462,,4
1993 / 09,Queens,13,603.7,440.1,,4
1993 / 09,Queens,14,86.2,47.1,,4
1993 / 09,Staten Island,1,648.5,,,5
1993 / 09,Staten Island,2,632.8,,,5
1993 / 09,Staten Island,3,757,28.9,,5
1993 / 08,Bronx,1,12.7,17.4,,2
1993 / 08,Bronx,2,12.9,20.2,,2
1993 / 08,Bronx,3,14.1,19.9,,2
1993 / 08,Bronx,4,48.8,58,,2
1993 / 08,Bronx,5,28.2,47.2,,2
1993 / 08,Bronx,6,19.3,,,2
1993 / 08,Bronx,7,81.4,84.2,,2
1993 / 08,Bronx,8,117.4,66.3,,2
1993 / 08,Bronx,9,75.1,82.3,,2
1993 / 08,Bronx,10,293.4,188.6,,2
1993 / 08,Bronx,11,299.1,212.3,,2
1993 / 08,Bronx,12,299.8,351.7,,2
1993 / 08,Brooklyn,1,225.8,309.1,,3
1993 / 08,Brooklyn,2,284.8,166.7,,3
1993 / 08,Brooklyn,3,150.6,294.5,,3
1993 / 08,Brooklyn,4,101.9,224.9,,3
1993 / 08,Brooklyn,5,184.1,293.4,,3
1993 / 08,Brooklyn,6,482.3,235.1,,3
1993 / 08,Brooklyn,7,273,269.4,,3
1993 / 08,Brooklyn,8,177.9,194,,3
1993 / 08,Brooklyn,9,171.1,180,,3
1993 / 08,Brooklyn,10,456.6,268.5,,3
1993 / 08,Brooklyn,11,520,383.5,,3
1993 / 08,Brooklyn,12,448,338.3,,3
1993 / 08,Brooklyn,13,118,101.7,,3
1993 / 08,Brooklyn,14,383.3,285,,3
1993 / 08,Brooklyn,15,578.9,276.6,,3
1993 / 08,Brooklyn,16,63.6,104.9,,3
1993 / 08,Brooklyn,17,307.1,314.8,,3
1993 / 08,Brooklyn,18,690.9,405.1,,3
1993 / 08,Manhattan,1,105.9,29.1,,1
1993 / 08,Manhattan,2,479.4,198.4,,1
1993 / 08,Manhattan,3,235.2,151.2,,1
1993 / 08,Manhattan,4,305.6,147.4,,1
1993 / 08,Manhattan,5,242.4,77.2,,1
1993 / 08,Manhattan,6,699,250.2,,1
1993 / 08,Manhattan,7,1058.1,424.6,,1
1993 / 08,Manhattan,8,1344,377.1,,1
1993 / 08,Manhattan,9,190.4,107.9,,1
1993 / 08,Manhattan,10,63.3,64.2,,1
1993 / 08,Manhattan,11,83.1,50.5,,1
1993 / 08,Manhattan,12,279.4,250.2,,1
1993 / 08,Queens,1,,,,4
1993 / 08,Queens,2,,,,4
1993 / 08,Queens,3,,,,4
1993 / 08,Queens,4,,,,4
1993 / 08,Queens,5,,,,4
1993 / 08,Queens,6,405.5,167.3,,4
1993 / 08,Queens,7,722.6,414.1,,4
1993 / 08,Queens,8,451.6,225.4,,4
1993 / 08,Queens,9,,,,4
1993 / 08,Queens,10,,,,4
1993 / 08,Queens,11,527.4,236.8,,4
1993 / 08,Queens,12,366.3,454,,4
1993 / 08,Queens,13,528.9,421.9,,4
1993 / 08,Queens,14,,,,4
1993 / 08,Staten Island,1,583.1,,,5
1993 / 08,Staten Island,2,572.3,10.8,,5
1993 / 08,Staten Island,3,715.1,,,5
1993 / 07,Bronx,1,32.1,37.2,,2
1993 / 07,Bronx,2,27.3,45.7,,2
1993 / 07,Bronx,3,31.4,47.1,,2
1993 / 07,Bronx,4,108.8,124.9,,2
1993 / 07,Bronx,5,58.8,102.6,,2
1993 / 07,Bronx,6,47.2,3.6,,2
1993 / 07,Bronx,7,185.1,201.1,,2
1993 / 07,Bronx,8,274.3,153.9,,2
1993 / 07,Bronx,9,172,189.4,,2
1993 / 07,Bronx,10,280.4,197,,2
1993 / 07,Bronx,11,307,229.7,,2
1993 / 07,Bronx,12,300.8,363.4,,2
1993 / 07,Brooklyn,1,241.9,342.6,,3
1993 / 07,Brooklyn,2,297.1,186.7,,3
1993 / 07,Brooklyn,3,157.5,320.3,,3
1993 / 07,Brooklyn,4,98.4,238.6,,3
1993 / 07,Brooklyn,5,178.1,316.5,,3
1993 / 07,Brooklyn,6,508.3,251.2,,3
1993 / 07,Brooklyn,7,295.1,319,,3
1993 / 07,Brooklyn,8,157.8,195.1,,3
1993 / 07,Brooklyn,9,215.5,226.8,,3
1993 / 07,Brooklyn,10,548,289,,3
1993 / 07,Brooklyn,11,646.7,413.2,,3
1993 / 07,Brooklyn,12,552.6,391.5,,3
1993 / 07,Brooklyn,13,142.1,102.9,,3
1993 / 07,Brooklyn,14,419.3,307.6,,3
1993 / 07,Brooklyn,15,673.6,311.9,,3
1993 / 07,Brooklyn,16,45.9,83.5,,3
1993 / 07,Brooklyn,17,344.4,362.5,,3
1993 / 07,Brooklyn,18,764.9,401.9,,3
1993 / 07,Manhattan,1,97.8,39.6,,1
1993 / 07,Manhattan,2,468.3,229,,1
1993 / 07,Manhattan,3,247,181.2,,1
1993 / 07,Manhattan,4,278.6,168.8,,1
1993 / 07,Manhattan,5,251.5,90.8,,1
1993 / 07,Manhattan,6,714.1,293.5,,1
1993 / 07,Manhattan,7,979.2,453.8,,1
1993 / 07,Manhattan,8,1245.9,468.9,,1
1993 / 07,Manhattan,9,192.4,130.6,,1
1993 / 07,Manhattan,10,65.1,72.2,,1
1993 / 07,Manhattan,11,108,62.9,,1
1993 / 07,Manhattan,12,284.8,309,,1
1993 / 07,Queens,1,,,,4
1993 / 07,Queens,2,,,,4
1993 / 07,Queens,3,,,,4
1993 / 07,Queens,4,0.9,0.1,,4
1993 / 07,Queens,5,,,,4
1993 / 07,Queens,6,455.6,196.9,,4
1993 / 07,Queens,7,714,436,,4
1993 / 07,Queens,8,407.2,222.5,,4
1993 / 07,Queens,9,,,,4
1993 / 07,Queens,10,,,,4
1993 / 07,Queens,11,518.2,251.2,,4
1993 / 07,Queens,12,375.1,474.5,,4
1993 / 07,Queens,13,511.9,455,,4
1993 / 07,Queens,14,,,,4
1993 / 07,Staten Island,1,612.1,29.6,,5
1993 / 07,Staten Island,2,569.9,,,5
1993 / 07,Staten Island,3,720.6,,,5
1993 / 06,Bronx,1,27.2,26,,2
1993 / 06,Bronx,2,25.3,25.3,,2
1993 / 06,Bronx,3,26.6,26.7,,2
1993 / 06,Bronx,4,107.8,98.1,,2
1993 / 06,Bronx,5,55.3,85.4,,2
1993 / 06,Bronx,6,39.3,,,2
1993 / 06,Bronx,7,163.2,162.2,,2
1993 / 06,Bronx,8,258.1,130.3,,2
1993 / 06,Bronx,9,180.1,171.1,,2
1993 / 06,Bronx,10,308.1,194.6,,2
1993 / 06,Bronx,11,316.3,208.3,,2
1993 / 06,Bronx,12,328.7,361,,2
1993 / 06,Brooklyn,1,233.4,269,,3
1993 / 06,Brooklyn,2,307.9,164.7,,3
1993 / 06,Brooklyn,3,155.2,227.1,,3
1993 / 06,Brooklyn,4,72.8,136.7,,3
1993 / 06,Brooklyn,5,139.2,196.2,,3
1993 / 06,Brooklyn,6,502.3,217.1,,3
1993 / 06,Brooklyn,7,222.5,193.9,,3
1993 / 06,Brooklyn,8,132.4,115.5,,3
1993 / 06,Brooklyn,9,125.5,114.8,,3
1993 / 06,Brooklyn,10,413.2,239.4,,3
1993 / 06,Brooklyn,11,503.5,302.7,,3
1993 / 06,Brooklyn,12,442.6,335.3,,3
1993 / 06,Brooklyn,13,133.5,94.7,,3
1993 / 06,Brooklyn,14,340.6,219.4,,3
1993 / 06,Brooklyn,15,523,242.1,,3
1993 / 06,Brooklyn,16,27.3,45.9,,3
1993 / 06,Brooklyn,17,217.3,194.7,,3
1993 / 06,Brooklyn,18,685.3,312.2,,3
1993 / 06,Manhattan,1,106.9,22.3,,1
1993 / 06,Manhattan,2,456.2,217.4,,1
1993 / 06,Manhattan,3,210.7,129.9,,1
1993 / 06,Manhattan,4,277.1,139.7,,1
1993 / 06,Manhattan,5,207,71.8,,1
1993 / 06,Manhattan,6,674.6,260.1,,1
1993 / 06,Manhattan,7,1048.1,441.9,,1
1993 / 06,Manhattan,8,1354.8,481.1,,1
1993 / 06,Manhattan,9,180.7,104.3,,1
1993 / 06,Manhattan,10,64,31.6,,1
1993 / 06,Manhattan,11,94.9,45.2,,1
1993 / 06,Manhattan,12,253.8,244,,1
1993 / 06,Queens,1,,,,4
1993 / 06,Queens,2,,,,4
1993 / 06,Queens,3,,,,4
1993 / 06,Queens,4,,,,4
1993 / 06,Queens,5,,,,4
1993 / 06,Queens,6,415.7,151.1,,4
1993 / 06,Queens,7,837.3,405.8,,4
1993 / 06,Queens,8,523.3,235.8,,4
1993 / 06,Queens,9,,,,4
1993 / 06,Queens,10,,,,4
1993 / 06,Queens,11,610.3,239.1,,4
1993 / 06,Queens,12,375.5,383.3,,4
1993 / 06,Queens,13,568.1,409.5,,4
1993 / 06,Queens,14,,,,4
1993 / 06,Staten Island,1,614.9,3.6,,5
1993 / 06,Staten Island,2,620.8,,,5
1993 / 06,Staten Island,3,774.1,,,5
1993 / 05,Bronx,1,28.3,21.9,,2
1993 / 05,Bronx,2,15.6,14,,2
1993 / 05,Bronx,3,25.5,21.3,,2
1993 / 05,Bronx,4,97.3,74,,2
1993 / 05,Bronx,5,45.7,61.4,,2
1993 / 05,Bronx,6,41.1,,,2
1993 / 05,Bronx,7,164.7,137.3,,2
1993 / 05,Bronx,8,268.1,124.9,,2
1993 / 05,Bronx,9,163.8,133,,2
1993 / 05,Bronx,10,288.3,171.8,,2
1993 / 05,Bronx,11,303.5,189.4,,2
1993 / 05,Bronx,12,303.6,292.1,,2
1993 / 05,Brooklyn,1,7,38.5,,3
1993 / 05,Brooklyn,2,255.4,133.7,,3
1993 / 05,Brooklyn,3,96.9,142,,3
1993 / 05,Brooklyn,4,,,,3
1993 / 05,Brooklyn,5,,,,3
1993 / 05,Brooklyn,6,467.6,203.7,,3
1993 / 05,Brooklyn,7,,,,3
1993 / 05,Brooklyn,8,,,,3
1993 / 05,Brooklyn,9,,,,3
1993 / 05,Brooklyn,10,430.8,209,,3
1993 / 05,Brooklyn,11,,,,3
1993 / 05,Brooklyn,12,,,,3
1993 / 05,Brooklyn,13,100.2,71.6,,3
1993 / 05,Brooklyn,14,,,,3
1993 / 05,Brooklyn,15,,,,3
1993 / 05,Brooklyn,16,,,,3
1993 / 05,Brooklyn,17,,,,3
1993 / 05,Brooklyn,18,,,,3
1993 / 05,Manhattan,1,132.9,16.2,,1
1993 / 05,Manhattan,2,490.3,204.4,,1
1993 / 05,Manhattan,3,232.8,102.3,,1
1993 / 05,Manhattan,4,287,89,,1
1993 / 05,Manhattan,5,261.7,86.2,,1
1993 / 05,Manhattan,6,694.1,255.3,,1
1993 / 05,Manhattan,7,1018.3,407.5,,1
1993 / 05,Manhattan,8,1378.4,455.2,,1
1993 / 05,Manhattan,9,216.7,97,,1
1993 / 05,Manhattan,10,74.6,13.9,,1
1993 / 05,Manhattan,11,92.4,44.2,,1
1993 / 05,Manhattan,12,268,206.9,,1
1993 / 05,Queens,1,,,,4
1993 / 05,Queens,2,,,,4
1993 / 05,Queens,3,,,,4
1993 / 05,Queens,4,,,,4
1993 / 05,Queens,5,,,,4
1993 / 05,Queens,6,369.8,143.5,,4
1993 / 05,Queens,7,711.2,361.9,,4
1993 / 05,Queens,8,421.9,197.2,,4
1993 / 05,Queens,9,,,,4
1993 / 05,Queens,10,,,,4
1993 / 05,Queens,11,483.2,212.7,,4
1993 / 05,Queens,12,367.8,350.9,,4
1993 / 05,Queens,13,551.2,370,,4
1993 / 05,Queens,14,,,,4
1993 / 05,Staten Island,1,599.3,4.1,,5
1993 / 05,Staten Island,2,532.4,11.5,,5
1993 / 05,Staten Island,3,665.5,,,5
1993 / 04,Bronx,1,6.2,3.4,,2
1993 / 04,Bronx,2,5.4,5.8,,2
1993 / 04,Bronx,3,6.6,4.4,,2
1993 / 04,Bronx,4,22.3,13.1,,2
1993 / 04,Bronx,5,12.1,13.5,,2
1993 / 04,Bronx,6,9.3,4.3,,2
1993 / 04,Bronx,7,21.5,11.4,,2
1993 / 04,Bronx,8,47.8,19.4,,2
1993 / 04,Bronx,9,25.2,23.2,,2
1993 / 04,Bronx,10,70.4,35.7,,2
1993 / 04,Bronx,11,55.5,35.8,,2
1993 / 04,Bronx,12,61.1,56.9,,2
1993 / 04,Brooklyn,1,,11.4,,3
1993 / 04,Brooklyn,2,48.6,11.8,,3
1993 / 04,Brooklyn,3,11.1,22.7,,3
1993 / 04,Brooklyn,4,,,,3
1993 / 04,Brooklyn,5,,,,3
1993 / 04,Brooklyn,6,74,29,,3
1993 / 04,Brooklyn,7,,,,3
1993 / 04,Brooklyn,8,,,,3
1993 / 04,Brooklyn,9,,,,3
1993 / 04,Brooklyn,10,85.7,43,,3
1993 / 04,Brooklyn,11,,,,3
1993 / 04,Brooklyn,12,,,,3
1993 / 04,Brooklyn,13,11.4,8.4,,3
1993 / 04,Brooklyn,14,,,,3
1993 / 04,Brooklyn,15,,,,3
1993 / 04,Brooklyn,16,,,,3
1993 / 04,Brooklyn,17,,,,3
1993 / 04,Brooklyn,18,,,,3
1993 / 04,Manhattan,1,27.6,2.3,,1
1993 / 04,Manhattan,2,84.3,24.7,,1
1993 / 04,Manhattan,3,40.5,23,,1
1993 / 04,Manhattan,4,110.7,15,,1
1993 / 04,Manhattan,5,40.7,11.7,,1
1993 / 04,Manhattan,6,136,47.8,,1
1993 / 04,Manhattan,7,209.8,81.9,,1
1993 / 04,Manhattan,8,269.2,85.2,,1
1993 / 04,Manhattan,9,30.2,15.4,,1
1993 / 04,Manhattan,10,11.3,,,1
1993 / 04,Manhattan,11,16.8,7.3,,1
1993 / 04,Manhattan,12,36.9,26,,1
1993 / 04,Queens,1,,,,4
1993 / 04,Queens,2,,,,4
1993 / 04,Queens,3,,,,4
1993 / 04,Queens,4,,,,4
1993 / 04,Queens,5,,,,4
1993 / 04,Queens,6,72,31.7,,4
1993 / 04,Queens,7,123.8,72.7,,4
1993 / 04,Queens,8,90.2,39.7,,4
1993 / 04,Queens,9,,,,4
1993 / 04,Queens,10,,,,4
1993 / 04,Queens,11,106.4,51.8,,4
1993 / 04,Queens,12,63,72.5,,4
1993 / 04,Queens,13,106.5,66.1,,4
1993 / 04,Queens,14,,,,4
1993 / 04,Staten Island,1,49.4,26.5,,5
1993 / 04,Staten Island,2,19.5,11,,5
1993 / 04,Staten Island,3,69.1,,,5
1993 / 03,Bronx,1,,,,2
1993 / 03,Bronx,2,,,,2
1993 / 03,Bronx,3,,,,2
1993 / 03,Bronx,4,,,,2
1993 / 03,Bronx,5,,,,2
1993 / 03,Bronx,6,,,,2
1993 / 03,Bronx,7,,,,2
1993 / 03,Bronx,8,,,,2
1993 / 03,Bronx,9,,,,2
1993 / 03,Bronx,10,,,,2
1993 / 03,Bronx,11,,,,2
1993 / 03,Bronx,12,,,,2
1993 / 03,Brooklyn,1,,,,3
1993 / 03,Brooklyn,2,,,,3
1993 / 03,Brooklyn,3,,,,3
1993 / 03,Brooklyn,4,,,,3
1993 / 03,Brooklyn,5,,,,3
1993 / 03,Brooklyn,6,,,,3
1993 / 03,Brooklyn,7,,,,3
1993 / 03,Brooklyn,8,,,,3
1993 / 03,Brooklyn,9,,,,3
1993 / 03,Brooklyn,10,,,,3
1993 / 03,Brooklyn,11,,,,3
1993 / 03,Brooklyn,12,,,,3
1993 / 03,Brooklyn,13,,,,3
1993 / 03,Brooklyn,14,,,,3
1993 / 03,Brooklyn,15,,,,3
1993 / 03,Brooklyn,16,,,,3
1993 / 03,Brooklyn,17,,,,3
1993 / 03,Brooklyn,18,,,,3
1993 / 03,Manhattan,1,,,,1
1993 / 03,Manhattan,2,,,,1
1993 / 03,Manhattan,3,,,,1
1993 / 03,Manhattan,4,,,,1
1993 / 03,Manhattan,5,,,,1
1993 / 03,Manhattan,6,,,,1
1993 / 03,Manhattan,7,,,,1
1993 / 03,Manhattan,8,,,,1
1993 / 03,Manhattan,9,,,,1
1993 / 03,Manhattan,10,,,,1
1993 / 03,Manhattan,11,,,,1
1993 / 03,Manhattan,12,,,,1
1993 / 03,Queens,1,,,,4
1993 / 03,Queens,2,,,,4
1993 / 03,Queens,3,,,,4
1993 / 03,Queens,4,,,,4
1993 / 03,Queens,5,,,,4
1993 / 03,Queens,6,,,,4
1993 / 03,Queens,7,,,,4
1993 / 03,Queens,8,,,,4
1993 / 03,Queens,9,,,,4
1993 / 03,Queens,10,,,,4
1993 / 03,Queens,11,,,,4
1993 / 03,Queens,12,,,,4
1993 / 03,Queens,13,,,,4
1993 / 03,Queens,14,,,,4
1993 / 03,Staten Island,1,,,,5
1993 / 03,Staten Island,2,,,,5
1993 / 03,Staten Island,3,,,,5
1993 / 02,Bronx,1,,,,2
1993 / 02,Bronx,2,,,,2
1993 / 02,Bronx,3,,,,2
1993 / 02,Bronx,4,,,,2
1993 / 02,Bronx,5,,,,2
1993 / 02,Bronx,6,,,,2
1993 / 02,Bronx,7,,,,2
1993 / 02,Bronx,8,,,,2
1993 / 02,Bronx,9,,,,2
1993 / 02,Bronx,10,,,,2
1993 / 02,Bronx,11,,,,2
1993 / 02,Bronx,12,,,,2
1993 / 02,Brooklyn,1,,,,3
1993 / 02,Brooklyn,2,,,,3
1993 / 02,Brooklyn,3,,,,3
1993 / 02,Brooklyn,4,,,,3
1993 / 02,Brooklyn,5,,,,3
1993 / 02,Brooklyn,6,,,,3
1993 / 02,Brooklyn,7,,,,3
1993 / 02,Brooklyn,8,,,,3
1993 / 02,Brooklyn,9,,,,3
1993 / 02,Brooklyn,10,,,,3
1993 / 02,Brooklyn,11,,,,3
1993 / 02,Brooklyn,12,,,,3
1993 / 02,Brooklyn,13,,,,3
1993 / 02,Brooklyn,14,,,,3
1993 / 02,Brooklyn,15,,,,3
1993 / 02,Brooklyn,16,,,,3
1993 / 02,Brooklyn,17,,,,3
1993 / 02,Brooklyn,18,,,,3
1993 / 02,Manhattan,1,,,,1
1993 / 02,Manhattan,2,,,,1
1993 / 02,Manhattan,3,,,,1
1993 / 02,Manhattan,4,,,,1
1993 / 02,Manhattan,5,,,,1
1993 / 02,Manhattan,6,,,,1
1993 / 02,Manhattan,7,,,,1
1993 / 02,Manhattan,8,,,,1
1993 / 02,Manhattan,9,,,,1
1993 / 02,Manhattan,10,,,,1
1993 / 02,Manhattan,11,,,,1
1993 / 02,Manhattan,12,,,,1
1993 / 02,Queens,1,,,,4
1993 / 02,Queens,2,,,,4
1993 / 02,Queens,3,,,,4
1993 / 02,Queens,4,,,,4
1993 / 02,Queens,5,,,,4
1993 / 02,Queens,6,,,,4
1993 / 02,Queens,7,,,,4
1993 / 02,Queens,8,,,,4
1993 / 02,Queens,9,,,,4
1993 / 02,Queens,10,,,,4
1993 / 02,Queens,11,,,,4
1993 / 02,Queens,12,,,,4
1993 / 02,Queens,13,,,,4
1993 / 02,Queens,14,,,,4
1993 / 02,Staten Island,1,,,,5
1993 / 02,Staten Island,2,,,,5
1993 / 02,Staten Island,3,,,,5
1993 / 01,Bronx,1,,,,2
1993 / 01,Bronx,2,,,,2
1993 / 01,Bronx,3,,,,2
1993 / 01,Bronx,4,,,,2
1993 / 01,Bronx,5,,,,2
1993 / 01,Bronx,6,,,,2
1993 / 01,Bronx,7,,,,2
1993 / 01,Bronx,8,,,,2
1993 / 01,Bronx,9,,,,2
1993 / 01,Bronx,10,,,,2
1993 / 01,Bronx,11,,,,2
1993 / 01,Bronx,12,,,,2
1993 / 01,Brooklyn,1,,,,3
1993 / 01,Brooklyn,2,,,,3
1993 / 01,Brooklyn,3,,,,3
1993 / 01,Brooklyn,4,,,,3
1993 / 01,Brooklyn,5,,,,3
1993 / 01,Brooklyn,6,,,,3
1993 / 01,Brooklyn,7,,,,3
1993 / 01,Brooklyn,8,,,,3
1993 / 01,Brooklyn,9,,,,3
1993 / 01,Brooklyn,10,,,,3
1993 / 01,Brooklyn,11,,,,3
1993 / 01,Brooklyn,12,6.3,,,3
1993 / 01,Brooklyn,13,,,,3
1993 / 01,Brooklyn,14,,,,3
1993 / 01,Brooklyn,15,,,,3
1993 / 01,Brooklyn,16,,,,3
1993 / 01,Brooklyn,17,,,,3
1993 / 01,Brooklyn,18,,,,3
1993 / 01,Manhattan,1,,,,1
1993 / 01,Manhattan,2,,,,1
1993 / 01,Manhattan,3,,,,1
1993 / 01,Manhattan,4,,,,1
1993 / 01,Manhattan,5,9.9,,,1
1993 / 01,Manhattan,6,,,,1
1993 / 01,Manhattan,7,,,,1
1993 / 01,Manhattan,8,,,,1
1993 / 01,Manhattan,9,,,,1
1993 / 01,Manhattan,10,,,,1
1993 / 01,Manhattan,11,,,,1
1993 / 01,Manhattan,12,,,,1
1993 / 01,Queens,1,,,,4
1993 / 01,Queens,2,,,,4
1993 / 01,Queens,3,,,,4
1993 / 01,Queens,4,,,,4
1993 / 01,Queens,5,,,,4
1993 / 01,Queens,6,,,,4
1993 / 01,Queens,7,,,,4
1993 / 01,Queens,8,,,,4
1993 / 01,Queens,9,,,,4
1993 / 01,Queens,10,,,,4
1993 / 01,Queens,11,,,,4
1993 / 01,Queens,12,,,,4
1993 / 01,Queens,13,,,,4
1993 / 01,Queens,14,,,,4
1993 / 01,Staten Island,1,,,,5
1993 / 01,Staten Island,2,,,,5
1993 / 01,Staten Island,3,,,,5
1992 / 12,Bronx,1,,,,2
1992 / 12,Bronx,2,,,,2
1992 / 12,Bronx,3,,,,2
1992 / 12,Bronx,4,,,,2
1992 / 12,Bronx,5,,,,2
1992 / 12,Bronx,6,,,,2
1992 / 12,Bronx,7,,,,2
1992 / 12,Bronx,8,,,,2
1992 / 12,Bronx,9,,,,2
1992 / 12,Bronx,10,,,,2
1992 / 12,Bronx,11,,,,2
1992 / 12,Bronx,12,,,,2
1992 / 12,Brooklyn,1,,,,3
1992 / 12,Brooklyn,2,,,,3
1992 / 12,Brooklyn,3,,,,3
1992 / 12,Brooklyn,4,,,,3
1992 / 12,Brooklyn,5,,,,3
1992 / 12,Brooklyn,6,,,,3
1992 / 12,Brooklyn,7,,,,3
1992 / 12,Brooklyn,8,,,,3
1992 / 12,Brooklyn,9,,,,3
1992 / 12,Brooklyn,10,,,,3
1992 / 12,Brooklyn,11,,,,3
1992 / 12,Brooklyn,12,,,,3
1992 / 12,Brooklyn,13,,,,3
1992 / 12,Brooklyn,14,,,,3
1992 / 12,Brooklyn,15,,,,3
1992 / 12,Brooklyn,16,,,,3
1992 / 12,Brooklyn,17,,,,3
1992 / 12,Brooklyn,18,,,,3
1992 / 12,Manhattan,1,,,,1
1992 / 12,Manhattan,2,,,,1
1992 / 12,Manhattan,3,,,,1
1992 / 12,Manhattan,4,,,,1
1992 / 12,Manhattan,5,,,,1
1992 / 12,Manhattan,6,,,,1
1992 / 12,Manhattan,7,,,,1
1992 / 12,Manhattan,8,,,,1
1992 / 12,Manhattan,9,,,,1
1992 / 12,Manhattan,10,,,,1
1992 / 12,Manhattan,11,,,,1
1992 / 12,Manhattan,12,,,,1
1992 / 12,Queens,1,,,,4
1992 / 12,Queens,2,,,,4
1992 / 12,Queens,3,,,,4
1992 / 12,Queens,4,,,,4
1992 / 12,Queens,5,,,,4
1992 / 12,Queens,6,,,,4
1992 / 12,Queens,7,,,,4
1992 / 12,Queens,8,,,,4
1992 / 12,Queens,9,,,,4
1992 / 12,Queens,10,,,,4
1992 / 12,Queens,11,,,,4
1992 / 12,Queens,12,,,,4
1992 / 12,Queens,13,,,,4
1992 / 12,Queens,14,,,,4
1992 / 12,Staten Island,1,,,,5
1992 / 12,Staten Island,2,,,,5
1992 / 12,Staten Island,3,,,,5
1992 / 11,Bronx,1,,,,2
1992 / 11,Bronx,2,,,,2
1992 / 11,Bronx,3,,,,2
1992 / 11,Bronx,4,,,,2
1992 / 11,Bronx,5,,,,2
1992 / 11,Bronx,6,,,,2
1992 / 11,Bronx,7,,,,2
1992 / 11,Bronx,8,,,,2
1992 / 11,Bronx,9,,,,2
1992 / 11,Bronx,10,,,,2
1992 / 11,Bronx,11,,,,2
1992 / 11,Bronx,12,,,,2
1992 / 11,Brooklyn,1,,,,3
1992 / 11,Brooklyn,2,,,,3
1992 / 11,Brooklyn,3,,,,3
1992 / 11,Brooklyn,4,,,,3
1992 / 11,Brooklyn,5,,,,3
1992 / 11,Brooklyn,6,,,,3
1992 / 11,Brooklyn,7,,,,3
1992 / 11,Brooklyn,8,,,,3
1992 / 11,Brooklyn,9,,,,3
1992 / 11,Brooklyn,10,,,,3
1992 / 11,Brooklyn,11,,,,3
1992 / 11,Brooklyn,12,,,,3
1992 / 11,Brooklyn,13,,,,3
1992 / 11,Brooklyn,14,,,,3
1992 / 11,Brooklyn,15,,,,3
1992 / 11,Brooklyn,16,,,,3
1992 / 11,Brooklyn,17,,,,3
1992 / 11,Brooklyn,18,,,,3
1992 / 11,Manhattan,1,,,,1
1992 / 11,Manhattan,2,,,,1
1992 / 11,Manhattan,3,,,,1
1992 / 11,Manhattan,4,,,,1
1992 / 11,Manhattan,5,,,,1
1992 / 11,Manhattan,6,,,,1
1992 / 11,Manhattan,7,,,,1
1992 / 11,Manhattan,8,,,,1
1992 / 11,Manhattan,9,,,,1
1992 / 11,Manhattan,10,,,,1
1992 / 11,Manhattan,11,,,,1
1992 / 11,Manhattan,12,,,,1
1992 / 11,Queens,1,,,,4
1992 / 11,Queens,2,,,,4
1992 / 11,Queens,3,,,,4
1992 / 11,Queens,4,,,,4
1992 / 11,Queens,5,,,,4
1992 / 11,Queens,6,,,,4
1992 / 11,Queens,7,,,,4
1992 / 11,Queens,8,,,,4
1992 / 11,Queens,9,,,,4
1992 / 11,Queens,10,,,,4
1992 / 11,Queens,11,,,,4
1992 / 11,Queens,12,,,,4
1992 / 11,Queens,13,,,,4
1992 / 11,Queens,14,,,,4
1992 / 11,Staten Island,1,,,,5
1992 / 11,Staten Island,2,,,,5
1992 / 11,Staten Island,3,,,,5
1992 / 10,Bronx,1,,,,2
1992 / 10,Bronx,2,,,,2
1992 / 10,Bronx,3,,,,2
1992 / 10,Bronx,4,,,,2
1992 / 10,Bronx,5,,,,2
1992 / 10,Bronx,6,,,,2
1992 / 10,Bronx,7,,,,2
1992 / 10,Bronx,8,,,,2
1992 / 10,Bronx,9,,,,2
1992 / 10,Bronx,10,,,,2
1992 / 10,Bronx,11,,,,2
1992 / 10,Bronx,12,,,,2
1992 / 10,Brooklyn,1,,,,3
1992 / 10,Brooklyn,2,,,,3
1992 / 10,Brooklyn,3,,,,3
1992 / 10,Brooklyn,4,,,,3
1992 / 10,Brooklyn,5,,,,3
1992 / 10,Brooklyn,6,,,,3
1992 / 10,Brooklyn,7,,,,3
1992 / 10,Brooklyn,8,,,,3
1992 / 10,Brooklyn,9,,,,3
1992 / 10,Brooklyn,10,,,,3
1992 / 10,Brooklyn,11,,,,3
1992 / 10,Brooklyn,12,,,,3
1992 / 10,Brooklyn,13,,,,3
1992 / 10,Brooklyn,14,,,,3
1992 / 10,Brooklyn,15,,,,3
1992 / 10,Brooklyn,16,,,,3
1992 / 10,Brooklyn,17,,,,3
1992 / 10,Brooklyn,18,,,,3
1992 / 10,Manhattan,1,,,,1
1992 / 10,Manhattan,2,,,,1
1992 / 10,Manhattan,3,,,,1
1992 / 10,Manhattan,4,,,,1
1992 / 10,Manhattan,5,,,,1
1992 / 10,Manhattan,6,,,,1
1992 / 10,Manhattan,7,,,,1
1992 / 10,Manhattan,8,,,,1
1992 / 10,Manhattan,9,,,,1
1992 / 10,Manhattan,10,,,,1
1992 / 10,Manhattan,11,,,,1
1992 / 10,Manhattan,12,,,,1
1992 / 10,Queens,1,,,,4
1992 / 10,Queens,2,,,,4
1992 / 10,Queens,3,,,,4
1992 / 10,Queens,4,,,,4
1992 / 10,Queens,5,,,,4
1992 / 10,Queens,6,,,,4
1992 / 10,Queens,7,,,,4
1992 / 10,Queens,8,,,,4
1992 / 10,Queens,9,,,,4
1992 / 10,Queens,10,,,,4
1992 / 10,Queens,11,,,,4
1992 / 10,Queens,12,,,,4
1992 / 10,Queens,13,,,,4
1992 / 10,Queens,14,,,,4
1992 / 10,Staten Island,1,,,,5
1992 / 10,Staten Island,2,,,,5
1992 / 10,Staten Island,3,,,,5
1992 / 09,Bronx,1,,,,2
1992 / 09,Bronx,2,,,,2
1992 / 09,Bronx,3,,,,2
1992 / 09,Bronx,4,,,,2
1992 / 09,Bronx,5,,,,2
1992 / 09,Bronx,6,,,,2
1992 / 09,Bronx,7,,,,2
1992 / 09,Bronx,8,,,,2
1992 / 09,Bronx,9,,,,2
1992 / 09,Bronx,10,,,,2
1992 / 09,Bronx,11,,,,2
1992 / 09,Bronx,12,,,,2
1992 / 09,Brooklyn,1,,,,3
1992 / 09,Brooklyn,2,,,,3
1992 / 09,Brooklyn,3,,,,3
1992 / 09,Brooklyn,4,,,,3
1992 / 09,Brooklyn,5,,,,3
1992 / 09,Brooklyn,6,,,,3
1992 / 09,Brooklyn,7,,,,3
1992 / 09,Brooklyn,8,,,,3
1992 / 09,Brooklyn,9,,,,3
1992 / 09,Brooklyn,10,,,,3
1992 / 09,Brooklyn,11,,,,3
1992 / 09,Brooklyn,12,,,,3
1992 / 09,Brooklyn,13,,,,3
1992 / 09,Brooklyn,14,,,,3
1992 / 09,Brooklyn,15,,,,3
1992 / 09,Brooklyn,16,,,,3
1992 / 09,Brooklyn,17,,,,3
1992 / 09,Brooklyn,18,,,,3
1992 / 09,Manhattan,1,,,,1
1992 / 09,Manhattan,2,,,,1
1992 / 09,Manhattan,3,,,,1
1992 / 09,Manhattan,4,,,,1
1992 / 09,Manhattan,5,,,,1
1992 / 09,Manhattan,6,,,,1
1992 / 09,Manhattan,7,,,,1
1992 / 09,Manhattan,8,,,,1
1992 / 09,Manhattan,9,,,,1
1992 / 09,Manhattan,10,,,,1
1992 / 09,Manhattan,11,,,,1
1992 / 09,Manhattan,12,,,,1
1992 / 09,Queens,1,,,,4
1992 / 09,Queens,2,,,,4
1992 / 09,Queens,3,,,,4
1992 / 09,Queens,4,,,,4
1992 / 09,Queens,5,,,,4
1992 / 09,Queens,6,,,,4
1992 / 09,Queens,7,,,,4
1992 / 09,Queens,8,,,,4
1992 / 09,Queens,9,,,,4
1992 / 09,Queens,10,,,,4
1992 / 09,Queens,11,,,,4
1992 / 09,Queens,12,,,,4
1992 / 09,Queens,13,,,,4
1992 / 09,Queens,14,,,,4
1992 / 09,Staten Island,1,,,,5
1992 / 09,Staten Island,2,,,,5
1992 / 09,Staten Island,3,,,,5
1992 / 08,Bronx,1,,,,2
1992 / 08,Bronx,2,,,,2
1992 / 08,Bronx,3,,,,2
1992 / 08,Bronx,4,,,,2
1992 / 08,Bronx,5,,,,2
1992 / 08,Bronx,6,,,,2
1992 / 08,Bronx,7,,,,2
1992 / 08,Bronx,8,,,,2
1992 / 08,Bronx,9,,,,2
1992 / 08,Bronx,10,,,,2
1992 / 08,Bronx,11,,,,2
1992 / 08,Bronx,12,,,,2
1992 / 08,Brooklyn,1,,,,3
1992 / 08,Brooklyn,2,,,,3
1992 / 08,Brooklyn,3,,,,3
1992 / 08,Brooklyn,4,,,,3
1992 / 08,Brooklyn,5,,,,3
1992 / 08,Brooklyn,6,,,,3
1992 / 08,Brooklyn,7,,,,3
1992 / 08,Brooklyn,8,,,,3
1992 / 08,Brooklyn,9,,,,3
1992 / 08,Brooklyn,10,,,,3
1992 / 08,Brooklyn,11,,,,3
1992 / 08,Brooklyn,12,,,,3
1992 / 08,Brooklyn,13,,,,3
1992 / 08,Brooklyn,14,,,,3
1992 / 08,Brooklyn,15,,,,3
1992 / 08,Brooklyn,16,,,,3
1992 / 08,Brooklyn,17,,,,3
1992 / 08,Brooklyn,18,,,,3
1992 / 08,Manhattan,1,,,,1
1992 / 08,Manhattan,2,,,,1
1992 / 08,Manhattan,3,,,,1
1992 / 08,Manhattan,4,,,,1
1992 / 08,Manhattan,5,,,,1
1992 / 08,Manhattan,6,,,,1
1992 / 08,Manhattan,7,,,,1
1992 / 08,Manhattan,8,,,,1
1992 / 08,Manhattan,9,,,,1
1992 / 08,Manhattan,10,,,,1
1992 / 08,Manhattan,11,,,,1
1992 / 08,Manhattan,12,,,,1
1992 / 08,Queens,1,,,,4
1992 / 08,Queens,2,,,,4
1992 / 08,Queens,3,,,,4
1992 / 08,Queens,4,,,,4
1992 / 08,Queens,5,,,,4
1992 / 08,Queens,6,,,,4
1992 / 08,Queens,7,,,,4
1992 / 08,Queens,8,,,,4
1992 / 08,Queens,9,,,,4
1992 / 08,Queens,10,,,,4
1992 / 08,Queens,11,,,,4
1992 / 08,Queens,12,,,,4
1992 / 08,Queens,13,,,,4
1992 / 08,Queens,14,,,,4
1992 / 08,Staten Island,1,,,,5
1992 / 08,Staten Island,2,,,,5
1992 / 08,Staten Island,3,,,,5
1992 / 07,Bronx,1,,,,2
1992 / 07,Bronx,2,,,,2
1992 / 07,Bronx,3,,,,2
1992 / 07,Bronx,4,,,,2
1992 / 07,Bronx,5,,,,2
1992 / 07,Bronx,6,,,,2
1992 / 07,Bronx,7,,,,2
1992 / 07,Bronx,8,,,,2
1992 / 07,Bronx,9,,,,2
1992 / 07,Bronx,10,,,,2
1992 / 07,Bronx,11,,,,2
1992 / 07,Bronx,12,,,,2
1992 / 07,Brooklyn,1,,,,3
1992 / 07,Brooklyn,2,,,,3
1992 / 07,Brooklyn,3,,,,3
1992 / 07,Brooklyn,4,,,,3
1992 / 07,Brooklyn,5,,,,3
1992 / 07,Brooklyn,6,,,,3
1992 / 07,Brooklyn,7,,,,3
1992 / 07,Brooklyn,8,,,,3
1992 / 07,Brooklyn,9,,,,3
1992 / 07,Brooklyn,10,,,,3
1992 / 07,Brooklyn,11,,,,3
1992 / 07,Brooklyn,12,,,,3
1992 / 07,Brooklyn,13,,,,3
1992 / 07,Brooklyn,14,,,,3
1992 / 07,Brooklyn,15,,,,3
1992 / 07,Brooklyn,16,,,,3
1992 / 07,Brooklyn,17,,,,3
1992 / 07,Brooklyn,18,,,,3
1992 / 07,Manhattan,1,,,,1
1992 / 07,Manhattan,2,,,,1
1992 / 07,Manhattan,3,,,,1
1992 / 07,Manhattan,4,,,,1
1992 / 07,Manhattan,5,,,,1
1992 / 07,Manhattan,6,,,,1
1992 / 07,Manhattan,7,,,,1
1992 / 07,Manhattan,8,,,,1
1992 / 07,Manhattan,9,,,,1
1992 / 07,Manhattan,10,,,,1
1992 / 07,Manhattan,11,,,,1
1992 / 07,Manhattan,12,,,,1
1992 / 07,Queens,1,,,,4
1992 / 07,Queens,2,,,,4
1992 / 07,Queens,3,,,,4
1992 / 07,Queens,4,,,,4
1992 / 07,Queens,5,,,,4
1992 / 07,Queens,6,,,,4
1992 / 07,Queens,7,,,,4
1992 / 07,Queens,8,,,,4
1992 / 07,Queens,9,,,,4
1992 / 07,Queens,10,,,,4
1992 / 07,Queens,11,,,,4
1992 / 07,Queens,12,,,,4
1992 / 07,Queens,13,,,,4
1992 / 07,Queens,14,,,,4
1992 / 07,Staten Island,1,,,,5
1992 / 07,Staten Island,2,,,,5
1992 / 07,Staten Island,3,,,,5
1992 / 06,Bronx,1,,,,2
1992 / 06,Bronx,2,,,,2
1992 / 06,Bronx,3,,,,2
1992 / 06,Bronx,4,,,,2
1992 / 06,Bronx,5,,,,2
1992 / 06,Bronx,6,,,,2
1992 / 06,Bronx,7,,,,2
1992 / 06,Bronx,8,,,,2
1992 / 06,Bronx,9,,,,2
1992 / 06,Bronx,10,,,,2
1992 / 06,Bronx,11,,,,2
1992 / 06,Bronx,12,,,,2
1992 / 06,Brooklyn,1,,,,3
1992 / 06,Brooklyn,2,,,,3
1992 / 06,Brooklyn,3,,,,3
1992 / 06,Brooklyn,4,,,,3
1992 / 06,Brooklyn,5,,,,3
1992 / 06,Brooklyn,6,,,,3
1992 / 06,Brooklyn,7,,,,3
1992 / 06,Brooklyn,8,,,,3
1992 / 06,Brooklyn,9,,,,3
1992 / 06,Brooklyn,10,,,,3
1992 / 06,Brooklyn,11,,,,3
1992 / 06,Brooklyn,12,,,,3
1992 / 06,Brooklyn,13,,,,3
1992 / 06,Brooklyn,14,,,,3
1992 / 06,Brooklyn,15,,,,3
1992 / 06,Brooklyn,16,,,,3
1992 / 06,Brooklyn,17,,,,3
1992 / 06,Brooklyn,18,,,,3
1992 / 06,Manhattan,1,,,,1
1992 / 06,Manhattan,2,,,,1
1992 / 06,Manhattan,3,,,,1
1992 / 06,Manhattan,4,,,,1
1992 / 06,Manhattan,5,,,,1
1992 / 06,Manhattan,6,,,,1
1992 / 06,Manhattan,7,,,,1
1992 / 06,Manhattan,8,,,,1
1992 / 06,Manhattan,9,,,,1
1992 / 06,Manhattan,10,,,,1
1992 / 06,Manhattan,11,,,,1
1992 / 06,Manhattan,12,,,,1
1992 / 06,Queens,1,,,,4
1992 / 06,Queens,2,,,,4
1992 / 06,Queens,3,,,,4
1992 / 06,Queens,4,,,,4
1992 / 06,Queens,5,,,,4
1992 / 06,Queens,6,,,,4
1992 / 06,Queens,7,,,,4
1992 / 06,Queens,8,,,,4
1992 / 06,Queens,9,,,,4
1992 / 06,Queens,10,,,,4
1992 / 06,Queens,11,,,,4
1992 / 06,Queens,12,,,,4
1992 / 06,Queens,13,,,,4
1992 / 06,Queens,14,,,,4
1992 / 06,Staten Island,1,,,,5
1992 / 06,Staten Island,2,,,,5
1992 / 06,Staten Island,3,,,,5
1992 / 05,Bronx,1,,,,2
1992 / 05,Bronx,2,,,,2
1992 / 05,Bronx,3,,,,2
1992 / 05,Bronx,4,,,,2
1992 / 05,Bronx,5,,,,2
1992 / 05,Bronx,6,,,,2
1992 / 05,Bronx,7,,,,2
1992 / 05,Bronx,8,,,,2
1992 / 05,Bronx,9,,,,2
1992 / 05,Bronx,10,,,,2
1992 / 05,Bronx,11,,,,2
1992 / 05,Bronx,12,,,,2
1992 / 05,Brooklyn,1,,,,3
1992 / 05,Brooklyn,2,,,,3
1992 / 05,Brooklyn,3,,,,3
1992 / 05,Brooklyn,4,,,,3
1992 / 05,Brooklyn,5,,,,3
1992 / 05,Brooklyn,6,,,,3
1992 / 05,Brooklyn,7,,,,3
1992 / 05,Brooklyn,8,,,,3
1992 / 05,Brooklyn,9,,,,3
1992 / 05,Brooklyn,10,,,,3
1992 / 05,Brooklyn,11,,,,3
1992 / 05,Brooklyn,12,,,,3
1992 / 05,Brooklyn,13,,,,3
1992 / 05,Brooklyn,14,,,,3
1992 / 05,Brooklyn,15,,,,3
1992 / 05,Brooklyn,16,,,,3
1992 / 05,Brooklyn,17,,,,3
1992 / 05,Brooklyn,18,,,,3
1992 / 05,Manhattan,1,,,,1
1992 / 05,Manhattan,2,,,,1
1992 / 05,Manhattan,3,,,,1
1992 / 05,Manhattan,4,,,,1
1992 / 05,Manhattan,5,,,,1
1992 / 05,Manhattan,6,,,,1
1992 / 05,Manhattan,7,,,,1
1992 / 05,Manhattan,8,,,,1
1992 / 05,Manhattan,9,,,,1
1992 / 05,Manhattan,10,,,,1
1992 / 05,Manhattan,11,,,,1
1992 / 05,Manhattan,12,,,,1
1992 / 05,Queens,1,,,,4
1992 / 05,Queens,2,,,,4
1992 / 05,Queens,3,,,,4
1992 / 05,Queens,4,,,,4
1992 / 05,Queens,5,,,,4
1992 / 05,Queens,6,,,,4
1992 / 05,Queens,7,,,,4
1992 / 05,Queens,8,,,,4
1992 / 05,Queens,9,,,,4
1992 / 05,Queens,10,,,,4
1992 / 05,Queens,11,,,,4
1992 / 05,Queens,12,,,,4
1992 / 05,Queens,13,,,,4
1992 / 05,Queens,14,,,,4
1992 / 05,Staten Island,1,,,,5
1992 / 05,Staten Island,2,,,,5
1992 / 05,Staten Island,3,,,,5
1992 / 04,Bronx,1,,,,2
1992 / 04,Bronx,2,,,,2
1992 / 04,Bronx,3,,,,2
1992 / 04,Bronx,4,,,,2
1992 / 04,Bronx,5,,,,2
1992 / 04,Bronx,6,,,,2
1992 / 04,Bronx,7,,,,2
1992 / 04,Bronx,8,,,,2
1992 / 04,Bronx,9,,,,2
1992 / 04,Bronx,10,,,,2
1992 / 04,Bronx,11,,,,2
1992 / 04,Bronx,12,,,,2
1992 / 04,Brooklyn,1,,,,3
1992 / 04,Brooklyn,2,,,,3
1992 / 04,Brooklyn,3,,,,3
1992 / 04,Brooklyn,4,,,,3
1992 / 04,Brooklyn,5,,,,3
1992 / 04,Brooklyn,6,,,,3
1992 / 04,Brooklyn,7,,,,3
1992 / 04,Brooklyn,8,,,,3
1992 / 04,Brooklyn,9,,,,3
1992 / 04,Brooklyn,10,,,,3
1992 / 04,Brooklyn,11,,,,3
1992 / 04,Brooklyn,12,,,,3
1992 / 04,Brooklyn,13,,,,3
1992 / 04,Brooklyn,14,,,,3
1992 / 04,Brooklyn,15,,,,3
1992 / 04,Brooklyn,16,,,,3
1992 / 04,Brooklyn,17,,,,3
1992 / 04,Brooklyn,18,,,,3
1992 / 04,Manhattan,1,,,,1
1992 / 04,Manhattan,2,,,,1
1992 / 04,Manhattan,3,,,,1
1992 / 04,Manhattan,4,,,,1
1992 / 04,Manhattan,5,,,,1
1992 / 04,Manhattan,6,,,,1
1992 / 04,Manhattan,7,,,,1
1992 / 04,Manhattan,8,,,,1
1992 / 04,Manhattan,9,,,,1
1992 / 04,Manhattan,10,,,,1
1992 / 04,Manhattan,11,,,,1
1992 / 04,Manhattan,12,,,,1
1992 / 04,Queens,1,,,,4
1992 / 04,Queens,2,,,,4
1992 / 04,Queens,3,,,,4
1992 / 04,Queens,4,,,,4
1992 / 04,Queens,5,,,,4
1992 / 04,Queens,6,,,,4
1992 / 04,Queens,7,,,,4
1992 / 04,Queens,8,,,,4
1992 / 04,Queens,9,,,,4
1992 / 04,Queens,10,,,,4
1992 / 04,Queens,11,,,,4
1992 / 04,Queens,12,,,,4
1992 / 04,Queens,13,,,,4
1992 / 04,Queens,14,,,,4
1992 / 04,Staten Island,1,,,,5
1992 / 04,Staten Island,2,,,,5
1992 / 04,Staten Island,3,,,,5
1992 / 03,Bronx,1,,,,2
1992 / 03,Bronx,2,,,,2
1992 / 03,Bronx,3,,,,2
1992 / 03,Bronx,4,,,,2
1992 / 03,Bronx,5,,,,2
1992 / 03,Bronx,6,,,,2
1992 / 03,Bronx,7,,,,2
1992 / 03,Bronx,8,,,,2
1992 / 03,Bronx,9,,,,2
1992 / 03,Bronx,10,,,,2
1992 / 03,Bronx,11,,,,2
1992 / 03,Bronx,12,,,,2
1992 / 03,Brooklyn,1,,,,3
1992 / 03,Brooklyn,2,,,,3
1992 / 03,Brooklyn,3,,,,3
1992 / 03,Brooklyn,4,,,,3
1992 / 03,Brooklyn,5,,,,3
1992 / 03,Brooklyn,6,,,,3
1992 / 03,Brooklyn,7,,,,3
1992 / 03,Brooklyn,8,,,,3
1992 / 03,Brooklyn,9,,,,3
1992 / 03,Brooklyn,10,,,,3
1992 / 03,Brooklyn,11,,,,3
1992 / 03,Brooklyn,12,,,,3
1992 / 03,Brooklyn,13,,,,3
1992 / 03,Brooklyn,14,,,,3
1992 / 03,Brooklyn,15,,,,3
1992 / 03,Brooklyn,16,,,,3
1992 / 03,Brooklyn,17,,,,3
1992 / 03,Brooklyn,18,,,,3
1992 / 03,Manhattan,1,,,,1
1992 / 03,Manhattan,2,,,,1
1992 / 03,Manhattan,3,,,,1
1992 / 03,Manhattan,4,,,,1
1992 / 03,Manhattan,5,,,,1
1992 / 03,Manhattan,6,,,,1
1992 / 03,Manhattan,7,,,,1
1992 / 03,Manhattan,8,,,,1
1992 / 03,Manhattan,9,,,,1
1992 / 03,Manhattan,10,,,,1
1992 / 03,Manhattan,11,,,,1
1992 / 03,Manhattan,12,,,,1
1992 / 03,Queens,1,,,,4
1992 / 03,Queens,2,,,,4
1992 / 03,Queens,3,,,,4
1992 / 03,Queens,4,,,,4
1992 / 03,Queens,5,,,,4
1992 / 03,Queens,6,,,,4
1992 / 03,Queens,7,,,,4
1992 / 03,Queens,8,,,,4
1992 / 03,Queens,9,,,,4
1992 / 03,Queens,10,,,,4
1992 / 03,Queens,11,,,,4
1992 / 03,Queens,12,,,,4
1992 / 03,Queens,13,,,,4
1992 / 03,Queens,14,,,,4
1992 / 03,Staten Island,1,,,,5
1992 / 03,Staten Island,2,,,,5
1992 / 03,Staten Island,3,,,,5
1992 / 02,Bronx,1,,,,2
1992 / 02,Bronx,2,,,,2
1992 / 02,Bronx,3,,,,2
1992 / 02,Bronx,4,,,,2
1992 / 02,Bronx,5,,,,2
1992 / 02,Bronx,6,,,,2
1992 / 02,Bronx,7,,,,2
1992 / 02,Bronx,8,,,,2
1992 / 02,Bronx,9,,,,2
1992 / 02,Bronx,10,,,,2
1992 / 02,Bronx,11,,,,2
1992 / 02,Bronx,12,,,,2
1992 / 02,Brooklyn,1,,,,3
1992 / 02,Brooklyn,2,,,,3
1992 / 02,Brooklyn,3,,,,3
1992 / 02,Brooklyn,4,,,,3
1992 / 02,Brooklyn,5,,,,3
1992 / 02,Brooklyn,6,,,,3
1992 / 02,Brooklyn,7,,,,3
1992 / 02,Brooklyn,8,,,,3
1992 / 02,Brooklyn,9,,,,3
1992 / 02,Brooklyn,10,,,,3
1992 / 02,Brooklyn,11,,,,3
1992 / 02,Brooklyn,12,,,,3
1992 / 02,Brooklyn,13,,,,3
1992 / 02,Brooklyn,14,,,,3
1992 / 02,Brooklyn,15,,,,3
1992 / 02,Brooklyn,16,,,,3
1992 / 02,Brooklyn,17,,,,3
1992 / 02,Brooklyn,18,,,,3
1992 / 02,Manhattan,1,,,,1
1992 / 02,Manhattan,2,,,,1
1992 / 02,Manhattan,3,,,,1
1992 / 02,Manhattan,4,,,,1
1992 / 02,Manhattan,5,,,,1
1992 / 02,Manhattan,6,,,,1
1992 / 02,Manhattan,7,,,,1
1992 / 02,Manhattan,8,,,,1
1992 / 02,Manhattan,9,,,,1
1992 / 02,Manhattan,10,,,,1
1992 / 02,Manhattan,11,,,,1
1992 / 02,Manhattan,12,,,,1
1992 / 02,Queens,1,,,,4
1992 / 02,Queens,2,,,,4
1992 / 02,Queens,3,,,,4
1992 / 02,Queens,4,,,,4
1992 / 02,Queens,5,,,,4
1992 / 02,Queens,6,,,,4
1992 / 02,Queens,7,,,,4
1992 / 02,Queens,8,,,,4
1992 / 02,Queens,9,,,,4
1992 / 02,Queens,10,,,,4
1992 / 02,Queens,11,,,,4
1992 / 02,Queens,12,,,,4
1992 / 02,Queens,13,,,,4
1992 / 02,Queens,14,,,,4
1992 / 02,Staten Island,1,,,,5
1992 / 02,Staten Island,2,,,,5
1992 / 02,Staten Island,3,,,,5
1992 / 01,Bronx,1,,,,2
1992 / 01,Bronx,2,,,,2
1992 / 01,Bronx,3,,,,2
1992 / 01,Bronx,4,,,,2
1992 / 01,Bronx,5,,,,2
1992 / 01,Bronx,6,,,,2
1992 / 01,Bronx,7,,,,2
1992 / 01,Bronx,8,,,,2
1992 / 01,Bronx,9,,,,2
1992 / 01,Bronx,10,,,,2
1992 / 01,Bronx,11,,,,2
1992 / 01,Bronx,12,,,,2
1992 / 01,Brooklyn,1,,,,3
1992 / 01,Brooklyn,2,,,,3
1992 / 01,Brooklyn,3,,,,3
1992 / 01,Brooklyn,4,,,,3
1992 / 01,Brooklyn,5,,,,3
1992 / 01,Brooklyn,6,,,,3
1992 / 01,Brooklyn,7,,,,3
1992 / 01,Brooklyn,8,,,,3
1992 / 01,Brooklyn,9,,,,3
1992 / 01,Brooklyn,10,,,,3
1992 / 01,Brooklyn,11,,,,3
1992 / 01,Brooklyn,12,,,,3
1992 / 01,Brooklyn,13,,,,3
1992 / 01,Brooklyn,14,,,,3
1992 / 01,Brooklyn,15,,,,3
1992 / 01,Brooklyn,16,,,,3
1992 / 01,Brooklyn,17,,,,3
1992 / 01,Brooklyn,18,,,,3
1992 / 01,Manhattan,1,,,,1
1992 / 01,Manhattan,2,,,,1
1992 / 01,Manhattan,3,,,,1
1992 / 01,Manhattan,4,,,,1
1992 / 01,Manhattan,5,,,,1
1992 / 01,Manhattan,6,,,,1
1992 / 01,Manhattan,7,,,,1
1992 / 01,Manhattan,8,,,,1
1992 / 01,Manhattan,9,,,,1
1992 / 01,Manhattan,10,,,,1
1992 / 01,Manhattan,11,,,,1
1992 / 01,Manhattan,12,,,,1
1992 / 01,Queens,1,,,,4
1992 / 01,Queens,2,,,,4
1992 / 01,Queens,3,,,,4
1992 / 01,Queens,4,,,,4
1992 / 01,Queens,5,,,,4
1992 / 01,Queens,6,,,,4
1992 / 01,Queens,7,,,,4
1992 / 01,Queens,8,,,,4
1992 / 01,Queens,9,,,,4
1992 / 01,Queens,10,,,,4
1992 / 01,Queens,11,,,,4
1992 / 01,Queens,12,,,,4
1992 / 01,Queens,13,,,,4
1992 / 01,Queens,14,,,,4
1992 / 01,Staten Island,1,,,,5
1992 / 01,Staten Island,2,,,,5
1992 / 01,Staten Island,3,,,,5
1991 / 12,Bronx,1,,,,2
1991 / 12,Bronx,2,,,,2
1991 / 12,Bronx,3,,,,2
1991 / 12,Bronx,4,,,,2
1991 / 12,Bronx,5,,,,2
1991 / 12,Bronx,6,,,,2
1991 / 12,Bronx,7,,,,2
1991 / 12,Bronx,8,,,,2
1991 / 12,Bronx,9,,,,2
1991 / 12,Bronx,10,,,,2
1991 / 12,Bronx,11,,,,2
1991 / 12,Bronx,12,,,,2
1991 / 12,Brooklyn,1,,,,3
1991 / 12,Brooklyn,2,,,,3
1991 / 12,Brooklyn,3,,,,3
1991 / 12,Brooklyn,4,,,,3
1991 / 12,Brooklyn,5,,,,3
1991 / 12,Brooklyn,6,,,,3
1991 / 12,Brooklyn,7,,,,3
1991 / 12,Brooklyn,8,,,,3
1991 / 12,Brooklyn,9,,,,3
1991 / 12,Brooklyn,10,,,,3
1991 / 12,Brooklyn,11,,,,3
1991 / 12,Brooklyn,12,,,,3
1991 / 12,Brooklyn,13,,,,3
1991 / 12,Brooklyn,14,,,,3
1991 / 12,Brooklyn,15,,,,3
1991 / 12,Brooklyn,16,,,,3
1991 / 12,Brooklyn,17,,,,3
1991 / 12,Manhattan,1,,,,1
1991 / 12,Manhattan,2,,,,1
1991 / 12,Manhattan,3,,,,1
1991 / 12,Manhattan,4,,,,1
1991 / 12,Manhattan,5,,,,1
1991 / 12,Manhattan,6,,,,1
1991 / 12,Manhattan,7,,,,1
1991 / 12,Manhattan,8,,,,1
1991 / 12,Manhattan,9,,,,1
1991 / 12,Manhattan,10,,,,1
1991 / 12,Manhattan,11,,,,1
1991 / 12,Manhattan,12,,,,1
1991 / 12,Queens,1,,,,4
1991 / 12,Queens,2,,,,4
1991 / 12,Queens,3,,,,4
1991 / 12,Queens,4,,,,4
1991 / 12,Queens,5,,,,4
1991 / 12,Queens,6,,,,4
1991 / 12,Queens,7,,,,4
1991 / 12,Queens,8,,,,4
1991 / 12,Queens,9,,,,4
1991 / 12,Queens,10,,,,4
1991 / 12,Queens,11,,,,4
1991 / 12,Queens,12,,,,4
1991 / 12,Queens,13,,,,4
1991 / 12,Queens,14,,,,4
1991 / 12,Staten Island,1,,,,5
1991 / 12,Staten Island,2,,,,5
1991 / 12,Staten Island,3,,,,5
1991 / 11,Bronx,1,,,,2
1991 / 11,Bronx,2,,,,2
1991 / 11,Bronx,3,,,,2
1991 / 11,Bronx,4,,,,2
1991 / 11,Bronx,5,,,,2
1991 / 11,Bronx,6,,,,2
1991 / 11,Bronx,7,,,,2
1991 / 11,Bronx,8,,,,2
1991 / 11,Bronx,9,,,,2
1991 / 11,Bronx,10,,,,2
1991 / 11,Bronx,11,,,,2
1991 / 11,Bronx,12,,,,2
1991 / 11,Brooklyn,1,,,,3
1991 / 11,Brooklyn,2,,,,3
1991 / 11,Brooklyn,3,,,,3
1991 / 11,Brooklyn,4,,,,3
1991 / 11,Brooklyn,5,,,,3
1991 / 11,Brooklyn,6,,,,3
1991 / 11,Brooklyn,7,,,,3
1991 / 11,Brooklyn,8,,,,3
1991 / 11,Brooklyn,9,,,,3
1991 / 11,Brooklyn,10,,,,3
1991 / 11,Brooklyn,11,,,,3
1991 / 11,Brooklyn,12,,,,3
1991 / 11,Brooklyn,13,,,,3
1991 / 11,Brooklyn,14,,,,3
1991 / 11,Brooklyn,15,,,,3
1991 / 11,Brooklyn,16,,,,3
1991 / 11,Brooklyn,17,,,,3
1991 / 11,Brooklyn,18,,,,3
1991 / 11,Manhattan,1,,,,1
1991 / 11,Manhattan,2,,,,1
1991 / 11,Manhattan,3,,,,1
1991 / 11,Manhattan,4,,,,1
1991 / 11,Manhattan,5,,,,1
1991 / 11,Manhattan,6,,,,1
1991 / 11,Manhattan,7,,,,1
1991 / 11,Manhattan,8,,,,1
1991 / 11,Manhattan,9,,,,1
1991 / 11,Manhattan,10,,,,1
1991 / 11,Manhattan,11,,,,1
1991 / 11,Manhattan,12,,,,1
1991 / 11,Queens,1,,,,4
1991 / 11,Queens,2,,,,4
1991 / 11,Queens,3,,,,4
1991 / 11,Queens,4,,,,4
1991 / 11,Queens,5,,,,4
1991 / 11,Queens,6,,,,4
1991 / 11,Queens,7,,,,4
1991 / 11,Queens,8,,,,4
1991 / 11,Queens,9,,,,4
1991 / 11,Queens,10,,,,4
1991 / 11,Queens,11,,,,4
1991 / 11,Queens,12,,,,4
1991 / 11,Queens,13,,,,4
1991 / 11,Queens,14,,,,4
1991 / 11,Staten Island,1,,,,5
1991 / 11,Staten Island,2,,,,5
1991 / 11,Staten Island,3,,,,5
1991 / 10,Bronx,1,,,,2
1991 / 10,Bronx,2,,,,2
1991 / 10,Bronx,3,,,,2
1991 / 10,Bronx,4,,,,2
1991 / 10,Bronx,5,,,,2
1991 / 10,Bronx,6,,,,2
1991 / 10,Bronx,7,,,,2
1991 / 10,Bronx,8,,,,2
1991 / 10,Bronx,9,,,,2
1991 / 10,Bronx,10,,,,2
1991 / 10,Bronx,11,,,,2
1991 / 10,Bronx,12,,,,2
1991 / 10,Brooklyn,1,,,,3
1991 / 10,Brooklyn,2,,,,3
1991 / 10,Brooklyn,3,,,,3
1991 / 10,Brooklyn,4,,,,3
1991 / 10,Brooklyn,5,,,,3
1991 / 10,Brooklyn,6,,,,3
1991 / 10,Brooklyn,7,,,,3
1991 / 10,Brooklyn,8,,,,3
1991 / 10,Brooklyn,9,,,,3
1991 / 10,Brooklyn,10,,,,3
1991 / 10,Brooklyn,11,,,,3
1991 / 10,Brooklyn,12,,,,3
1991 / 10,Brooklyn,13,,,,3
1991 / 10,Brooklyn,14,,,,3
1991 / 10,Brooklyn,15,,,,3
1991 / 10,Brooklyn,16,,,,3
1991 / 10,Brooklyn,17,,,,3
1991 / 10,Brooklyn,18,,,,3
1991 / 10,Manhattan,1,,,,1
1991 / 10,Manhattan,2,,,,1
1991 / 10,Manhattan,3,,,,1
1991 / 10,Manhattan,4,,,,1
1991 / 10,Manhattan,5,,,,1
1991 / 10,Manhattan,6,,,,1
1991 / 10,Manhattan,7,,,,1
1991 / 10,Manhattan,8,,,,1
1991 / 10,Manhattan,9,,,,1
1991 / 10,Manhattan,10,,,,1
1991 / 10,Manhattan,11,,,,1
1991 / 10,Manhattan,12,,,,1
1991 / 10,Queens,1,,,,4
1991 / 10,Queens,2,,,,4
1991 / 10,Queens,3,,,,4
1991 / 10,Queens,4,,,,4
1991 / 10,Queens,5,,,,4
1991 / 10,Queens,6,,,,4
1991 / 10,Queens,7,,,,4
1991 / 10,Queens,8,,,,4
1991 / 10,Queens,9,,,,4
1991 / 10,Queens,10,,,,4
1991 / 10,Queens,11,,,,4
1991 / 10,Queens,12,,,,4
1991 / 10,Queens,13,,,,4
1991 / 10,Queens,14,,,,4
1991 / 10,Staten Island,1,,,,5
1991 / 10,Staten Island,2,,,,5
1991 / 10,Staten Island,3,,,,5
1991 / 09,Bronx,1,,,,2
1991 / 09,Bronx,2,,,,2
1991 / 09,Bronx,3,,,,2
1991 / 09,Bronx,4,,,,2
1991 / 09,Bronx,5,,,,2
1991 / 09,Bronx,6,,,,2
1991 / 09,Bronx,7,,,,2
1991 / 09,Bronx,8,,,,2
1991 / 09,Bronx,9,,,,2
1991 / 09,Bronx,10,,,,2
1991 / 09,Bronx,11,,,,2
1991 / 09,Bronx,12,,,,2
1991 / 09,Brooklyn,1,,,,3
1991 / 09,Brooklyn,2,,,,3
1991 / 09,Brooklyn,3,,,,3
1991 / 09,Brooklyn,4,,,,3
1991 / 09,Brooklyn,5,,,,3
1991 / 09,Brooklyn,6,,,,3
1991 / 09,Brooklyn,7,,,,3
1991 / 09,Brooklyn,8,,,,3
1991 / 09,Brooklyn,9,,,,3
1991 / 09,Brooklyn,10,,,,3
1991 / 09,Brooklyn,11,,,,3
1991 / 09,Brooklyn,12,,,,3
1991 / 09,Brooklyn,13,,,,3
1991 / 09,Brooklyn,14,,,,3
1991 / 09,Brooklyn,15,,,,3
1991 / 09,Brooklyn,16,,,,3
1991 / 09,Brooklyn,17,,,,3
1991 / 09,Brooklyn,18,,,,3
1991 / 09,Manhattan,1,,,,1
1991 / 09,Manhattan,2,,,,1
1991 / 09,Manhattan,3,,,,1
1991 / 09,Manhattan,4,,,,1
1991 / 09,Manhattan,5,,,,1
1991 / 09,Manhattan,6,,,,1
1991 / 09,Manhattan,7,,,,1
1991 / 09,Manhattan,8,,,,1
1991 / 09,Manhattan,9,,,,1
1991 / 09,Manhattan,10,,,,1
1991 / 09,Manhattan,11,,,,1
1991 / 09,Manhattan,12,,,,1
1991 / 09,Queens,1,,,,4
1991 / 09,Queens,2,,,,4
1991 / 09,Queens,3,,,,4
1991 / 09,Queens,4,,,,4
1991 / 09,Queens,5,,,,4
1991 / 09,Queens,6,,,,4
1991 / 09,Queens,7,,,,4
1991 / 09,Queens,8,,,,4
1991 / 09,Queens,9,,,,4
1991 / 09,Queens,10,,,,4
1991 / 09,Queens,11,,,,4
1991 / 09,Queens,12,,,,4
1991 / 09,Queens,13,,,,4
1991 / 09,Queens,14,,,,4
1991 / 09,Staten Island,1,,,,5
1991 / 09,Staten Island,2,,,,5
1991 / 09,Staten Island,3,,,,5
1991 / 08,Bronx,1,,,,2
1991 / 08,Bronx,2,,,,2
1991 / 08,Bronx,3,,,,2
1991 / 08,Bronx,4,,,,2
1991 / 08,Bronx,5,,,,2
1991 / 08,Bronx,6,,,,2
1991 / 08,Bronx,7,,,,2
1991 / 08,Bronx,8,,,,2
1991 / 08,Bronx,9,,,,2
1991 / 08,Bronx,10,,,,2
1991 / 08,Bronx,11,,,,2
1991 / 08,Bronx,12,,,,2
1991 / 08,Brooklyn,1,,,,3
1991 / 08,Brooklyn,2,,,,3
1991 / 08,Brooklyn,3,,,,3
1991 / 08,Brooklyn,4,,,,3
1991 / 08,Brooklyn,5,,,,3
1991 / 08,Brooklyn,6,,,,3
1991 / 08,Brooklyn,7,,,,3
1991 / 08,Brooklyn,8,,,,3
1991 / 08,Brooklyn,9,,,,3
1991 / 08,Brooklyn,10,,,,3
1991 / 08,Brooklyn,11,,,,3
1991 / 08,Brooklyn,12,,,,3
1991 / 08,Brooklyn,13,,,,3
1991 / 08,Brooklyn,14,,,,3
1991 / 08,Brooklyn,15,,,,3
1991 / 08,Brooklyn,16,,,,3
1991 / 08,Brooklyn,17,,,,3
1991 / 08,Brooklyn,18,,,,3
1991 / 08,Manhattan,1,,,,1
1991 / 08,Manhattan,2,,,,1
1991 / 08,Manhattan,3,,,,1
1991 / 08,Manhattan,4,,,,1
1991 / 08,Manhattan,5,,,,1
1991 / 08,Manhattan,6,,,,1
1991 / 08,Manhattan,7,,,,1
1991 / 08,Manhattan,8,,,,1
1991 / 08,Manhattan,9,,,,1
1991 / 08,Manhattan,10,,,,1
1991 / 08,Manhattan,11,,,,1
1991 / 08,Manhattan,12,,,,1
1991 / 08,Queens,1,,,,4
1991 / 08,Queens,2,,,,4
1991 / 08,Queens,3,,,,4
1991 / 08,Queens,4,,,,4
1991 / 08,Queens,5,,,,4
1991 / 08,Queens,6,,,,4
1991 / 08,Queens,7,,,,4
1991 / 08,Queens,8,,,,4
1991 / 08,Queens,9,,,,4
1991 / 08,Queens,10,,,,4
1991 / 08,Queens,11,,,,4
1991 / 08,Queens,12,,,,4
1991 / 08,Queens,13,,,,4
1991 / 08,Queens,14,,,,4
1991 / 08,Staten Island,1,,,,5
1991 / 08,Staten Island,2,,,,5
1991 / 08,Staten Island,3,,,,5
1991 / 07,Bronx,1,,,,2
1991 / 07,Bronx,2,,,,2
1991 / 07,Bronx,3,,,,2
1991 / 07,Bronx,4,,,,2
1991 / 07,Bronx,5,,,,2
1991 / 07,Bronx,6,,,,2
1991 / 07,Bronx,7,,,,2
1991 / 07,Bronx,8,,,,2
1991 / 07,Bronx,9,,,,2
1991 / 07,Bronx,10,,,,2
1991 / 07,Bronx,11,,,,2
1991 / 07,Bronx,12,,,,2
1991 / 07,Brooklyn,1,,,,3
1991 / 07,Brooklyn,2,,,,3
1991 / 07,Brooklyn,3,,,,3
1991 / 07,Brooklyn,4,,,,3
1991 / 07,Brooklyn,5,,,,3
1991 / 07,Brooklyn,6,,,,3
1991 / 07,Brooklyn,7,,,,3
1991 / 07,Brooklyn,8,,,,3
1991 / 07,Brooklyn,9,,,,3
1991 / 07,Brooklyn,10,,,,3
1991 / 07,Brooklyn,11,,,,3
1991 / 07,Brooklyn,12,,,,3
1991 / 07,Brooklyn,13,,,,3
1991 / 07,Brooklyn,14,,,,3
1991 / 07,Brooklyn,15,,,,3
1991 / 07,Brooklyn,16,,,,3
1991 / 07,Brooklyn,17,,,,3
1991 / 07,Brooklyn,18,,,,3
1991 / 07,Manhattan,1,,,,1
1991 / 07,Manhattan,2,,,,1
1991 / 07,Manhattan,3,,,,1
1991 / 07,Manhattan,4,,,,1
1991 / 07,Manhattan,5,,,,1
1991 / 07,Manhattan,6,,,,1
1991 / 07,Manhattan,7,,,,1
1991 / 07,Manhattan,8,,,,1
1991 / 07,Manhattan,9,,,,1
1991 / 07,Manhattan,10,,,,1
1991 / 07,Manhattan,11,,,,1
1991 / 07,Manhattan,12,,,,1
1991 / 07,Queens,1,,,,4
1991 / 07,Queens,2,,,,4
1991 / 07,Queens,3,,,,4
1991 / 07,Queens,4,,,,4
1991 / 07,Queens,5,,,,4
1991 / 07,Queens,6,,,,4
1991 / 07,Queens,7,,,,4
1991 / 07,Queens,8,,,,4
1991 / 07,Queens,9,,,,4
1991 / 07,Queens,10,,,,4
1991 / 07,Queens,11,,,,4
1991 / 07,Queens,12,,,,4
1991 / 07,Queens,13,,,,4
1991 / 07,Queens,14,,,,4
1991 / 07,Staten Island,1,,,,5
1991 / 07,Staten Island,2,,,,5
1991 / 07,Staten Island,3,,,,5
1991 / 06,Bronx,1,,,,2
1991 / 06,Bronx,2,,,,2
1991 / 06,Bronx,3,,,,2
1991 / 06,Bronx,4,,,,2
1991 / 06,Bronx,5,,,,2
1991 / 06,Bronx,6,,,,2
1991 / 06,Bronx,7,,,,2
1991 / 06,Bronx,8,,,,2
1991 / 06,Bronx,9,,,,2
1991 / 06,Bronx,10,,,,2
1991 / 06,Bronx,11,,,,2
1991 / 06,Bronx,12,,,,2
1991 / 06,Brooklyn,1,,,,3
1991 / 06,Brooklyn,2,,,,3
1991 / 06,Brooklyn,3,,,,3
1991 / 06,Brooklyn,4,,,,3
1991 / 06,Brooklyn,5,,,,3
1991 / 06,Brooklyn,6,,,,3
1991 / 06,Brooklyn,7,,,,3
1991 / 06,Brooklyn,8,,,,3
1991 / 06,Brooklyn,9,,,,3
1991 / 06,Brooklyn,10,,,,3
1991 / 06,Brooklyn,11,,,,3
1991 / 06,Brooklyn,12,,,,3
1991 / 06,Brooklyn,13,,,,3
1991 / 06,Brooklyn,14,,,,3
1991 / 06,Brooklyn,15,,,,3
1991 / 06,Brooklyn,16,,,,3
1991 / 06,Brooklyn,17,,,,3
1991 / 06,Brooklyn,18,,,,3
1991 / 06,Manhattan,1,,,,1
1991 / 06,Manhattan,2,,,,1
1991 / 06,Manhattan,3,,,,1
1991 / 06,Manhattan,4,,,,1
1991 / 06,Manhattan,5,,,,1
1991 / 06,Manhattan,6,,,,1
1991 / 06,Manhattan,7,,,,1
1991 / 06,Manhattan,8,,,,1
1991 / 06,Manhattan,9,,,,1
1991 / 06,Manhattan,10,,,,1
1991 / 06,Manhattan,11,,,,1
1991 / 06,Manhattan,12,,,,1
1991 / 06,Queens,1,,,,4
1991 / 06,Queens,2,,,,4
1991 / 06,Queens,3,,,,4
1991 / 06,Queens,4,,,,4
1991 / 06,Queens,5,,,,4
1991 / 06,Queens,6,,,,4
1991 / 06,Queens,7,,,,4
1991 / 06,Queens,8,,,,4
1991 / 06,Queens,9,,,,4
1991 / 06,Queens,10,,,,4
1991 / 06,Queens,11,,,,4
1991 / 06,Queens,12,,,,4
1991 / 06,Queens,13,,,,4
1991 / 06,Queens,14,,,,4
1991 / 06,Staten Island,1,,,,5
1991 / 06,Staten Island,2,,,,5
1991 / 06,Staten Island,3,,,,5
1991 / 05,Bronx,1,,,,2
1991 / 05,Bronx,2,,,,2
1991 / 05,Bronx,3,,,,2
1991 / 05,Bronx,4,,,,2
1991 / 05,Bronx,5,,,,2
1991 / 05,Bronx,6,,,,2
1991 / 05,Bronx,7,,,,2
1991 / 05,Bronx,8,,,,2
1991 / 05,Bronx,9,,,,2
1991 / 05,Bronx,10,,,,2
1991 / 05,Bronx,11,,,,2
1991 / 05,Bronx,12,,,,2
1991 / 05,Brooklyn,1,,,,3
1991 / 05,Brooklyn,2,,,,3
1991 / 05,Brooklyn,3,,,,3
1991 / 05,Brooklyn,4,,,,3
1991 / 05,Brooklyn,5,,,,3
1991 / 05,Brooklyn,6,,,,3
1991 / 05,Brooklyn,7,,,,3
1991 / 05,Brooklyn,8,,,,3
1991 / 05,Brooklyn,10,,,,3
1991 / 05,Brooklyn,11,,,,3
1991 / 05,Brooklyn,12,,,,3
1991 / 05,Manhattan,1,,,,1
1991 / 05,Manhattan,2,,,,1
1991 / 05,Manhattan,3,,,,1
1991 / 05,Manhattan,4,,,,1
1991 / 05,Manhattan,5,,,,1
1991 / 05,Manhattan,6,,,,1
1991 / 05,Manhattan,7,,,,1
1991 / 05,Manhattan,8,,,,1
1991 / 05,Manhattan,9,,,,1
1991 / 05,Manhattan,10,,,,1
1991 / 05,Manhattan,11,,,,1
1991 / 05,Manhattan,12,,,,1
1991 / 05,Queens,1,,,,4
1991 / 05,Queens,2,,,,4
1991 / 05,Queens,3,,,,4
1991 / 05,Queens,4,,,,4
1991 / 05,Queens,5,,,,4
1991 / 05,Queens,6,,,,4
1991 / 05,Queens,7,,,,4
1991 / 05,Queens,8,,,,4
1991 / 05,Queens,9,,,,4
1991 / 05,Queens,10,,,,4
1991 / 05,Queens,11,,,,4
1991 / 05,Queens,12,,,,4
1991 / 05,Queens,13,,,,4
1991 / 05,Queens,14,,,,4
1991 / 05,Staten Island,1,,,,5
1991 / 05,Staten Island,2,,,,5
1991 / 05,Staten Island,3,,,,5
1991 / 04,Bronx,1,,,,2
1991 / 04,Bronx,2,,,,2
1991 / 04,Bronx,4,,,,2
1991 / 04,Bronx,5,,,,2
1991 / 04,Bronx,6,,,,2
1991 / 04,Bronx,7,,,,2
1991 / 04,Bronx,8,,,,2
1991 / 04,Bronx,9,,,,2
1991 / 04,Bronx,10,,,,2
1991 / 04,Bronx,11,,,,2
1991 / 04,Bronx,12,,,,2
1991 / 04,Brooklyn,6,,,,3
1991 / 04,Brooklyn,7,,,,3
1991 / 04,Brooklyn,10,,,,3
1991 / 04,Brooklyn,11,,,,3
1991 / 04,Brooklyn,12,,,,3
1991 / 04,Manhattan,1,,,,1
1991 / 04,Manhattan,2,,,,1
1991 / 04,Manhattan,3,,,,1
1991 / 04,Manhattan,4,,,,1
1991 / 04,Manhattan,5,,,,1
1991 / 04,Manhattan,6,,,,1
1991 / 04,Manhattan,7,,,,1
1991 / 04,Manhattan,8,,,,1
1991 / 04,Manhattan,9,,,,1
1991 / 04,Manhattan,10,,,,1
1991 / 04,Manhattan,11,,,,1
1991 / 04,Manhattan,12,,,,1
1991 / 04,Queens,1,,,,4
1991 / 04,Queens,2,,,,4
1991 / 04,Queens,3,,,,4
1991 / 04,Queens,4,,,,4
1991 / 04,Queens,5,,,,4
1991 / 04,Queens,6,,,,4
1991 / 04,Queens,7,,,,4
1991 / 04,Queens,8,,,,4
1991 / 04,Queens,9,,,,4
1991 / 04,Queens,10,,,,4
1991 / 04,Queens,11,,,,4
1991 / 04,Queens,12,,,,4
1991 / 04,Queens,13,,,,4
1991 / 04,Queens,14,,,,4
1991 / 04,Staten Island,1,,,,5
1991 / 04,Staten Island,2,,,,5
1991 / 04,Staten Island,3,,,,5
1991 / 03,Bronx,6,,,,2
1991 / 03,Bronx,9,,,,2
1991 / 03,Bronx,10,,,,2
1991 / 03,Bronx,11,,,,2
1991 / 03,Bronx,12,,,,2
1991 / 03,Brooklyn,6,,,,3
1991 / 03,Brooklyn,7,,,,3
1991 / 03,Brooklyn,10,,,,3
1991 / 03,Brooklyn,11,,,,3
1991 / 03,Brooklyn,12,,,,3
1991 / 03,Manhattan,1,,,,1
1991 / 03,Manhattan,2,,,,1
1991 / 03,Manhattan,3,,,,1
1991 / 03,Manhattan,4,,,,1
1991 / 03,Manhattan,5,,,,1
1991 / 03,Manhattan,6,,,,1
1991 / 03,Manhattan,7,,,,1
1991 / 03,Manhattan,8,,,,1
1991 / 03,Manhattan,9,,,,1
1991 / 03,Manhattan,10,,,,1
1991 / 03,Manhattan,11,,,,1
1991 / 03,Manhattan,12,,,,1
1991 / 03,Queens,7,,,,4
1991 / 03,Queens,8,,,,4
1991 / 03,Queens,10,,,,4
1991 / 03,Queens,11,,,,4
1991 / 03,Queens,12,,,,4
1991 / 03,Queens,13,,,,4
1991 / 03,Queens,14,,,,4
1991 / 03,Staten Island,1,,,,5
1991 / 03,Staten Island,2,,,,5
1991 / 03,Staten Island,3,,,,5
1991 / 02,Bronx,6,,,,2
1991 / 02,Bronx,9,,,,2
1991 / 02,Bronx,10,,,,2
1991 / 02,Bronx,11,,,,2
1991 / 02,Bronx,12,,,,2
1991 / 02,Brooklyn,6,,,,3
1991 / 02,Brooklyn,7,,,,3
1991 / 02,Brooklyn,10,,,,3
1991 / 02,Brooklyn,11,,,,3
1991 / 02,Brooklyn,12,,,,3
1991 / 02,Manhattan,1,,,,1
1991 / 02,Manhattan,2,,,,1
1991 / 02,Manhattan,3,,,,1
1991 / 02,Manhattan,4,,,,1
1991 / 02,Manhattan,5,,,,1
1991 / 02,Manhattan,6,,,,1
1991 / 02,Manhattan,7,,,,1
1991 / 02,Manhattan,8,,,,1
1991 / 02,Manhattan,9,,,,1
1991 / 02,Manhattan,10,,,,1
1991 / 02,Manhattan,11,,,,1
1991 / 02,Manhattan,12,,,,1
1991 / 02,Queens,7,,,,4
1991 / 02,Queens,8,,,,4
1991 / 02,Queens,10,,,,4
1991 / 02,Queens,11,,,,4
1991 / 02,Queens,12,,,,4
1991 / 02,Queens,13,,,,4
1991 / 02,Queens,14,,,,4
1991 / 02,Staten Island,1,,,,5
1991 / 02,Staten Island,2,,,,5
1991 / 02,Staten Island,3,,,,5
1991 / 01,Bronx,6,,,,2
1991 / 01,Bronx,8,,,,2
1991 / 01,Bronx,9,,,,2
1991 / 01,Bronx,10,,,,2
1991 / 01,Bronx,11,,,,2
1991 / 01,Bronx,12,,,,2
1991 / 01,Brooklyn,10,,,,3
1991 / 01,Brooklyn,13,,,,3
1991 / 01,Manhattan,1,,,,1
1991 / 01,Manhattan,2,,,,1
1991 / 01,Manhattan,3,,,,1
1991 / 01,Manhattan,4,,,,1
1991 / 01,Manhattan,5,,,,1
1991 / 01,Manhattan,6,,,,1
1991 / 01,Manhattan,7,,,,1
1991 / 01,Manhattan,8,,,,1
1991 / 01,Manhattan,9,,,,1
1991 / 01,Manhattan,10,,,,1
1991 / 01,Manhattan,11,,,,1
1991 / 01,Manhattan,12,,,,1
1991 / 01,Queens,1,,,,4
1991 / 01,Queens,7,,,,4
1991 / 01,Queens,8,,,,4
1991 / 01,Queens,10,,,,4
1991 / 01,Queens,11,,,,4
1991 / 01,Queens,12,,,,4
1991 / 01,Queens,13,,,,4
1991 / 01,Queens,14,,,,4
1991 / 01,Staten Island,1,,,,5
1991 / 01,Staten Island,2,,,,5
1991 / 01,Staten Island,3,,,,5
1990 / 12,Manhattan,1,,,,1
1990 / 12,Manhattan,2,,,,1
1990 / 12,Manhattan,3,,,,1
1990 / 12,Manhattan,4,,,,1
1990 / 12,Manhattan,5,,,,1
1990 / 12,Manhattan,6,,,,1
1990 / 12,Manhattan,7,,,,1
1990 / 12,Manhattan,8,,,,1
1990 / 12,Manhattan,9,,,,1
1990 / 12,Manhattan,10,,,,1
1990 / 12,Manhattan,11,,,,1
1990 / 12,Manhattan,12,,,,1
1990 / 12,Queens,7,,,,4
1990 / 12,Queens,8,,,,4
1990 / 12,Queens,10,,,,4
1990 / 12,Queens,11,,,,4
1990 / 12,Queens,12,,,,4
1990 / 12,Queens,13,,,,4
1990 / 12,Queens,14,,,,4
1990 / 12,Staten Island,1,,,,5
1990 / 12,Staten Island,2,,,,5
1990 / 12,Staten Island,3,,,,5
1990 / 11,Manhattan,1,,,,1
1990 / 11,Manhattan,2,,,,1
1990 / 11,Manhattan,3,,,,1
1990 / 11,Manhattan,4,,,,1
1990 / 11,Manhattan,5,,,,1
1990 / 11,Manhattan,6,,,,1
1990 / 11,Manhattan,7,,,,1
1990 / 11,Manhattan,8,,,,1
1990 / 11,Manhattan,9,,,,1
1990 / 11,Manhattan,10,,,,1
1990 / 11,Manhattan,11,,,,1
1990 / 11,Manhattan,12,,,,1
1990 / 11,Queens,7,,,,4
1990 / 11,Queens,8,,,,4
1990 / 11,Queens,10,,,,4
1990 / 11,Queens,11,,,,4
1990 / 11,Queens,12,,,,4
1990 / 11,Queens,13,,,,4
1990 / 11,Queens,14,,,,4
1990 / 11,Staten Island,1,,,,5
1990 / 11,Staten Island,2,,,,5
1990 / 11,Staten Island,3,,,,5
1990 / 10,Manhattan,1,,,,1
1990 / 10,Manhattan,2,,,,1
1990 / 10,Manhattan,3,,,,1
1990 / 10,Manhattan,4,,,,1
1990 / 10,Manhattan,5,,,,1
1990 / 10,Manhattan,6,,,,1
1990 / 10,Manhattan,7,,,,1
1990 / 10,Manhattan,8,,,,1
1990 / 10,Manhattan,9,,,,1
1990 / 10,Manhattan,10,,,,1
1990 / 10,Manhattan,11,,,,1
1990 / 10,Manhattan,12,,,,1
1990 / 10,Queens,7,,,,4
1990 / 10,Queens,8,,,,4
1990 / 10,Queens,11,,,,4
1990 / 10,Staten Island,1,,,,5
1990 / 10,Staten Island,2,,,,5
1990 / 10,Staten Island,3,,,,5
1990 / 09,Manhattan,3,,,,1
1990 / 09,Manhattan,5,,,,1
1990 / 09,Manhattan,6,,,,1
1990 / 09,Manhattan,8,,,,1
1990 / 09,Manhattan,10,,,,1
1990 / 09,Manhattan,11,,,,1
1990 / 09,Staten Island,1,,,,5
1990 / 09,Staten Island,2,,,,5
1990 / 09,Staten Island,3,,,,5
1990 / 08,Manhattan,3,,,,1
1990 / 08,Manhattan,5,,,,1
1990 / 08,Manhattan,6,,,,1
1990 / 08,Manhattan,8,,,,1
1990 / 08,Manhattan,10,,,,1
1990 / 08,Manhattan,11,,,,1
1990 / 08,Staten Island,1,,,,5
1990 / 08,Staten Island,2,,,,5
1990 / 08,Staten Island,3,,,,5
1990 / 07,Staten Island,1,,,,5
1990 / 07,Staten Island,2,,,,5
1990 / 07,Staten Island,3,,,,5
1990 / 06,Staten Island,1,,,,5
1990 / 06,Staten Island,2,,,,5
1990 / 06,Staten Island,3,,,,5
1990 / 01,Manhattan,3,,,,1
1990 / 01,Queens,12,,,,4
1990 / 01,Staten Island,2,,,,5