Alert ID,Event ID,Update Number,Date,Agency,Status Label,Affected,Header,Description
490021,239866,2,2/27/26,,express-to-local | delays,E | F | M | R,Downtown E/F trains are delayed while we remove a train with a mechanical problem from service at Forest Hills-71 Av.,"Downtown E/F trains will arrive on the local track at Forest Hills-71 Av.

Expect delays in M/R service while they share the tracks with rerouted trains."
490031,239866,3,2/27/26,NYCT Subway,delays,E | F | M | R,Downtown E/F/M/R trains are running with delays after we removed a train with a mechanical problem from service at Forest Hills-71 Av.,Downtown E/F trains have resumed making scheduled stops on the express track at Forest Hills-71 Av.
490035,239866,4,2/27/26,NYCT Subway,delays,E | M | R,"Uptown E/M trains are running with delays.
Downtown R trains are running with delays.","What Happened?
We removed a train with a mechanical problem from service at Forest Hills-71 Av."
489917,239798,1,2/27/26,,delays,R,Uptown N/R/Q trains are running with delays after we addressed a signal problem near Canal St.,Uptown R trains have resumed making scheduled stops from Brooklyn to Manhattan.
489918,239798,2,2/27/26,,delays,N | Q | R,Uptown N/R/Q trains are running with delays after we addressed a signal problem near Canal St.,Uptown R trains have resumed making scheduled stops from Brooklyn to Manhattan.
489397,239547,0,2/26/26,,reroute | delays,Q | R,Downtown R trains are rerouted via the Q line from Canal St to DeKalb Av.,"What's Happening?

We are addressing a train with a mechanical problem at Jay St-MetroTech.

For service to/from bypassed stations, take an uptown R train. 

Expect delays in Q service while they share the tracks with rerouted trains."
489402,239547,1,2/26/26,NYCT Subway,reroute | delays,Q | R,Downtown R trains are rerouted via the Q line from Canal St to DeKalb Av.,"What's Happening?

We are addressing a train with a mechanical problem at Jay St-MetroTech.

For service to/from bypassed stations, take an uptown R train.

Expect delays in Q service while they share the tracks with rerouted trains.

Travel alternatives:

For service between Canal St and Whitehall St-South Ferry, consider taking the W train."
489419,239547,2,2/26/26,NYCT Subway,delays,R,Downtown R trains are running with delays after we moved a train with a mechanical problem at Jay St-MetroTech.,Downtown R trains have resumed making scheduled stops from Canal St to DeKalb Av.
489399,239546,1,2/26/26,,delays,N | R | W,Downtown N/R/W trains are delayed while we address a signal problem near Lexington Av/59 St.,"Some downtown R trains are running via Roosevelt Island from 36 St (QNS) to W 4 St-Wash Sq, then via B to DeKalb Av.

Listen for announcements to hear how your train will run."
489400,239546,2,2/26/26,NYCT Subway,delays,N | R | W,Downtown N/R/W trains are delayed while we address a signal problem near Lexington Av/59 St.,"Some downtown R trains are running via Roosevelt Island from 36 St (QNS) to W 4 St-Wash Sq, then via B to DeKalb Av.

Listen for announcements to hear how your train will run.

Travel alternatives:

For service between Canal St and Whitehall St-South Ferry, consider taking the W train."
490021,239866,2,2/27/26,,express-to-local | delays,E | F | M | R,Downtown E/F trains are delayed while we remove a train with a mechanical problem from service at Forest Hills-71 Av.,"Downtown E/F trains will arrive on the local track at Forest Hills-71 Av.

Expect delays in M/R service while they share the tracks with rerouted trains."
490031,239866,3,2/27/26,NYCT Subway,delays,E | F | M | R,Downtown E/F/M/R trains are running with delays after we removed a train with a mechanical problem from service at Forest Hills-71 Av.,Downtown E/F trains have resumed making scheduled stops on the express track at Forest Hills-71 Av.
490035,239866,4,2/27/26,NYCT Subway,delays,E | M | R,"Uptown E/M trains are running with delays.
Downtown R trains are running with delays.","What Happened?
We removed a train with a mechanical problem from service at Forest Hills-71 Av."
489917,239798,1,2/27/26,,delays,R,Uptown N/R/Q trains are running with delays after we addressed a signal problem near Canal St.,Uptown R trains have resumed making scheduled stops from Brooklyn to Manhattan.
489918,239798,2,2/27/26,,delays,N | Q | R,Uptown N/R/Q trains are running with delays after we addressed a signal problem near Canal St.,Uptown R trains have resumed making scheduled stops from Brooklyn to Manhattan.
489397,239547,0,2/26/26,,reroute | delays,Q | R,Downtown R trains are rerouted via the Q line from Canal St to DeKalb Av.,"What's Happening?

We are addressing a train with a mechanical problem at Jay St-MetroTech.

For service to/from bypassed stations, take an uptown R train. 

Expect delays in Q service while they share the tracks with rerouted trains."
489402,239547,1,2/26/26,NYCT Subway,reroute | delays,Q | R,Downtown R trains are rerouted via the Q line from Canal St to DeKalb Av.,"What's Happening?

We are addressing a train with a mechanical problem at Jay St-MetroTech.

For service to/from bypassed stations, take an uptown R train.

Expect delays in Q service while they share the tracks with rerouted trains.

Travel alternatives:

For service between Canal St and Whitehall St-South Ferry, consider taking the W train."
489419,239547,2,2/26/26,NYCT Subway,delays,R,Downtown R trains are running with delays after we moved a train with a mechanical problem at Jay St-MetroTech.,Downtown R trains have resumed making scheduled stops from Canal St to DeKalb Av.
489399,239546,1,2/26/26,,delays,N | R | W,Downtown N/R/W trains are delayed while we address a signal problem near Lexington Av/59 St.,"Some downtown R trains are running via Roosevelt Island from 36 St (QNS) to W 4 St-Wash Sq, then via B to DeKalb Av.

Listen for announcements to hear how your train will run."
489400,239546,2,2/26/26,NYCT Subway,delays,N | R | W,Downtown N/R/W trains are delayed while we address a signal problem near Lexington Av/59 St.,"Some downtown R trains are running via Roosevelt Island from 36 St (QNS) to W 4 St-Wash Sq, then via B to DeKalb Av.

Listen for announcements to hear how your train will run.

Travel alternatives:

For service between Canal St and Whitehall St-South Ferry, consider taking the W train."
489401,239546,3,2/26/26,,delays,N | R | W,Downtown N/R/W trains are delayed while we address a signal problem near Lexington Av/59 St.,"Some downtown R trains are running via Roosevelt Island from 36 St (QNS) to W 4 St-Wash Sq, then via B to DeKalb Av.

Listen for announcements to hear how your train will run."
489411,239546,4,2/26/26,,delays,N | R | W,Downtown N/R/W trains are running with delays after we addressed a signal problem near Lexington Av/59 St.,Downtown R trains have resumed making scheduled stops.
489313,239500,,2/25/26,,express-to-local,E | F | M | R,E/F/M/R trains are running with delays in both directions after we requested EMS for someone in need on a train at Forest Hills-71 Av.,Jamaica-bound E/F trains have resumed making express stops from Jackson Heights-Roosevelt Av to Forest Hills-71 Av.
489234,239439,6,2/25/26,NYCT Subway,delays,E | F | M | R,E/F/M/R trains are disrupted in both directions while we address a signal problem near Forest Hills-71 Av.,"Service Changes:

Some Jamaica-bound E/F trains will end at Forest Hills-71 Av.


Some Jamaica-bound F trains are running via Roosevelt Island from 47-50 Sts-Rockefeller Ctr to Queens Plaza, then run local to Jackson Heights-Roosevelt Av, where they will end.

Jamaica-bound F trains are running express from Forest Hills-71 Av to Kew Gardens-Union Tpke.

Some Forest Hills-bound M trains will end at Essex St, Chambers St (J line), or 21 St-Queensbridge.

Some uptown R trains will end at 96 St on the Q.

Listen for crew announcements to hear how your train will run."
489111,239405,,2/25/26,NYCT Subway,reroute | delays,N | Q | R | W,"Uptown N/Q trains are running via the R from Atlantic Av-Barclays Ctr to Canal St.
Uptown R/W trains are delayed.","What's Happening?
We're investigating why a train's brakes activated at Canal St."
489124,239405,3,2/25/26,NYCT Subway,delays,N | Q | R | W,"Uptown N/Q/R/W are holding in stations in Lower Manhattan and Brooklyn.
Expect delays in N/Q/R/W trains in both directions.",We're investigating why two train's brakes activated near Canal St.
489134,239405,4,2/25/26,NYCT Subway,reroute | delays,N | Q | R | W,"Uptown N/Q  trains are running on the R line from DeKalb Av to Canal St.
We're addressing a signal problem near Canal St.","We're investigating why a train's brakes activated near Canal St.
Expect delays in N/Q/R/W trains in both directions."
489144,239405,5,2/25/26,NYCT Subway,reroute | delays,N | Q | R | W,"Uptown N/Q  trains are running on the R line from DeKalb Av to Canal St.
Expect delays in N/Q/R/W trains in both directions.","Additional Service Changes:
Some uptown N trains will end at Atlantic Av-Barclays Ctr or 36 St (Bklyn).
Some uptown Q trains will end at Prospect Park.

Listen for crew announcements to hear how your train will run.

What's Happening?
We're investigating why a train's brakes activated near Canal St."
489170,239405,6,2/25/26,,delays | severe-delays,N | Q | R | W,"N/Q/R/W trains are running with severe delays in both directions.
Uptown Q trains are running with severe delays.",Uptown N/Q trains have resumed regular service in Brooklyn and Manhattan.
489171,239405,7,2/25/26,,delays | severe-delays,N | Q | R | W,"N/Q/R/W trains are running with severe delays in both directions.
Uptown Q trains are running with severe delays.",Uptown N/Q trains have resumed regular service in Brooklyn and Manhattan.
489176,239405,8,2/25/26,,severe-delays,N | Q | R | W,N/Q/R/W trains are running with severe delays in both directions.,"Uptown N/Q trains have resumed regular service in Brooklyn and Manhattan.
We addressed a signal problem at 34 St-Herald Sq.
We removed a train with a mechanical problem from service at Canal St."
489194,239405,9,2/25/26,NYCT Subway,delays,N | Q | R | W,N/Q/R/W trains are running with delays in both directions.,"We addressed a signal problem at 34 St-Herald Sq.
We removed a train with a mechanical problem from service at Canal St."
488881,239294,,2/25/26,NYCT Subway,stops-skipped,,Downtown R trains are running express from Forest Hills-71 Av to Jackson Heights-Roosevelt Av while we conduct an investigation near Grand Av-Newtown.,"For service to/from bypassed stops, take a Jamaica-bound local train."
488890,239294,2,2/25/26,NYCT Subway,stops-skipped | delays,E | F | R,"Downtown E/F trains are running express from Forest Hills-71 Av to Jackson Heights-Roosevelt Av.
Downtown R trains are running with delays.","What's Happening?
We are conducting an investigation near Grand Av-Newtown.

For service to/from bypassed stops, take a Jamaica-bound local train."
488895,239294,3,2/25/26,,delays,E | F | R,"E/F  trains are delayed in both directions. 
Bay Ridge-95 St-bound R trains are running with delays in Manhattan and Brooklyn.","What's Happening?
We are conducting an investigation near Grand Av-Newtown."
488902,239294,4,2/25/26,NYCT Subway,delays,E | F | R,E/F  trains are delayed in both directions.,"What's Happening?
We are conducting an investigation near Grand Av-Newtown.

The last stop on some downtown E/F trains will be Forest Hills-71 Av.
The last stop on some Jamaica Center-bound E trains will be Queens Plaza.
The last stop on some Jamaica 179 St-bound F trains will be 21 St-Queensbridge."
488849,239280,0,2/25/26,NYCT Subway,delays,N | R | W,N/R/W trains are running with delays in both directions while we address a signal problem in the tunnel between Manhattan and Queens.,"Some Bay Ridge-95 St-bound R trains will run via Roosevelt Island from 36 St to W 4 St-Wash Sq then via B to DeKalb Av. 
Listen for announcements to hear how your train will operate."
488784,239247,1,2/24/26,,delays,N | R | W,Downtown N/R/W trains are delayed while we address a signal problem in the tunnel between Manhattan and Queens.,"Some Bay Ridge-95 St-bound R trains will run via Roosevelt Island from 36 St to Lexington Av/63 St then via Q to 57 St/7 Av
.
Listen for announcements to hear how your train will operate."
488761,239236,0,2/24/26,NYCT Subway,delays,N | Q | R | W,N/R/W trains are running with delays.,"The last stop on some uptown N/W trains will be 96 St on the Q line. 
Some R trains will be running via the Q from 57 St/7 Av to Lexington Av/63 St then via Roosevelt Island to 36 St
.
Listen for announcements to hear how your train will operate.
Expect delays on uptown Q trains while they share the tracks with rerouted trains. 
What's Happening?
 
We're recovering from the winter storm."
488782,239236,1,2/24/26,NYCT Subway,delays,N | Q | R | W,N/R/W trains are running with delays.,"The last stop on some uptown N/W trains will be 96 St on the Q line. 
Some Forest Hills-71 Av/R trains will be running via the Q from 57 St/7 Av to Lexington Av/63 St then via Roosevelt Island to 36 St
.
Listen for announcements to hear how your train will operate.
Expect delays on uptown Q trains while they share the tracks with rerouted trains. 
What's Happening?
 
We're recovering from the winter storm."
488808,239236,2,2/24/26,,delays,R | W,Downtown R/W trains are running with delays.,"Some Bay Ridge-95 St-bound R trains will run via the Q line from Canal St to DeKalb Av. 
Listen for announcements to hear how your train will operate.
What's Happening?
 
We're recovering from the winter storm."
488820,239236,3,2/24/26,NYCT Subway,delays,N | R | W,N/R/W trains are running with delays in both directions.,"Some Bay Ridge-95 St-bound R trains will run via the Q line from Canal St to DeKalb Av. 
Listen for announcements to hear how your train will operate.
What's Happening?
 
We're recovering from the winter storm."
488427,239078,1,2/24/26,NYCT Subway,delays,D | N | R,Uptown D/N/R trains are running with delays after an FDNY investigation at 4 Av/9 St concluded.,Uptown D/N/R trains have resumed stopping at 4 Av/9 St.
488195,239009,0,2/23/26,NYCT Subway,delays,,R trains are running with delays in both directions.,"What's Happening?
Winter storm.

Please use caution while traveling."
488295,239009,1,2/24/26,,delays,,Bay Ridge-bound R trains are running with delays.,"What's Happening?
Winter storm.

Please use caution while traveling."
488196,239002,4,2/23/26,NYCT Subway,delays,E | F | M | R,Downtown E/F M/R trains are running with delays after we removed a train that had its brakes activated from service near Court Sq-23 St.,Downtown E/F trains have resumed regular service in Queens and Manhattan.
488170,238999,0,2/23/26,NYCT Subway,stops-skipped,M | R,Forest Hills-71 Av-bound M and R trains are running on the express track from 21 St-Queensbridge/Queens Plaza to Jackson Heights-Roosevelt Av.,"What's Happening?
FDNY is responding to a track fire at 36 St
.
For service to/from bypassed stations, take a Middle Village-Metropolitan Av-bound M or downtown R train."
488172,238999,1,2/23/26,,stops-skipped,M | R,Middle Village-Metropolitan Av-bound M and downtown R trains are running on the express track from Forest Hills-71 Av to 21 St-Queensbridge/Queens Plaza.,"What's Happening?
FDNY is responding to a track fire at 65 St
.
For service to/from bypassed stations, take a Forest Hills-71 Av-bound M or downtown R train."
488179,238999,2,2/23/26,NYCT Subway,delays,M | R,Middle Village-bound M and downtown R trains are running with delays after FDNY responded to a track fire at 65 St.,Middle Village-bound M and downtown R trains have resumed local service from Forest Hills-71 Av to 21 St-Queensbridge/Queens Plaza.
487838,238825,0,2/23/26,,delays,D | N | R,Uptown D/N/R trains are delayed while we remove a train that needs to be cleaned from service at Atlantic Av-Barclays Ctr.,"Reminder:
Uptown D/N trains are running local in Brooklyn because of the winter storm."
487840,238825,1,2/23/26,NYCT Subway,delays,D | N | R,Uptown D/N/R trains are delayed while we remove a train in need of cleaning from service and request NYPD assistance with someone being disruptive at DeKalb Av.,"Reminder:
Uptown D/N trains are running local in Brooklyn because of the winter storm."
487613,238704,1,2/21/26,NYCT Subway,stops-skipped | delays,E | F | R,"Jamaica-bound E/F trains are delayed.
Forest Hills-bound R trains are running express from Queens Plaza to Jackson Heights-Roosevelt Av.","What's Happening?
We're investigating why a train's brakes activated at 65 St.

For service to/from stops bypassed, take a downtown train."
487616,238704,2,2/21/26,NYCT Subway,delays,E | F | R,Jamaica-bound E/F and Forest Hills-bound R trains are running with delays after we moved a train that had its brakes activated at 65 St.,Forest Hills -bound R trains have resumed local service from Queens Plaza to Jackson Heights-Roosevelt Av.
487432,238594,3,2/20/26,,delays,N | R | W,"Downtown N/W trains are running with delays.
Uptown R  trains are running with delays.","What Happened?
We addressed a door problem on a train at 5 Av/59 St."
487197,238485,0,2/20/26,,stops-skipped | delays,N | Q | R | W,Uptown N/R/W trains are running express from 34 St-Herald Sq to 57 St/7 Av.,"What's Happening?

We're removing a train with a mechanical problem from service at 57 St/7 Av.

For service to/from bypassed stations, take a downtown R or W train.

Expect delays in Q service while they share the tracks with rerouted trains."
487199,238485,1,2/20/26,NYCT Subway,delays,N | Q | R | W,Uptown N/Q/R/W trains are running with delays after we removed a train with a mechanical problem from service at 57 St/7 Av.,Uptown N/R/W trains have resumed making scheduled stops from 34 St-Herald Sq to 57 St/7 Av.
486856,238344,0,2/19/26,NYCT Subway,stops-skipped,M | R,Middle Village-Metropolitan Av-bound M and downtown R trains are running express from Forest Hills-71 Av to Jackson Heights-Roosevelt Av.,"If your stop is skipped, take a Forest Hills-71 Av-bound M/R train. 
What's Happening?
 
We requested NYPD assistance for someone being disruptive on a train at Woodhaven Blvd."
486858,238344,1,2/19/26,NYCT Subway,delays,M | R,Middle Village-Metropolitan Av-bound M and downtown R trains are running with delays after we requested for NYPD assistance at Woodhaven Blvd.,Middle Village-Metropolitan Av-bound M and downtown R trains have resumed making local stops from Forest Hills-71 Av to Jackson Heights-Roosevelt Av.
486727,238291,0,2/18/26,NYCT Subway,delays,N | R | W,"Downtown N/R/W trains are running with delays.
Some downtown R trains via Roosevelt Island from 36 St (Qns) to Lexington Av/63 St, then via Q to 57 St/7 Av.","Listen for crew announcements to hear how your train will run.

What's Happening?
We're conducting track maintenance near Lexington Av/59 St.

Expect downtown M/Q delays while they share tracks with rerouted trains."
486730,238291,1,2/18/26,NYCT Subway,delays,N | R | W,"N/R/W trains are running with delays in both directions.
Some downtown R via Roosevelt Island from 36 St (Qns) to Lexington Av/63 St, then via Q to 57 St/7 Av.","Listen for crew announcements to hear how your train will run.

What's Happening?
We're conducting track maintenance near Lexington Av/59 St.

Expect downtown M/Q delays while they share tracks with rerouted trains."
486733,238291,2,2/18/26,NYCT Subway,delays,N | Q | R | W,N/R/W trains are disrupted in both directions between Manhattan and Queens while we conduct track maintenance near Lexington Av/59 St.,"Service Changes:
Some R trains are running via Roosevelt Island between 36 St (Qns) to/from Lexington Av/63 St, then via the Q to/from 57 St/7 Av.

Some uptown N/W trains will end at 96 St on the Q line, where they will turn back for downtown service.

Listen for crew announcements to hear how your train will run.

What's Happening?
We're conducting track maintenance near Lexington Av/59 St.

Expect downtown M/Q delays while they share tracks with rerouted trains."
486734,238291,3,2/18/26,NYCT Subway,delays,N | Q | R | W,N/R/W trains are disrupted in both directions between Manhattan and Queens while we conduct track maintenance near Lexington Av/59 St.,"Service Changes:
Some R trains are running via Roosevelt Island between 36 St (Qns) to/from Lexington Av/63 St, then via the Q to/from 57 St/7 Av.

Some uptown N/W trains will end at 96 St on the Q line, where they will turn back for downtown service.

Listen for crew announcements to hear how your train will run.

Expect downtown M/Q delays while they share tracks with rerouted trains.

Travel Alternatives:
For service between Manhattan and Queens, consider 7/E/F trains or Q32 and Q60 buses."
486736,238291,4,2/18/26,NYCT Subway,delays,N | Q | R | W,N/R/W trains are disrupted in both directions between Manhattan and Queens while we conduct track maintenance near Lexington Av/59 St.,"Service Changes:
Some R trains are running via Roosevelt Island between 36 St (Qns) to/from Lexington Av/63 St, then via the Q to/from 57 St/7 Av.

Some uptown N/W trains will end at 96 St on the Q line, where they will turn back for downtown service.

Listen for crew announcements to hear how your train will run.

Expect downtown M/Q delays while they share tracks with rerouted trains.

Travel Alternatives:

Between Manhattan and Queens:
Take 7/E/F trains.
Take Q32 or Q60 buses.

To/from Astoria:
Take 7 trains to/from Queensboro Plaza, then change to/from Q69 or Q100 buses.
Take M/R trains to/from 36 St (Qns), then change to Q101 buses."
486762,238291,5,2/18/26,NYCT Subway,delays,N | Q | R | W,N/R/W trains are disrupted in both directions between Manhattan and Queens while we address a signal problem near Lexington Av/59 St.,"Service Changes:
Some R trains are running via Roosevelt Island between 36 St (Qns) to/from Lexington Av/63 St, then via the Q to/from 57 St/7 Av.

Some uptown N/W trains will end at 96 St on the Q line, where they will turn back for downtown service.

Listen for crew announcements to hear how your train will run.

Expect downtown M/Q delays while they share tracks with rerouted trains.

Travel Alternatives:

Between Manhattan and Queens:
Take 7/E/F trains.
Take Q32 or Q60 buses.

To/from Astoria:
Take 7 trains to/from Queensboro Plaza, then change to/from Q69 or Q100 buses.
Take M/R trains to/from 36 St (Qns), then change to Q101 buses."
486764,238291,6,2/18/26,NYCT Subway,delays,N | Q | R | W,No N/R/W service between Manhattan and Queens in either direction while we address a signal problem near Lexington Av/59 St.,"Service Changes:
R trains are running via Roosevelt Island between 36 St (Qns) to/from Lexington Av/63 St, then via the Q to/from 57 St/7 Av.

Uptown N/W trains will end at Times Sq-42 St or 96 St on the Q line, where they will turn back for downtown service.

Listen for crew announcements to hear how your train will run.

Expect M/Q delays while they share tracks with rerouted trains.

Travel Alternatives:

Between Manhattan and Queens:
Take 7/E/F/M trains.
Take Q32 or Q60 buses.

To/from Astoria:
Take 7 trains to/from Queensboro Plaza, then change to/from Q69 or Q100 buses.
Take M/R trains to/from 36 St (Qns), then change to Q101 buses."
486766,238291,7,2/18/26,NYCT Subway,part-suspended,N | Q | R | W,No N/R/W service between Manhattan and Queens in either direction while we address a signal problem near Lexington Av/59 St.,"Service Changes:
R trains are running via Roosevelt Island between 36 St (Qns) to/from Lexington Av/63 St, then via the Q to/from 57 St/7 Av.

Uptown N/W trains will end at Times Sq-42 St or 96 St on the Q line, where they will turn back for downtown service.

Listen for crew announcements to hear how your train will run.

Expect M/Q delays while they share tracks with rerouted trains.

Travel Alternatives:

Between Manhattan and Queens:
Take 7/E/F/M trains.
Take Q32 or Q60 buses.

To/from Astoria:
Take 7 trains to/from Queensboro Plaza, then change to/from Q69 or Q100 buses.
Take M/R trains to/from 36 St (Qns), then change to Q101 buses."
486768,238291,8,2/18/26,NYCT Subway,part-suspended | delays,N | Q | R | W,No N/R/W service between Manhattan and Queens in either direction while we address a signal problem near Lexington Av/59 St.,"Service Changes:
R trains are running via Roosevelt Island between 36 St (Qns) to/from Lexington Av/63 St, then via the Q to/from 57 St/7 Av.

Uptown N/W trains will end at Times Sq-42 St or 96 St on the Q line, where they will turn back for downtown service.

Listen for crew announcements to hear how your train will run.

Expect M/Q delays while they share tracks with rerouted trains.

Travel Alternatives:

Between Manhattan and Queens:
Take 7/E/F/M trains.
Take Q32 or Q60 buses.

To/from Astoria:
Take 7 trains to/from Queensboro Plaza, then change to/from Q69 or Q100 buses.
Take M/R trains to/from 36 St (Qns), then change to Q101 buses."
486769,238291,9,2/18/26,NYCT Subway,reroute | part-suspended | delays,N | Q | R | W,No N/R/W service between Manhattan and Queens in either direction while we address a signal problem near Lexington Av/59 St.,"Service Changes:
R trains are running via Roosevelt Island between 36 St (Qns) to/from Lexington Av/63 St, then via the Q to/from 57 St/7 Av.

Uptown N/W trains will end at Times Sq-42 St or 96 St on the Q line, where they will turn back for downtown service.

Listen for crew announcements to hear how your train will run.

Expect M/Q delays while they share tracks with rerouted trains.

Travel Alternatives:

Between Manhattan and Queens:
Take 7/E/F/M trains.
Take Q32 or Q60 buses.

To/from Astoria:
Take 7 trains to/from Queensboro Plaza, then change to/from Q69 or Q100 buses.
Take M/R trains to/from 36 St (Qns), then change to Q101 buses."
486774,238291,10,2/18/26,NYCT Subway,reroute | part-suspended | delays,N | Q | R | W,"No N/W service between Manhattan and Queens in either direction.
R trains are rerouted between Manhattan and Queens in both directions.","Service Changes:
R trains are running via Roosevelt Island between 36 St (Qns) to/from Lexington Av/63 St, then via the Q to/from 57 St/7 Av.

Uptown N/W trains will end at Times Sq-42 St or 96 St on the Q line, where they will turn back for downtown service.

Downtown N/W trains will end at Queensboro Plaza, where thy will turn back for Astoria-bound service.

Listen for crew announcements to hear how your train will run.

Expect M/Q delays while they share tracks with rerouted trains.

What's Happening?
We're addressing a signal problem near Lexington Av/59 St.

Travel Alternatives:

Between Manhattan and Queens:
Take 7/E/F/M trains.
Take Q32 or Q60 buses.

To/from Astoria:
Take 7 trains to/from Queensboro Plaza, then change to/from Q69 or Q100 buses.
Take M/R trains to/from 36 St (Qns), then change to Q101 buses."
486775,238291,11,2/18/26,NYCT Subway,reroute | part-suspended | delays,N | Q | R | W,"No N/W service between Manhattan and Queens in either direction.
R trains are rerouted between Manhattan and Queens in both directions.","Service Changes:
R trains are running via Roosevelt Island between 36 St (Qns) to/from Lexington Av/63 St, then via the Q to/from 57 St/7 Av.

Uptown N/W trains will end at Times Sq-42 St or 96 St on the Q line, where they will turn back for downtown service.

Downtown N/W trains will end at Queensboro Plaza, where they will turn back for Astoria-bound service.

Listen for crew announcements to hear how your train will run.

Expect M/Q delays while they share tracks with rerouted trains.

What's Happening?
We're addressing a signal problem near Lexington Av/59 St.

Travel Alternatives:

Between Manhattan and Queens:
Take 7/E/F/M trains.
Take Q32 or Q60 buses.

To/from Astoria:
Take 7 trains to/from Queensboro Plaza, then change to/from Q69 or Q100 buses.
Take M/R trains to/from 36 St (Qns), then change to Q101 buses."
486788,238291,12,2/18/26,NYCT Subway,delays,N | R | W,N/R/W trains are running with delays in both directions following multiple incidents along the line.,"N/R/W trains have resumed regular service in both directions between Manhattan and Queens.

What Happened?
We addressed a signal problem near Lexington Av/59 St.
FDNY investigated a report of smoke near 49 St."
486792,238291,13,2/18/26,NYCT Subway,delays,N | Q | R | W,N/Q/R/W trains are running with delays in both directions following multiple incidents along the line.,"N/R/W trains have resumed regular service in both directions between Manhattan and Queens.

What Happened?
We addressed a signal problem near Lexington Av/59 St.
FDNY investigated a report of smoke near 49 St."
486829,238291,14,2/19/26,NYCT Subway,delays,N | Q | R | W,N/Q/R/W trains are running with delays in both directions following multiple incidents along the line.,"What Happened?
We addressed a signal problem near Lexington Av/59 St.
FDNY investigated a report of smoke near 49 St."
486448,238154,0,2/17/26,NYCT Subway,stops-skipped,R | W,Downtown R/W trains will run express from 34 St-Herald Sq to Canal St while we request EMS assistance for someone on a train at 14 St-Union Sq.,"For skipped stops, take an uptown train."
486450,238154,1,2/17/26,NYCT Subway,delays,R | W,Downtown R/W trains are running with delays after we requested EMS assistance for someone on a train at 14 St-Union Sq.,Downtown R/W trains have ressumed making regular stops.
486262,238061,1,2/16/26,NYCT Subway,delays,R,No R train service between Manhattan and Brooklyn in both directions.,"NYPD/EMS is responding to a person being disruptive on a train at Whitehall St-South Ferry
.
Uptown R trains will end at Court St
.
Travel Alternatives:

For service between Manhattan and Brooklyn, consider the N/Q trains."
486264,238061,2,2/16/26,NYCT Subway,reroute | part-suspended,N | R,No R train service between Manhattan and Brooklyn in both directions.,"NYPD/EMS is responding to a person being disruptive on a train at Whitehall St-South Ferry
.
Uptown N trains are running on the Q line from DeKalb Av to Canal St
.
Uptown R trains will end at Court St
.
Travel Alternatives:

For service between Manhattan and Brooklyn, consider the N/Q trains."
486265,238061,3,2/16/26,NYCT Subway,delays,R,R trains are running with delays in both directions after NYPD/EMS responded to a person being disruptive on a train at Whitehall St-South Ferry.,R service has resumed between Manhattan and Brooklyn in both directions.
486151,238007,1,2/15/26,NYCT Subway,delays,R,Forest Hills-71 Av-bound R trains are with delays after we removed debris from the track that caused a train's brakes to activate at 65 St.,Forest Hills-71 Av-bound R trains have resumed making scheduled stops.
486150,238007,0,2/15/26,NYCT Subway,stops-skipped,R,Forest Hills-71 Av-bound R trains are running express from Queens Plaza to Jackson Heights-Roosevelt Av.,"What's Happening?

We are investigating what caused a train's brakes to activate at 65 St.

For service to/from bypassed stations, take a downtown train. 

Expect delays in Jamaica Center-Parsons/Archer-bound E service while they share the track with rerouted trains."
486127,237991,1,2/15/26,NYCT Subway,delays,D | N | R,Coney Island-bound D/N and 9 Av-bound R trains are running with delays after NYPD responded to someone being disruptive on a train at 9 Av.,"Planned work reminder:
No R between 36 St (Brooklyn) and Bay Ridge-95 St."
486068,237967,1,2/14/26,NYCT Subway,stops-skipped | delays,E | F | R,Forest Hills-71 Av-bound R trains are running express from Jackson Heights-Roosevelt Av to Forest Hills-71 Av.,"What's Happening?

We've requested NYPD assistance for someone being disruptive on a train at Woodhaven Blvd.

For service to/from bypassed stations, take a downtown R train. 

Expect delays in E/F service while they share the tracks with rerouted trains"
486070,237967,2,2/14/26,NYCT Subway,delays,E | F | R,Jamaica-bound E/F and 71 Av-bound R trains are running with delays after the NYPD assisted with someone being disruptive on a train at Woodhaven Blvd.,Forest Hills-71 Av-bound R trains have resumed making local stops from Jackson Heights-Roosevelt Av to Forest Hills-71 Av.
486055,237962,1,2/14/26,NYCT Subway,delays,E | F | R,Jamaica-bound E/F and 71 Av-bound R trains are running with delays after we requested EMS assistance for someone in need on a train at Forest Hills-71 Av.,Jamaica-bound E/F trains have resumed making express stops from Jackson Heights-Roosevelt Av and Forest Hills-71 Av
486038,237954,0,2/14/26,NYCT Subway,stops-skipped,N | R,Downtown N/R trains are running express from 57 St/7 Av to Times Sq-42 St while we remove a train car in need of cleaning from service at 49 St.,"For service to/from bypassed stops, take an uptown train.
Expect delays on downtown Q trains while tracks are shared."
486039,237954,1,2/14/26,NYCT Subway,delays,N | R,Downtown N/R trains are running with delays after we removed a train car in need of cleaning from service at 49 St.,Downtown N/R trains have resumed making scheduled stops.
486022,237946,0,2/14/26,NYCT Subway,stops-skipped,R,Forest Hills-71 Av-bound R trains are running express from Jackson Heights-Roosevelt Av to Forest Hills-71 Av.,"What's Happening?

We are requesting EMS for someone in need and removing a train from service at 63 Dr-Rego Park.

For service to/from bypassed stations, take a downtown train."
486027,237946,1,2/14/26,NYCT Subway,delays,R,Forest Hills-71 Av-bound R trains are running with delays after.,"What's Happened? 

We requested EMS for someone in need and removed a train from service at 63 Dr-Rego Park.

Forest Hills-71 Av-bound R trains have resumed making local stops from Jackson Heights-Roosevelt Av to Forest Hills-71 Av."
486028,237946,2,2/14/26,NYCT Subway,delays,R,Forest Hills-71 Av-bound R trains are running with delays.,"What's Happened?

We requested EMS for someone in need and removed a train from service at 63 Dr-Rego Park.

Forest Hills-71 Av-bound R trains have resumed making local stops from Jackson Heights-Roosevelt Av to Forest Hills-71 Av."
485775,237829,0,2/13/26,NYCT Subway,express-to-local | delays,D | N | R,"Coney Island-Stillwell Av-bound D N trains are running local from DeKalb Av to:

D - 36 St (Brooklyn)

N - 59 St

Bay Ridge-95 St-bound R trains are delayed.","What's Happening?

We are requesting NYPD assistance for someone being disruptive on a train at Atlantic Av-Barclays Ctr."
485722,237762,6,2/13/26,NYCT Subway,delays,E | F | M | R,E/F/M/R trains are running with delays in both directions after NYPD conducted an investigation at Woodhaven Blvd.,M/R trains have resumed making scheduled stops in Queens in both directions.
485699,237762,4,2/13/26,NYCT Subway,stops-skipped,E | F | M | R,"Jamaica-bound E/F and Forest Hills-bound M/R trains are running express from Jackson Hts to Forest Hills-71 Av.

Downtown M/R trains are bypassing at Woodhaven Blvd.","Expect delays in E/F/M/R trains in both directions.

For service to/from bypassed local stations, take a Manhattan-bound train. 

For service to/from Woodhaven Blvd, take a Forest Hills-bound train.

What's Happening?
NYPD is conducting an investigation at Woodhaven Blvd.

Travel Alternatives:
For service to/from Woodhaven Blvd, use the Q53-SBS bus, or the Q60 bus.
For service to/from Elmhurst Av, Grand Av-Newtown, 63 Dr-Rego Park, and 67 Av, take a downtown M or R train."
485714,237762,5,2/13/26,NYCT Subway,stops-skipped | delays,E | F | M | R,"Forest Hills-bound M/R trains are running express from Jackson Heights-Roosevelt Av to Forest Hills-71 Av.

Downtown M/R trains are bypassing Woodhaven Blvd.","Expect delays in E/F/M/R trains in both directions.

For service to/from bypassed local stations, take a Manhattan-bound train.

For service to/from Woodhaven Blvd, take a Forest Hills-bound train.

What's Happening?
NYPD is conducting an investigation at Woodhaven Blvd."
485592,237732,3,2/12/26,NYCT Subway,delays,E | F | R,"E/F trains are running with delays in both directions.
Downtown R trains are running with delays.","What Happened?
We investigated a report of an unauthorized person on the tracks near 36 St (Queens)."
485591,237732,2,2/12/26,NYCT Subway,delays,E | F | M | R,"E/F trains are running with delays in both directions.
Downtown R trains are running with delays.","What Happened?
We investigated a report of an unauthorized person on the tracks near 36 St (Queens)."
485502,237696,1,2/12/26,NYCT Subway,delays,N | R | W,"Downtown N/R/W trains are running with delays.
Some downtown R trains via Roosevelt Island from 36 St (Qns) to Lexington Av/63 St, then via Q to 57 St/7 Av.","Listen for crew announcements to hear how your train will run.

What's Happening?
We're addressing a signal problem near Lexington Av/59 St.

Expect downtown M/Q delays while they share tracks with rerouted trains."
485504,237696,2,2/12/26,NYCT Subway,reroute | delays,N | R | W,"Downtown N/W trains are running with delays.
Downtown R trains via Roosevelt Island from 36 St (Qns) to Lexington Av/63 St, then via Q to 57 St/7 Av.","Listen for crew announcements to hear how your train will run.

What's Happening?
We're addressing a signal problem near Lexington Av/59 St.

Expect downtown M/Q delays while they share tracks with rerouted trains."
485506,237696,3,2/12/26,NYCT Subway,reroute | delays,N | R | W,"N/R/W trains are running with delays in both directions.
Downtown R trains via Roosevelt Island from 36 St (Qns) to Lexington Av/63 St, then via Q to 57 St/7 Av.","Additional Service Changes:
Some uptown N/W trains will end at 96 St on the Q, where they will turn back for downtown service.

Listen for crew announcements to hear how your train will run.

What's Happening?
We're addressing a signal problem near Lexington Av/59 St.

Expect downtown M/Q delays while they share tracks with rerouted trains.

Travel Alternatives:
Consider 7/E/F trains or Q32 and Q60 buses between Queens and Manhattan."
485508,237696,4,2/12/26,NYCT Subway,reroute | delays,N | R | W,"N/R/W trains are running with delays in both directions.
Downtown R trains via Roosevelt Island from 36 St (Qns) to Lexington Av/63 St, then via Q to 57 St/7 Av.","Additional Service Changes:
Some uptown N/W trains will end at 96 St on the Q, where they will turn back for downtown service.

Listen for crew announcements to hear how your train will run.

What's Happening?
We're addressing a signal problem near Lexington Av/59 St.

Expect downtown M/Q delays while they share tracks with rerouted trains.

Travel Alternatives:
Consider 7/E/F trains or Q32 and Q60 buses between Queens and Manhattan.

If your N/W  train is rerouted, take Forest Hills-bound M train from Lexington Av/63 St to 36 St (Qns), then change to nearby Q101 bus for service to Astoria."
485518,237696,5,2/12/26,NYCT Subway,delays,N | R | W,N/R/W trains are running with delays in both directions after we addressed a signal problem near Lexington Av/59 St.,N/R/W trains have resumed regular service between Manhattan and Queens in both directions.
485490,237692,1,2/12/26,NYCT Subway,delays,E | F | M | R,Jamaica-bound E/F and Forest Hills-71 Av-bound M R trains are running with delays after we addressed a signal problem near 36 St.,Jamaica-bound E/F trains have resumed making express stops from Queens Plaza to Jackson Heights-Roosevelt Av.
485216,237526,2,2/11/26,NYCT Subway,delays,E | F | M | R,"E/F/M/R trains are running with delays in both directions.
Some uptown M trains will end at Essex St, where they will turn back for Middle Village-bound service.","Listen for crew announcements to hear how your train will run.

What Happened?
We conducted urgent track maintenance near Queens Plaza."
485073,237451,3,2/11/26,NYCT Subway,stops-skipped | delays,E | F | M | R,"Forest Hills-bound M/R trains are running express from Jackson Heights-Roosevelt Av to Forest Hills-71 Av.
Jamaica-bound E/F trains are running with delays.","What's Happening?
We are replacing a broken rail near Woodhaven Blvd.

For service to/from bypassed stops, take a Manhattan-bound local train. 

M/R trains are running with delays in both directions."
485077,237451,4,2/11/26,NYCT Subway,delays,E | F | M | R,"Jamaica-bound E/F trains are running with delays.
M/R trains are running with delays in both directions.","What Happened?
We replaced a broken rail near Woodhaven Blvd.

M/R trains have resumed making scheduled stops."
485041,237447,2,2/11/26,NYCT Subway,delays,R,R trains are delayed in both directions while we address a signal problem near Bay Ridge-95 St.,"Some Bay Ridge-95 St-bound R trains will be rerouted via D line from 36 St (Brooklyn) to 9 Av.
Listen for train crew announcements to hear how your train will run."
485045,237447,3,2/11/26,NYCT Subway,delays,R,R trains are delayed in both directions while we address a signal problem near Bay Ridge-95 St.,"Some Bay Ridge-95 St-bound R trains will be rerouted via D line from 36 St (Brooklyn) to 9 Av.
Listen for train crew announcements to hear how your train will run.

In Brooklyn, consider using D/N trains or B37, B63 buses making nearby stops."
484988,237419,1,2/11/26,NYCT Subway,delays,N | R | W,Downtown N/R/W training are running with delays after we addressed a signal problem at 49 St.,Downtown N/R trains have resumed making local stops from 57 St/7 Av to 34 St-Herald Sq.
484976,237419,0,2/11/26,NYCT Subway,delays,N | R | W,Downtown N/R/W training are running with delays while we address a signal problem at 49 St.,"Some downtown N/R trains are running on the express track from 57 St/7 Av to 34 St-Herald Sq.

For service to bypassed stations, take an uptown train. 
Listen to announcements on board to hear how your train will run."
484938,237395,6,2/10/26,NYCT Subway,delays,N | Q | R | W,N/Q/R/W trains are running with delays in both directions after FDNY investigated a report of smoke near Canal St.,N/Q trains have resumed regular service between Canal St and DeKalb Av in both directions.
484849,237359,0,2/10/26,NYCT Subway,express-to-local | delays,E | F | M | R,"Jamaica-bound E/F trains are running local from Queens Plaza to Jackson Heights-Roosevelt Av.
Expect delays in E/F/M/R service while trains share the local track.","What's Happening?
We're investigating a report of smoke near 36 St."
484854,237359,1,2/10/26,NYCT Subway,express-to-local | delays,E | F | M | R,"Jamaica-bound E/F trains are running local from Queens Plaza to Jackson Heights-Roosevelt Av.
Some R trains are running via the Q between 57 St/7 Av and 96 St.","What's Happening?
We're investigating a report of smoke near 36 St.

Updates:
Expect delays in E/F/M/R service while trains share the local track.

Listen to announcements for how your train will operate."
484855,237359,2,2/10/26,NYCT Subway,express-to-local | delays,E | F | M | R,"Jamaica-bound E/F trains are running local from Queens Plaza to Jackson Heights-Roosevelt Av.
Some R trains are running via the Q between 57 St/7 Av and 96 St.","What's Happening?
FDNY is responding to a report of smoke.

Updates:
Expect delays in E/F/M/R service while trains share the local track.

Listen to announcements for how your train will operate."
484858,237359,3,2/10/26,NYCT Subway,express-to-local | delays,E | F | M | R,"Jamaica-bound E/F trains are running local from Queens Plaza to Jackson Heights-Roosevelt Av.
Some R run via Roosevelt Island from Manhattan to Queens.","What's Happening?
FDNY is responding to a report of smoke.

Updates:
Expect delays in E/F/M/R service while trains share the local track.

Some R trains are rerouted via the Q between 57 St/7 Av and 96 St.
Some R trains are rerouted via the Q from 57 St/7 Av to Lexington Av/63 St, then via Roosevelt Island to 21 St-Queensbridge.

Listen to announcements for how your train will operate."
484859,237359,4,2/10/26,NYCT Subway,express-to-local | delays,E | F | M | R,"Jamaica-bound E/F trains are running local from Queens Plaza to Jackson Heights-Roosevelt Av.
Some R run via Roosevelt Island from Manhattan to Queens.","What's Happening?
FDNY is responding to a report of smoke.

Updates:
Expect delays in E/F/M/R service while trains share the local track.

Some R trains are rerouted via the Q between 57 St/7 Av and 96 St.
Some Forest Hills-bound R trains are rerouted via the Q from 57 St/7 Av to Lexington Av/63 St, then via Roosevelt Island to 21 St-Queensbridge.

Listen to announcements for how your train will operate."
484804,237342,0,2/10/26,NYCT Subway,delays,N | R | W,"Downtown N/R/W trains are running with delays.
Some downtown N/R/W trains bypass 49 St.","What's happening?
We're addressing a signal problem near 49 St.

Listen to announcements for how your train will operate.

At 49 St, take an uptown train to 57 St/7 Av for downtown service."
484770,237313,1,2/10/26,NYCT Subway,delays,N | R | W,Downtown N/R/W trains are running with delays after we addressed a signal malfunction at 42 St.,Downtown N/R/W trains have resumed making local stops from 57 St/7 Av to 42 St.
484751,237313,0,2/10/26,NYCT Subway,delays,N | R | W,"Downtown N/R/W trains are running with delays while we address a signal malfunction at 42 St.
Some downtown N/R/W trains will run express from 57 St/7 Av to 42 St.",Listen for announcements to hear how your train will run.
484362,237093,2,2/9/26,NYCT Subway,reroute | delays,N | Q | R,Downtown N/Q trains are running via R line from Canal St to DeKalb Av while NYPD responds to a person being disruptive on a train at Canal St.,Expect delays on downtown R  trains while they share the track with rerouted N/Q trains.
484365,237093,3,2/9/26,NYCT Subway,delays,N | Q | R,Downtown N/Q/R trains are running with delays after we requested NYPD assistance for someone being disruptive on a train at Canal St.,Downtown N/Q trains have resumed making regular stops.
484158,236990,3,2/8/26,NYCT Subway,delays,D | N | R,Coney Island-bound D/N/R trains are running with delays after EMS assisted someone on a train at 36 St (Brooklyn).,Coney Island-Stillwell Av-bound D/N trains have resumed making scheduled stops.
484079,236964,1,2/8/26,NYCT Subway,reroute | delays,N | Q | R,Uptown N/Q trains are running on the R line from DeKalb Av to Canal St while we remove a train with a mechanical problem from service at Prince St.,You may wait longer for an uptown R train while they share the tracks with rerouted trains.
484081,236964,2,2/8/26,NYCT Subway,delays,N | Q | R,Uptown N/Q/R trains are running with delays after we removed a train with a mechanical problem from service at Prince St.,Uptown N/Q trains have resumed making scheduled stops.
483702,236818,1,2/7/26,NYCT Subway,reroute | delays,N | Q | R | W,Downtown N/Q trains are running via the R from Canal St to DeKalb Av while we address a door problem on a train at Canal St.,Expect downtown R/W delays while they share tracks with rerouted trains.
483705,236818,2,2/7/26,NYCT Subway,delays,N | Q | R | W,Downtown N/Q/R/W trains are running with delays after we addressed a door problem on a train at Canal St.,Downtown N/Q trains have resumed running over the Manhattan Bridge from Canal St to DeKalb Av.
483661,236802,1,2/6/26,NYCT Subway,reroute | delays,B | D | N | Q | R | W,"Downtown N R/W trains are running with delays.
Downtown Q are running via M from Lexington Av/63 St to 47-50 Sts-Rockefeller Ctr, then via B to DeKalb Av.","What's Happening?
Emergency teams are responding to a person who was struck by a train at 57 St/7 Av.

Expect downtown B/D delays while they share tracks with rerouted trains."
483662,236802,2,2/6/26,NYCT Subway,reroute | delays,N | Q | R | W,"Downtown N R/W trains are running with delays.
Downtown Q are running via M from Lexington Av/63 St to 47-50 Sts-Rockefeller Ctr, then via B to DeKalb Av.","What's Happening?
Emergency teams are responding to a person who was struck by a train at 57 St/7 Av.

Expect downtown B/D delays while they share tracks with rerouted trains."
483667,236802,3,2/6/26,NYCT Subway,reroute | delays,N | Q | R | W,"Downtown N R/W trains are running with delays.
Downtown Q are running via M from Lexington Av/63 St to 47-50 Sts-Rockefeller Ctr, then via B to DeKalb Av.","What's Happening?
Emergency teams are responding to a person who was struck by a train at 57 St/7 Av.

Expect downtown B/D delays while they share tracks with rerouted trains.

Alternatives:
For alternative Q service in Manhattan:
Take N/R/W or nearby 1/2/3 trains on Broadway
Take 4/5/6 trains on Lexington Ave
For service from the Upper East Side to the rest of Manhattan, stay on a Q train to 34 St-Herald Sq and transfer to an N/R/W train.
For service from Manhattan to DeKalb Av, take an R train."
483672,236802,4,2/6/26,NYCT Subway,reroute | delays,N | Q | R | W,"Downtown N R/W trains are running with delays.
Downtown Q are running via M from Lexington Av/63 St to 47-50 Sts-Rockefeller Ctr, then via B to DeKalb Av.","What's Happening?
Emergency teams are responding to a person who was struck by a train at 57 St/7 Av.

Expect Q delays in both directions.

Expect downtown B/D delays while they share tracks with rerouted trains.

Alternatives:
For alternative Q service in Manhattan:
Take N/R/W or nearby 1/2/3 trains on Broadway
Take 4/5/6 trains on Lexington Ave
For service from the Upper East Side to the rest of Manhattan, stay on a Q train to 34 St-Herald Sq and transfer to an N/R/W train.
For service from Manhattan to DeKalb Av, take an R train."
483674,236802,5,2/6/26,NYCT Subway,reroute | delays,N | Q | R | W,"Downtown N R/W trains are running with delays.
Downtown Q are running via M from Lexington Av/63 St to 47-50 Sts-Rockefeller Ctr, then via B to DeKalb Av.","What's Happening?
Emergency teams are responding to a person who was struck by a train at 57 St/7 Av.

Expect Q delays in both directions.

Expect downtown B/D delays while they share tracks with rerouted trains.

Alternatives:
For alternative Q service in Manhattan:
Take N/R/W or nearby 1/2/3 trains on Broadway
Take 4/5/6 trains on Lexington Ave
For service from the Upper East Side to the rest of Manhattan, stay on a Q train to 34 St-Herald Sq and transfer to an N/R/W train.

For service between 57 St/7 Av and the Upper East Side, consider nearby M31 buses.

For service from Manhattan to DeKalb Av, take an R train."
483675,236802,6,2/6/26,NYCT Subway,reroute | delays,N | Q | R | W,"Downtown N R/W trains are running with delays.
Downtown Q are running via M from Lexington Av/63 St to 47-50 Sts-Rockefeller Ctr, then via B to DeKalb Av.","What's Happening?
Emergency teams are conducting an investigation after a person was struck by a train at 57 St/7 Av.

Expect Q delays in both directions.

Expect downtown B/D delays while they share tracks with rerouted trains.

Alternatives:
For alternative Q service in Manhattan:
Take N/R/W or nearby 1/2/3 trains on Broadway
Take 4/5/6 trains on Lexington Ave
For service from the Upper East Side to the rest of Manhattan, stay on a Q train to 34 St-Herald Sq and transfer to an N/R/W train.

For service between 57 St/7 Av and the Upper East Side, consider nearby M31 buses.

For service from Manhattan to DeKalb Av, take an R train."
483680,236802,7,2/6/26,NYCT Subway,reroute | delays,N | Q | R | W,"Downtown N R/W trains are running with delays.
Downtown Q are running via M from Lexington Av/63 St to 47-50 Sts-Rockefeller Ctr, then via B to DeKalb Av.","What's Happening?
Emergency teams are conducting an investigation after a person was struck by a train at 57 St/7 Av.

Some uptown Q trains will end at 57 St/7 Av.

Listen for crew announcements to hear how your train will run.

Expect Q delays in both directions.

Expect downtown B/D  delays while they share tracks with rerouted trains.

Alternatives:
For alternative Q service in Manhattan:
Take N/R/W or nearby 1/2/3 trains on Broadway
Take 4/5/6 trains on Lexington Ave
For service from the Upper East Side to the rest of Manhattan, stay on a Q train to 34 St-Herald Sq and transfer to an N/R/W train.

For service between 57 St/7 Av and the Upper East Side, consider nearby M31 buses.

For service from Manhattan to DeKalb Av, take an R train."
483691,236802,8,2/6/26,NYCT Subway,delays | severe-delays,N | Q | R | W,"Uptown Q trains are running with delays.
Downtown Q trains are running with severe delays.
Downtown N/R/W trains are running with delays.","Q trains have resumed regular service in Manhattan in both directions.

What Happened?
Emergency teams conducted an investigation after a person was struck by a train at 57 St/7 Av."
483595,236768,1,2/6/26,NYCT Subway,reroute | delays,N | R | W,Downtown N/W trains are delayed while we investigate why a train's brakes activated near Lexington Av/59 St.,"Downtown R via M 36 St to Lexington Av/63 St, then via Q to 57 St/7 Av."
483596,236768,2,2/6/26,NYCT Subway,delays,N | R | W,Downtown N/R/W trains are running with delays after we moved a train that had its brakes activated near Lexington Av/59 St.,Downtown R trains have resumed making scheduled stops from Queens to Manhattan.
483628,236768,5,2/6/26,NYCT Subway,delays,N | R | W,"N/W trains are running with delays in both directions.
Downtown R trains are running with delays.","What Happened?
We moved a train that had its brakes activated near Lexington Av/59 St."
483489,236714,0,2/6/26,NYCT Subway,delays,R,R trains are running with delays in both directions after NYPD responded to someone being disruptive on a train at 59 St.,"Planned work reminder:
No late night R between Whitehall St-South Ferry and 59 St, Brooklyn."
483453,236694,1,2/6/26,NYCT Subway,reroute | delays,M | Q | R,Forest Hills-71 Av-bound R trains are running via the Q from 57 St/7 Av to Lexington Av/63 St and via then via Roosevelt Island to 21 St-Queensbridge.,"What's Happening?
We are removing a train from service and requesting EMS to respond to a person in need of assistance at Queens Plaza.

The last stop 

You may wait longer for Forest Hills-71 Av-bound M and 96 St-bound Q trains while rerouted trains share the tracks."
483454,236694,2,2/6/26,NYCT Subway,reroute | delays,M | Q | R,Forest Hills-71 Av-bound R trains are running via the Q from 57 St/7 Av to Lexington Av/63 St and via then via Roosevelt Island to 21 St-Queensbridge.,"What's Happening?
We are removing a train from service and requesting EMS to respond to a person in need of assistance at Queens Plaza.

The last stop on some Forest Hills-71 Av-bound R trains is 57 St/7 Av.

Listen to announcements on board to hear how your train will run. 

You may wait longer for Forest Hills-71 Av-bound M and 96 St-bound Q trains while rerouted trains share the tracks."
483455,236694,3,2/6/26,NYCT Subway,reroute | delays,M | Q | R,Forest Hills-71 Av-bound R trains are running via the Q from 57 St/7 Av to Lexington Av/63 St and via then via Roosevelt Island to 21 St-Queensbridge.,"What's Happening?
We are removing a train from service and requesting EMS to respond to a person in need of assistance at Queens Plaza.

The last stop on some Forest Hills-71 Av-bound R trains is Lexington Av/59 St.

Listen to announcements on board to hear how your train will run.

You may wait longer for Forest Hills-71 Av-bound M and 96 St-bound Q trains while rerouted trains share the tracks."
483456,236694,4,2/6/26,NYCT Subway,reroute | delays,Q | R,Forest Hills-71 Av-bound R trains are running via the Q from 57 St/7 Av to Lexington Av/63 St and via then via Roosevelt Island to 21 St-Queensbridge.,"What's Happening?
We are removing a train from service and requesting EMS to respond to a person in need of assistance at Queens Plaza.

The last stop on some Forest Hills-71 Av-bound R trains is Lexington Av/59 St.

Listen to announcements on board to hear how your train will run.

You may wait longer for 96 St-bound Q trains while rerouted trains share the tracks."
483461,236694,5,2/6/26,NYCT Subway,delays,R,R trains are running with delays in both directions after we removed a train from service and NYPD/EMS responded to a person in need at Queens Plaza.,Forest Hills-71 Av-bound R trains have resumed making scheduled stops.
483416,236663,1,2/5/26,NYCT Subway,delays,,"Uptown R trains are running with severe delays.
Downtown R trains are running with delays.","What Happened?
NYPD responded to an unauthorized person on the tracks at W 4 St-Wash Sq on the M line."
483364,236660,0,2/5/26,NYCT Subway,express-to-local | delays,N | Q | R | W,Downtown Q  trains are running local from 57 St/7 Av to Times Sq-42 St while we remove a train in need of repair from service at 57 St/7 Av.,You may wait longer for a downtown N/R/W train while they share the tracks with rerouted trains.
483373,236660,1,2/5/26,NYCT Subway,delays,N | Q | R | W,Downtown N/Q/R/W trains are running with delays after we removed a train in need of repair from service at 57 St/7 Av.,Downtown Q  trains have resumed making express stops from 57 St/7 Av to Times Sq-42 St.
483374,236660,2,2/5/26,NYCT Subway,delays,N | Q | R | W,Downtown N/Q/R/W trains are running with delays after we removed a train in need of repair from service at 57 St/7 Av.,Downtown Q  trains have resumed making express stops from 57 St/7 Av to Times Sq-42 St.
483135,236556,1,2/4/26,NYCT Subway,reroute | delays,N | R | W,N/R/W trains are delayed in both directions while we investigate a report of smoke in the tunnel between Queens and Manhattan.,"R trains are running on the Q line between 57 St/7 Av and Lexington Av/63 St and via Roosevelt Island to/from 21 St-Queensbridge
.
Some uptown N/W trains will end at Times Sq-42 St or at 96 St on the Q line. 
Listen for announcements to hear how your train will operate.
Expect delays on M trains while they share the tracks with rerouted trains."
483138,236556,2,2/4/26,NYCT Subway,reroute | part-suspended,N | R | W,N/R/W trains are disrupted in both directions between Queens and Manhattan.,"What's Happening?
FDNY is responding to a report of a track fire in the tunnel between Queens and Manhattan.

Service Changes
No N/W trains in either direction between Queens and Manhattan. 
Extremely limited N train service is operating between Queensboro Plaza and Astoria-Ditmars Blvd.

R trains are running on the Q line between 57 St/7 Av and Lexington Av/63 St and via Roosevelt Island to/from 21 St-Queensbridge.
Some uptown N/W trains will end at Times Sq-42 St or at 96 St on the Q line. 
Listen for announcements to hear how your train will operate.
Expect delays on M trains while they share the tracks with rerouted trains."
483139,236556,3,2/4/26,NYCT Subway,reroute | part-suspended,N | R | W,N/R/W trains are disrupted in both directions between Queens and Manhattan.,"What's Happening?
FDNY is responding to a report of a track fire in the tunnel between Queens and Manhattan.

Service Changes
No N/W trains in either direction between Queens and Manhattan.
Extremely limited N train service is operating between Queensboro Plaza and Astoria-Ditmars Blvd.

R trains are running on the Q line between 57 St/7 Av and Lexington Av/63 St and via Roosevelt Island to/from 21 St-Queensbridge.
Some uptown N/W trains will end at Times Sq-42 St or at 96 St on the Q line. 
Listen for announcements to hear how your train will operate.
Expect delays on M trains while they share the tracks with rerouted trains.
Travel Alternatives:
For service between Queens and Manhattan, consider taking an E/F/M/7 train."
483143,236556,4,2/4/26,NYCT Subway,reroute | severe-delays,N | R | W,"N/W trains are running with severe delays in both directions.
R trains are running with delays in both directions.","R trains have resumed making scheduled stops between Queens and Manhattan
.
What's Happened? 
FDNY is responded to a report of a track fire in the tunnel between Queens and Manhattan
.
Travel Alternatives:
While we work to get trains back to scheduled service, consider the following travel alternatives:
For service between Queens and Manhattan, consider taking an E/F/M/7 train."
483154,236556,5,2/4/26,NYCT Subway,severe-delays,N | R | W,"N/W trains are running with severe delays in both directions.
R trains are running with delays in both directions.","R trains have resumed making scheduled stops between Queens and Manhattan
.
What's Happened? 
FDNY is responded to a report of a track fire in the tunnel between Queens and Manhattan
.
Travel Alternatives:
While we work to get trains back to scheduled service, consider the following travel alternatives:
For service between Queens and Manhattan, consider taking an E/F/M/7 train."
483155,236556,6,2/4/26,NYCT Subway,delays | severe-delays,N | R | W,"N/W trains are running with severe delays in both directions.
R trains are running with delays in both directions.","R trains have resumed making scheduled stops between Queens and Manhattan
.
What's Happened? 
FDNY is responded to a report of a track fire in the tunnel between Queens and Manhattan
.
Travel Alternatives:
While we work to get trains back to scheduled service, consider the following travel alternatives:
For service between Queens and Manhattan, consider taking an E/F/M/7 train."
483157,236556,7,2/4/26,NYCT Subway,delays | severe-delays,N | R | W,"N/W trains are running with severe delays in both directions.
R trains are running with delays in both directions.","R trains have resumed making scheduled stops between Queens and Manhattan
.
What's Happened? 
FDNY responded to a report of a track fire in the tunnel between Queens and Manhattan
.
Travel Alternatives:
While we work to get trains back to scheduled service, consider the following travel alternatives:
For service between Queens and Manhattan, consider taking an E/F/M/7 train."
483105,236547,1,2/4/26,NYCT Subway,reroute | delays,R | W,"R trains are running via the Q line between Canal St and DeKalb Av in both directions. 
W trains are running with delays in both directions.","What's Happening?
We are investigating a report of smoke near City Hall."
483107,236547,2,2/4/26,NYCT Subway,reroute | delays,R | W,"R trains are running via the Q line between Canal St and DeKalb Av in both directions. 
W trains are running with delays in both directions.","What's Happening?
We are investigating a report of smoke near City Hall.
Take nearby A/C/2/3/4/5 trains instead."
483108,236547,3,2/4/26,NYCT Subway,reroute | delays,Q | R | W,"R trains are running via the Q line between Canal St and DeKalb Av in both directions. 
W trains are running with delays in both directions.","Expect delays on Q trains in both directions while they share the tracks with rerouted trains. 
What's Happening?
We are investigating a report of smoke near City Hall
.
Take nearby A/C/2/3/4/5 trains instead."
483111,236547,4,2/4/26,NYCT Subway,delays,R | W,R/W trains are running with delays in both both directions after FDNY responded to a report of smoke near City Hall.,R trains have resumed making scheduled stops between Canal St and DeKalb Av.
483112,236547,5,2/4/26,NYCT Subway,delays,R | W,R/W trains are running with delays in both directions after FDNY responded to a report of smoke near City Hall.,R trains have resumed making scheduled stops between Canal St and DeKalb Av.
483048,236528,0,2/4/26,NYCT Subway,stops-skipped,,Downtown R trains are running express from Atlantic Av-Barclays Ctr to 36 St while we investigate what caused a train's brakes to activate near Prospect Av.,If your stop is skipped take a downtown train.
483055,236528,1,2/4/26,NYCT Subway,stops-skipped,,Downtown R trains are running express from Atlantic Av-Barclays Ctr to 36 St while we investigate what caused a train's brakes to activate near Prospect Av.,"If your stop is skipped, take an uptown train."
483061,236528,2,2/4/26,NYCT Subway,delays,,R trains are running with delays in both directions after we removed a train that had its brakes activated from service at Prospect Av.,Bay Ridge-bound R local service has resumed in Brooklyn.
482708,236365,1,2/3/26,NYCT Subway,delays,,Bay Ridge-95 St-bound R trains are running with delays after we addressed a door problem on a train near 53 St.,Bay Ridge-95 St-bound R trains have resumed making local stops in Brooklyn.
482737,236362,2,2/3/26,NYCT Subway,delays,N | R,Uptown N/R trains are running with delays after we moved a train that had its brakes activated near 36 St.,Uptown R trains have resumed making local stops in Brooklyn.
482688,236356,0,2/3/26,NYCT Subway,express-to-local | delays,E | F | M | R,Downtown E/F trains are running local from Forest Hills-71 Av to Queens Plaza while we investigate why a train's brakes activated at Jackson Heights-Roosevelt Av,Expect delays on downtown M/R  trains while they share the track with rerouted E F  trains.
482699,236356,1,2/3/26,NYCT Subway,express-to-local | delays,E | F | M | R,Downtown E/F trains are running local from Forest Hills-71 Av to Queens Plaza while we investigate why a train's brakes activated at Jackson Heights-Roosevelt Av,"Some uptown R trains will run via Q  line from 57 St/7 Av to 96 St. 

Expect delays on the E/F/M/R trains in both directions. 
Listen for announcements to hear how your train will run."
482701,236356,2,2/3/26,NYCT Subway,express-to-local | delays,E | F | M | R,Downtown E/F trains are running local from Forest Hills-71 Av to Queens Plaza.,"What's Happening? 
We're investigating a signal problem which caused a train's brakes to activate at Jackson Heights-Roosevelt Av

Some uptown R trains will run via Q  line from 57 St/7 Av to 96 St.

Expect delays on the E/F/M/R trains in both directions.
Listen for announcements to hear how your train will run."
482711,236356,3,2/3/26,NYCT Subway,express-to-local | delays,E | F | R,Downtown E/F trains are running local from Forest Hills-71 Av to Queens Plaza.,"What's Happening? 
We're investigating a signal problem which caused a train's brakes to activate at Jackson Heights-Roosevelt Av

Some uptown R trains will run via Q  line from 57 St/7 Av to 96 St.

Expect delays on the E/F/R trains in both directions.
Listen for announcements to hear how your train will run."
482720,236356,4,2/3/26,NYCT Subway,express-to-local | delays,E | R,Downtown E  trains are running local from Forest Hills-71 Av to Queens Plaza.,"What's Happening? 
We're investigating a signal problem which caused a train's brakes to activate at Jackson Heights-Roosevelt Av

Some uptown R trains will run via Q  line from 57 St/7 Av to 96 St.

Expect delays on the E/R trains in both directions.
Listen for announcements to hear how your train will run."
482599,236324,0,2/3/26,NYCT Subway,delays,,R trains are delayed in both directions due to an NYPD investigation at 59 St.,"Planned Work Reminder:
No late night R between Whitehall St-South Ferry and 59 St, Brooklyn
Feb 2 - 6, Mon to Fri, 11:15 PM to 5:00 AM
R runs in Brooklyn between Bay Ridge-95 St and 59 St, the last stop.

For Whitehall St-South Ferry, Court St and Jay St-MetroTech, take a Coney Island-bound Q * instead."
482601,236324,1,2/3/26,NYCT Subway,delays,,R trains are delayed in both directions due to an NYPD investigation at 59 St.,"Boarding Change:

R trains will arrive and depart on the uptown track at 59 St
.
Planned Work Reminder:
No late night R between Whitehall St-South Ferry and 59 St, Brooklyn
Feb 2 - 6, Mon to Fri, 11:15 PM to 5:00 AM
R runs in Brooklyn between Bay Ridge-95 St and 59 St, the last stop.

For Whitehall St-South Ferry, Court St and Jay St-MetroTech, take a Coney Island-bound Q * instead."
482603,236324,2,2/3/26,NYCT Subway,delays,R,R trains are running with delays in both directions after NYPD responded to a person being disruptive on a train at 59 St.,"Planned Work Reminder:
No late night R between Whitehall St-South Ferry and 59 St, Brooklyn
Feb 2 - 6, Mon to Fri, 11:15 PM to 5:00 AM
R runs in Brooklyn between Bay Ridge-95 St and 59 St, the last stop.

For Whitehall St-South Ferry, Court St and Jay St-MetroTech, take a Coney Island-bound Q * instead."
482582,236315,2,2/3/26,NYCT Subway,delays,D | N | R,Uptown D/N/R trains are running with delays after we moved a train that had its brakes activated near 36 St.,Uptown D/N/R trains have resumed running on the local track from 36 St to Atlantic Av-Barclays Ctr.
482563,236306,3,2/3/26,NYCT Subway,express-to-local | delays,E | F | R,Downtown E/F trains are running local from Forest Hills-71 Av to Queens Plaza after we moved a train that had its brakes activated at Roosevelt Ave.,Expect delays on downtown R trains while tracks are shared.
482483,236288,1,2/2/26,NYCT Subway,delays,R,Uptown R trains are running with delays after we moved a train that had its brakes activated at 25 St.,Uptown R trains have resumed regular service from 36 St to Atlantic Av-Barclays Ctr.
482361,236264,1,2/2/26,NYCT Subway,stops-skipped,M | R,"Forest Hills-71 Av-bound 
M trains are running express Queensbridge to Roosevelt Ave .
R trains are running express from Queens Plaza to Roosevelt Ave.","What's happening?
 We are investigating what caused a train's brakes to activate at 46 St.
Expect delays on Jamaica-bound E/F trains while tracks are shared."
482371,236264,2,2/2/26,NYCT Subway,stops-skipped | delays,E | F | M | R,"Forest Hills-71 Av-bound 
M trains are running express Queensbridge to Roosevelt Ave .
R trains are running express from Queens Plaza to Roosevelt Ave.","What's happening?
We are investigating what caused a train's brakes to activate at 46 St.
Expect delays on Jamaica-bound E/F trains while tracks are shared."
482372,236264,3,2/2/26,NYCT Subway,stops-skipped | delays,E | F | M | R,"Forest Hills-71 Av-bound 
M trains are running express Queensbridge to Roosevelt Ave .
R trains are running express from Queens Plaza to Roosevelt Ave.","What's happening?
We are investigating what caused a train's brakes to activate at 46 St.
Expect delays on Jamaica-bound E/F trains while tracks are shared.
For service to/from bypassed stops, take a downtown train."
482377,236264,4,2/2/26,NYCT Subway,stops-skipped | delays,E | F | M | R,"Forest Hills-71 Av- bound
M trains are running express Queensbridge to Roosevelt Ave .
R trains are running express Queens Plaza to Roosevelt Ave.","What's happening?
We are investigating what caused a train's brakes to activate at 46 St
.
Expect delays on Jamaica-bound E/F trains while tracks are shared.
Expect delays on M/R trains in both directions.
For service to/from bypassed stops, take a downtown train."
482392,236264,6,2/2/26,NYCT Subway,delays,E | F | M | R,"M/R trains are running with delays in both directions.
Jamaica-bound E/F trains are running with delays.","What Happened?
 
We moved a train that had its brakes activated at 46 St
.
M/R trains have resumed making scheduled stops in Queens."
482400,236264,7,2/2/26,NYCT Subway,delays,E | F | M | R,E/F/M/R trains are running with delays in both directions after we moved a train that had its brakes activated at 46 St.,M/R trains have resumed making scheduled stops in Queens.
482283,236230,1,2/2/26,NYCT Subway,reroute | delays,N | R | W,"N/R/W trains are running with delays in both directions. 

Downtown R trains are running via Roosevelt Island from Queens to Manhattan.","What's Happening?

We are addressing a signal problem in the tunnel between Queens and Manhattan.

Additional Service Changes

The last stop on some uptown N/W trains will be 96 St on the Q line. 

Listen to announcements on your train to hear how it will run. 

As an alternative for service between Queens and Manhattan, consider taking E/F/7 trains.

Expect delays on M/Q trains while they share the track with rerouted trains."
482296,236230,2,2/2/26,NYCT Subway,delays,N | R | W,N/R/W trains are running with delays in both directions after we addressed a signal problem in the tunnel between Queens and Manhattan.,N/R/W trains have resumed making scheduled stops in both directions.
482301,236230,3,2/2/26,NYCT Subway,reroute | delays,N | R | W,"N/R/W trains are running with delays in both directions.

Downtown R trains are running via Roosevelt Island from Queens to Manhattan.","What's Happening?

We are continuing to address a signal problem in the tunnel between Queens and Manhattan.

Additional Service Changes

The last stop on some uptown N/W trains will be 96 St on the Q line.

Listen to announcements on your train to hear how it will run.

As an alternative for service between Queens and Manhattan, consider taking E/F/7 trains.

Expect delays on M/Q trains while they share the track with rerouted trains."
482309,236230,4,2/2/26,NYCT Subway,delays,N | R | W,N/R/W trains are running with delays in both directions after we addressed a signal problem in the tunnel between Queens and Manhattan.,Uptown N/W and downtown R trains have resumed making scheduled stops.
482062,236107,1,2/1/26,NYCT Subway,stops-skipped | delays,N | Q | R,Downtown N/R trains are running express from 34 St-Herald Sq to Canal St while we request EMS for a person in need on a train at 28 St.,"For service to/from stops bypassed, take an uptown train.

Expect downtown Q delays while they share tracks with rerouted trains."
482064,236107,2,2/1/26,NYCT Subway,delays,N | R,Downtown N/R trains are running with delays after EMS responded to a person in need on a train at 28 St.,Downtown N/R trains have resumed local service from 34 St-Herald Sq to Canal St.
481694,235935,1,1/30/26,NYCT Subway,reroute | delays,N | Q | R | W,"Uptown R trains are running via the Q from DeKalb Av to Canal St.
Uptown W trains are delayed.","What's Happening?
We're requesting NYPD for a person being disruptive on a train at Canal St.

For service to/from stops bypassed, take a Bay Ridge-bound R train.

Expect uptown N/Q delays while they share tracks with rerouted trains."
481706,235935,2,1/30/26,NYCT Subway,reroute | delays,N | Q | R | W,"Uptown R trains are running via the Q from DeKalb Av to Canal St.
W trains are delayed in both directions.","What's Happening?
We're requesting NYPD for a person being disruptive on a train at Canal St.

For service to/from stops bypassed, take a Bay Ridge-bound R train.

Expect uptown N/Q delays while they share tracks with rerouted trains."
481710,235935,3,1/30/26,NYCT Subway,delays,R | W,R/W trains are running with delays in both directions after NYPD responded to a person being disruptive on a train at Canal St.,Uptown R trains have resumed regular service from Brooklyn to Manhattan.
481570,235886,1,1/30/26,NYCT Subway,delays,R,Uptown R trains are running with delays after we conducted track maintenance near 25 St.,Uptown R trains have resumed making scheduled stops.
481382,235789,0,1/30/26,NYCT Subway,reroute | delays,N | Q | R,"Downtown N/Q local from 34 St-Herald Sq to Canal St.
Downtown N/Q trains are rerouted via R line from Canal St to DeKalb Av.","What's Happening?
We're addressing a switch problem near Prince St.

You may experience a longer wait for a downtown R train while they share tracks with rerouted trains. 

Boarding Change:
At Canal St, board downtown N/Q trains on the upper level (R/W train platform)."
481383,235789,1,1/30/26,NYCT Subway,reroute | stops-skipped,N | Q | R,"Downtown R express from 34 St-Herald Sq to Canal St.
Downtown N/Q trains are rerouted via R line from Canal St to DeKalb Av.","What's Happening?
We're addressing a switch problem near Prince St.

You may experience a longer wait for a downtown R train while they share tracks with rerouted trains.

Boarding Change:
At Canal St, board downtown N/Q trains on the upper level (R/W train platform)."
481388,235789,2,1/30/26,NYCT Subway,reroute | stops-skipped | delays,N | Q | R,"Downtown N/Q express from 34 St-Herald Sq to Canal St.
Downtown Q trains are rerouted via N line from Canal St to DeKalb Av.","What's Happening?
We're addressing a switch problem near Prince St.

You may experience a longer wait for a Bay Ridge-95 St-bound R train while they share tracks with rerouted trains.

Boarding Change:
At Canal St, board downtown Q trains on the upper level (N train platform)."
481359,235779,0,1/30/26,NYCT Subway,reroute | delays,Q | R | W,"Downtown R trains are rerouted via the Q line from Canal St to DeKalb Av.

W trains are delayed in both directions.","What's Happening? 

We've requested EMS assistance for someone in need on a train at City Hall.

For service to/from bypassed stations, take an uptown R train. 

Expect delays in Q service while they share the tracks with rerouted trains."
481365,235779,1,1/30/26,NYCT Subway,delays,R | W,Downtown R W trains are running with delays after EMS assisted someone in need on a train at City Hall.,Downtown R trains have resumed making scheduled stops from Canal St to DeKalb Av.
481373,235765,2,1/30/26,NYCT Subway,delays,N | Q | R | W,Downtown N/Q/R/W trains are running with delays after we addressed a signal problem on the Manhattan Bridge.,Coney Island-Stillwell Av-bound N/Q trains have resumed making scheduled stops from Canal St to DeKalb Av.
481337,235765,1,1/30/26,NYCT Subway,delays,N | Q | R | W,Downtown N/Q trains are running with delays while we address a signal problem on the Manhattan Bridge.,"Some Coney Island-Stillwell Av-bound N/Q trains are running on the R line from Canal St to DeKalb Av. 

Listen for announcements to hear how your train will run. 

Expect delays in R/W service while they share the tracks with rerouted trains"
481248,235723,1,1/29/26,NYCT Subway,delays,R,Uptown R trains are running with delays after we moved a train that had its brakes activated at Court St.,Uptown R trains have resumed making scheduled stops.
481224,235715,1,1/29/26,NYCT Subway,stops-skipped,M | R,Forest Hills-71 Av-bound M/R trains are running express from Jackson Heights-Roosevelt Av to Forest Hills-71 Av.,"What's Happening?
We are requesting EMS assistance for a person in need on a train at Forest Hills-71 Av.

For service to/from bypassed stations, take a downtown M/R train."
481231,235715,2,1/29/26,NYCT Subway,delays,M | R,M/R trains are running with delays in both directions after EMS assisted someone in need on a train at Forest Hills-71 Av,Forest Hills-71 Av-bound M/R local service has resumed in Queens.
480911,235554,0,1/29/26,NYCT Subway,reroute | delays,Q | R | W,"R trains are rerouted via the Q line in both directions between Canal St and DeKalb Av.

W trains are delayed in both directions.","What's Happening?

We've requested EMS assistance for someone in need at Canal St.

Expect delays in Q service while they share the tracks with rerouted trains."
480912,235554,1,1/29/26,NYCT Subway,delays,R | W,R/W trains are running with delays in both directions after EMS assisted someone in need at Canal St.,R trains have resumed making scheduled stops in both directions between Canal St and DeKalb Av.
480724,235442,1,1/28/26,NYCT Subway,reroute | delays,N | Q | R | W,Uptown N/R/W service is disrupted while we remove a train from service at Lexington Av/59 St.,"Service Changes:
Some uptown N/W trains will end at 96 St on the Q, where they will turn back for downtown service.

Uptown R trains are running via the Q from 57 St/7 Av to Lexington Av/63 St, then via Roosevelt Island to 36 St (Queens), then resume regular service.

Listen for crew announcements to hear how your train will run.

Expect uptown Q delays while they share tracks with rerouted trains."
480730,235442,2,1/28/26,NYCT Subway,delays,N | Q | R | W,N/Q/R/W trains are running with delays in both directions after we removed a train from service at Lexington Av/59 St.,Uptown N/R/W trains have resumed regular service from Manhattan to Queens.
480478,235319,0,1/28/26,NYCT Subway,delays,R,R trains are running with delays in both directions.,"What's Happening?

We're recovering from the winter storm."
479526,234913,0,1/26/26,NYCT Subway,express-to-local | delays,N | Q | R | W,"Downtown N/Q trains are running local from 34 St-Herald Sq to Canal St.
Expect delays in downtown R/W service while they share tracks with rerouted trains.",We are removing a train with a mechanical problem from service at 14 St.
479528,234913,1,1/26/26,NYCT Subway,delays,N | Q | R | W,Downtown N/Q/R/W trains are running with delays after we removed a train with a mechanical problem from service at 14 St.,Downtown N/Q trains have resumed making express stops from 34 St-Herald Sq to Canal St.
479048,234716,1,1/26/26,NYCT Subway,severe-delays,R,R trains are running with severe delays in both directions.,"What's Happening?

Winter storm.

Please use caution while traveling."
479405,234716,7,1/26/26,NYCT Subway,delays,R,R trains are running with delays in both directions.,"What's Happening?
We're recovering from the winter storm."
479448,234716,8,1/26/26,NYCT Subway,severe-delays,R,"R trains are running with delays in both directions, severely downtown.","What's Happening?

We're recovering from the winter storm."
479472,234716,9,1/26/26,NYCT Subway,delays,R,R trains are running with delays in both directions.,"What's Happening?

We're recovering from the winter storm."
479133,234716,2,1/26/26,NYCT Subway,delays,R,R trains are running with delays in both directions.,"What's Happening?

Winter storm.

Please use caution while traveling."
479315,234716,4,1/26/26,NYCT Subway,severe-delays,R,R trains are running with severe delays in both directions.,"What's Happening?

We're recovering from the winter storm."
479375,234716,5,1/26/26,NYCT Subway,delays,R,R trains are running with delays in both directions.,"What's Happening?

We're recovering from the winter storm."
479380,234716,6,1/26/26,NYCT Subway,delays,R,"Downtown R trains are running with severe delays.
Uptown R trains are running with delays.","What's Happening?
We're recovering from the winter storm."
478273,234399,1,1/23/26,NYCT Subway,delays,D | N | R,Uptown D/N/R trains are running with delays after the FDNY responded to a report of smoke near 4 Av/9 St.,Uptown R trains have resumed making local stops from 36 St (BKLYN) to Atlantic Av-Barclays Ctr.
478284,234399,2,1/23/26,NYCT Subway,delays,D | N | R,Uptown D/N/R trains are running with delays after the FDNY responded to a report of smoke near 4 Av/9 St.,Uptown R trains have resumed making local stops from 36 St (BKLYN) to Atlantic Av-Barclays Ctr.
478217,234360,3,1/23/26,NYCT Subway,stops-skipped,R,"Bay Ridge-95 St-bound R trains are running express from Atlantic Av-Barclays Ctr to 59 St.

Expect R delays in both directions.","What's Happening?
 
We are removing debris from the track that caused a train's brakes to activate at 25 St.
For service to/from bypassed stops, take an uptown train.
Expect delays on Coney Island-Stillwell Av-bound D/N trains while tracks are shared."
478218,234360,4,1/23/26,NYCT Subway,stops-skipped | delays,D | N | R,"Bay Ridge-95 St-bound R trains are running express from Atlantic Av-Barclays Ctr to 59 St.

Expect D/N/R delays in both directions.","What's Happening? 

We are removing debris from the track that caused a train's brakes to activate at 25 St.

Service Changes

The last stop on some downtown D trains will be 2 Av on the F line, where they will turn back for uptown service. 

Some downtown D trains are running via the F line from W 4 St-Wash Sq to Coney Island-Stillwell Av.

Listen to announcements on your train to hear how it will run. 

For service to/from bypassed stops, take an uptown train.

Expect delays on Coney Island-Stillwell Av-bound D F/N trains while they share the track with rerouted trains."
478221,234360,5,1/23/26,NYCT Subway,delays,D | N | R,D/N/R trains are running with delays in both directions after we removed debris from the track that activated a train's brakes at 25 St.,Coney Island-Stillwell Av-bound D/N and Bay Ridge-95 St-bound R trains have resumed making scheduled stops.
477966,234242,2,1/22/26,NYCT Subway,delays,D | N | R,Uptown D/N/R trains are running with delays after we removed a train with a mechanical problem from service at 36 St (Brooklyn).,Uptown R trains have resumed at local service from 59 St to Atlantic Av-Barclays Ctr.
477682,234108,2,1/21/26,NYCT Subway,reroute | delays,Q | R,Uptown R trains are rerouted via the Q line from DeKalb Av to Canal St.,"What's Happening?

We've requested NYPD assistance for someone being disruptive on a train at Court St.

For service to/from bypassed stations, take a downtown R train. 

Expect delays in Q service while they share the tracks with rerouted trains."
477689,234108,3,1/21/26,NYCT Subway,delays,R,Uptown R trains are running with delays after NYPD assisted with someone being disruptive and we removed a train from service at Court St.,Uptown R trains have resumed making scheduled stops from DeKalb Av to Canal St.
477630,234084,1,1/21/26,NYCT Subway,express-to-local | delays,N | Q | R | W,"Downtown N/Q trains are running local from Times Sq-42 St to Canal St, then via the R to DeKalb Av.","What's Happening?
We're investigating why a train's brakes activated near Canal St.

Expect downtown R/W delays while they share tracks with rerouted trains."
477635,234084,2,1/21/26,NYCT Subway,delays,N | Q | R | W,Downtown N/Q/R/W trains are running with delays after we removed debris from the track near Canal St.,Downtown N/Q trains have resumed express service from Times Sq-42 St to Canal St and regular service from Manhattan to Brooklyn.
477521,234021,2,1/21/26,NYCT Subway,delays,R,R trains are running with delays in both directions after we replaced rails near DeKalb Av.,"R trains have resumed service between Atlantic Av-Barclays Ctr and Whitehall St-South Ferry.
R trains have resumed making scheduled stops in Brooklyn."
477378,233956,6,1/20/26,NYCT Subway,delays,N | R | W,N/R/W trains are running with delays in both directions after we repaired rails near Astoria-Ditmars Blvd.,"Some uptown R trains will run via B from DeKalb Av to 47-50 Sts-Rockefeller Ctr, then via Roosevelt Island to 21 St-Queensbridge
.
Some uptown N trains will run via R from DeKalb Av to Canal St
.
Listen to announcements to hear how your train will operate."
477161,233859,0,1/20/26,NYCT Subway,reroute | delays,N | Q | R,Downtown N/Q/R trains are delayed while a work train moves through the area near Lexington Av/59 St.,"Some downtown Q trains are running on the R line from Canal St to DeKalb Av.

Listen to announcements on board to hear how your train will run."
477163,233859,1,1/20/26,NYCT Subway,reroute | delays,D | N | Q | R,"Downtown N/Q/R trains are delayed.
Some downtown Q trains running via R line from Canal St to DeKalb Av.
Some downtown D trains local from DeKalb Av to 36 St (BK).","What's Happening?
A work train is moving through the area near Lexington Av/59 St.

Listen to announcements on board to hear how your train will run."
477166,233859,2,1/20/26,NYCT Subway,delays,N | Q | R,Downtown N/Q/R trains are running with delays after a work train moved through the area near Lexington Av/59 St.,Downtown D/Q trains have resumed making scheduled stops.
476775,233661,0,1/17/26,NYCT Subway,delays,Q | R,Uptown Q/R trains are delayed while we investigate what caused a train's brakes to activate at Cortlandt St.,"Planned Work Reminder

Uptown Q trains run via the R line from DeKalb Av to Canal St."
476628,233588,1,1/16/26,NYCT Subway,reroute | part-suspended,N | R | W,N/R/W service is disrupted between Manhattan and Queens in both directions while FDNY responds to a report of smoke near Lexington Av/59 St.,"Service Changes:

No N/W between 57 St/7 Av and Queensboro Plaza / Queens Plaza.

Uptown N/W trains will end at Times Sq-42 St or 96 St on the Q, where they will turn around for downtown service.

Downtown N/W trains will end at Queensboro Plaza, where they will turn around for Astoria-bound service.

R trains will run via the Q between 57 St/7 Av and Lexington Av/63 St, then  via Roosevelt Island to/from 21 St-Queensbridge in both directions.

Some downtown R trains will run via the F from Queens Plaza to W 4 St-Wash Sq, then via the B to DeKalb Av."
476629,233588,2,1/16/26,NYCT Subway,reroute | part-suspended,N | R | W,N/R/W service is disrupted between Manhattan and Queens in both directions while FDNY responds to a report of smoke near Lexington Av/59 St.,"Service Changes:

No N/R/W between 57 St/7 Av and Queensboro Plaza / Queens Plaza.

Uptown N/W trains will end at Times Sq-42 St or 96 St on the Q, where they will turn around for downtown service.

Downtown N/W trains will end at Queensboro Plaza, where they will turn around for Astoria-bound service.

R trains will run via the Q between 57 St/7 Av and Lexington Av/63 St, then via Roosevelt Island to/from 21 St-Queensbridge in both directions.

Some downtown R trains will run via the F from Queens Plaza to W 4 St-Wash Sq, then via the B to DeKalb Av."
476632,233588,3,1/16/26,NYCT Subway,reroute | part-suspended,N | R | W,"No N/W between 57 St/7 Av and Queensboro Plaza in either direction.
R service is disrupted between Manhattan and Queens in both directions.","What's Happening?
FDNY is responding to a report of smoke near Lexington Av/59 St.

N/W Service Changes:

Uptown N/W trains will end at Times Sq-42 St or 96 St on the Q, where they will turn around for downtown service.

Downtown N/W trains will end at Queensboro Plaza, where they will turn around for Astoria-bound service.

R Service Changes:

R trains will run via the Q between 57 St/7 Av and Lexington Av/63 St, then via Roosevelt Island to/from 21 St-Queensbridge in both directions.

Some downtown R trains will run via the F from Queens Plaza to W 4 St-Wash Sq, then via the B to DeKalb Av.

Listen for announcements to hear how your train will run.

Travel Alternatives:
Consider 7/E/F/M trains or Q32 and Q60 buses for service between Manhattan and Queens."
476633,233588,4,1/16/26,NYCT Subway,reroute | part-suspended,N | R | W,"No N/W between 57 St/7 Av and Queensboro Plaza in either direction.
R service is disrupted between Manhattan and Queens in both directions.","What's Happening?
FDNY is responding to a report of smoke near Lexington Av/59 St.

N/W Service Changes:

Uptown N/W trains will end at Times Sq-42 St or 96 St on the Q, where they will turn around for downtown service.

Downtown N/W trains will end at Queensboro Plaza, where they will turn around for Astoria-bound service.

R Service Changes:

R trains will run via the Q between 57 St/7 Av and Lexington Av/63 St, then via Roosevelt Island to/from 21 St-Queensbridge in both directions.

Some downtown R trains will run via the F from Queens Plaza to W 4 St-Wash Sq, then via the B to DeKalb Av.

Listen for announcements to hear how your train will run.

Expect B/D/E/F/M/Q delays while they share tracks with rerouted trains.

Travel Alternatives:
Consider 7/E/F/M trains or Q32 and Q60 buses for service between Manhattan and Queens."
476642,233588,5,1/16/26,NYCT Subway,part-suspended | delays,N | R | W,"No Queens-bound N/W from 57 St/7 Av and Queensboro Plaza.
Uptown R service is disrupted.
Downtown N/R/W trains are running with severe delays.","What's Happening?
FDNY is responding to a report of smoke near Lexington Av/59 St.

N/W Service Changes:
Some uptown N/W trains will end at Times Sq-42 St or 96 St on the Q, where they will turn around for downtown service.

Some downtown N/W trains will end at Queensboro Plaza, where they will turn around for Astoria-bound service.

R Service Changes:
Uptown R trains will run via the Q between 57 St/7 Av and Lexington Av/63 St, then via Roosevelt Island to/from 21 St-Queensbridge .

Listen for announcements to hear how your train will run.

Downtown N/R/W service has resumed from Queens to Manhattan.

Travel Alternatives:
Consider 7/E/F/M trains or Q32 and Q60 buses for service between Manhattan and Queens.

For N/W service between Manhattan and Astoria, take a 7 train at Times Sq-42 St to/from Queensboro Plaza, then change to/from a Q66, Q69, or Q100 bus."
476643,233588,6,1/16/26,NYCT Subway,delays,N | R | W,N/R/W trains are running with severe delays in both directions after FDNY responded to a report of smoke near Lexington Av/59 St.,"N/R/W trains have resumed regular service has resumed between Manhattan and Queens.

Travel Alternatives:
While we work to get trains back on schedule, consider the following alternatives:

Between Manhattan and Queens: Consider 7/E/F/M trains or Q32 and Q60 buses.

For N/W service between Manhattan and Astoria: Take a 7 train at Times Sq-42 St to/from Queensboro Plaza, then change to/from a Q66, Q69, or Q100 bus."
476552,233567,1,1/16/26,NYCT Subway,delays,N | R | W,Uptown N/R/W trains are disrupted between Manhattan and Queens while we investigate a report of an unauthorized person on the tracks at Lexington Av/59 St.,"Some R trains are running: 
On the Q line between 57 St/7 Av and 96 St.
Uptown R are running via the Q line from 57 St/7 Av to Lexington Av/63 St, then to Queens via Roosevelt Island to 21 St-Queensbridge.
Some N/W trains are running on the Q line between 57 St/7 Av and 96 St.
Listen to announcements for how your train will run."
476558,233567,2,1/16/26,NYCT Subway,delays,N | R | W,Uptown N/R/W trains are disrupted between Manhattan and Queens while we investigate a report of an unauthorized person on the tracks at Lexington Av/59 St.,"Some R trains are running:
On the Q line between 57 St/7 Av and 96 St. Uptown R are running via the Q line from 57 St/7 Av to Lexington Av/63 St, then to Queens via Roosevelt Island to 21 St-Queensbridge.
Some N/W trains are running on the Q line between 57 St/7 Av and 96 St.
Listen to announcements for how your train will run.
Take E/F/M/7 instead."
476570,233567,3,1/16/26,NYCT Subway,delays,N | R | W,N/R/W trains are running with severe delays in both directions after we investigated a report of an unauthorized person on the tracks at Lexington Av/59 St.,N/R/W have resumed regular service between Manhattan and Queens.
476499,233541,0,1/16/26,NYCT Subway,information-outage,A | B | C | D | E | F | J | N | Q | R | W,Arrival information for A/B/C/D/E/F/J/N/Q/R/W trains may be unavailable or inaccurate. Our vendor is investigating an internet connectivity issue impacting our data.,We'll notify you here if there are delays or disruptions to your train.
476342,233465,0,1/16/26,NYCT Subway,delays,M | R,Downtown M/R trains are delayed while we address a door problem on a train at 63 Dr-Rego Park.,"Some downtown M/R trains are running express from Forest Hills-71 Av to Jackson Heights-Roosevelt Av.
Listen for announcements to hear how your train will run.
Expect delays in downtown E/F service."
476249,233418,1,1/15/26,NYCT Subway,stops-skipped,M | R,Forest Hills-71 Av-bound M/R trains will run express from Jackson Heights-Roosevelt Av to Forest Hills-71 Av.,"What's Happening:
We're investigating why a train's brakes activated at Grand Av-Newtown.
For stations bypassed, take a downtown train."
476255,233418,2,1/15/26,NYCT Subway,delays,M | R,Forest Hills-71 Av-bound M/R trains are running with delays after we moved a train that had its brakes activated at Grand Av-Newtown.,Forest Hills-71 Av-bound M/R trains have resumed making regular stops in Queens.
476047,233323,1,1/14/26,NYCT Subway,reroute | part-suspended,R | W,"R via Q between DeKalb Av and  Canal St in both directions. 
Whitehall St-South Ferry-bound W  end at Canal St. 
No R/W service in Lower Manhattan.","What's Happening? 
We are  investigating why a train's brakes activated at Whitehall St-South Ferry.
For service to/from Jay St-MetroTech , take A/C/F trains
For service to/from Court St, take 2/3/4/5 trains."
476054,233323,2,1/14/26,NYCT Subway,reroute | part-suspended,R | W,"R via Q between DeKalb Av and Canal St in both directions.
Whitehall St-South Ferry-bound W end at Canal St.
No R/W service in Lower Manhattan.","What's Happening?
We are investigating why a train's brakes activated at Whitehall St-South Ferry.
For service to/from Jay St-MetroTech, take A/C/F trains
For service to/from Court St, take 2/3/4/5 trains.
For service in Lower Manhattan, consider taking a 1 train."
476061,233323,3,1/14/26,NYCT Subway,reroute | part-suspended,R | W,"There is no R service in Lower Manhattan
.
There is extremely limited W service in both directions.","Service Changes: 
R via Q between DeKalb Av and Canal St in both directions.
Whitehall St-South Ferry-bound W end at Canal St
.
What's Happening?
We are addressing a train with a mechanical problem at Whitehall St-South Ferry
.
Travel Alternatives: 
For service to/from Jay St-MetroTech, take A/C/F trains
For service to/from Court St, take 2/3/4/5 trains.
For service in Lower Manhattan, consider taking a 1 train.
For service between Manhattan and Queens, consider taking an N or 7 train."
476065,233323,4,1/14/26,NYCT Subway,delays,R | W,"R trains are running with delays in both directions. 
W trains are running with severe delays in both directions.","What Happened?
We addressed a train with a mechanical problem at Whitehall St-South Ferry
.
We addressed a signal problem near Whitehall St-South Ferry
.
Travel Alternatives:
While we work to get trains back to scheduled service, consider the following travel alternatives:
For service to/from Jay St-MetroTech, take A/C/F trains
For service to/from Court St, take 2/3/4/5 trains.
For service in Lower Manhattan, consider taking a 1 train.
For service between Manhattan and Queens, consider taking an N or 7 train."
476024,233311,1,1/14/26,NYCT Subway,delays,N | R | W,"Uptown N/R/W are running with delays. 
Some uptown N trains will end at 96 St on the Q.
Some uptown R via Q from 57 St/7 Av to Lexington/63 St then via M to 36 St.","What's Happening? 
We are conducting signal maintenance near Queensboro Plaza.
Listen for announcements to hear how your train will operate."
476038,233311,2,1/14/26,NYCT Subway,delays,N | R | W,Uptown N/R/W are running with delays after we conducted signal maintenance near Queensboro Plaza.,Uptown N/R/W have resumed making scheduled stops.
475946,233275,1,1/14/26,NYCT Subway,reroute,R,"Forest Hills-71 Av-bound R will run via the Q line from 57 St/7 Av to Lexington Av/53 St, then via M line to 36 St.","What's Happening:
We're investigating why a train's brakes activated at Queens Plaza."
475955,233275,2,1/14/26,NYCT Subway,reroute,R,"Forest Hills-71 Av-bound R will run via the Q line from 57 St/7 Av to Lexington Av/63 St, then via M line to 36 St.","What's Happening:
We're investigating why a train's brakes activated at Queens Plaza.
Expect delays on uptown Q/M trains while they share the track with rerouted R trains."
475960,233275,3,1/14/26,NYCT Subway,delays,R,Forest Hills-71 Av-bound R trains are running with delays after we removed a train that had its brakes activated at Queens Plaza.,Forest Hills-71 Av-bound R trains have resumed making regular stops.
475961,233275,4,1/14/26,NYCT Subway,delays,R,Forest Hills-71 Av-bound R trains are running with delays after we moved a train that had its brakes activated at Queens Plaza.,Forest Hills-71 Av-bound R trains have resumed making regular stops.
475806,233202,2,1/13/26,NYCT Subway,delays,D | N | R,"Uptown R trains are delayed.
Downtown R and D/N trains in both directions are running with delays.","What's Happening?
We're requesting NYPD assistance for an unauthorized person on the tracks at Prospect Av."
475807,233202,3,1/13/26,NYCT Subway,delays,D | N | R,"Uptown R trains are delayed.
Downtown R trains are running with delays.
D/N trains are running with delays in both directions.","What's Happening?
We're requesting NYPD assistance for an unauthorized person on the tracks at Prospect Av."
475811,233202,4,1/13/26,NYCT Subway,stops-skipped | delays,D | N | R,"Uptown R trains are running express from 59 St to Atlantic Av-Barclays Ctr.

D/N/R trains are running with delays in both directions.","What's Happening?
We're requesting NYPD assistance for an unauthorized person on the tracks at Prospect Av.

If your stop is skipped, take a Bay Ridge-95 St-bound R train."
475816,233202,5,1/13/26,NYCT Subway,delays,D | N | R,D/N/R trains are running with delays in both directions after NYPD responded to an unauthorized person on the tracks at Prospect Av.,Uptown R trains have resumed local service from 59 St to Atlantic Av-Barclays Ctr.
475824,233202,6,1/13/26,NYCT Subway,delays,D | N | R,Uptown D/N/R trains are running with delays after NYPD responded to an unauthorized person on the tracks at Prospect Av.,Uptown R trains have resumed local service from 59 St to Atlantic Av-Barclays Ctr.
475828,233202,7,1/14/26,NYCT Subway,delays,D | N | R,"Uptown D trains are running with delays.
N/R trains are running with delays in both directions.","What Happened?
NYPD responded to an unauthorized person on the tracks at Prospect Av."
475795,233199,1,1/13/26,NYCT Subway,reroute | delays,N | Q | R | W,"Downtown R trains are running via the Q from Canal St to DeKalb Av.
Downtown W trains are delayed.","What's Happening?
We're investigating why a train's brakes activated at Whitehall St-South Ferry.

Expect downtown N/Q delays while they share tracks with rerouted trains."
475800,233199,2,1/13/26,NYCT Subway,reroute | delays,N | Q | R | W,"Downtown R trains are running via the Q from Canal St to DeKalb Av.
R/W trains are delayed in both directions in Lower Manhattan.","What's Happening?
We're investigating why a train's brakes activated at Whitehall St-South Ferry.

Expect downtown N/Q delays while they share tracks with rerouted trains."
475803,233199,3,1/13/26,NYCT Subway,delays,R | W,R/W trains are running with delays in both directions after we moved a train that had its brakes activated at Whitehall St-South Ferry.,Downtown R trains have resumed regular service from Manhattan to Brooklyn.
475767,233189,1,1/13/26,NYCT Subway,delays,N | Q | R | W,"Uptown R/W trains are delayed.
Some uptown R trains are running via the Q from DeKalb Av to Canal St.","Listen for crew announcements to hear how your train will run.

What's Happening?
We're addressing a mechanical problem on a train at Canal St.

Expect uptown N/Q delays while they share tracks with rerouted trains."
475771,233189,2,1/13/26,NYCT Subway,delays,N | Q | R | W,"R/W trains are delayed in both directions.
Some R trains are running via the Q between DeKalb Av and Canal St in both directions.","Listen for crew announcements to hear how your train will run.

What's Happening?
We're addressing a mechanical problem on a train at Canal St.

Expect N/Q delays in both directions while they share tracks with rerouted trains."
475773,233189,3,1/13/26,NYCT Subway,reroute | part-suspended | delays,N | Q | R | W,"R trains via Q between DeKalb Av and Canal St in both directions.
No W service in either direction between Canal St and Whitehall St-South Ferry.","R/W trains are holding in stations in Lower Manhattan.

What's Happening?
We're addressing a mechanical problem on a train at Canal St.

Expect N/Q delays in both directions while they share tracks with rerouted trains."
475774,233189,4,1/13/26,NYCT Subway,reroute | part-suspended | delays,N | Q | R | W,"R trains via Q between DeKalb Av and Canal St in both directions.
No W service in either direction between Canal St and Whitehall St-South Ferry.","R/W trains are holding in stations in Lower Manhattan.

What's Happening?
We're addressing a mechanical problem on a train at Canal St.

Expect N/Q delays in both directions while they share tracks with rerouted trains.

Travel Alternatives:
Take 1 trains for service between Times Sq-42 St and Lower Manhattan."
475776,233189,5,1/13/26,NYCT Subway,reroute | part-suspended | delays,N | Q | R | W,"R trains via Q between DeKalb Av and Canal St in both directions.
No W service in either direction between Canal St and Whitehall St-South Ferry.","R/W trains are holding in stations in Lower Manhattan.

What's Happening?
We're addressing a mechanical problem on a train at Canal St.

Expect N/Q delays in both directions while they share tracks with rerouted trains.

Travel Alternatives:
In Manhattan:
Consider 1 trains for service between Times Sq-42 St and Lower Manhattan.
Consider 6 trains for local service between 14 St-Union Sq and Lower Manhattan.
Between Lower Manhattan and Brooklyn:
Consider 2/3/4/5 trains to/from Atlantic Av-Barclays Ctr."
475778,233189,6,1/13/26,NYCT Subway,reroute | part-suspended | delays,N | Q | R | W,"R trains via Q between DeKalb Av and Canal St in both directions.
No W service in either direction between Canal St and Whitehall St-South Ferry.","R/W trains are holding in stations in Lower Manhattan.

What's Happening?
We're addressing a mechanical problem on a train at Canal St.

Expect N/Q delays in both directions while they share tracks with rerouted trains.

Travel Alternatives:
In Manhattan:
Consider 1 trains for service between Times Sq-42 St and Lower Manhattan.
Consider 6 trains for local service between 14 St-Union Sq and Lower Manhattan.
Between Lower Manhattan and Brooklyn:
Consider 2/3/4/5 trains to/from Atlantic Av-Barclays Ctr.
For service to/from Jay St-MetroTech, take A/C/F trains.
For service to/from Court St, take 2/3/4 5  trains at Borough Hall."
475785,233189,7,1/13/26,NYCT Subway,delays,R | W,R/W trains are running with delays in both directions after we addressed a mechanical problem on a train at Canal St.,"R trains have resumed regular service between Manhattan and Brooklyn in both directions.
W service has resumed in Lower Manhattan."
475786,233189,8,1/13/26,NYCT Subway,delays,N | Q | R | W,N/Q/R/W trains are running with delays in both directions after we addressed a mechanical problem on a train at Canal St.,"R trains have resumed regular service between Manhattan and Brooklyn in both directions.
W service has resumed in Lower Manhattan."
475751,233184,0,1/13/26,NYCT Subway,stops-skipped,N | R | W,Uptown N/R/W trains are running express from 34 St-Herald Sq to 57 St/7 Av.,"What's Happening?
We are investigating what caused a train's brakes to activate at 49 St.

For service to/from bypassed stations, take a downtown train. 

Expect delays on uptown Q trains while they share the track with rerouted trains."
475752,233184,1,1/13/26,NYCT Subway,delays,N | R | W,Uptown N/R/W trains are running with delays after we moved a train that had its brakes activated at 49 St.,Uptown N/R/W trains have resumed making scheduled stops.
475540,233089,1,1/12/26,NYCT Subway,delays,N | R | W,N/R/W trains are delayed in both directions while FDNY investigates a report of smoke near Lexington Av/59 St.,"Some uptown R trains are running on the Q line from 57 St-7 Av to Lexington Av/63 St and then via Roosevelt Island to 21 St-Queensbridge.
Some downtown N/W trains will end at Queensboro Plaza.
Listen to announcements for how your train will run. (edited)"
475541,233089,2,1/12/26,NYCT Subway,delays,N | R | W,N/R/W trains are delayed in both directions while FDNY investigates a report of smoke near Lexington Av/59 St.,Some uptown R trains are running on the Q line from 57 St-7 Av to Lexington Av/63 St and then via Roosevelt Island to 21 St-Queensbridge. Some downtown N/W trains will end at Queensboro Plaza. Listen to announcements for how your train will run.
475542,233089,3,1/12/26,NYCT Subway,reroute | severe-delays,N | Q | R | W,"N/R/W service is disrupted between Manhattan and Queens.
Take E/F/M/7 instead.","What's Happening?
FDNY is responding to a track fire near Lexington Av/59 St.

Updates & Alternatives:
R trains are running:
On the Q line between 57 St/7 Av and 96 St.
Uptown R are running via the Q line from 57 St/7 Av to Lexington Av/63 St, then to Queens via Roosevelt Island to 21 St-Queensbridge. 
The last stop on downtown N/W is Queensboro Plaza .

N/W trains in Manhattan are holding in stations.

Some uptown Q trains are running via the B line from DeKalb Av to 47-50 Sts-Rockefeller Ctr, then via the M to Lexington Av/63 St.

Listen to announcements for how your train will run."
475545,233089,4,1/12/26,NYCT Subway,reroute | severe-delays,N | Q | R | W,"N/R/W service is disrupted between Manhattan and Queens.
Take E/F/M/7 instead.","What's Happening?
FDNY is responding to a track fire near Lexington Av/59 St.

Updates & Alternatives:
R trains are running:
On the Q line between 57 St/7 Av and 96 St.
Uptown R are running via the Q line from 57 St/7 Av to Lexington Av/63 St, then to Queens via Roosevelt Island to 21 St-Queensbridge.
The last stop on some uptown R trains is Times Sq-42 St.

The last stop on downtown N/W is Queensboro Plaza .

N/W trains in Manhattan are holding in stations.

Some uptown Q trains are running via the B line from DeKalb Av to 47-50 Sts-Rockefeller Ctr, then via the M to Lexington Av/63 St.

Listen to announcements for how your train will run."
475547,233089,5,1/12/26,NYCT Subway,reroute | severe-delays,N | Q | R | W,"N/R/W service is disrupted between Manhattan and Queens.
Take E/F/M/7 instead.","What's Happening?
FDNY is responding to a track fire near Lexington Av/59 St.

Updates & Alternatives:
Some uptown R are running via the Q line from 57 St/7 Av to Lexington Av/63 St, then to Queens via Roosevelt Island to 21 St-Queensbridge.
Some N/R/W trains are running on the Q line between 57 St/7 Av and 96 St.

The last stop on some uptown R trains is Times Sq-42 St.

The last stop on downtown N/W is Queensboro Plaza .

N/W trains in Manhattan are holding in stations.

Some uptown Q trains are running via the B line from DeKalb Av to 47-50 Sts-Rockefeller Ctr, then via the M to Lexington Av/63 St.

Listen to announcements for how your train will run."
475548,233089,6,1/12/26,NYCT Subway,reroute | severe-delays,N | Q | R | W,"N/R/W service is disrupted between Manhattan and Queens.
Take E/F/M/7 instead.","What's Happening?
FDNY is responding to a track fire near Lexington Av/59 St.

Updates & Alternatives:
Some R trains are running:
Via the Q line between 57 St/7 Av and Lexington Av/63 St
To/from Queens via Roosevelt Island between Lexington Av/63 St and 21 St-Queensbridge.
Some N/R/W trains are running on the Q line between 57 St/7 Av and 96 St.

The last stop on some uptown R trains is Times Sq-42 St.

The last stop on downtown N/W is Queensboro Plaza .

N/W trains in Manhattan are holding in stations.

Some uptown Q trains are running via the B line from DeKalb Av to 47-50 Sts-Rockefeller Ctr, then via the M to Lexington Av/63 St.

Listen to announcements for how your train will run."
475549,233089,7,1/12/26,NYCT Subway,reroute | part-suspended,N | Q | R | W,"N/R/W service is disrupted between Manhattan and Queens.
Take E/F/M/7 instead.","What's Happening?
FDNY is responding to a track fire near Lexington Av/59 St.

Updates & Alternatives:
Some R trains are running:
Via the Q line between 57 St/7 Av and Lexington Av/63 St
To/from Queens via Roosevelt Island between Lexington Av/63 St and 21 St-Queensbridge.
Some N/R/W trains are running on the Q line between 57 St/7 Av and 96 St.

The last stop on some uptown R trains is Times Sq-42 St.

The last stop on downtown N/W is Queensboro Plaza .

N/W trains in Manhattan are holding in stations.

Some uptown Q trains are running via the B line from DeKalb Av to 47-50 Sts-Rockefeller Ctr, then via the M to Lexington Av/63 St.

Listen to announcements for how your train will run."
475550,233089,8,1/12/26,NYCT Subway,severe-delays,N | Q | R | W,N/Q/R/W trains are running with severe delays in both directions after FDNY extinguished a track fire near Lexington Av/59 St.,"N/R/W trains have resumed service between Manhattan and Queens.

While we work to get trains back on schedule, consider taking E/F/M/7 trains instead."
475556,233089,9,1/12/26,NYCT Subway,delays,N | Q | R | W,"N/R/W trains are running with severe delays in both directions.
Q trains are running with delays in both directions.","What Happened?
FDNY extinguished a track fire near Lexington Av/59 St.

While we work to get trains back on schedule, consider taking E/F/M/7 trains instead."
475564,233089,10,1/12/26,NYCT Subway,delays,N | Q | R | W,"Downtown N/R/W trains are running with severe delays.
Queens-bound N/R/W trains are running with delays.
Q trains are running with delays in both directions.","What Happened?
FDNY extinguished a track fire near Lexington Av/59 St."
475568,233089,11,1/12/26,NYCT Subway,delays,N | R | W,"N/W trains are running with delays in both directions.
Bay Ridge-95 St-bound R trains are running with delays.","What Happened?
FDNY extinguished a track fire near Lexington Av/59 St."
475339,232993,1,1/11/26,NYCT Subway,stops-skipped | delays,E | F | R,Forest Hills-bound R trains are running express from Queens Plaza to Forest Hills-71 Av while EMS responds to a person in need at Jackson Heights-Roosevelt Av.,"For service to from stops bypassed, take a downtown train.

Expect Jamaica-bound E/F delays while they share tracks with rerouted trains."
475340,232993,2,1/11/26,NYCT Subway,delays,R,Forest Hills-bound R trains are running with delays after EMS responded to a person in need at Jackson Heights-Roosevelt Av.,Forest Hills-bound R trains have resumed local service from Queens Plaza to Forest Hills-71 Av.
475238,232947,1,1/11/26,NYCT Subway,delays,N | R,"Queens Plaza-bound R trains are delayed.
Queens-bound N trains are running with delays.","What's Happening?
NYPD is responding to someone being disruptive at Queens Plaza.

The last stop on some Queens-bound R trains will be Lexington Av/59 St or Queensboro Plaza (via N line).
Listen for train crew announcements to hear how your train will run."
475239,232947,2,1/11/26,NYCT Subway,delays,N | R,"Queens Plaza-bound R trains are delayed.
Queens-bound N trains are running with delays.","What's Happening?
NYPD is responding to someone being disruptive at Queens Plaza.

The last stop on some Queens-bound R trains will be Lexington Av/59 St or Queensboro Plaza (via N line).
Some Queens-bound R trains are rerouted via Q line from 57 St/7 Av to Lexington Av/63 St, then via F line to 36 St (QNS). 
Listen for train crew announcements to hear how your train will run."
474852,232762,1,1/9/26,NYCT Subway,reroute | delays,N | R,"Stillwell Av-bound N trains are rerouted via Q line from Canal St to DeKalb Av.
R trains are delayed in both directions.","What's Happening?
We are investigating why a train's brakes activated near DeKalb Av.

Travel Alternatives:
For service to/from stops in Lower Manhattan, consider using 4/A/J trains.
For service to/from Court St, use the 4 train. 
For service to/from Jay St-MetroTech, use A/F trains."
474853,232762,2,1/9/26,NYCT Subway,delays,N | R,"Stillwell Av-bound N trains are running with delays.
R trains are running with delays in both directions.","We moved a train that had its brakes activated near DeKalb Av.

Coney Island-Stillwell Av-bound N trains have resumed making scheduled stops between Manhattan and Brooklyn."
474778,232728,1,1/8/26,NYCT Subway,stops-skipped,R | W,Uptown R/W trains are running express from Canal St to 34 St-Herald Sq while we address a door problem on a train at 23 St.,"If you stop is skipped, take a downtown R/W train."
474644,232655,1,1/8/26,NYCT Subway,delays,N | Q | R,Downtown N/Q trains are running with delays while we address a signal problem on the Manhattan Bridge.,"Additional Service Changes:
Some downtown N/Q trains will be rerouted via R line from Canal St to DeKalb Av.

Listen for train crew announcements to hear how your train will run.

Expect downtown R delays while they share tracks with rerouted trains."
474645,232655,2,1/8/26,NYCT Subway,delays,N | Q | R | W,Downtown N/Q trains are running with delays while we address a signal problem on the Manhattan Bridge.,"Additional Service Changes:
Some downtown N/Q trains will be rerouted via R line from Canal St to DeKalb Av.

Listen for train crew announcements to hear how your train will run.

Expect downtown R/W delays while they share tracks with rerouted trains."
474651,232655,3,1/8/26,NYCT Subway,delays,N | Q | R | W,"Downtown N/Q trains are running with delays.
Some downtown N/Q trains will be rerouted via R line from Canal St to DeKalb Av.","What's Happening?
We're addressing a signal problem on the Manhattan Bridge.

Listen for train crew announcements to hear how your train will run.

Expect downtown R/W delays while they share tracks with rerouted trains."
474618,232646,0,1/8/26,NYCT Subway,reroute | delays,N | Q | R,Downtown Q trains are rerouted via N line from Canal St to DeKalb Av.,"What's Happening?
We are investigating why a train's brakes activated on the Manhattan Bridge. 

Boarding Change:
At Canal St, board downtown Q trains on the upper level (N train platform)

Expect delays in downtown N/R trains while they share tracks with rerouted trains."
474494,232596,2,1/7/26,NYCT Subway,delays,R,Bay Ridge-95 St-bound R trains are running with delays after EMS/NYPD responded to someone in need at 36 St (BKYLN).,Bay Ridge-95 St-bound R trains have resumed making local stops from Atlantic Av-Barclays Ctr to 59 St (BKLYN).
474461,232579,0,1/7/26,NYCT Subway,stops-skipped,N | R | W,Downtown N/R/W trains are running express from 57 St/7 Av to 34 St-Herald Sq while we remove a train with a door problem from service at 57 St/7 Av.,"For service to/from 49 St, take an uptown N/R/W train."
474465,232579,1,1/7/26,NYCT Subway,stops-skipped,N | R | W,Downtown N/R/W trains are running with delays after we removed a train with a door problem from service at 57 St/7 Av.,Downtown N/R/W trains have resumed making local stops 57 St/7 Av to 34 St-Herald Sq.
474416,232550,1,1/7/26,NYCT Subway,stops-skipped | delays,E | F | M | R,Downtown M/R trains are running express from Forest Hills-71 Av to Jackson Heights-Roosevelt Av.,"What's Happening? 
We're removing a train with a mechanical problem from service at 63 Dr-Rego Park.

For service to/from stops bypassed, take a Forest Hills-bound train. 

Expect downtown E/F delays while they share tracks with rerouted trains."
474417,232550,2,1/7/26,NYCT Subway,delays,M | R,Downtown M/R trains are running with delays after we removed a train with a mechanical problem from service at 63 Dr-Rego Park.,Downtown M/R trains have resumed local service from Forest Hills-71 Av to Jackson Heights-Roosevelt Av.
474356,232519,1,1/7/26,NYCT Subway,express-to-local | delays,E | F | R,Downtown R trains are delayed while the FDNY responds to a report of smoke near Forest Hills-71 Av.,"Some downtown E/F trains are running on the local track from Forest Hills-71 Av to Queens Plaza/21 St-Queensbridge.

Listen for announcements to hear how your train will run. 

Expect delays in R service while they share the tracks with rerouted trains."
474360,232519,2,1/7/26,NYCT Subway,express-to-local | delays,E | F | R,Downtown R trains are running with delays while the FDNY responds to a report of smoke near Forest Hills-71 Av.,"Some downtown E/F trains are running on the local track from Forest Hills-71 Av to Queens Plaza/21 St-Queensbridge.
Listen for announcements to hear how your train will run.

As an alternative for service in Manhattan, consider using N/Q  trains. 
In Brooklyn, use D/N trains."
474364,232519,3,1/7/26,NYCT Subway,reroute | express-to-local | delays,E | F | N | R,Downtown R trains are running with delays while the FDNY responds to a report of smoke near Forest Hills-71 Av.,"Some downtown E/F trains are running on the local track from Forest Hills-71 Av to Queens Plaza/21 St-Queensbridge.
Some downtown N trains will be rerouted via the R line from Canal St to DeKalb Av.
Listen for announcements to hear how your train will run.

As an alternative for service in Manhattan, consider using N/Q  trains.
In Brooklyn, use D/N trains."
474365,232519,4,1/7/26,NYCT Subway,delays,E | F | R,E/F/R trains are running with delays in both directions after FDNY responded to a report of smoke near Forest Hills-71 Av.,Downtown E/F/N trains have resumed making scheduled stops.
474258,232472,2,1/6/26,NYCT Subway,stops-skipped,M | R,"Forest Hills-71 Av-bound M express from 21 St-Queensbridge to Jackson Heights.
Forest Hills-71 Av-bound R express from Queens Plaza to  Jackson Heights.","What's Happening? 
Emergency teams are responding to a person who was struck by a train at Northern Blvd.
For service to/from bypassed stations, take a Middle Village-Metropolitan Av-bound M or Bay Ridge-95 St-bound R train."
474259,232472,3,1/6/26,NYCT Subway,stops-skipped | delays,E | F | M | R,"Forest Hills-71 Av-bound M express from 21 St-Queensbridge to Jackson Heights.
Forest Hills-71 Av-bound R express from Queens Plaza to Jackson Heights.","What's Happening?
Emergency teams are responding to a person who was struck by a train at Northern Blvd.
For service to/from bypassed stations, take a Middle Village-Metropolitan Av-bound M or Bay Ridge-95 St-bound R train.
Expect delays in Jamaica-bound E/F service while they share the tracks with rerouted M/R trains."
474261,232472,4,1/6/26,NYCT Subway,stops-skipped | delays,E | F | M | R,"Forest Hills-71 Av-bound M express from 21 St-Queensbridge to Jackson Heights.
Forest Hills-71 Av-bound R express from Queens Plaza to Jackson Heights.","What's Happening?
Emergency teams are responding to a person who was struck by a train at Northern Blvd.
For service to/from bypassed stations, take a Middle Village-Metropolitan Av-bound M or Bay Ridge-95 St-bound R train.
Some Forest Hills-71 Av-bound R trains will run on the Q line from 57 St/7 Av to 96 St. 
Listen for announcements to hear how your train will operate. 
Expect delays in Jamaica-bound E/F service while they share the tracks with rerouted M/R trains."
474268,232472,5,1/6/26,NYCT Subway,stops-skipped | delays,E | F | M | R,"Forest Hills-71 Av-bound M express from 21 St-Queensbridge to Jackson Heights.
Forest Hills-71 Av-bound R express from Queens Plaza to Jackson Heights.","What's Happening?

Emergency teams are responding to a person who was struck by a train at Northern Blvd.

For service to/from bypassed stations, take a Middle Village-Metropolitan Av-bound M or Bay Ridge-95 St-bound R train.

Some Forest Hills-71 Av-bound R trains will run on the Q line from 57 St/7 Av to 96 St.
The last stop on some Forest Hills-71 Av-bound M trains will be 21 St-Queensbridge.

Listen for announcements to hear how your train will operate.
Expect delays in Jamaica-bound E/F service while they share the tracks with rerouted M/R trains."
474274,232472,6,1/6/26,NYCT Subway,delays,E | F | M | R,E/F/M/R trains are running with delays in both directions after emergency teams responded to a person who was struck by a train at Northern Blvd.,Forest Hills-71 Av-bound M/R trans have resumed making local stops from 21 St-Queensbridge/Queens Plaza to Jackson Heights-Roosevelt Av.
474276,232472,7,1/6/26,NYCT Subway,delays,E | F | M | R,E/F/M/R trains are running with delays in both directions after emergency teams responded to a person who was struck by a train at Northern Blvd.,Forest Hills-71 Av-bound M/R trains have resumed making local stops from 21 St-Queensbridge/Queens Plaza to Jackson Heights-Roosevelt Av.
474176,232432,1,1/6/26,NYCT Subway,delays,D | N | R,Coney Island-Stillwell Av-bound D/N and Bay Ridge-95 St-bound R trains are delayed while we perform track maintenance near 59 St (Brooklyn).,"Some Coney Island-Stillwell Av-bound D trains are running on the express track from Atlantic Av to 36 St
.
Some Coney Island-Stillwell Av-bound N trains are running on the D line from 36 St to Coney Island-Stillwell Av
.
Listen to announcements to hear how your train will operate."
474060,232375,0,1/5/26,NYCT Subway,reroute | part-suspended,N | Q | R,"N/Q/R service is disrupted in both directions.

There is limited N service in Manhattan.","What's Happening?

NYPD is responding to an unauthorized person on the track near 57 St/7 Av.

Service Changes

The last stop on downtown N trains will be Queensboro Plaza, where they will turn back for Astoria-Ditmars Blvd-bound service. 

Downtown R trains are running via Roosevelt Island to W 4 St-Wash Sq, and then via the D line to 36 St (Brooklyn). 

Downtown Q trains are running via the M line from Lexington Av/63 St to W 4 St-Wash Sq, and then via the B line to DeKalb Av.

For continued service to Manhattan from Queensboro Plaza, transfer to a 34 St-Hudson Yards-bound 7 train. 

Expect delays on B/D/F/M trains while they share the track with rerouted trains."
474061,232375,1,1/5/26,NYCT Subway,reroute | part-suspended | delays,N | Q | R | W,"N/Q/R/W service is disrupted in both directions.

There is limited N service in Manhattan.","What's Happening?

NYPD is responding to an unauthorized person on the track near 57 St/7 Av.

Service Changes

The last stop on downtown N trains will be Queensboro Plaza, where they will turn back for Astoria-Ditmars Blvd-bound service.

Downtown R trains are running via Roosevelt Island to W 4 St-Wash Sq, and then via the D line to 36 St (Brooklyn).

Downtown Q trains are running via the M line from Lexington Av/63 St to W 4 St-Wash Sq, and then via the B line to DeKalb Av.

For continued service to Manhattan from Queensboro Plaza, transfer to a 34 St-Hudson Yards-bound 7 train.

Expect delays on B/D/F/M trains while they share the track with rerouted trains."
474065,232375,2,1/5/26,NYCT Subway,delays | severe-delays,N | Q | R | W,"Downtown N and W trains in both directions are running with severe delays. 

R trains are running with delays in both directions.","What Happened?

NYPD responded to an unauthorized person on the track near 57 St/7 Av.

Downtown N/Q/R trains have resumed making scheduled stops."
474066,232375,3,1/5/26,NYCT Subway,delays | severe-delays,N | Q | R | W,"Downtown N and W trains in both directions are running with severe delays.

Downtown Q and R trains are running with delays in both directions.","What Happened?

NYPD responded to an unauthorized person on the track near 57 St/7 Av.

Downtown N/Q/R trains have resumed making scheduled stops."
474067,232375,4,1/5/26,NYCT Subway,delays | severe-delays,N | Q | R | W,"Downtown N and W trains in both directions are running with severe delays.

Downtown Q and R trains in both directions are running with delays.","What Happened?

NYPD responded to an unauthorized person on the track near 57 St/7 Av.

Downtown N/Q/R trains have resumed making scheduled stops."
474072,232375,5,1/5/26,NYCT Subway,delays,N | Q | R | W,"Downtown N/Q trains are running with delays.
R/W trains are running with delays in both directions.","What Happened?
NYPD responded to an unauthorized person on the track near 57 St/7 Av."
474028,232363,1,1/5/26,NYCT Subway,stops-skipped,R | W,Uptown R/W trains are running express from Canal St to 34 St-Herald Sq while we request NYPD assistance for someone being disruptive at 14 St-Union Sq.,"For service to/from bypassed stations, take a downtown train.

Expect delays on uptown N/Q trains while they share the track with rerouted trains."
474032,232363,2,1/5/26,NYCT Subway,delays,R | W,Uptown R/W trains are running with delays after NYPD responded to someone being disruptive on a train at 14 St-Union Sq.,Uptown R/W trains have resumed making scheduled stops in Manhattan.
474019,232351,6,1/5/26,NYCT Subway,reroute | delays,N | Q | R,"Uptown N/Q trains are running via the R line from DeKalb Av to Canal St.

Uptown Q trains are running express from Brighton Beach to Kings Hwy.","What's Happening?

We are continuing to address a switch problem near DeKalb Av.

We are addressing a signal problem near Sheepshead Bay.

Additional Service Changes

Some uptown R trains will run via the Q line in Manhattan.

Listen to announcements on your train to hear how it will run.

Boarding Change

Board all uptown N/R trains from the upper level Q platform at Canal St.

Expect delays on uptown R trains while they share the track with rerouted trains.

As an alternative to B/Q service in Brooklyn, consider using nearby B49 or B68 buses."
474015,232351,5,1/5/26,NYCT Subway,reroute | delays | severe-delays,B | N | Q | R,"Uptown N/Q trains are running via the R line from DeKalb Av to Canal St.

Uptown B trains are running with severe delays.","What's Happening?

We are continuing to address a switch problem near DeKalb Av.

Additional Service Changes

Some uptown R trains will run via the Q line in Manhattan.

Listen to announcements on your train to hear how it will run.

Boarding Change

Board all uptown N/R trains from the upper level Q platform at Canal St.

Expect delays on uptown R trains while they share the track with rerouted trains.

As an alternative to B/Q service in Brooklyn, consider using nearby B49 or B68 buses."
473902,232298,1,1/4/26,NYCT Subway,stops-skipped,N | R,Uptown N/R trains are running express from Canal St to 34 St-Herald Sq while we request NYPD assistance for someone being disruptive on a train at 28 St.,"For service to/from bypassed stops, take a downtown train.
Expect delays on Q trains while tracks are shared."
473903,232298,2,1/4/26,NYCT Subway,delays,N | R,Uptown N/R trains are running with delays after we requested NYPD assistance for someone being disruptive on a train at 28 St.,Uptown N/R trains have resumed making scheduled stops.
473662,232190,1,1/3/26,NYCT Subway,delays,D | N | R,Coney Island-bound D/N and 95 St-bound R trains are running with delays after we moved a train at Atlantic Av-Barclays Ctr.,Coney Island-bound D/N and 95 St-bound R trains have resumed making scheduled stops in Brooklyn.
473647,232183,2,1/3/26,NYCT Subway,delays,R,R trains are running with delays in both directions while EMS responds to someone in need on a train at Whitehall St-South Ferry.,"The last stop on some Whitehall St-bound R trains will be Court St.
Listen for train crew announcements to hear how your train will run."
473631,232174,5,1/3/26,NYCT Subway,delays,D | N | R,Uptown D/N/R trains are running with delays after emergency teams responded to someone who was struck by a train at 36 St (BKYLN).,Uptown D/N/R trains have resumed making scheduled stops.
473568,232152,0,1/2/26,NYCT Subway,stops-skipped | delays,E | F | M | R,Downtown M/R trains are running express from Forest Hills-71 Av to Jackson Heights-Roosevelt Av.,"For service to/from stops bypassed, take a Forest Hills-bound train.

What's Happening?
We're removing a train in need of cleaning from service at Forest Hills-71 Av.

Expect downtown E/F delays while they share tracks with rerouted trains."
473571,232152,1,1/2/26,NYCT Subway,delays,M | R,Downtown M/R trains are running with delays after we  removed a train in need of cleaning from service at Forest Hills-71 Av.,Downtown M/R trains have resumed local service from Forest Hills-71 Av to Jackson Heights-Roosevelt Av.
473480,232101,3,1/2/26,NYCT Subway,delays,D | N | R,Coney Island-bound D/N and Bay Ridge-95 St-bound R trains are running with delays after we moved a train that had its brakes activated near 4 Av/9 St.,Coney Island-bound D/N trains have resumed making scheduled stops.
473349,232028,0,1/2/26,NYCT Subway,stops-skipped,N | R,Uptown N/R trains are running express from Canal St to 34 St-Herald Sq while we remove a train car in need of cleaning from service at 14 St-Union Sq.,"If your stop is skipped, take a downtown train."
473353,232028,1,1/2/26,NYCT Subway,delays,N | R,Uptown N/R trains are running with delays after we removed a train car in need of cleaning from service at 14 St-Union Sq.,Uptown N/R trains have resumed making local stops from Canal St to 34 St-Herald Sq.
473238,231976,0,1/1/26,NYCT Subway,reroute | delays,N | Q | R,Downtown R trains are running via the Q from Canal St to DeKalb Av while we address a switch problem near Prince St.,"For service to/from stops bypassed, take an uptown train.

Expect downtown N/Q delays while they share tracks with rerouted trains."
473239,231976,1,1/1/26,NYCT Subway,delays,R,Downtown R trains are running with delays after we addressed a switch problem near Prince St.,Downtown R trains have resumed regular service from Manhattan to Brooklyn.
473203,231895,0,1/1/26,NYCT Subway,stops-skipped,N | Q | R,"In Manhattan, N/Q/R  skips 57 St/7 Av in both directions.","If you're headed to Times Square for the New Year's Eve celebration, consider using the 34 St-Herald Sq [accessibility icon] station; street exits at the Times Sq-42 St station will be closed.

What's happening?
New Year's Eve in Times Square"